{"practice":[1,1,1,1,1],"center_interval":[0,25,100,100,75],"image_pair":[3,3,1,2,3],"feature_space":[1,1,2,2,2],"left_img":[2,1,1,2,1],"img1Sample":[3,3,2,3,3],"img2Sample":[2,2,1,1,3],"key":[null,null,null,97,null],"correct":[null,null,null,null,null],"right_img":[1,2,2,1,2],"img_choice":[null,null,null,null,null],"center_sample":[1,2,3,2,1],"left_sample":[2,3,2,1,3],"right_sample":[3,2,1,3,3],"RT":[[0,0,0,0,0,0],[0,0,0,0,0,0],[0,0,0,0,0,0],[0,0,0,2196,0,0],[0,0,0,0,0,0]],"response":[[0,0,0,1,0,0],[0,0,0,1,0,0],[0,0,0,1,0,0],[0,0,0,1,0,0],[0,0,0,1,0,0]],"framerate":[29.441884280593957,29.581252401075684,28.14738996929376,29.81445937300064,29.29887410440123]}
