{"practice":[1,1,1,1,1],"center_interval":[75,75,75,50,100],"image_pair":[1,2,1,4,3],"feature_space":[1,1,2,2,2],"left_img":[1,1,2,2,1],"img1Sample":[3,1,3,3,2],"img2Sample":[3,2,2,2,1],"key":[null,null,null,null,null],"correct":[null,null,null,null,null],"right_img":[2,2,1,1,2],"img_choice":[null,null,null,null,null],"center_sample":[3,3,2,1,2],"left_sample":[3,1,2,2,2],"right_sample":[3,2,3,3,1],"RT":[[0,0,0,0,0,0],[0,0,0,0,0,0],[0,0,0,0,0,0],[0,0,0,0,0,0],[0,0,0,0,0,0]],"response":[[0,0,0,1,0,0],[0,0,0,1,0,0],[0,0,0,1,0,0],[0,0,0,1,0,0],[0,0,0,1,0,0]],"framerate":[14.34920634920635,20.117888262429524,18.53271983640082,17.28110599078341,16.063732532323364]}
