{"practice":[0,0,0,0,0,0,0,0,0,0,0,0,0,0,0,0,0,0,0,0],"center_interval":[100,25,0,25,0,0,100,0,50,25,0,75,100,100,0,100,100,0,50,50],"image_pair":[4,2,2,1,4,3,2,3,4,4,2,2,4,3,2,2,2,2,2,1],"feature_space":[1,1,1,1,1,2,1,2,2,2,1,2,1,1,2,2,1,1,1,2],"left_img":[1,1,1,1,1,2,1,2,1,2,2,1,2,1,2,1,2,2,2,2],"img1Sample":[1,1,3,2,1,2,2,3,1,1,1,3,3,2,2,2,2,1,2,3],"img2Sample":[1,1,3,3,1,3,3,3,3,2,3,2,3,1,1,3,3,2,1,3],"key":[null,null,null,null,null,null,null,null,null,null,null,null,null,null,null,null,null,null,null,null],"correct":[null,null,null,null,null,null,null,null,null,null,null,null,null,null,null,null,null,null,null,null],"right_img":[2,2,2,2,2,1,2,1,2,1,1,2,1,2,1,2,1,1,1,1],"img_choice":[null,null,null,null,null,null,null,null,null,null,null,null,null,null,null,null,null,null,null,null],"center_sample":[3,2,2,3,2,1,1,1,2,1,2,3,2,3,1,1,2,3,1,3],"left_sample":[1,1,3,2,1,3,2,3,1,2,3,3,3,2,1,2,3,2,1,3],"right_sample":[1,1,3,3,1,2,3,3,3,1,1,2,3,1,2,3,2,1,2,3],"RT":[[0,0,0,0,0,0],[0,0,0,0,0,0],[0,0,0,0,0,0],[0,0,0,0,0,0],[0,0,0,0,0,0],[0,0,0,0,0,0],[0,0,0,0,0,0],[0,0,0,0,0,0],[0,0,0,0,0,0],[0,0,0,0,0,0],[0,0,0,0,0,0],[0,0,0,0,0,0],[0,0,0,0,0,0],[0,0,0,0,0,0],[0,0,0,0,0,0],[0,0,0,0,0,0],[0,0,0,0,0,0],[0,0,0,0,0,0],[0,0,0,0,0,0],[0,0,0,0,0,0]],"response":[[0,0,0,1,0,0],[0,0,0,1,0,0],[0,0,0,1,0,0],[0,0,0,1,0,0],[0,0,0,1,0,0],[0,0,0,1,0,0],[0,0,0,1,0,0],[0,0,0,1,0,0],[0,0,0,1,0,0],[0,0,0,1,0,0],[0,0,0,1,0,0],[0,0,0,1,0,0],[0,0,0,1,0,0],[0,0,0,1,0,0],[0,0,0,1,0,0],[0,0,0,1,0,0],[0,0,0,1,0,0],[0,0,0,1,0,0],[0,0,0,1,0,0],[0,0,0,1,0,0]],"framerate":[16.106353061485365,14.702122219381232,13.183156277998208,7.841624887517677,7.492063492063492,8.260261786758164,6.625891946992864,8.001016002032005,8.283420415445393,8.129048647275498,8.125952260030472,8.507936507936508,7.265774378585086,7.874015748031496,8.193573166047882,7.6375404530744335,6.80786686838124,6.015615000639959,5.864354920958695,4.514672686230249]}
