{"practice":[0,0,0,0,0,0,0,0,0,0,0,0,0,0,0,0,0,0,0,0],"center_interval":[75,25,75,0,0,0,0,75,0,25,75,100,100,75,0,50,0,50,25,100],"image_pair":[4,3,1,2,2,2,3,3,4,4,3,4,4,2,4,2,1,4,1,4],"feature_space":[2,1,2,1,1,2,1,2,2,1,2,1,2,1,2,2,2,1,1,1],"left_img":[2,2,1,2,1,1,1,2,2,1,1,2,2,2,1,1,1,1,2,2],"img1Sample":[2,3,1,1,3,1,3,1,3,3,3,3,3,1,3,1,2,1,2,3],"img2Sample":[3,3,1,1,2,1,3,1,3,3,3,2,2,1,3,2,1,2,3,3],"key":[49,50,50,50,50,50,50,49,50,50,49,50,50,49,49,50,50,50,50,49],"correct":[true,true,true,true,false,false,false,true,true,false,false,false,false,true,true,false,false,false,true,true],"right_img":[1,1,2,1,2,2,2,1,1,2,2,1,1,1,2,2,2,2,1,1],"img_choice":[2,1,2,1,2,2,2,2,1,2,1,1,1,2,1,2,2,2,1,2],"center_sample":[2,1,1,3,1,2,2,2,2,1,1,3,1,3,1,3,1,1,3,1],"left_sample":[3,3,1,1,3,1,3,1,3,3,3,2,2,1,3,1,2,1,3,3],"right_sample":[2,3,1,1,2,1,3,1,3,3,3,3,3,1,3,2,1,2,2,3],"RT":[[0,1049.699999988079,0,0],[0,1372.4000000059605,0,0],[0,1444.4000000059605,0,0],[0,1243.9000000059605,0,0],[0,1083.3999999761581,0,0],[0,951.9000000059605,0,0],[0,1324.2000000178814,0,0],[0,870.0999999940395,0,0],[0,1352.5999999940395,0,0],[0,1229,0,0],[0,858.1999999880791,0,0],[0,1170.199999988079,0,0],[0,1184.199999988079,0,0],[0,1074.300000011921,0,0],[0,1205.5999999940395,0,0],[0,1388.300000011921,0,0],[0,1257,0,0],[0,1003,0,0],[0,1255.9000000059605,0,0],[0,1138.800000011921,0,0]],"response":[[0,1,0,0],[0,1,0,0],[0,1,0,0],[0,1,0,0],[0,1,0,0],[0,1,0,0],[0,1,0,0],[0,1,0,0],[0,1,0,0],[0,1,0,0],[0,1,0,0],[0,1,0,0],[0,1,0,0],[0,1,0,0],[0,1,0,0],[0,1,0,0],[0,1,0,0],[0,1,0,0],[0,1,0,0],[0,1,0,0]],"framerate":[17.884821747879695,16.13309805898664,16.129032258064516,16.675632060247445,17.014785261913673,17.699115044247787,15.886030542126326,18.15126050420168,16.153457849570923,17.19967750604676,18.828592562781406,17.24042044357319,16.698207725759506,17.02677313304543,16.373758323167348,15.609264853977846,16.665770657544936,17.39778799546185,16.675632060247445,16.981772897147753]}
