{"practice":[1,1,1,1,1],"center_interval":[25,100,50,0,75],"image_pair":[2,1,1,1,3],"feature_space":[2,2,1,1,2],"left_img":[2,1,2,2,2],"img1Sample":[1,2,2,1,3],"img2Sample":[2,2,1,2,2],"key":[50,50,49,49,50],"correct":[true,true,false,false,false],"right_img":[1,2,1,1,1],"img_choice":[1,2,2,2,1],"center_sample":[2,3,2,2,1],"left_sample":[2,2,1,2,2],"right_sample":[1,2,2,1,3],"RT":[[0,1969.2000000178814,0,0],[0,1588.199999988079,0,0],[0,1520.300000011921,0,0],[0,1437.4000000059605,0,0],[0,1963,0,0]],"response":[[0,1,0,0],[0,1,0,0],[0,1,0,0],[0,1,0,0],[0,1,0,0]],"framerate":[16.682832201745878,15.455247965774754,15.43426406627005,16.144024265004756,14.380101049358723]}
