{"practice":[0,0,0,0,0,0,0,0,0,0,0,0,0,0,0,0,0,0,0,0],"center_interval":[50,0,0,0,50,75,75,25,0,50,100,100,100,100,0,75,75,75,25,50],"image_pair":[1,3,1,3,4,2,2,4,2,1,2,2,4,1,4,2,2,1,4,4],"feature_space":[1,1,1,2,2,2,1,2,2,2,2,1,1,1,2,2,1,1,1,2],"left_img":[2,1,2,2,1,1,1,1,1,2,2,1,2,1,2,2,2,1,1,2],"img1Sample":[2,1,2,3,3,3,1,1,3,1,1,3,2,3,2,1,1,2,1,3],"img2Sample":[1,1,3,3,1,3,1,1,3,1,3,2,3,1,2,2,3,1,2,3],"key":[50,49,50,49,50,50,49,49,49,49,50,49,50,49,50,49,50,49,49,50],"correct":[true,true,true,false,false,true,false,true,true,false,false,false,false,false,true,true,false,false,true,true],"right_img":[1,2,1,1,2,2,2,2,2,1,1,2,1,2,1,1,1,2,2,1],"img_choice":[1,1,1,2,2,2,1,1,1,2,1,1,1,1,1,2,1,1,1,1],"center_sample":[3,3,1,2,3,3,1,2,1,2,1,3,1,2,3,2,1,2,1,1],"left_sample":[1,1,3,3,3,3,1,1,3,1,3,3,3,3,2,2,3,2,1,3],"right_sample":[2,1,2,3,1,3,1,1,3,1,1,2,2,1,2,1,1,1,2,3],"RT":[[0,520,0,0],[0,767.4000000059605,0,0],[0,557.9000000059605,0,0],[0,463.59999999403954,0,0],[0,469,0,0],[0,256.89999997615814,0,0],[0,269,0,0],[0,660.5999999940395,0,0],[0,672.3999999761581,0,0],[0,740.5,0,0],[0,401.40000000596046,0,0],[0,601.8000000119209,0,0],[0,361.5,0,0],[0,347.69999998807907,0,0],[0,277.09999999403954,0,0],[0,240.90000000596046,0,0],[0,142,0,0],[0,148.09999999403954,0,0],[0,948.2000000178814,0,0],[0,25.599999994039536,0,0]],"response":[[0,1,0,0],[0,1,0,0],[0,1,0,0],[0,1,0,0],[0,1,0,0],[0,1,0,0],[0,1,0,0],[0,1,0,0],[0,1,0,0],[0,1,0,0],[0,1,0,0],[0,1,0,0],[0,1,0,0],[0,1,0,0],[0,1,0,0],[0,1,0,0],[0,1,0,0],[0,1,0,0],[0,1,0,0],[0,1,0,0]],"framerate":[20.929624139050755,18.62597607270505,20.200319838498782,21.439224459120453,21.027610166736153,23.94526795895097,23.062730626830728,19.632479975238006,19.21155767292014,18.972562755317362,20.87475149105368,19.01297842459011,21.902377972193268,22.883295194366138,23.32037756801777,24.937655860525638,25.957170668397147,25.523911875131468,18.376528737158313,28.75858763353345]}
