{"practice":[0,0,0,0,0,0,0,0,0,0,0,0,0,0,0,0,0,0,0,0],"center_interval":[75,50,50,50,0,25,0,0,100,0,100,50,25,25,50,50,75,100,75,100],"image_pair":[4,4,3,2,2,4,1,3,1,4,2,1,1,3,1,2,4,1,2,3],"feature_space":[1,1,1,1,2,1,1,1,2,1,1,1,2,1,2,1,2,1,1,2],"left_img":[1,2,1,1,1,1,2,2,2,2,1,2,1,1,2,2,2,2,1,1],"img1Sample":[3,2,1,1,3,1,2,3,2,2,1,1,2,3,3,2,2,3,2,2],"img2Sample":[3,1,2,2,1,3,2,1,1,2,1,2,1,3,1,1,2,2,3,1],"key":[50,49,49,50,50,49,49,50,49,50,49,49,50,49,49,49,50,50,49,50],"correct":[true,false,true,false,false,true,false,true,true,true,false,false,false,true,false,false,false,false,false,true],"right_img":[2,1,2,2,2,2,1,1,1,1,2,1,2,2,1,1,1,1,2,2],"img_choice":[2,2,1,2,2,1,2,1,2,1,1,2,2,1,2,2,1,1,1,2],"center_sample":[2,2,1,3,1,3,1,2,3,1,2,2,2,1,2,3,1,1,1,3],"left_sample":[3,1,1,1,3,1,2,1,1,2,1,2,2,3,1,1,2,2,2,2],"right_sample":[3,2,2,2,1,3,2,3,2,2,1,1,1,3,3,2,2,3,3,1],"RT":[[0,920.5999999940395,0,0],[0,1733.5999999940395,0,0],[0,1199.7000000178814,0,0],[0,1266.5999999940395,0,0],[0,853.0999999940395,0,0],[0,769,0,0],[0,958.2999999821186,0,0],[0,1071.699999988079,0,0],[0,1059.5999999940395,0,0],[0,1159.300000011921,0,0],[0,1040.0999999940395,0,0],[0,741.3000000119209,0,0],[0,1075.2999999821186,0,0],[0,1007.3000000119209,0,0],[0,810.3000000119209,0,0],[0,1899.6000000238419,0,0],[0,556.2000000178814,0,0],[0,546.2000000178814,0,0],[0,743.2000000178814,0,0],[0,675.6999999880791,0,0]],"response":[[0,1,0,0],[0,1,0,0],[0,1,0,0],[0,1,0,0],[0,1,0,0],[0,1,0,0],[0,1,0,0],[0,1,0,0],[0,1,0,0],[0,1,0,0],[0,1,0,0],[0,1,0,0],[0,1,0,0],[0,1,0,0],[0,1,0,0],[0,1,0,0],[0,1,0,0],[0,1,0,0],[0,1,0,0],[0,1,0,0]],"framerate":[18.722964684542838,15.278838808134621,17.196427580964663,16.43341815092348,18.514708907859198,18.66609232528447,17.64112903205932,17.304135091838752,17.335166477312857,16.406426793447494,17.403194729253695,18.488231529388894,17.0008207294548,17.403194729253695,18.942051353926686,14.734578471621134,20.289119959319528,20.94240837696335,19.10640799512951,19.21746483239156]}
