{"practice":[0,0,0,0,0,0,0,0,0,0,0,0,0,0,0,0,0,0,0,0],"center_interval":[0,25,100,25,100,25,25,50,50,25,0,50,25,0,0,100,75,0,50,0],"image_pair":[2,1,3,3,3,1,1,2,4,3,3,4,1,3,1,4,3,2,1,1],"feature_space":[1,2,1,1,1,2,1,2,1,1,1,2,1,1,2,2,1,1,1,2],"left_img":[2,1,2,1,2,1,2,2,1,2,1,1,1,2,1,1,2,1,1,1],"img1Sample":[3,3,1,1,2,1,3,3,1,2,3,1,2,3,2,3,2,1,3,3],"img2Sample":[3,3,2,2,1,2,2,1,3,3,1,2,3,3,2,1,1,1,3,1],"key":[50,50,49,50,49,49,50,50,50,49,50,49,50,49,50,50,50,49,50,50],"correct":[true,false,true,false,true,true,true,true,false,false,false,true,false,false,false,true,false,true,false,false],"right_img":[1,2,1,2,1,2,1,1,2,1,2,2,2,1,2,2,1,2,2,2],"img_choice":[1,2,2,2,2,1,1,1,2,2,2,1,2,2,2,2,1,1,2,2],"center_sample":[1,2,3,3,2,2,2,2,1,3,2,2,2,2,3,3,3,2,3,1],"left_sample":[3,3,2,1,1,1,2,1,1,3,3,1,2,3,2,3,1,1,3,3],"right_sample":[3,3,1,2,2,2,3,3,3,2,1,2,3,3,2,1,2,1,3,1],"RT":[[0,0,0,4214,0,0],[0,0,0,1389,0,0],[0,0,0,1473,0,0],[0,0,0,1248,0,0],[0,0,0,1821,0,0],[0,0,0,1629,0,0],[0,0,0,1289,0,0],[0,0,0,930,0,0],[0,0,0,1243,0,0],[0,0,0,1529,0,0],[0,0,0,983,0,0],[0,0,0,912,0,0],[0,0,0,932,0,0],[0,0,0,1086,0,0],[0,0,0,1127,0,0],[0,0,0,1191,0,0],[0,0,0,932,0,0],[0,0,0,1711,0,0],[0,0,0,1086,0,0],[0,0,0,1146,0,0]],"response":[[0,0,0,1,0,0],[0,0,0,1,0,0],[0,0,0,1,0,0],[0,0,0,1,0,0],[0,0,0,1,0,0],[0,0,0,1,0,0],[0,0,0,1,0,0],[0,0,0,1,0,0],[0,0,0,1,0,0],[0,0,0,1,0,0],[0,0,0,1,0,0],[0,0,0,1,0,0],[0,0,0,1,0,0],[0,0,0,1,0,0],[0,0,0,1,0,0],[0,0,0,1,0,0],[0,0,0,1,0,0],[0,0,0,1,0,0],[0,0,0,1,0,0],[0,0,0,1,0,0]],"framerate":[32.019353920592,31.73851255329228,31.805425631431245,31.948881789137378,31.7769130998703,32.05417607223477,32,32.008535609495866,31.73431734317343,32.020271826768024,31.695721077654515,32.02368137782562,31.71641791044776,31.465848042977743,32.05291274484864,31.920199501246884,32.05984504408229,32.02296819787986,31.952965235173824,32.02218860312657]}
