{"practice":[0,0,0,0,0,0,0,0,0,0,0,0,0,0,0,0,0,0,0,0],"center_interval":[75,100,100,75,50,25,100,100,50,0,100,100,100,50,100,0,75,100,75,100],"image_pair":[2,2,3,3,3,2,2,3,4,2,2,4,2,4,4,1,2,1,3,2],"feature_space":[2,1,2,2,2,1,2,1,2,2,2,2,2,2,1,1,1,2,1,1],"left_img":[1,1,1,1,2,2,1,1,1,1,1,1,2,2,1,2,1,1,1,1],"img1Sample":[2,3,1,1,1,2,1,1,2,2,1,3,3,2,2,3,2,1,2,3],"img2Sample":[2,3,2,3,3,1,2,3,3,3,1,3,1,2,3,1,1,3,3,1],"key":[50,50,50,50,50,50,50,49,49,50,50,50,50,49,50,50,50,49,50,50],"correct":[true,true,true,true,true,true,true,false,true,false,true,true,false,false,true,true,true,false,true,true],"right_img":[2,2,2,2,1,1,2,2,2,2,2,2,1,1,2,1,2,2,2,2],"img_choice":[2,2,2,2,1,1,2,1,1,2,2,2,1,2,2,1,2,1,2,2],"center_sample":[3,1,3,3,1,2,3,1,2,1,2,2,2,3,2,2,3,1,1,2],"left_sample":[2,3,1,1,3,1,1,1,2,2,1,3,1,2,2,1,2,1,2,3],"right_sample":[2,3,2,3,1,2,2,3,3,3,1,3,3,2,3,3,1,3,3,1],"RT":[[0,0,0,1882,0,0],[0,0,0,1853,0,0],[0,0,0,1680,0,0],[0,0,0,886,0,0],[0,0,0,1652,0,0],[0,0,0,1519,0,0],[0,0,0,1396,0,0],[0,0,0,1645,0,0],[0,0,0,1921,0,0],[0,0,0,1525,0,0],[0,0,0,1494,0,0],[0,0,0,1467,0,0],[0,0,0,1866,0,0],[0,0,0,1439,0,0],[0,0,0,1426,0,0],[0,0,0,2550,0,0],[0,0,0,3286,0,0],[0,0,0,2966,0,0],[0,0,0,1668,0,0],[0,0,0,1123,0,0]],"response":[[0,0,0,1,0,0],[0,0,0,1,0,0],[0,0,0,1,0,0],[0,0,0,1,0,0],[0,0,0,1,0,0],[0,0,0,1,0,0],[0,0,0,1,0,0],[0,0,0,1,0,0],[0,0,0,1,0,0],[0,0,0,1,0,0],[0,0,0,1,0,0],[0,0,0,1,0,0],[0,0,0,1,0,0],[0,0,0,1,0,0],[0,0,0,1,0,0],[0,0,0,1,0,0],[0,0,0,1,0,0],[0,0,0,1,0,0],[0,0,0,1,0,0],[0,0,0,1,0,0]],"framerate":[31.8172111894085,31.776498187246744,32.00711269170927,31.980650362805697,31.788672487127826,31.914893617021278,32.028469750889684,32.04840878529807,32.00673826068646,32.00552613400875,31.944444444444443,32.01682636129937,32.02391118701964,32.015065913371,32,32,31.511570654849827,31.96268140981341,32.04272363150868,31.97158081705151]}
