{"practice":[0,0,0,0,0,0,0,0,0,0,0,0,0,0,0,0,0,0,0,0],"center_interval":[0,25,100,50,50,25,100,100,75,75,100,25,25,100,100,25,25,75,100,50],"image_pair":[4,4,2,2,2,3,2,3,4,1,3,4,3,2,4,2,3,1,3,3],"feature_space":[2,1,1,1,1,1,1,2,2,1,2,2,2,2,2,2,2,2,1,1],"left_img":[2,2,1,2,2,2,2,2,2,1,1,2,2,1,1,2,2,2,1,2],"img1Sample":[2,2,1,1,1,1,2,1,2,3,2,1,3,1,1,3,2,3,2,2],"img2Sample":[1,1,1,2,3,1,3,3,3,3,2,3,1,1,1,3,1,1,2,3],"key":[49,50,50,50,50,49,50,50,50,49,50,50,50,50,50,50,50,49,50,50],"correct":[false,true,true,true,true,false,false,false,false,false,true,true,true,true,true,true,true,true,true,true],"right_img":[1,1,2,1,1,1,1,1,1,2,2,1,1,2,2,1,1,1,2,1],"img_choice":[2,1,2,1,1,2,1,1,1,1,2,1,1,2,2,1,1,2,2,1],"center_sample":[3,3,2,1,1,1,1,2,1,3,3,2,3,2,2,1,3,3,3,3],"left_sample":[1,1,1,2,3,1,3,3,3,3,2,3,1,1,1,3,1,1,2,3],"right_sample":[2,2,1,1,1,1,2,1,2,3,2,1,3,1,1,3,2,3,2,2],"RT":[[0,0,0,1858,0,0],[0,0,0,1741,0,0],[0,0,0,1820,0,0],[0,0,0,1518,0,0],[0,0,0,1864,0,0],[0,0,0,1621,0,0],[0,0,0,776,0,0],[0,0,0,1129,0,0],[0,0,0,1713,0,0],[0,0,0,453,0,0],[0,0,0,587,0,0],[0,0,0,1318,0,0],[0,0,0,1434,0,0],[0,0,0,1562,0,0],[0,0,0,2901,0,0],[0,0,0,2180,0,0],[0,0,0,1489,0,0],[0,0,0,1711,0,0],[0,0,0,1305,0,0],[0,0,0,2151,0,0]],"response":[[0,0,0,1,0,0],[0,0,0,1,0,0],[0,0,0,1,0,0],[0,0,0,1,0,0],[0,0,0,1,0,0],[0,0,0,1,0,0],[0,0,0,1,0,0],[0,0,0,1,0,0],[0,0,0,1,0,0],[0,0,0,1,0,0],[0,0,0,1,0,0],[0,0,0,1,0,0],[0,0,0,1,0,0],[0,0,0,1,0,0],[0,0,0,1,0,0],[0,0,0,1,0,0],[0,0,0,1,0,0],[0,0,0,1,0,0],[0,0,0,1,0,0],[0,0,0,1,0,0]],"framerate":[31.981111826572224,32.01754385964912,31.993082576740164,32.00552613400875,31.790057606144657,31.996394772420008,32.0066796548845,31.995937023869985,32.0017656146546,32.00243828101189,31.955438287892115,32.02328966521107,31.969910672308416,32.02195791399817,32.020997375328086,31.99360127974405,31.988873435326845,32.00883002207505,31.984492367337047,32.0048309178744]}
