{"practice":[0,0,0,0,0,0,0,0,0,0,0,0,0,0,0,0,0,0,0,0],"center_interval":[50,50,75,100,50,50,100,75,50,100,50,100,100,0,75,75,0,0,0,100],"image_pair":[1,2,4,3,2,1,4,3,3,1,4,1,1,3,1,1,2,3,4,4],"feature_space":[1,1,2,1,2,1,2,1,1,2,2,1,1,2,1,2,2,1,2,1],"left_img":[2,2,2,2,1,2,1,2,1,1,2,1,2,1,1,2,1,1,1,2],"img1Sample":[3,1,3,3,1,1,2,2,1,2,1,2,1,3,1,1,2,3,2,1],"img2Sample":[1,3,3,3,2,3,2,3,2,2,3,1,2,2,1,3,2,3,2,3],"key":[50,50,49,50,50,49,50,50,49,49,50,50,50,50,49,50,49,50,49,49],"correct":[true,true,true,false,false,false,true,false,true,false,true,true,false,false,false,false,true,false,true,true],"right_img":[1,1,1,1,2,1,2,1,2,2,1,2,1,2,2,1,2,2,2,1],"img_choice":[1,1,2,1,2,2,2,1,1,1,1,2,1,2,1,1,1,2,1,2],"center_sample":[2,2,1,2,1,3,1,2,1,1,1,3,3,1,2,2,1,2,3,2],"left_sample":[1,3,3,3,1,3,2,3,1,2,3,2,2,3,1,3,2,3,2,3],"right_sample":[3,1,3,3,2,1,2,2,2,2,1,1,1,2,1,1,2,3,2,1],"RT":[[0,0,0,1276,0,0],[0,0,0,1067,0,0],[0,0,0,1532,0,0],[0,0,0,1035,0,0],[0,0,0,1402,0,0],[0,0,0,1885,0,0],[0,0,0,1407,0,0],[0,0,0,1003,0,0],[0,0,0,1472,0,0],[0,0,0,1501,0,0],[0,0,0,1507,0,0],[0,0,0,897,0,0],[0,0,0,1960,0,0],[0,0,0,1730,0,0],[0,0,0,1198,0,0],[0,0,0,1937,0,0],[0,0,0,2010,0,0],[0,0,0,1055,0,0],[0,0,0,1519,0,0],[0,0,0,1417,0,0]],"response":[[0,0,0,1,0,0],[0,0,0,1,0,0],[0,0,0,1,0,0],[0,0,0,1,0,0],[0,0,0,1,0,0],[0,0,0,1,0,0],[0,0,0,1,0,0],[0,0,0,1,0,0],[0,0,0,1,0,0],[0,0,0,1,0,0],[0,0,0,1,0,0],[0,0,0,1,0,0],[0,0,0,1,0,0],[0,0,0,1,0,0],[0,0,0,1,0,0],[0,0,0,1,0,0],[0,0,0,1,0,0],[0,0,0,1,0,0],[0,0,0,1,0,0],[0,0,0,1,0,0]],"framerate":[32.03717290291025,31.95052821437774,32.02764976958525,31.98959687906372,31.55397390272835,31.790057606144657,32.005689900426745,31.937172774869108,32.00186872226115,32.048304691128656,31.92227619708536,31.8145052574818,31.96824070204764,32.03862190037305,31.992001999500125,32.00673826068646,31.57457415870378,32,31.775270550310843,31.529411764705884]}
