{"practice":[1,1,1,1,1],"center_interval":[25,50,25,25,25],"image_pair":[3,4,3,3,2],"feature_space":[1,1,2,2,2],"left_img":[1,2,2,1,2],"img1Sample":[3,2,1,3,3],"img2Sample":[3,2,2,1,2],"key":[null,null,49,49,49],"correct":[null,null,false,true,false],"right_img":[2,1,1,2,1],"img_choice":[null,null,2,1,2],"center_sample":[2,2,3,1,2],"left_sample":[3,2,2,3,2],"right_sample":[3,2,1,1,3],"RT":[[0,0,0,0,0,0],[0,0,0,0,0,0],[0,0,0,2347,0,0],[0,0,0,4863,0,0],[0,0,0,2335,0,0]],"response":[[0,0,0,1,0,0],[0,0,0,1,0,0],[0,0,0,1,0,0],[0,0,0,1,0,0],[0,0,0,1,0,0]],"framerate":[31.746031746031747,31.99385717942155,32.00775945683802,31.97181260602897,31.8384779654436]}
