{"practice":[0,0,0,0,0,0,0,0,0,0,0,0,0,0,0,0,0,0,0,0],"center_interval":[25,0,75,0,50,75,75,25,75,75,25,75,100,50,0,75,0,50,100,25],"image_pair":[3,3,2,1,3,2,1,3,3,2,1,1,2,2,4,3,4,1,1,2],"feature_space":[2,1,2,2,1,2,1,2,1,2,2,1,1,1,1,1,2,2,1,1],"left_img":[1,1,1,2,1,1,1,1,2,1,2,2,2,1,2,1,1,2,1,2],"img1Sample":[2,3,1,1,2,2,2,3,1,2,3,2,3,1,1,2,1,2,3,3],"img2Sample":[2,1,3,3,1,1,3,3,2,3,1,3,2,3,1,1,2,2,3,2],"key":[49,49,49,50,49,50,49,49,50,50,49,50,49,49,50,49,49,50,50,50],"correct":[true,true,false,true,true,true,false,true,false,true,false,false,true,true,true,false,true,true,true,true],"right_img":[2,2,2,1,2,2,2,2,1,2,1,1,1,2,1,2,2,1,2,1],"img_choice":[1,1,1,1,1,2,1,1,1,2,2,1,2,1,1,1,1,1,2,1],"center_sample":[2,2,2,3,2,3,1,3,1,2,3,1,3,2,2,1,2,3,1,2],"left_sample":[2,3,1,3,2,2,2,3,2,2,1,3,2,1,1,2,1,2,3,2],"right_sample":[2,1,3,1,1,1,3,3,1,3,3,2,3,3,1,1,2,2,3,3],"RT":[[0,0,0,1924,0,0],[0,0,0,1974,0,0],[0,0,0,3149,0,0],[0,0,0,1886,0,0],[0,0,0,1813,0,0],[0,0,0,1841,0,0],[0,0,0,2225,0,0],[0,0,0,1783,0,0],[0,0,0,1784,0,0],[0,0,0,1479,0,0],[0,0,0,1613,0,0],[0,0,0,1367,0,0],[0,0,0,1491,0,0],[0,0,0,1391,0,0],[0,0,0,1459,0,0],[0,0,0,1944,0,0],[0,0,0,2054,0,0],[0,0,0,2047,0,0],[0,0,0,1407,0,0],[0,0,0,1223,0,0]],"response":[[0,0,0,1,0,0],[0,0,0,1,0,0],[0,0,0,1,0,0],[0,0,0,1,0,0],[0,0,0,1,0,0],[0,0,0,1,0,0],[0,0,0,1,0,0],[0,0,0,1,0,0],[0,0,0,1,0,0],[0,0,0,1,0,0],[0,0,0,1,0,0],[0,0,0,1,0,0],[0,0,0,1,0,0],[0,0,0,1,0,0],[0,0,0,1,0,0],[0,0,0,1,0,0],[0,0,0,1,0,0],[0,0,0,1,0,0],[0,0,0,1,0,0],[0,0,0,1,0,0]],"framerate":[31.585596967782692,31.98160535117057,31.51190077103587,31.776498187246744,31.783783783783782,31.96053196053196,31.455305594266374,31.562908141053548,31.732232123451425,32.046783625730995,31.98918675377337,31.95040534096328,31.823461091753774,32.005689900426745,31.994395142456796,32,32.006565449322935,32,31.998103816070156,31.746031746031747]}
