{"practice":[0,0,0,0,0,0,0,0,0,0,0,0,0,0,0,0,0,0,0,0],"center_interval":[100,75,50,50,50,75,0,50,100,75,75,75,25,25,75,75,75,25,100,75],"image_pair":[2,2,3,2,2,1,2,1,2,1,4,3,2,3,3,4,4,3,1,4],"feature_space":[1,1,2,2,1,1,2,1,1,2,2,2,1,1,2,1,2,2,1,2],"left_img":[1,1,1,1,2,2,1,1,1,2,1,1,1,1,1,2,1,2,2,2],"img1Sample":[3,1,2,3,1,2,2,2,2,2,2,2,1,1,1,1,1,1,1,3],"img2Sample":[2,1,2,3,1,3,1,3,1,2,1,1,2,2,2,2,3,1,3,1],"key":[null,null,null,null,null,null,null,null,null,null,null,null,null,null,null,null,null,null,null,null],"correct":[null,null,null,null,null,null,null,null,null,null,null,null,null,null,null,null,null,null,null,null],"right_img":[2,2,2,2,1,1,2,2,2,1,2,2,2,2,2,1,2,1,1,1],"img_choice":[null,null,null,null,null,null,null,null,null,null,null,null,null,null,null,null,null,null,null,null],"center_sample":[3,3,2,2,2,3,1,2,3,3,1,3,1,3,1,2,1,3,2,1],"left_sample":[3,1,2,3,1,3,2,2,2,2,2,2,1,1,1,2,1,1,3,1],"right_sample":[2,1,2,3,1,2,1,3,1,2,1,1,2,2,2,1,3,1,1,3],"RT":[[0,0,0,0],[0,0,0,0],[0,0,0,0],[0,0,0,0],[0,0,0,0],[0,0,0,0],[0,0,0,0],[0,0,0,0],[0,0,0,0],[0,0,0,0],[0,0,0,0],[0,0,0,0],[0,0,0,0],[0,0,0,0],[0,0,0,0],[0,0,0,0],[0,0,0,0],[0,0,0,0],[0,0,0,0],[0,0,0,0]],"response":[[0,1,0,0],[0,1,0,0],[0,1,0,0],[0,1,0,0],[0,1,0,0],[0,1,0,0],[0,1,0,0],[0,1,0,0],[0,1,0,0],[0,1,0,0],[0,1,0,0],[0,1,0,0],[0,1,0,0],[0,1,0,0],[0,1,0,0],[0,1,0,0],[0,1,0,0],[0,1,0,0],[0,1,0,0],[0,1,0,0]],"framerate":[7.858546168958743,8.809020436927414,8.722514991822642,8.900523560209423,7.761509966484389,8.367455937333096,8.139104698483168,8.625150940141452,8.926977325477594,8.947368421052632,8.737517831669045,8.292166549047282,9.260908281389137,8.540795929493004,8.922323303009097,8.821453775582215,8.729734544806698,9.081196581196581,9.00900900900901,8.358527476436066]}
