{"practice":[0,0,0,0,0,0,0,0,0,0,0,0,0,0,0,0,0,0,0,0],"center_interval":[50,0,0,75,25,0,50,50,50,100,25,100,50,25,0,25,25,75,25,0],"image_pair":[4,4,1,4,3,4,1,3,3,1,1,3,4,1,1,4,3,2,2,3],"feature_space":[1,2,2,1,1,1,1,1,2,2,1,1,1,1,1,1,2,2,2,2],"left_img":[2,2,1,2,1,2,1,2,1,1,2,1,2,1,1,2,1,1,2,2],"img1Sample":[2,3,3,1,3,1,2,2,3,2,3,3,2,1,1,3,2,2,3,2],"img2Sample":[2,2,1,1,1,2,1,1,1,2,1,2,1,1,2,1,1,3,1,2],"key":[null,null,null,null,null,null,null,null,null,null,null,null,null,null,null,null,null,null,null,null],"correct":[null,null,null,null,null,null,null,null,null,null,null,null,null,null,null,null,null,null,null,null],"right_img":[1,1,2,1,2,1,2,1,2,2,1,2,1,2,2,1,2,2,1,1],"img_choice":[null,null,null,null,null,null,null,null,null,null,null,null,null,null,null,null,null,null,null,null],"center_sample":[2,2,1,2,2,3,3,1,3,3,2,1,1,1,3,1,3,3,1,3],"left_sample":[2,2,3,1,3,2,2,1,3,2,1,3,1,1,1,1,2,2,1,2],"right_sample":[2,3,1,1,1,1,1,2,1,2,3,2,2,1,2,3,1,3,3,2],"RT":[[0,0,0,0],[0,0,0,0],[0,0,0,0],[0,0,0,0],[0,0,0,0],[0,0,0,0],[0,0,0,0],[0,0,0,0],[0,0,0,0],[0,0,0,0],[0,0,0,0],[0,0,0,0],[0,0,0,0],[0,0,0,0],[0,0,0,0],[0,0,0,0],[0,0,0,0],[0,0,0,0],[0,0,0,0],[0,0,0,0]],"response":[[0,1,0,0],[0,1,0,0],[0,1,0,0],[0,1,0,0],[0,1,0,0],[0,1,0,0],[0,1,0,0],[0,1,0,0],[0,1,0,0],[0,1,0,0],[0,1,0,0],[0,1,0,0],[0,1,0,0],[0,1,0,0],[0,1,0,0],[0,1,0,0],[0,1,0,0],[0,1,0,0],[0,1,0,0],[0,1,0,0]],"framerate":[18.536341924333033,19.694907970898246,18.63866088406193,17.43878809230227,19.22974200092067,20.73835702154286,26.378640430501388,22.281639928698752,22.68667381207574,20.832220500997394,23.547880690888064,18.68526888979816,18.246869409660107,17.883702811927115,12.388284222635164,15.126170053646126,15.670352761042578,20.543785058372055,20.469189420142396,13.565130475223132]}
