{"practice":[0,0,0,0,0,0,0,0,0,0,0,0,0,0,0,0,0,0,0,0],"center_interval":[0,50,50,75,50,100,100,100,25,25,75,50,100,25,25,25,25,0,75,75],"image_pair":[2,1,4,3,4,4,2,1,1,2,4,4,2,4,1,2,1,4,4,4],"feature_space":[2,2,2,2,2,1,2,2,2,1,2,1,1,2,1,2,2,2,1,2],"left_img":[2,2,2,1,1,1,1,1,2,1,1,1,2,2,2,2,1,1,1,2],"img1Sample":[2,1,3,3,3,3,2,2,1,2,1,1,2,2,1,1,1,3,3,1],"img2Sample":[2,1,3,3,3,2,2,3,3,2,2,3,2,1,3,2,1,1,3,2],"key":[null,null,null,null,null,null,null,null,null,null,null,null,null,null,null,null,null,null,null,null],"correct":[null,null,null,null,null,null,null,null,null,null,null,null,null,null,null,null,null,null,null,null],"right_img":[1,1,1,2,2,2,2,2,1,2,2,2,1,1,1,1,2,2,2,1],"img_choice":[null,null,null,null,null,null,null,null,null,null,null,null,null,null,null,null,null,null,null,null],"center_sample":[1,3,2,2,3,1,1,1,2,1,2,3,3,1,2,3,2,1,3,1],"left_sample":[2,1,3,3,3,3,2,2,3,2,1,1,2,1,3,2,1,3,3,2],"right_sample":[2,1,3,3,3,2,2,3,1,2,2,3,2,2,1,1,1,1,3,1],"RT":[[0,0,0,0],[0,0,0,0],[0,0,0,0],[0,0,0,0],[0,0,0,0],[0,0,0,0],[0,0,0,0],[0,0,0,0],[0,0,0,0],[0,0,0,0],[0,0,0,0],[0,0,0,0],[0,0,0,0],[0,0,0,0],[0,0,0,0],[0,0,0,0],[0,0,0,0],[0,0,0,0],[0,0,0,0],[0,0,0,0]],"response":[[0,1,0,0],[0,1,0,0],[0,1,0,0],[0,1,0,0],[0,1,0,0],[0,1,0,0],[0,1,0,0],[0,1,0,0],[0,1,0,0],[0,1,0,0],[0,1,0,0],[0,1,0,0],[0,1,0,0],[0,1,0,0],[0,1,0,0],[0,1,0,0],[0,1,0,0],[0,1,0,0],[0,1,0,0],[0,1,0,0]],"framerate":[7.123775601068567,8.641975308641976,9.112024298731463,9.810916874777025,8.380884450784594,9.786476868327401,8.58676207513417,10.03874603733709,8.914244963451596,8.542445274959958,9.455842997323819,8.473080317740513,8.385370205173952,7.841739440384958,8.220157255182272,7.686807293528781,8.521214273033907,8.403361344537815,8.115737473535638,8.901548869503292]}
