{"practice":[0,0,0,0,0,0,0,0,0,0,0,0,0,0,0,0,0,0,0,0],"center_interval":[0,0,100,25,100,0,0,0,0,50,0,100,0,50,100,100,100,50,75,75],"image_pair":[2,4,4,4,3,2,2,2,4,2,1,4,4,1,4,1,3,1,1,4],"feature_space":[2,1,2,1,1,2,2,2,1,1,1,1,2,2,1,2,2,2,2,2],"left_img":[2,2,2,2,2,2,2,2,2,1,1,2,1,2,2,2,2,1,1,2],"img1Sample":[2,3,1,3,1,3,3,2,3,2,3,3,3,2,1,3,1,2,3,2],"img2Sample":[3,1,2,2,2,3,1,3,3,2,2,1,3,2,2,1,3,1,2,1],"key":[50,49,50,50,49,50,50,50,50,50,49,49,49,50,50,49,49,49,49,50],"correct":[true,false,false,true,true,true,true,true,true,false,true,true,true,true,false,true,true,true,false,false],"right_img":[1,1,1,1,1,1,1,1,1,2,2,1,2,1,1,1,1,2,2,1],"img_choice":[1,2,1,1,2,1,1,1,1,2,1,2,1,1,1,2,2,1,1,1],"center_sample":[3,2,3,1,3,2,2,3,2,1,1,2,1,1,1,2,2,2,3,3],"left_sample":[3,1,2,2,2,3,1,3,3,2,3,1,3,2,2,1,3,2,3,1],"right_sample":[2,3,1,3,1,3,3,2,3,2,2,3,3,2,1,3,1,1,2,2],"RT":[[0,778.8000000715256,0,0],[0,1590.2000000476837,0,0],[0,1602.8999999761581,0,0],[0,1663.2000000476837,0,0],[0,1204.5,0,0],[0,3903.4000000953674,0,0],[0,1565.5,0,0],[0,4115,0,0],[0,3075.6999999284744,0,0],[0,2251,0,0],[0,1312.6999999284744,0,0],[0,2191,0,0],[0,2672.100000023842,0,0],[0,2337.2000000476837,0,0],[0,2668,0,0],[0,4359.800000071526,0,0],[0,2483.8000000715256,0,0],[0,2378.3000000715256,0,0],[0,1474.7999999523163,0,0],[0,2613.1999999284744,0,0]],"response":[[0,1,0,0],[0,1,0,0],[0,1,0,0],[0,1,0,0],[0,1,0,0],[0,1,0,0],[0,1,0,0],[0,1,0,0],[0,1,0,0],[0,1,0,0],[0,1,0,0],[0,1,0,0],[0,1,0,0],[0,1,0,0],[0,1,0,0],[0,1,0,0],[0,1,0,0],[0,1,0,0],[0,1,0,0],[0,1,0,0]],"framerate":[31.817860426725016,32.325623748302085,32.329037761766074,32.06113575508999,32.26865018637571,32.377530880110925,32.426013883461316,32.19861461272757,32.288698955365625,32.18133482499588,32.30769230769231,32.26035167382951,32.335804276632516,31.86980844210883,32.19731486613904,32.247726635266424,32.38237103695733,32.08985158418068,32.237886735089845,32.31218542199392]}
