{"practice":[0,0,0,0,0,0,0,0,0,0,0,0,0,0,0,0,0,0,0,0],"center_interval":[75,0,0,25,50,100,0,25,25,25,0,100,50,25,100,25,0,25,75,75],"image_pair":[1,3,2,4,2,1,4,1,4,3,2,4,3,3,4,2,3,4,2,4],"feature_space":[2,1,2,1,1,1,1,2,1,1,1,1,1,1,1,1,2,1,1,2],"left_img":[2,1,2,2,1,2,2,1,1,2,2,1,2,2,1,1,2,1,1,2],"img1Sample":[2,2,3,1,1,1,2,1,1,2,2,3,3,1,2,2,2,3,2,1],"img2Sample":[1,2,1,1,2,3,2,1,2,1,3,1,3,3,1,3,2,1,3,3],"key":[50,49,49,49,49,50,50,49,49,50,50,49,49,49,50,50,49,50,49,50],"correct":[false,true,false,false,true,false,true,true,true,true,true,false,false,false,true,false,false,false,false,false],"right_img":[1,2,1,1,2,1,1,2,2,1,1,2,1,1,2,2,1,2,2,1],"img_choice":[1,1,2,2,1,1,1,1,1,1,1,1,2,2,2,2,2,2,1,1],"center_sample":[3,1,2,3,1,1,3,3,1,1,1,2,2,3,3,1,3,1,1,1],"left_sample":[1,2,1,1,1,3,2,1,1,1,3,3,3,3,2,2,2,3,2,3],"right_sample":[2,2,3,1,2,1,2,1,2,2,2,1,3,1,1,3,2,1,3,1],"RT":[[0,1749.5,0,0],[0,2365.600000023842,0,0],[0,1129.1000000238419,0,0],[0,1431.6000000238419,0,0],[0,2173.399999976158,0,0],[0,946.5,0,0],[0,1116.8999999761581,0,0],[0,1653.7999999523163,0,0],[0,1378.5,0,0],[0,1408.5999999046326,0,0],[0,2613.600000023842,0,0],[0,1068.2000000476837,0,0],[0,1520.2000000476837,0,0],[0,1770.5,0,0],[0,1149.8999999761581,0,0],[0,1838.2000000476837,0,0],[0,2143.7000000476837,0,0],[0,2706.2999999523163,0,0],[0,1104.7999999523163,0,0],[0,1436.8000000715256,0,0]],"response":[[0,1,0,0],[0,1,0,0],[0,1,0,0],[0,1,0,0],[0,1,0,0],[0,1,0,0],[0,1,0,0],[0,1,0,0],[0,1,0,0],[0,1,0,0],[0,1,0,0],[0,1,0,0],[0,1,0,0],[0,1,0,0],[0,1,0,0],[0,1,0,0],[0,1,0,0],[0,1,0,0],[0,1,0,0],[0,1,0,0]],"framerate":[32.22387110451558,32.309639598398164,32.245062473923205,32.4329557563881,32.32294210491217,32.08418891219517,32.32883039043548,32.39405369425339,32.06573475471816,32.238865193088934,32.09322614842811,31.918666507694173,32.342739289758654,32.27293683757469,32.59191491839274,32.20414985089568,32.28614960430612,32.1785155775489,32.056886403388056,32.17785578432686]}
