{"practice":[0,0,0,0,0,0,0,0,0,0,0,0,0,0,0,0,0,0,0,0],"center_interval":[75,0,25,75,75,25,100,75,100,25,100,75,50,50,75,50,0,0,50,75],"image_pair":[3,4,4,4,4,1,2,4,1,1,2,3,3,4,3,4,2,3,1,3],"feature_space":[1,1,1,1,2,2,1,2,2,1,1,1,2,2,1,1,2,1,1,2],"left_img":[2,1,2,1,1,1,1,2,1,1,1,2,2,1,1,2,1,1,1,2],"img1Sample":[2,1,1,3,1,2,1,3,3,3,3,2,1,3,2,3,1,3,3,2],"img2Sample":[2,2,2,1,1,1,3,3,3,2,1,1,2,1,2,2,1,3,1,3],"key":[50,49,49,49,50,49,49,50,49,50,49,49,50,50,49,50,49,49,49,49],"correct":[false,true,false,false,true,true,false,false,false,false,false,true,true,false,false,true,true,true,true,true],"right_img":[1,2,1,2,2,2,2,1,2,2,2,1,1,2,2,1,2,2,2,1],"img_choice":[1,1,2,1,2,1,1,1,1,2,1,2,1,2,1,1,1,1,1,2],"center_sample":[3,2,1,3,3,2,2,2,1,1,3,3,2,1,1,1,3,1,3,1],"left_sample":[2,1,2,3,1,2,1,3,3,3,3,1,2,3,2,2,1,3,3,3],"right_sample":[2,2,1,1,1,1,3,3,3,2,1,2,1,1,2,3,1,3,1,2],"RT":[[0,0,0,742.7999999523163,0,0],[0,0,0,843.7000000476837,0,0],[0,0,0,482.7000000476837,0,0],[0,0,0,605.0999999046326,0,0],[0,0,0,607.9000000953674,0,0],[0,0,0,891.5999999046326,0,0],[0,0,0,568.5999999046326,0,0],[0,0,0,624.2000000476837,0,0],[0,0,0,467.5,0,0],[0,0,0,654.5,0,0],[0,0,0,784.7999999523163,0,0],[0,0,0,535.7999999523163,0,0],[0,0,0,1491.2999999523163,0,0],[0,0,0,663.1999998092651,0,0],[0,0,0,824.7999999523163,0,0],[0,0,0,690.7000000476837,0,0],[0,0,0,943.0999999046326,0,0],[0,0,0,734,0,0],[0,0,0,563.5999999046326,0,0],[0,0,0,645.1000001430511,0,0]],"response":[[0,0,0,1,0,0],[0,0,0,1,0,0],[0,0,0,1,0,0],[0,0,0,1,0,0],[0,0,0,1,0,0],[0,0,0,1,0,0],[0,0,0,1,0,0],[0,0,0,1,0,0],[0,0,0,1,0,0],[0,0,0,1,0,0],[0,0,0,1,0,0],[0,0,0,1,0,0],[0,0,0,1,0,0],[0,0,0,1,0,0],[0,0,0,1,0,0],[0,0,0,1,0,0],[0,0,0,1,0,0],[0,0,0,1,0,0],[0,0,0,1,0,0],[0,0,0,1,0,0]],"framerate":[39.95048390887772,39.93981671453974,39.95762070531254,39.95217403816885,39.93354126202137,39.957882231212864,39.95383112734609,39.95566962258086,39.948767991612314,39.947120359756774,39.95449626919629,39.96063578933531,39.94797473146826,39.951713036932325,39.94710452418999,39.953197683801896,39.96163682712155,39.94037071468076,39.93728367361014,39.962932931221594]}
