{"practice":[0,0,0,0,0,0,0,0,0,0,0,0,0,0,0,0,0,0,0,0],"center_interval":[100,100,75,50,0,25,0,75,25,50,50,25,50,50,100,100,0,25,0,75],"image_pair":[1,3,3,2,4,4,4,3,4,4,3,2,1,1,2,2,2,4,2,4],"feature_space":[1,1,2,2,2,1,1,1,1,1,2,1,1,1,2,1,1,1,2,2],"left_img":[1,1,2,2,1,1,2,2,1,1,1,2,2,1,1,2,2,1,2,2],"img1Sample":[2,3,2,1,3,2,1,3,1,3,3,3,1,2,1,3,1,1,1,1],"img2Sample":[3,3,2,2,1,2,3,3,2,1,1,1,3,3,1,3,1,3,2,1],"key":[49,50,50,50,49,49,49,50,50,49,49,49,49,49,50,49,49,50,50,50],"correct":[false,true,false,true,true,true,false,false,false,true,true,false,false,true,true,true,false,false,true,false],"right_img":[2,2,1,1,2,2,1,1,2,2,2,1,1,2,2,1,1,2,1,1],"img_choice":[1,2,1,1,1,1,2,1,2,1,1,2,2,1,2,2,2,2,1,1],"center_sample":[2,1,3,2,1,3,2,2,3,3,3,2,3,3,3,1,3,3,3,3],"left_sample":[2,3,2,2,3,2,3,3,1,3,3,1,3,2,1,3,1,1,2,1],"right_sample":[3,3,2,1,1,2,1,3,2,1,1,3,1,3,1,3,1,3,1,1],"RT":[[0,0,0,617.5,0,0],[0,0,0,742.2000000476837,0,0],[0,0,0,672.1000001430511,0,0],[0,0,0,971.8999998569489,0,0],[0,0,0,577.4000000953674,0,0],[0,0,0,981.7000000476837,0,0],[0,0,0,667.5999999046326,0,0],[0,0,0,678.5,0,0],[0,0,0,771.0999999046326,0,0],[0,0,0,577.9000000953674,0,0],[0,0,0,586.8000001907349,0,0],[0,0,0,850,0,0],[0,0,0,691.9000000953674,0,0],[0,0,0,523.7999999523163,0,0],[0,0,0,855.7000000476837,0,0],[0,0,0,686.4000000953674,0,0],[0,0,0,740.1000001430511,0,0],[0,0,0,688.4000000953674,0,0],[0,0,0,679.3999998569489,0,0],[0,0,0,764.7999999523163,0,0]],"response":[[0,0,0,1,0,0],[0,0,0,1,0,0],[0,0,0,1,0,0],[0,0,0,1,0,0],[0,0,0,1,0,0],[0,0,0,1,0,0],[0,0,0,1,0,0],[0,0,0,1,0,0],[0,0,0,1,0,0],[0,0,0,1,0,0],[0,0,0,1,0,0],[0,0,0,1,0,0],[0,0,0,1,0,0],[0,0,0,1,0,0],[0,0,0,1,0,0],[0,0,0,1,0,0],[0,0,0,1,0,0],[0,0,0,1,0,0],[0,0,0,1,0,0],[0,0,0,1,0,0]],"framerate":[39.938197825818264,39.95385611091705,39.963199355440864,39.93863732593748,39.95146636509274,39.963191797029054,39.951713036932325,39.940233322113095,39.948597607074895,39.9585614917863,39.95064919748987,39.9452804377565,39.965743648301455,39.942338879783954,39.94890887792349,39.948637466114995,39.95835326775514,39.948637466114995,39.955478180367464,39.944134078212294]}
