{"practice":[0,0,0,0,0,0,0,0,0,0,0,0,0,0,0,0,0,0,0,0],"center_interval":[0,50,75,75,75,100,25,0,50,25,0,50,0,100,75,100,0,0,25,100],"image_pair":[3,2,3,2,4,1,4,1,2,3,3,1,3,4,1,3,2,2,4,2],"feature_space":[2,1,2,1,2,1,1,1,1,1,1,1,2,2,2,1,2,1,1,2],"left_img":[1,2,1,2,2,2,1,1,2,1,2,2,1,1,1,2,1,1,2,1],"img1Sample":[3,2,3,2,1,1,2,3,3,2,3,1,3,1,2,1,3,1,2,1],"img2Sample":[2,1,2,1,1,2,2,2,3,1,2,1,1,1,2,1,1,3,2,3],"key":[49,50,49,49,49,49,49,49,50,50,50,49,49,50,50,49,50,null,50,50],"correct":[true,true,false,true,true,true,true,true,true,false,true,false,true,true,true,true,false,null,true,true],"right_img":[2,1,2,1,1,1,2,2,1,2,1,1,2,2,2,1,2,2,1,2],"img_choice":[1,1,1,2,2,2,1,1,1,2,1,2,1,2,2,2,2,null,1,2],"center_sample":[1,3,2,2,3,3,1,2,1,3,2,2,2,3,2,2,1,3,2,2],"left_sample":[3,1,3,1,1,2,2,3,3,2,2,1,3,1,2,1,3,1,2,1],"right_sample":[2,2,2,2,1,1,2,2,3,1,3,1,1,1,2,1,1,3,2,3],"RT":[[0,0,0,958.7999999523163,0,0],[0,0,0,1339.1000001430511,0,0],[0,0,0,1133.7999999523163,0,0],[0,0,0,1496.4000000953674,0,0],[0,0,0,746.1000001430511,0,0],[0,0,0,1189.6999998092651,0,0],[0,0,0,1092.8999998569489,0,0],[0,0,0,1276.2000000476837,0,0],[0,0,0,968.3999998569489,0,0],[0,0,0,1114.5,0,0],[0,0,0,1004.3999998569489,0,0],[0,0,0,1278.5,0,0],[0,0,0,933.4000000953674,0,0],[0,0,0,1038.8000001907349,0,0],[0,0,0,1133.7000000476837,0,0],[0,0,0,1178.1000001430511,0,0],[0,0,0,837.4000000953674,0,0],[0,0,0,0,0,0],[0,0,0,1055.5,0,0],[0,0,0,1555.7000000476837,0,0]],"response":[[0,0,0,1,0,0],[0,0,0,1,0,0],[0,0,0,1,0,0],[0,0,0,1,0,0],[0,0,0,1,0,0],[0,0,0,1,0,0],[0,0,0,1,0,0],[0,0,0,1,0,0],[0,0,0,1,0,0],[0,0,0,1,0,0],[0,0,0,1,0,0],[0,0,0,1,0,0],[0,0,0,1,0,0],[0,0,0,1,0,0],[0,0,0,1,0,0],[0,0,0,1,0,0],[0,0,0,1,0,0],[0,0,0,1,0,0],[0,0,0,1,0,0],[0,0,0,1,0,0]],"framerate":[39.940750143968266,39.95186522262335,39.94438124130957,39.956326807355,39.77591036414566,40.11030333416897,39.69778460750416,39.94804303418388,39.1482608120619,39.964362988417975,39.94218893706478,39.95098039215686,39.15510215003251,39.95019196894909,39.95246162745465,39.44129025869502,39.95183887811677,35.60268428936696,28.720626631853783,34.98397508125209]}
