{"practice":[0,0,0,0,0,0,0,0,0,0,0,0,0,0,0,0,0,0,0,0],"center_interval":[75,25,50,0,50,75,75,25,75,100,100,100,75,50,50,50,75,50,75,75],"image_pair":[2,1,4,3,3,3,4,4,3,3,1,1,3,4,2,2,3,1,2,2],"feature_space":[1,1,2,2,2,2,2,2,2,1,2,1,1,2,2,2,2,1,2,2],"left_img":[1,2,1,2,2,1,1,1,1,2,1,2,1,1,1,2,2,1,2,1],"img1Sample":[2,2,2,2,1,3,3,3,3,2,1,3,1,3,1,3,1,2,1,2],"img2Sample":[2,1,3,2,1,3,2,1,3,1,1,2,2,2,1,3,2,3,1,2],"key":[50,49,50,49,49,50,49,50,50,49,49,50,49,49,49,50,50,49,49,50],"correct":[true,false,false,false,false,true,false,false,true,true,false,false,false,true,true,true,false,true,true,true],"right_img":[2,1,2,1,1,2,2,2,2,1,2,1,2,2,2,1,1,2,1,2],"img_choice":[2,2,2,2,2,2,1,2,2,2,1,1,1,1,1,1,1,1,2,2],"center_sample":[3,2,3,3,1,1,1,1,1,3,3,1,3,2,2,3,1,3,1,2],"left_sample":[2,1,2,2,1,3,3,3,3,1,1,2,1,3,1,3,2,2,1,2],"right_sample":[2,2,3,2,1,3,2,1,3,2,1,3,2,2,1,3,1,3,1,2],"RT":[[0,0,0,772.5,0,0],[0,0,0,677,0,0],[0,0,0,771,0,0],[0,0,0,863.5,0,0],[0,0,0,573.2000000476837,0,0],[0,0,0,583.2000000476837,0,0],[0,0,0,653,0,0],[0,0,0,657.2000000476837,0,0],[0,0,0,682,0,0],[0,0,0,773.0999999046326,0,0],[0,0,0,617.2999999523163,0,0],[0,0,0,626.2000000476837,0,0],[0,0,0,557.1000001430511,0,0],[0,0,0,642.4000000953674,0,0],[0,0,0,688,0,0],[0,0,0,698,0,0],[0,0,0,653.2000000476837,0,0],[0,0,0,555.3999998569489,0,0],[0,0,0,704.7999999523163,0,0],[0,0,0,960.2000000476837,0,0]],"response":[[0,0,0,1,0,0],[0,0,0,1,0,0],[0,0,0,1,0,0],[0,0,0,1,0,0],[0,0,0,1,0,0],[0,0,0,1,0,0],[0,0,0,1,0,0],[0,0,0,1,0,0],[0,0,0,1,0,0],[0,0,0,1,0,0],[0,0,0,1,0,0],[0,0,0,1,0,0],[0,0,0,1,0,0],[0,0,0,1,0,0],[0,0,0,1,0,0],[0,0,0,1,0,0],[0,0,0,1,0,0],[0,0,0,1,0,0],[0,0,0,1,0,0],[0,0,0,1,0,0]],"framerate":[39.95864419987554,39.94482441574364,39.944134078212294,39.96411385487248,39.943191905409975,39.96003996171955,39.94558138133419,39.950564769322845,38.80060483137415,39.95641118939222,39.946349426838594,39.95333916593759,39.95146636791159,39.95136355685686,39.9520575304192,39.947497575703274,39.9583043763852,39.95383113016528,39.949001274968126,39.949203662073366]}
