{"practice":[0,0,0,0,0,0,0,0,0,0,0,0,0,0,0,0,0,0,0,0],"center_interval":[75,0,25,25,100,25,100,25,100,50,100,50,50,100,25,25,25,100,50,0],"image_pair":[3,1,4,2,2,4,1,1,4,2,3,3,3,2,2,2,4,1,3,4],"feature_space":[1,1,1,2,1,1,1,1,1,2,1,2,2,2,1,1,1,1,2,1],"left_img":[1,1,1,2,1,2,1,2,1,1,1,1,2,2,2,2,1,2,1,2],"img1Sample":[1,2,3,2,2,2,1,2,3,2,3,1,1,1,2,2,1,3,3,2],"img2Sample":[2,1,3,1,1,2,1,3,3,3,2,2,2,1,1,3,3,3,1,3],"key":[49,50,50,49,50,50,50,50,50,null,50,50,49,50,50,49,50,50,50,49],"correct":[false,false,false,false,true,true,true,true,true,null,true,false,false,false,true,false,false,false,false,false],"right_img":[2,2,2,1,2,1,2,1,2,2,2,2,1,1,1,1,2,1,2,1],"img_choice":[1,2,2,2,2,1,2,1,2,null,2,2,2,1,1,2,2,1,2,2],"center_sample":[3,1,3,2,3,2,2,2,1,3,3,1,2,2,1,3,2,2,3,1],"left_sample":[1,2,3,1,2,2,1,3,3,2,3,1,2,1,1,3,1,3,3,3],"right_sample":[2,1,3,2,1,2,1,2,3,3,2,2,1,1,2,2,3,3,1,2],"RT":[[0,2386.60000000149,0,0],[0,799.6999999992549,0,0],[0,1602.800000000745,0,0],[0,4611.199999999255,0,0],[0,530.8999999985099,0,0],[0,1785.0999999996275,0,0],[0,1461.7000000011176,0,0],[0,2602.0999999996275,0,0],[0,1414.5,0,0],[0,0,0,0],[0,88,0,0],[0,2125.800000000745,0,0],[0,1579.9000000003725,0,0],[0,1416.800000000745,0,0],[0,1175.5,0,0],[0,1869.2000000011176,0,0],[0,716.9000000003725,0,0],[0,1504.699999999255,0,0],[0,2429.800000000745,0,0],[0,1321.0999999996275,0,0]],"response":[[0,1,0,0],[0,1,0,0],[0,1,0,0],[0,1,0,0],[0,1,0,0],[0,1,0,0],[0,1,0,0],[0,1,0,0],[0,1,0,0],[0,1,0,0],[0,1,0,0],[0,1,0,0],[0,1,0,0],[0,1,0,0],[0,1,0,0],[0,1,0,0],[0,1,0,0],[0,1,0,0],[0,1,0,0],[0,1,0,0]],"framerate":[59.68059213815074,59.70998009672074,59.677200596761956,59.67294635172611,59.7067345684237,58.848080133555925,59.70004368299117,59.05389444892708,58.69876190004255,57.728285077951,58.280028429282154,59.658882951483946,59.72462843073664,59.69118445070408,59.64438442490059,59.290928891246026,59.71277399848829,59.687351965892944,59.66508438819298,59.72474681900805]}
