{"practice":[0,0,0,0,0,0,0,0,0,0,0,0,0,0,0,0,0,0,0,0],"center_interval":[0,100,100,25,0,75,75,50,100,100,100,50,25,0,0,25,50,0,100,100],"image_pair":[4,3,1,2,1,1,2,2,4,1,4,4,3,1,2,2,3,3,4,4],"feature_space":[1,1,2,2,2,1,2,1,2,1,2,2,1,1,2,1,1,1,1,1],"left_img":[2,2,1,1,2,1,2,1,1,1,1,1,2,2,2,1,1,1,1,2],"img1Sample":[1,3,2,2,3,3,3,2,2,1,2,2,1,2,3,3,1,3,2,1],"img2Sample":[1,3,1,3,3,3,1,3,1,3,1,3,2,3,2,1,1,1,1,1],"key":[50,49,50,49,49,50,50,49,49,50,50,50,49,50,50,50,50,50,49,50],"correct":[true,true,true,true,false,true,false,true,false,true,true,false,false,true,true,false,false,false,false,false],"right_img":[1,1,2,2,1,2,1,2,2,2,2,2,1,1,1,2,2,2,2,1],"img_choice":[1,2,2,1,2,2,1,1,1,2,2,2,2,1,1,2,2,2,1,1],"center_sample":[2,1,2,1,2,2,2,3,2,1,2,3,1,3,2,2,2,2,3,2],"left_sample":[1,3,2,2,3,3,1,2,2,1,2,2,2,3,2,3,1,3,2,1],"right_sample":[1,3,1,3,3,3,3,3,1,3,1,3,1,2,3,1,1,1,1,1],"RT":[[0,1023.1000000014901,0,0],[0,1222.2999999988824,0,0],[0,1313.199999999255,0,0],[0,988.8000000007451,0,0],[0,1162.9000000003725,0,0],[0,1347,0,0],[0,1380.6000000014901,0,0],[0,912.8000000007451,0,0],[0,1477.800000000745,0,0],[0,1079.300000000745,0,0],[0,920.5999999996275,0,0],[0,4725.199999999255,0,0],[0,2387.800000000745,0,0],[0,1126.300000000745,0,0],[0,1918.4000000003725,0,0],[0,2211.4000000003725,0,0],[0,2658.60000000149,0,0],[0,2207,0,0],[0,1645.8999999985099,0,0],[0,742.0999999996275,0,0]],"response":[[0,1,0,0],[0,1,0,0],[0,1,0,0],[0,1,0,0],[0,1,0,0],[0,1,0,0],[0,1,0,0],[0,1,0,0],[0,1,0,0],[0,1,0,0],[0,1,0,0],[0,1,0,0],[0,1,0,0],[0,1,0,0],[0,1,0,0],[0,1,0,0],[0,1,0,0],[0,1,0,0],[0,1,0,0],[0,1,0,0]],"framerate":[59.030394373328285,57.5485397730098,59.67825635703166,59.66961874255526,59.711581793563134,59.66039467646842,59.15379987972033,59.57446808510639,59.814336300103086,59.67856298746027,59.668218477491465,58.3752533974063,59.66268915403417,59.704919915086386,59.70267278188094,59.682404348281565,53.41614906832298,58.004237435317144,59.68433617754002,59.69489277035077]}
