{"practice":[1,1,1,1,1],"center_interval":[25,25,100,100,100],"image_pair":[2,2,2,2,4],"feature_space":[1,1,2,1,2],"left_img":[1,2,2,1,1],"img1Sample":[1,1,1,1,1],"img2Sample":[1,2,3,3,1],"key":[49,50,49,49,50],"correct":[true,true,true,false,true],"right_img":[2,1,1,2,2],"img_choice":[1,1,2,1,2],"center_sample":[1,2,2,1,2],"left_sample":[1,2,3,1,1],"right_sample":[1,1,1,3,1],"RT":[[0,3961.4000000003725,0,0],[0,2083.9000000003725,0,0],[0,1691.0999999996275,0,0],[0,1482.699999999255,0,0],[0,1150.0999999996275,0,0]],"response":[[0,1,0,0],[0,1,0,0],[0,1,0,0],[0,1,0,0],[0,1,0,0]],"framerate":[57.05167439012798,59.673832468495185,59.64820619991098,58.27561499880583,59.74395448079659]}
