{"practice":[0,0,0,0,0,0,0,0,0,0,0,0,0,0,0,0,0,0,0,0],"center_interval":[75,25,50,75,0,100,0,25,0,75,75,25,75,0,100,0,0,0,25,50],"image_pair":[4,4,4,2,1,4,1,4,1,1,2,2,3,1,3,3,4,1,1,2],"feature_space":[2,2,2,1,1,1,1,2,2,2,2,1,2,1,2,1,1,1,2,2],"left_img":[1,1,2,1,1,2,2,2,1,2,2,1,1,1,2,1,1,1,2,1],"img1Sample":[3,1,1,1,3,2,2,1,1,2,2,3,2,1,1,1,3,2,2,1],"img2Sample":[2,2,2,3,3,3,3,1,2,2,3,1,3,2,1,3,1,3,1,1],"key":[49,49,49,49,49,49,49,50,49,49,49,49,49,50,49,49,49,49,49,50],"correct":[false,true,false,false,true,true,false,true,true,true,true,true,false,false,true,true,true,true,false,false],"right_img":[2,2,1,2,2,1,1,1,2,1,1,2,2,2,1,2,2,2,1,2],"img_choice":[1,1,2,1,1,2,2,1,1,2,2,1,1,2,2,1,1,1,2,2],"center_sample":[1,2,1,2,2,2,1,3,2,2,3,3,2,2,2,3,1,1,2,1],"left_sample":[3,1,2,1,3,3,3,1,1,2,3,3,2,1,1,1,3,2,1,1],"right_sample":[2,2,1,3,3,2,2,1,2,2,2,1,3,2,1,3,1,3,2,1],"RT":[[0,2838.7000000011176,0,0],[0,1180.199999999255,0,0],[0,995,0,0],[0,1137.300000000745,0,0],[0,1931.3999999985099,0,0],[0,1412.1000000014901,0,0],[0,959.6999999992549,0,0],[0,776.0999999996275,0,0],[0,784.1999999992549,0,0],[0,890.9000000003725,0,0],[0,769.8000000007451,0,0],[0,782.2999999988824,0,0],[0,874.0999999996275,0,0],[0,923.5999999996275,0,0],[0,1866.9000000003725,0,0],[0,967.2000000011176,0,0],[0,616.0999999996275,0,0],[0,825.8000000007451,0,0],[0,763,0,0],[0,511.69999999925494,0,0]],"response":[[0,1,0,0],[0,1,0,0],[0,1,0,0],[0,1,0,0],[0,1,0,0],[0,1,0,0],[0,1,0,0],[0,1,0,0],[0,1,0,0],[0,1,0,0],[0,1,0,0],[0,1,0,0],[0,1,0,0],[0,1,0,0],[0,1,0,0],[0,1,0,0],[0,1,0,0],[0,1,0,0],[0,1,0,0],[0,1,0,0]],"framerate":[59.679008053756164,59.67651979921918,58.4359069998892,57.38551589580017,54.97526113249842,58.18827358349934,59.72804676576154,59.64357574017119,59.7524541186988,59.673783317818135,59.54109787978824,59.7681284654232,59.72753506477568,58.9913133670569,53.644173758706096,59.69390995113004,59.68928863450532,59.701492537313435,59.65805747544562,59.72011765752541]}
