{"practice":[0,0,0,0,0,0,0,0,0,0,0,0,0,0,0,0,0,0,0,0],"center_interval":[0,25,100,100,50,50,100,0,25,50,50,0,50,0,25,75,100,0,75,0],"image_pair":[2,1,1,1,4,2,1,4,1,1,3,2,3,2,4,1,2,3,3,4],"feature_space":[1,1,1,2,2,2,1,1,1,1,2,1,2,2,1,2,2,2,1,2],"left_img":[2,1,1,1,2,2,1,2,1,2,2,2,1,2,2,1,2,1,2,2],"img1Sample":[3,2,2,1,1,3,2,1,3,1,2,3,1,1,3,2,2,1,2,1],"img2Sample":[1,3,3,1,3,2,1,3,2,1,1,2,2,2,1,2,3,3,1,1],"key":[49,50,49,49,49,50,50,50,50,49,50,49,50,49,50,50,49,49,49,50],"correct":[false,false,false,false,false,true,true,true,false,false,true,false,false,false,true,true,true,true,true,true],"right_img":[1,2,2,2,1,1,2,1,2,1,1,1,2,1,1,2,1,2,1,1],"img_choice":[2,2,1,1,2,1,2,1,2,2,1,2,2,2,1,2,2,1,2,1],"center_sample":[1,3,1,2,1,1,3,2,1,2,2,1,3,2,3,2,2,2,2,3],"left_sample":[1,2,2,1,3,2,2,3,3,1,1,2,1,2,1,2,3,1,1,1],"right_sample":[3,3,3,1,1,3,1,1,2,1,2,3,2,1,3,2,2,3,2,1],"RT":[[0,618.5,0,0],[0,1543,0,0],[0,684.8999999985099,0,0],[0,880.5999999996275,0,0],[0,977.5999999996275,0,0],[0,911.6999999992549,0,0],[0,773.5,0,0],[0,700.4000000003725,0,0],[0,659.8000000007451,0,0],[0,579.5999999996275,0,0],[0,1115.9000000003725,0,0],[0,655.5,0,0],[0,390.2000000011176,0,0],[0,1095,0,0],[0,1124.3999999985099,0,0],[0,1269.0999999996275,0,0],[0,1834,0,0],[0,1691.5,0,0],[0,3642.800000000745,0,0],[0,1500,0,0]],"response":[[0,1,0,0],[0,1,0,0],[0,1,0,0],[0,1,0,0],[0,1,0,0],[0,1,0,0],[0,1,0,0],[0,1,0,0],[0,1,0,0],[0,1,0,0],[0,1,0,0],[0,1,0,0],[0,1,0,0],[0,1,0,0],[0,1,0,0],[0,1,0,0],[0,1,0,0],[0,1,0,0],[0,1,0,0],[0,1,0,0]],"framerate":[59.56752345981233,59.587542479410736,59.91751614662075,59.70349500230312,59.69390995113004,59.6760443307612,59.6537174450911,59.71063308578084,59.701492537313435,59.66386554621848,59.52380952379671,59.899369059997056,59.441252229025025,59.84510678249775,57.954216169226314,59.695128451089055,59.65026965191298,59.689787382382576,59.45499587118085,56.40688163955015]}
