{"practice":[0,0,0,0,0,0,0,0,0,0,0,0,0,0,0,0,0,0,0,0],"center_interval":[100,100,50,75,100,75,0,25,0,100,50,75,25,100,25,50,0,0,75,50],"image_pair":[3,2,4,2,1,2,3,4,2,3,4,2,1,2,4,1,4,4,1,1],"feature_space":[2,1,2,1,1,2,1,1,2,1,1,2,1,2,2,2,2,2,2,1],"left_img":[2,2,1,2,1,1,1,1,1,1,2,1,2,2,2,2,2,1,2,2],"img1Sample":[2,1,2,1,3,3,1,2,2,3,2,1,1,2,3,1,1,3,2,2],"img2Sample":[3,1,3,2,3,3,1,2,3,2,2,2,1,1,2,1,2,1,2,1],"key":[50,50,50,49,49,50,50,49,50,49,50,49,50,50,50,50,50,49,50,50],"correct":[false,false,false,true,false,true,false,true,false,false,true,false,true,false,true,true,true,true,false,true],"right_img":[1,1,2,1,2,2,2,2,2,2,1,2,1,1,1,1,1,2,1,1],"img_choice":[1,1,2,2,1,2,2,1,2,1,1,1,1,1,1,1,1,1,1,1],"center_sample":[2,3,2,2,1,2,3,2,3,1,2,1,2,3,2,2,3,2,2,1],"left_sample":[3,1,2,2,3,3,1,2,2,3,2,1,1,1,2,1,2,3,2,1],"right_sample":[2,1,3,1,3,3,1,2,3,2,2,2,1,2,3,1,1,1,2,2],"RT":[[0,1130,0,0],[0,1078,0,0],[0,3049,0,0],[0,2939,0,0],[0,1416,0,0],[0,1787,0,0],[0,1045,0,0],[0,3412,0,0],[0,2000,0,0],[0,1893,0,0],[0,1591,0,0],[0,4213,0,0],[0,3698,0,0],[0,2745,0,0],[0,4380,0,0],[0,2128,0,0],[0,3258,0,0],[0,2075,0,0],[0,3360,0,0],[0,1705,0,0]],"response":[[0,1,0,0],[0,1,0,0],[0,1,0,0],[0,1,0,0],[0,1,0,0],[0,1,0,0],[0,1,0,0],[0,1,0,0],[0,1,0,0],[0,1,0,0],[0,1,0,0],[0,1,0,0],[0,1,0,0],[0,1,0,0],[0,1,0,0],[0,1,0,0],[0,1,0,0],[0,1,0,0],[0,1,0,0],[0,1,0,0]],"framerate":[30.83952027412907,26.690391459074732,31.190150478796166,30.84688726864834,30.06407097092164,32.016632016632016,31.966224366706875,30.26544281815927,26.295731707317074,31.2,31.953195319531954,30.775629028904138,31.301097874328427,29.049295774647888,31.00620124024805,30.53435114503817,30.193548387096776,30.517305545217717,30.997983870967744,31.021111589831968]}
