{"practice":[0,0,0,0,0,0,0,0,0,0,0,0,0,0,0,0,0,0,0,0],"center_interval":[100,25,100,50,75,75,50,25,100,75,100,50,75,100,25,50,50,0,75,50],"image_pair":[2,2,3,3,3,3,1,3,2,4,1,2,4,3,3,2,2,3,1,1],"feature_space":[1,1,2,2,1,1,2,1,1,2,1,2,2,2,1,2,2,2,2,1],"left_img":[2,2,2,2,2,2,1,1,1,1,2,1,2,1,2,2,2,2,2,1],"img1Sample":[1,2,3,3,2,1,3,3,1,2,1,3,2,1,2,3,3,3,1,3],"img2Sample":[2,1,3,2,2,2,2,3,1,3,3,3,1,3,3,2,3,1,1,3],"key":[50,49,49,50,50,50,49,50,49,50,49,49,49,50,50,50,49,50,49,50],"correct":[false,false,true,true,false,false,true,false,false,true,true,true,true,true,true,true,false,true,true,false],"right_img":[1,1,1,1,1,1,2,2,2,2,1,2,1,2,1,1,1,1,1,2],"img_choice":[1,2,2,1,1,1,1,2,1,2,2,1,2,2,1,1,2,1,2,2],"center_sample":[1,3,2,3,3,2,1,1,2,2,2,2,3,1,2,2,1,2,3,2],"left_sample":[2,1,3,2,2,2,3,3,1,2,3,3,1,1,3,2,3,1,1,3],"right_sample":[1,2,3,3,2,1,2,3,1,3,1,3,2,3,2,3,3,3,1,3],"RT":[[0,881,0,0],[0,1191,0,0],[0,4095,0,0],[0,1975,0,0],[0,3450,0,0],[0,3153,0,0],[0,2232,0,0],[0,2194,0,0],[0,1129,0,0],[0,4548,0,0],[0,3901,0,0],[0,2562,0,0],[0,2097,0,0],[0,2046,0,0],[0,3127,0,0],[0,1563,0,0],[0,3207,0,0],[0,1344,0,0],[0,1277,0,0],[0,3056,0,0]],"response":[[0,1,0,0],[0,1,0,0],[0,1,0,0],[0,1,0,0],[0,1,0,0],[0,1,0,0],[0,1,0,0],[0,1,0,0],[0,1,0,0],[0,1,0,0],[0,1,0,0],[0,1,0,0],[0,1,0,0],[0,1,0,0],[0,1,0,0],[0,1,0,0],[0,1,0,0],[0,1,0,0],[0,1,0,0],[0,1,0,0]],"framerate":[32,28.681742967457254,30.938758211485485,30.46664095642113,31.019202363367796,29.858704345507864,25.31645569620253,29.505865623889086,31.42857142857143,30.273814114924797,26.925623482674904,31.044214487300096,31.997057741816846,28.990963855421686,29.074419845292077,32.007315957933244,30.946761080514033,30.45685279187817,30.446194225721783,29.292107404393818]}
