{"practice":[1,1,1,1,1],"center_interval":[25,50,50,50,100],"image_pair":[4,4,1,1,2],"feature_space":[1,1,2,1,2],"left_img":[2,2,2,1,1],"img1Sample":[3,1,1,3,1],"img2Sample":[3,2,1,2,1],"key":[50,49,49,null,null],"correct":[true,false,false,null,null],"right_img":[1,1,1,2,2],"img_choice":[1,2,2,null,null],"center_sample":[1,2,2,1,3],"left_sample":[3,2,1,3,1],"right_sample":[3,1,1,2,1],"RT":[[0,4617,0,0],[0,2732,0,0],[0,4369,0,0],[0,0,0,0],[0,0,0,0]],"response":[[0,1,0,0],[0,1,0,0],[0,1,0,0],[0,1,0,0],[0,1,0,0]],"framerate":[29.699176087373058,30.185295875672445,31.2124849939976,30.73370047965891,30.599537448852516]}
