{"practice":[0,0,0,0,0,0,0,0,0,0,0,0,0,0,0,0,0,0,0,0],"center_interval":[25,0,0,25,0,50,50,0,75,0,75,100,0,50,25,75,25,100,0,0],"image_pair":[2,1,3,2,2,3,3,3,2,1,1,3,1,2,2,1,2,2,3,3],"feature_space":[1,1,2,2,1,1,2,1,2,2,2,2,2,1,1,1,2,1,1,2],"left_img":[1,2,2,1,2,2,2,2,1,1,1,1,1,1,2,1,2,1,2,1],"img1Sample":[2,3,3,2,2,2,3,2,1,2,1,1,3,3,2,2,3,2,3,1],"img2Sample":[2,1,1,2,3,1,3,3,1,3,1,3,3,3,2,1,3,3,2,1],"key":[50,49,50,49,50,50,50,50,50,49,50,50,49,50,50,50,49,49,50,50],"correct":[false,false,true,true,true,true,true,true,true,true,true,true,true,false,true,true,false,false,true,false],"right_img":[2,1,1,2,1,1,1,1,2,2,2,2,2,2,1,2,1,2,1,2],"img_choice":[2,2,1,1,1,1,1,1,2,1,2,2,1,2,1,2,2,1,1,2],"center_sample":[3,1,2,3,1,3,1,1,2,1,3,1,1,3,2,1,2,1,1,3],"left_sample":[2,1,1,2,3,1,3,3,1,2,1,1,3,3,2,2,3,2,2,1],"right_sample":[2,3,3,2,2,2,3,2,1,3,1,3,3,3,2,1,3,3,3,1],"RT":[[0,3478,0,0],[0,2258,0,0],[0,3929,0,0],[0,4981,0,0],[0,3211,0,0],[0,2638,0,0],[0,2422,0,0],[0,3575,0,0],[0,2274,0,0],[0,2199,0,0],[0,3718,0,0],[0,2181,0,0],[0,1913,0,0],[0,3766,0,0],[0,1526,0,0],[0,2031,0,0],[0,2538,0,0],[0,1681,0,0],[0,2045,0,0],[0,1955,0,0]],"response":[[0,1,0,0],[0,1,0,0],[0,1,0,0],[0,1,0,0],[0,1,0,0],[0,1,0,0],[0,1,0,0],[0,1,0,0],[0,1,0,0],[0,1,0,0],[0,1,0,0],[0,1,0,0],[0,1,0,0],[0,1,0,0],[0,1,0,0],[0,1,0,0],[0,1,0,0],[0,1,0,0],[0,1,0,0],[0,1,0,0]],"framerate":[31.303497187576426,29.913043478260867,30.90507726269316,30.920464700625555,31.22540015743899,30.759766225776687,30.363036303630366,31.041069723018147,30.60869565217391,31.638819765375043,30.39373704812342,28.073916133617626,30.039525691699605,31.314285714285717,31.539888682745826,31.238238614979302,31.042128603104214,30.72263089571614,30.861874294316895,30.042918454935624]}
