{"practice":[1,1,1,1,1],"center_interval":[25,75,100,75,100],"image_pair":[3,4,4,3,2],"feature_space":[2,2,2,2,2],"left_img":[1,2,2,1,2],"img1Sample":[2,1,3,3,3],"img2Sample":[3,2,2,3,1],"key":[49,49,50,49,49],"correct":[true,true,false,false,true],"right_img":[2,1,1,2,1],"img_choice":[1,2,1,1,2],"center_sample":[2,2,1,2,2],"left_sample":[2,2,2,3,1],"right_sample":[3,1,3,3,3],"RT":[[0,0,0,791,0,0],[0,0,0,4687,0,0],[0,0,0,1191,0,0],[0,0,0,1136,0,0],[0,0,0,1442,0,0]],"response":[[0,0,0,1,0,0],[0,0,0,1,0,0],[0,0,0,1,0,0],[0,0,0,1,0,0],[0,0,0,1,0,0]],"framerate":[31.042128603104214,30.70761014686248,30.393622321873444,30.893897189161812,31.455399061032864]}
