{"practice":[0,0,0,0,0,0,0,0,0,0,0,0,0,0,0,0,0,0,0,0],"center_interval":[75,50,0,75,25,75,100,75,0,0,100,0,25,50,100,75,0,100,50,25],"image_pair":[1,1,4,3,3,2,3,2,2,3,2,3,1,2,2,3,2,1,1,3],"feature_space":[1,1,2,2,1,2,1,2,1,2,2,2,1,1,2,2,2,2,2,2],"left_img":[2,1,1,1,1,1,2,2,2,1,2,2,2,1,2,1,1,1,1,1],"img1Sample":[1,2,2,3,1,1,1,3,2,3,2,2,1,2,1,1,1,2,1,1],"img2Sample":[2,1,2,1,3,2,2,3,1,3,3,1,1,3,2,3,2,3,2,3],"key":[49,49,49,49,49,49,49,49,49,49,49,49,49,50,49,50,49,50,49,49],"correct":[true,true,true,false,true,false,true,true,false,true,true,false,false,false,true,true,true,true,true,true],"right_img":[1,2,2,2,2,2,1,1,1,2,1,1,1,2,1,2,2,2,2,2],"img_choice":[2,1,1,1,1,1,2,2,2,1,2,2,2,2,2,2,1,2,1,1],"center_sample":[2,1,3,2,1,3,1,2,1,1,2,1,1,2,1,2,2,1,2,1],"left_sample":[2,2,2,3,1,1,2,3,1,3,3,1,1,2,2,1,1,2,1,1],"right_sample":[1,1,2,1,3,2,1,3,2,3,2,2,1,3,1,3,2,3,2,3],"RT":[[0,0,0,209,0,0],[0,0,0,75,0,0],[0,0,0,203,0,0],[0,0,0,15,0,0],[0,0,0,246,0,0],[0,0,0,157,0,0],[0,0,0,304,0,0],[0,0,0,26,0,0],[0,0,0,121,0,0],[0,0,0,69,0,0],[0,0,0,11,0,0],[0,0,0,213,0,0],[0,0,0,79,0,0],[0,0,0,215,0,0],[0,0,0,84,0,0],[0,0,0,120,0,0],[0,0,0,115,0,0],[0,0,0,19,0,0],[0,0,0,76,0,0],[0,0,0,102,0,0]],"response":[[0,0,0,1,0,0],[0,0,0,1,0,0],[0,0,0,1,0,0],[0,0,0,1,0,0],[0,0,0,1,0,0],[0,0,0,1,0,0],[0,0,0,1,0,0],[0,0,0,1,0,0],[0,0,0,1,0,0],[0,0,0,1,0,0],[0,0,0,1,0,0],[0,0,0,1,0,0],[0,0,0,1,0,0],[0,0,0,1,0,0],[0,0,0,1,0,0],[0,0,0,1,0,0],[0,0,0,1,0,0],[0,0,0,1,0,0],[0,0,0,1,0,0],[0,0,0,1,0,0]],"framerate":[30.931227377426783,30.6368330464716,30.81510934393638,31.26097646645592,31.657963446475193,31.57894736842105,31.468531468531467,31.271960646521432,31.271244051665533,31.326139923424993,31.582682753726047,30.971993410214164,31.174229303775547,31.023102310231025,30.94910591471802,31.697341513292436,31.38860457181849,30.96410978184377,30.626290433585687,30.647382920110193]}
