{"practice":[0,0,0,0,0,0,0,0,0,0,0,0,0,0,0,0,0,0,0,0],"center_interval":[100,25,0,25,50,75,75,0,50,100,100,0,25,100,25,25,0,75,50,0],"image_pair":[4,2,3,4,4,3,1,4,4,2,2,2,2,1,1,1,1,1,2,3],"feature_space":[2,2,2,1,2,1,1,2,2,2,1,2,1,1,2,1,1,2,2,2],"left_img":[2,1,1,2,1,2,2,1,1,2,1,2,2,1,1,1,1,2,2,1],"img1Sample":[2,2,2,2,3,1,3,1,3,1,3,1,2,3,1,3,2,3,1,2],"img2Sample":[3,2,1,1,3,3,2,1,2,1,3,3,3,2,3,1,2,2,2,3],"key":[49,50,49,49,50,50,50,49,49,50,50,null,null,null,49,50,50,50,49,50],"correct":[true,false,true,false,false,false,false,true,true,false,true,null,null,null,true,false,false,false,false,false],"right_img":[1,2,2,1,2,1,1,2,2,1,2,1,1,2,2,2,2,1,1,2],"img_choice":[2,2,1,2,2,1,1,1,1,1,2,null,null,null,1,2,2,1,2,2],"center_sample":[2,3,1,1,1,1,1,2,2,3,2,3,1,1,2,2,1,3,1,1],"left_sample":[3,2,2,1,3,3,2,1,3,1,3,3,3,3,1,3,2,2,2,2],"right_sample":[2,2,1,2,3,1,3,1,2,1,3,1,2,2,3,1,2,3,1,3],"RT":[[0,0,0,244,0,0],[0,0,0,284,0,0],[0,0,0,100,0,0],[0,0,0,151,0,0],[0,0,0,120,0,0],[0,0,0,126,0,0],[0,0,0,184,0,0],[0,0,0,69,0,0],[0,0,0,120,0,0],[0,0,0,245,0,0],[0,0,0,15,0,0],[0,0,0,0,0,0],[0,0,0,0,0,0],[0,0,0,0,0,0],[0,0,0,1673,0,0],[0,0,0,56,0,0],[0,0,0,182,0,0],[0,0,0,170,0,0],[0,0,0,51,0,0],[0,0,0,140,0,0]],"response":[[0,0,0,1,0,0],[0,0,0,1,0,0],[0,0,0,1,0,0],[0,0,0,1,0,0],[0,0,0,1,0,0],[0,0,0,1,0,0],[0,0,0,1,0,0],[0,0,0,1,0,0],[0,0,0,1,0,0],[0,0,0,1,0,0],[0,0,0,1,0,0],[0,0,0,1,0,0],[0,0,0,1,0,0],[0,0,0,1,0,0],[0,0,0,1,0,0],[0,0,0,1,0,0],[0,0,0,1,0,0],[0,0,0,1,0,0],[0,0,0,1,0,0],[0,0,0,1,0,0]],"framerate":[31.31115459882583,30.37156704361874,30.832476875642346,31.007751937984494,30.931339225016995,30.983997276132104,31.666666666666668,31.379310344827587,31.718963165075035,31.657963446475193,31.667839549612946,31.07814298503645,30.786918753193664,31.390134529147982,31.382150011128424,31.674208144796378,30.646235842771485,30.666666666666664,30.956521739130437,30.986864264061975]}
