{"practice":[0,0,0,0,0,0,0,0,0,0,0,0,0,0,0,0,0,0,0,0],"center_interval":[25,75,100,50,75,50,50,75,25,25,50,0,25,75,25,25,100,0,25,25],"image_pair":[1,4,4,3,1,1,4,3,1,1,3,3,4,3,1,4,4,1,3,2],"feature_space":[2,2,1,1,2,2,1,2,2,1,1,1,2,1,1,1,2,2,1,1],"left_img":[2,2,2,1,1,2,2,1,2,2,2,2,2,2,1,2,2,1,1,1],"img1Sample":[1,2,2,2,3,3,2,2,3,3,2,3,2,1,3,3,2,1,3,2],"img2Sample":[3,1,3,1,2,1,3,1,1,1,2,2,2,3,2,3,1,1,2,1],"key":[49,49,49,49,49,49,50,50,49,49,50,50,50,50,50,50,49,50,49,49],"correct":[false,true,true,true,false,false,true,true,false,false,true,true,true,false,false,true,true,false,true,true],"right_img":[1,1,1,2,2,1,1,2,1,1,1,1,1,1,2,1,1,2,2,2],"img_choice":[2,2,2,1,1,2,1,2,2,2,1,1,1,1,2,1,2,2,1,1],"center_sample":[3,2,2,3,1,2,3,1,2,3,1,1,1,2,3,1,3,2,2,3],"left_sample":[3,1,3,2,3,1,3,2,1,1,2,2,2,3,3,3,1,1,3,2],"right_sample":[1,2,2,1,2,3,2,1,3,3,2,3,2,1,2,3,2,1,2,1],"RT":[[0,2334.800000190735,0,0],[0,2565.0999999046326,0,0],[0,1556.7000000476837,0,0],[0,2268.7000000476837,0,0],[0,1534.7999999523163,0,0],[0,1371.3999998569489,0,0],[0,2185.2999999523163,0,0],[0,1497.2000000476837,0,0],[0,3742.7000000476837,0,0],[0,2427.9000000953674,0,0],[0,1909.9000000953674,0,0],[0,1402.7000000476837,0,0],[0,1760.0999999046326,0,0],[0,1440.9000000953674,0,0],[0,1728,0,0],[0,3024.2000000476837,0,0],[0,1664.9000000953674,0,0],[0,2644.7999999523163,0,0],[0,2959.7999999523163,0,0],[0,1595.5999999046326,0,0]],"response":[[0,1,0,0],[0,1,0,0],[0,1,0,0],[0,1,0,0],[0,1,0,0],[0,1,0,0],[0,1,0,0],[0,1,0,0],[0,1,0,0],[0,1,0,0],[0,1,0,0],[0,1,0,0],[0,1,0,0],[0,1,0,0],[0,1,0,0],[0,1,0,0],[0,1,0,0],[0,1,0,0],[0,1,0,0],[0,1,0,0]],"framerate":[60.152931180968565,60.11771741705746,60.24096385542168,60.159265569124514,60.156687182551295,60.16177957532861,60.16114592658908,60.16676141883124,60.16487932512713,60.16570226385385,60.16942443081739,60.15710450860372,60.159865376525026,60.1525821540135,60.1664177512268,60.161529589438736,60.16688625384277,60.17807798587657,60.155004054557715,60.164661180556294]}
