{"practice":[0,0,0,0,0,0,0,0,0,0,0,0,0,0,0,0,0,0,0,0],"center_interval":[50,25,100,25,0,75,100,50,50,50,50,50,25,100,75,0,25,100,0,75],"image_pair":[2,3,4,3,4,3,3,4,3,1,3,1,3,1,1,4,1,4,2,4],"feature_space":[1,1,2,1,1,1,1,2,1,1,2,1,2,1,1,2,2,1,1,1],"left_img":[2,2,2,2,2,2,1,1,1,2,1,2,1,2,1,1,1,1,2,1],"img1Sample":[2,3,3,2,3,3,2,1,3,1,3,2,1,2,1,3,3,3,3,3],"img2Sample":[1,3,3,2,1,1,2,3,3,3,3,1,3,3,3,3,3,3,3,2],"key":[50,50,49,50,49,50,49,49,50,49,49,49,49,50,49,49,49,50,50,50],"correct":[true,true,true,true,false,false,false,true,false,false,true,false,true,false,false,true,true,true,true,true],"right_img":[1,1,1,1,1,1,2,2,2,1,2,1,2,1,2,2,2,2,1,2],"img_choice":[1,1,2,1,2,1,1,1,2,2,1,2,1,1,1,1,1,2,1,2],"center_sample":[3,3,1,2,2,2,3,3,2,2,3,2,1,1,1,1,2,2,1,2],"left_sample":[1,3,3,2,1,1,2,1,3,3,3,1,1,3,1,3,3,3,3,3],"right_sample":[2,3,3,2,3,3,2,3,3,1,3,2,3,2,3,3,3,3,3,2],"RT":[[0,3138.5,0,0],[0,1794.2000000476837,0,0],[0,2382.7000000476837,0,0],[0,1886.7999999523163,0,0],[0,2048.4000000953674,0,0],[0,1655.5,0,0],[0,2635.2000000476837,0,0],[0,1857.7999999523163,0,0],[0,1965.7999999523163,0,0],[0,2551.7000000476837,0,0],[0,1799.5999999046326,0,0],[0,2956.2999999523163,0,0],[0,2183.0999999046326,0,0],[0,1661.2000000476837,0,0],[0,1881.6000001430511,0,0],[0,1283.2000000476837,0,0],[0,1414.1000001430511,0,0],[0,2354.7000000476837,0,0],[0,1747.7999999523163,0,0],[0,1955.5999999046326,0,0]],"response":[[0,1,0,0],[0,1,0,0],[0,1,0,0],[0,1,0,0],[0,1,0,0],[0,1,0,0],[0,1,0,0],[0,1,0,0],[0,1,0,0],[0,1,0,0],[0,1,0,0],[0,1,0,0],[0,1,0,0],[0,1,0,0],[0,1,0,0],[0,1,0,0],[0,1,0,0],[0,1,0,0],[0,1,0,0],[0,1,0,0]],"framerate":[60.171689889249116,60.15349512549264,60.16646053987065,60.17088531774541,60.15716058094201,60.163680601636806,60.162902627770954,60.16504735731623,60.15913060353193,60.15894626947047,60.17846026146504,60.15798498942135,60.154683472811655,60.1827446820684,60.17088531774541,60.15196285201126,60.16669132373183,60.161557439798315,60.161843834626424,60.16095007534522]}
