{"practice":[0,0,0,0,0,0,0,0,0,0,0,0,0,0,0,0,0,0,0,0],"center_interval":[25,75,50,25,75,100,75,25,75,75,50,50,50,25,0,75,0,75,100,75],"image_pair":[4,3,1,4,4,3,1,3,2,3,2,1,2,3,2,1,2,1,3,3],"feature_space":[2,1,1,1,2,2,2,1,2,2,2,1,2,2,1,1,1,1,2,1],"left_img":[1,1,1,1,2,2,2,2,2,2,2,1,2,2,1,1,1,2,2,1],"img1Sample":[2,1,2,2,1,1,2,1,3,2,2,3,3,2,1,1,3,1,3,2],"img2Sample":[3,2,2,3,2,3,2,3,2,3,2,2,3,2,2,3,1,1,1,3],"key":[49,49,50,49,49,49,50,49,50,50,50,49,50,49,49,50,49,50,50,50],"correct":[true,false,false,true,true,true,false,false,false,false,true,true,true,false,true,true,true,false,false,true],"right_img":[2,2,2,2,1,1,1,1,1,1,1,2,1,1,2,2,2,1,1,2],"img_choice":[1,1,2,1,2,2,1,2,1,1,1,1,1,2,1,2,1,1,1,2],"center_sample":[1,3,1,1,1,1,3,3,2,2,2,3,2,2,2,2,2,1,3,2],"left_sample":[2,1,2,2,2,3,2,3,2,3,2,3,3,2,1,1,3,1,1,2],"right_sample":[3,2,2,3,1,1,2,1,3,2,2,2,3,2,2,3,1,1,3,3],"RT":[[0,1939.7000000476837,0,0],[0,1566.0999999046326,0,0],[0,1926.6000001430511,0,0],[0,1885.2000000476837,0,0],[0,1821.7999999523163,0,0],[0,1800.3000001907349,0,0],[0,2079.4000000953674,0,0],[0,1518.9000000953674,0,0],[0,4234,0,0],[0,2582.300000190735,0,0],[0,1297.5999999046326,0,0],[0,3220.7999999523163,0,0],[0,1086.2000000476837,0,0],[0,2053.5,0,0],[0,894,0,0],[0,2036.2999999523163,0,0],[0,2962.699999809265,0,0],[0,1972.5999999046326,0,0],[0,2264.600000143051,0,0],[0,1843,0,0]],"response":[[0,1,0,0],[0,1,0,0],[0,1,0,0],[0,1,0,0],[0,1,0,0],[0,1,0,0],[0,1,0,0],[0,1,0,0],[0,1,0,0],[0,1,0,0],[0,1,0,0],[0,1,0,0],[0,1,0,0],[0,1,0,0],[0,1,0,0],[0,1,0,0],[0,1,0,0],[0,1,0,0],[0,1,0,0],[0,1,0,0]],"framerate":[60.16042780635865,60.163497753562254,60.16042780635865,60.15881928060592,60.171447415350976,60.14850458254113,60.16936561961885,60.16734041957648,60.161256977465364,60.16545500035444,60.1747684534519,60.1574556019325,60.15924506045415,60.16394675814338,60.17651777974839,60.154358352425696,60.17520781678975,60.12645951909147,60.18856765225273,60.157145197960816]}
