{"practice":[0,0,0,0,0,0,0,0,0,0,0,0,0,0,0,0,0,0,0,0],"center_interval":[75,50,50,100,75,0,0,75,25,50,75,0,50,75,0,100,75,25,25,25],"image_pair":[1,3,1,4,1,2,1,3,2,3,3,1,1,2,4,1,2,4,2,3],"feature_space":[2,2,2,2,2,1,2,1,2,2,2,1,2,1,1,2,1,2,1,1],"left_img":[2,2,1,2,1,1,1,2,1,2,2,1,1,2,2,1,1,1,2,1],"img1Sample":[3,2,2,3,1,2,3,1,3,2,2,2,1,1,1,3,1,2,3,3],"img2Sample":[3,1,2,1,3,1,2,3,1,2,1,2,3,1,2,1,1,3,1,1],"key":[49,50,49,49,49,49,50,50,50,50,50,50,50,49,50,50,50,49,50,49],"correct":[true,true,true,true,false,true,false,false,false,true,false,false,false,true,true,true,true,true,true,true],"right_img":[1,1,2,1,2,2,2,1,2,1,1,2,2,1,1,2,2,2,1,2],"img_choice":[2,1,1,2,1,1,2,1,2,1,1,2,2,2,1,2,2,1,1,1],"center_sample":[3,1,3,3,3,1,2,3,1,1,1,1,1,1,3,3,2,1,3,2],"left_sample":[3,1,2,1,1,2,3,3,3,2,1,2,1,1,2,3,1,2,1,3],"right_sample":[3,2,2,3,3,1,2,1,1,2,2,2,3,1,1,1,1,3,3,1],"RT":[[0,3421.5,0,0],[0,4723.5,0,0],[0,2122.399999856949,0,0],[0,991.5,0,0],[0,3179.4000000953674,0,0],[0,2149,0,0],[0,2300,0,0],[0,1725.2000000476837,0,0],[0,2149.199999809265,0,0],[0,2413.5999999046326,0,0],[0,4834.5,0,0],[0,3211.2000000476837,0,0],[0,3659.4000000953674,0,0],[0,4673,0,0],[0,1697.8000001907349,0,0],[0,2022,0,0],[0,3330.2999999523163,0,0],[0,3967.7999999523163,0,0],[0,2292.5,0,0],[0,1963.2000000476837,0,0]],"response":[[0,1,0,0],[0,1,0,0],[0,1,0,0],[0,1,0,0],[0,1,0,0],[0,1,0,0],[0,1,0,0],[0,1,0,0],[0,1,0,0],[0,1,0,0],[0,1,0,0],[0,1,0,0],[0,1,0,0],[0,1,0,0],[0,1,0,0],[0,1,0,0],[0,1,0,0],[0,1,0,0],[0,1,0,0],[0,1,0,0]],"framerate":[60.15710450503841,60.1675694936811,60.156995083681124,60.18431446664136,60.14720236292293,60.17763277143375,60.17054050139654,60.152960388676185,60.149286176000956,60.17523557612829,60.16116569316079,60.16375003119683,60.17044390268095,60.16118657589555,60.16274238599652,60.17672150799499,60.15839171635119,60.157941942744635,60.16640307756072,60.17547946380518]}
