{"practice":[0,0,0,0,0,0,0,0,0,0,0,0,0,0,0,0,0,0,0,0],"center_interval":[50,75,25,50,0,0,25,25,75,0,50,25,75,75,100,100,25,75,75,75],"image_pair":[2,4,2,2,4,4,3,4,3,3,3,3,4,2,1,3,4,2,3,2],"feature_space":[2,2,2,1,2,1,2,1,1,1,2,1,2,1,1,1,1,1,1,1],"left_img":[2,1,1,2,1,1,1,1,1,2,2,2,1,1,2,1,2,1,2,2],"img1Sample":[3,3,1,3,2,1,3,2,1,2,1,2,2,2,1,3,3,2,1,1],"img2Sample":[2,1,2,3,2,2,2,3,2,1,1,1,1,2,2,3,3,2,2,1],"stim_time":[2000,2000,2000,2000,2000,2000,2000,2000,2000,2000,2000,2000,2000,2000,2000,2000,2000,2000,2000,2000],"key":[50,50,50,50,50,50,null,50,49,50,49,null,50,50,49,50,50,50,49,49],"correct":[true,true,false,true,false,false,null,false,false,true,false,null,true,true,true,true,true,true,true,true],"right_img":[1,2,2,1,2,2,2,2,2,1,1,1,2,2,1,2,1,2,1,1],"img_choice":[1,2,2,1,2,2,null,2,1,1,2,null,2,2,2,2,1,2,2,2],"center_sample":[2,2,3,1,1,2,2,2,2,3,1,3,1,2,1,2,2,1,1,2],"left_sample":[2,3,1,3,2,1,3,2,1,1,1,1,2,2,2,3,3,2,2,1],"right_sample":[3,1,2,3,2,2,2,3,2,2,1,2,1,2,1,3,3,2,1,1],"exact_match":[0,0,0,0,0,0,0,0,0,0,0,0,0,0,0,0,0,0,0,0],"RT":[[0,0,0,749.8999999761581,0,0],[0,0,0,891.2000000476837,0,0],[0,0,0,465.7000000476837,0,0],[0,0,0,1158.7999999523163,0,0],[0,0,0,762.8999999761581,0,0],[0,0,0,637.2000000476837,0,0],[0,0,0,0,0,0],[0,0,0,2251.8000000715256,0,0],[0,0,0,1057.2999999523163,0,0],[0,0,0,560,0,0],[0,0,0,936.2999999523163,0,0],[0,0,0,0,0,0],[0,0,0,1427,0,0],[0,0,0,805.5999999046326,0,0],[0,0,0,780.0999999046326,0,0],[0,0,0,860,0,0],[0,0,0,705.7000000476837,0,0],[0,0,0,621.1999999284744,0,0],[0,0,0,3296.2000000476837,0,0],[0,0,0,715.1000000238419,0,0]],"response":[[0,0,0,1,0,0],[0,0,0,1,0,0],[0,0,0,1,0,0],[0,0,0,1,0,0],[0,0,0,1,0,0],[0,0,0,1,0,0],[0,0,0,1,0,0],[0,0,0,1,0,0],[0,0,0,1,0,0],[0,0,0,1,0,0],[0,0,0,1,0,0],[0,0,0,1,0,0],[0,0,0,1,0,0],[0,0,0,1,0,0],[0,0,0,1,0,0],[0,0,0,1,0,0],[0,0,0,1,0,0],[0,0,0,1,0,0],[0,0,0,1,0,0],[0,0,0,1,0,0]],"framerate":[28.915527357264143,28.709948268664988,28.7224615756502,28.804007514088916,28.696403198776462,28.712296983758698,28.85339665742645,28.950685363027763,28.77549971791228,28.833863440240346,28.513563928828063,28.891019495046343,28.82116702102528,28.65566362697115,28.835223333968734,28.751220571056464,28.75690450390888,28.805865922187373,28.94001079107765,28.96246237660527]}
