{"practice":[0,0,0,0,0,0,0,0,0,0,0,0,0,0,0,0,0,0,0,0],"center_interval":[50,0,50,50,75,0,75,25,0,75,25,75,0,25,50,50,0,50,75,0],"image_pair":[3,1,2,1,3,2,3,4,1,2,2,4,1,2,4,1,1,2,4,1],"feature_space":[1,2,1,1,2,1,2,1,2,2,1,1,1,2,2,2,2,1,2,2],"left_img":[2,2,2,1,1,1,2,1,2,2,2,1,1,1,1,2,2,2,1,1],"img1Sample":[2,3,2,1,3,3,3,3,1,3,3,2,2,2,3,1,2,1,2,3],"img2Sample":[3,2,3,1,3,1,3,1,3,3,2,1,3,2,1,1,2,2,2,1],"stim_time":[250,250,250,250,250,250,250,250,250,250,250,250,250,250,250,250,250,250,250,250],"key":[50,50,50,50,50,50,49,49,49,49,50,49,50,49,49,50,49,50,50,49],"correct":[true,true,true,false,true,false,true,true,false,true,true,false,false,true,true,true,false,true,true,true],"right_img":[1,1,1,2,2,2,1,2,1,1,1,2,2,2,2,1,1,1,2,2],"img_choice":[1,1,1,2,2,2,2,1,2,2,1,1,2,1,1,1,2,1,2,1],"center_sample":[2,2,1,3,2,1,1,2,2,2,1,2,1,1,2,2,3,2,3,1],"left_sample":[3,2,3,1,3,3,3,3,3,3,2,2,2,2,3,1,2,2,2,3],"right_sample":[2,3,2,1,3,1,3,1,1,3,3,1,3,2,1,1,2,1,2,1],"exact_match":[0,0,0,0,0,0,0,0,0,0,0,0,0,0,0,0,0,0,0,0],"RT":[[0,0,0,1889.1999999284744,0,0],[0,0,0,794,0,0],[0,0,0,539.6000000238419,0,0],[0,0,0,557.7999999523163,0,0],[0,0,0,530.3999999761581,0,0],[0,0,0,1329,0,0],[0,0,0,731.5,0,0],[0,0,0,1002.9000000953674,0,0],[0,0,0,696.9000000953674,0,0],[0,0,0,1042.2999999523163,0,0],[0,0,0,740.7999999523163,0,0],[0,0,0,821.3000000715256,0,0],[0,0,0,223.10000002384186,0,0],[0,0,0,509.3000000715256,0,0],[0,0,0,462.8000000715256,0,0],[0,0,0,1128.6000000238419,0,0],[0,0,0,472.09999990463257,0,0],[0,0,0,997.7000000476837,0,0],[0,0,0,750.3999999761581,0,0],[0,0,0,1072.7000000476837,0,0]],"response":[[0,0,0,1,0,0],[0,0,0,1,0,0],[0,0,0,1,0,0],[0,0,0,1,0,0],[0,0,0,1,0,0],[0,0,0,1,0,0],[0,0,0,1,0,0],[0,0,0,1,0,0],[0,0,0,1,0,0],[0,0,0,1,0,0],[0,0,0,1,0,0],[0,0,0,1,0,0],[0,0,0,1,0,0],[0,0,0,1,0,0],[0,0,0,1,0,0],[0,0,0,1,0,0],[0,0,0,1,0,0],[0,0,0,1,0,0],[0,0,0,1,0,0],[0,0,0,1,0,0]],"framerate":[28.775517112040273,28.829213604585643,28.550148956453963,28.76376988984088,28.521825397668664,28.884795712463998,28.901734105195203,28.846153846153847,28.32058906825262,29.040704594144252,28.607581008216915,28.494538546420053,28.637770897832816,28.881329824344657,28.662627843615063,28.781579787681103,28.805237315875612,28.565895226436073,28.897006705910826,28.572766874645755]}
