{"practice":[0,0,0,0,0,0,0,0,0,0,0,0,0,0,0,0,0,0,0,0],"center_interval":[100,75,0,75,0,0,25,100,75,25,25,25,50,25,75,0,50,50,100,0],"image_pair":[1,3,3,3,3,4,1,2,1,1,4,1,4,1,1,1,4,4,1,3],"feature_space":[1,2,2,1,2,2,1,2,1,2,2,2,1,2,1,2,2,1,1,1],"left_img":[1,2,2,1,1,2,1,2,2,2,1,2,1,1,2,1,1,1,2,1],"img1Sample":[3,3,2,2,1,2,3,1,1,2,1,2,2,2,1,1,1,1,2,2],"img2Sample":[1,3,1,2,2,2,3,1,1,2,2,2,1,2,1,2,3,3,1,2],"stim_time":[2000,2000,2000,2000,2000,2000,2000,2000,2000,2000,2000,2000,2000,2000,2000,2000,2000,2000,2000,2000],"key":[49,49,49,49,49,50,50,49,50,49,49,49,null,50,49,49,49,49,49,49],"correct":[false,true,false,false,true,true,false,true,false,false,true,false,null,false,true,true,true,true,true,true],"right_img":[2,1,1,2,2,1,2,1,1,1,2,1,2,2,1,2,2,2,1,2],"img_choice":[1,2,2,1,1,1,2,2,1,2,1,2,null,2,2,1,1,1,2,1],"center_sample":[2,3,3,2,3,2,2,3,3,2,2,1,3,1,2,2,3,2,3,3],"left_sample":[3,3,1,2,1,2,3,1,1,2,1,2,2,2,1,1,1,1,1,2],"right_sample":[1,3,2,2,2,2,3,1,1,2,2,2,1,2,1,2,3,3,2,2],"exact_match":[0,0,0,0,0,1,0,0,0,0,0,0,0,0,0,0,0,0,0,0],"RT":[[0,0,0,1150.7000000476837,0,0],[0,0,0,1006.5,0,0],[0,0,0,1215.1999999284744,0,0],[0,0,0,1133.2999999523163,0,0],[0,0,0,1072.4000000953674,0,0],[0,0,0,1437.2999999523163,0,0],[0,0,0,1749.7000000476837,0,0],[0,0,0,1346.2999999523163,0,0],[0,0,0,1843.7000000476837,0,0],[0,0,0,740.5,0,0],[0,0,0,1159.1000000238419,0,0],[0,0,0,2851.7000000476837,0,0],[0,0,0,0,0,0],[0,0,0,1004.8999999761581,0,0],[0,0,0,552.8999999761581,0,0],[0,0,0,939.7999999523163,0,0],[0,0,0,1205.7000000476837,0,0],[0,0,0,1301.1000000238419,0,0],[0,0,0,1331.5,0,0],[0,0,0,634.1000000238419,0,0]],"response":[[0,0,0,1,0,0],[0,0,0,1,0,0],[0,0,0,1,0,0],[0,0,0,1,0,0],[0,0,0,1,0,0],[0,0,0,1,0,0],[0,0,0,1,0,0],[0,0,0,1,0,0],[0,0,0,1,0,0],[0,0,0,1,0,0],[0,0,0,1,0,0],[0,0,0,1,0,0],[0,0,0,1,0,0],[0,0,0,1,0,0],[0,0,0,1,0,0],[0,0,0,1,0,0],[0,0,0,1,0,0],[0,0,0,1,0,0],[0,0,0,1,0,0],[0,0,0,1,0,0]],"framerate":[28.87537993920973,28.604419252277314,28.67525276195807,28.862951617101157,28.8058434709275,28.749175228417986,28.793299014197387,28.623659017819417,28.862805464249796,28.91877474297904,29.038937427053003,28.864092365337804,28.716927671544116,28.874422511369062,28.976079950122454,28.874937084608447,28.937061890044195,28.83380582073364,28.56525600645138,28.654124457308253]}
