{"practice":[0,0,0,0,0,0,0,0,0,0,0,0,0,0,0,0,0,0,0,0],"center_interval":[50,25,100,75,0,75,50,100,25,25,100,50,25,50,100,75,0,25,25,50],"image_pair":[3,3,3,1,4,3,3,3,4,2,2,1,4,1,2,1,4,1,1,2],"feature_space":[1,2,2,1,2,1,2,1,1,2,1,2,1,2,2,1,1,1,1,2],"left_img":[2,1,1,2,1,2,1,2,2,1,2,1,1,2,1,1,1,1,2,2],"img1Sample":[1,3,2,3,3,3,1,3,3,1,2,1,1,3,1,1,3,1,1,2],"img2Sample":[2,3,1,1,3,3,1,3,2,1,1,3,3,2,1,1,2,2,3,1],"stim_time":[250,250,250,250,250,250,250,250,250,250,250,250,250,250,250,250,250,250,250,250],"key":[49,50,49,50,49,49,49,49,49,50,49,49,49,50,50,49,50,49,49,50],"correct":[false,false,false,false,true,true,true,true,false,false,true,true,true,true,true,false,false,true,false,true],"right_img":[1,2,2,1,2,1,2,1,1,2,1,2,2,1,2,2,2,2,1,1],"img_choice":[2,2,1,1,1,2,1,2,2,2,2,1,1,1,2,1,2,1,2,1],"center_sample":[2,3,3,2,1,3,3,3,2,2,3,3,3,1,1,1,1,2,1,3],"left_sample":[2,3,2,1,3,3,1,3,2,1,1,1,1,2,1,1,3,1,3,1],"right_sample":[1,3,1,3,3,3,1,3,3,1,2,3,3,3,1,1,2,2,1,2],"exact_match":[0,0,0,0,0,0,0,1,0,0,0,0,0,0,1,0,0,0,0,0],"RT":[[0,0,0,194.60000002384186,0,0],[0,0,0,607.3000000715256,0,0],[0,0,0,876.8999999761581,0,0],[0,0,0,541.1000000238419,0,0],[0,0,0,817.7999999523163,0,0],[0,0,0,1095.5,0,0],[0,0,0,883,0,0],[0,0,0,503.60000002384186,0,0],[0,0,0,576.8999999761581,0,0],[0,0,0,686.2000000476837,0,0],[0,0,0,1346.8000000715256,0,0],[0,0,0,830.7999999523163,0,0],[0,0,0,668.3999999761581,0,0],[0,0,0,686.3999999761581,0,0],[0,0,0,1271.9000000953674,0,0],[0,0,0,749.8999999761581,0,0],[0,0,0,474.90000009536743,0,0],[0,0,0,421.5,0,0],[0,0,0,467,0,0],[0,0,0,617.5,0,0]],"response":[[0,0,0,1,0,0],[0,0,0,1,0,0],[0,0,0,1,0,0],[0,0,0,1,0,0],[0,0,0,1,0,0],[0,0,0,1,0,0],[0,0,0,1,0,0],[0,0,0,1,0,0],[0,0,0,1,0,0],[0,0,0,1,0,0],[0,0,0,1,0,0],[0,0,0,1,0,0],[0,0,0,1,0,0],[0,0,0,1,0,0],[0,0,0,1,0,0],[0,0,0,1,0,0],[0,0,0,1,0,0],[0,0,0,1,0,0],[0,0,0,1,0,0],[0,0,0,1,0,0]],"framerate":[28.733338654868753,28.808066257727962,28.748909081926907,28.69261476960568,28.757056130243498,28.98017388136112,28.577260665094236,28.604118992268017,28.860914952410194,28.664793900915463,28.526542086141735,28.721876497387974,28.87669650591972,28.481913984619766,28.66555427114606,28.842420545059433,28.31220642128884,28.499694647512015,28.75441118718395,28.610597841470906]}
