{"practice":[0,0,0,0,0,0,0,0,0,0,0,0,0,0,0,0,0,0,0,0],"center_interval":[75,75,0,100,75,100,0,50,0,100,75,100,100,75,100,25,100,0,50,75],"image_pair":[1,4,3,3,1,1,1,4,3,4,2,1,2,1,3,3,1,4,3,2],"feature_space":[1,2,1,2,1,2,2,1,1,1,1,2,2,1,1,1,1,1,2,1],"left_img":[2,2,1,1,2,1,1,1,2,2,2,2,2,1,2,1,2,1,1,1],"img1Sample":[2,1,3,3,2,2,2,1,2,2,1,1,2,2,2,3,3,1,1,2],"img2Sample":[2,1,3,3,2,1,3,3,1,2,3,2,3,1,2,2,1,2,1,1],"key":[50,50,49,49,49,50,49,49,49,49,50,49,50,49,50,50,50,49,50,49],"correct":[false,false,true,false,true,true,true,true,false,true,false,true,false,false,false,false,false,true,false,false],"right_img":[1,1,2,2,1,2,2,2,1,1,1,1,1,2,1,2,1,2,2,2],"img_choice":[1,1,1,1,2,2,1,1,2,2,1,2,1,1,1,2,1,1,2,1],"center_sample":[2,2,1,2,1,3,3,3,3,1,1,1,1,1,3,2,2,3,3,3],"left_sample":[2,1,3,3,2,2,2,1,1,2,3,2,3,2,2,3,1,1,1,2],"right_sample":[2,1,3,3,2,1,3,3,2,2,1,1,2,1,2,2,3,2,1,1],"RT":[[0,0,0,1036,0,0],[0,0,0,956,0,0],[0,0,0,900,0,0],[0,0,0,1053,0,0],[0,0,0,942,0,0],[0,0,0,986,0,0],[0,0,0,1280,0,0],[0,0,0,635,0,0],[0,0,0,846,0,0],[0,0,0,756,0,0],[0,0,0,936,0,0],[0,0,0,1318,0,0],[0,0,0,1040,0,0],[0,0,0,1076,0,0],[0,0,0,584,0,0],[0,0,0,1201,0,0],[0,0,0,951,0,0],[0,0,0,1628,0,0],[0,0,0,1113,0,0],[0,0,0,1661,0,0]],"response":[[0,0,0,1,0,0],[0,0,0,1,0,0],[0,0,0,1,0,0],[0,0,0,1,0,0],[0,0,0,1,0,0],[0,0,0,1,0,0],[0,0,0,1,0,0],[0,0,0,1,0,0],[0,0,0,1,0,0],[0,0,0,1,0,0],[0,0,0,1,0,0],[0,0,0,1,0,0],[0,0,0,1,0,0],[0,0,0,1,0,0],[0,0,0,1,0,0],[0,0,0,1,0,0],[0,0,0,1,0,0],[0,0,0,1,0,0],[0,0,0,1,0,0],[0,0,0,1,0,0]],"framerate":[30.44496487119438,30.39915411049432,28.51762173796072,30.193548387096776,29.5921087709944,30.152071316203465,29.56266796970437,30.558789289871946,30.91106290672451,30.030872859949483,30.400000000000002,30.56558363417569,30.437044745057236,30.721966205837177,31.699442324625767,30.017365418010417,29.349550502379692,30.17338437288899,30.249110320284693,30.655627657194007]}
