{"practice":[1,1,1,1,1],"center_interval":[50,25,100,100,75],"image_pair":[2,4,2,2,4],"feature_space":[1,1,1,2,2],"left_img":[2,2,2,2,1],"img1Sample":[3,1,1,1,3],"img2Sample":[2,2,3,1,3],"key":[49,50,49,49,49],"correct":[false,true,true,true,false],"right_img":[1,1,1,1,2],"img_choice":[2,1,2,2,1],"center_sample":[1,3,1,2,3],"left_sample":[2,2,3,1,3],"right_sample":[3,1,1,1,3],"RT":[[0,0,0,1309,0,0],[0,0,0,1792,0,0],[0,0,0,891,0,0],[0,0,0,900,0,0],[0,0,0,863,0,0]],"response":[[0,0,0,1,0,0],[0,0,0,1,0,0],[0,0,0,1,0,0],[0,0,0,1,0,0],[0,0,0,1,0,0]],"framerate":[27.294685990338163,29.482419742301815,28.2333960742135,29.008863819500405,28.78870179250407]}
