{"practice":[0,0,0,0,0,0,0,0,0,0,0,0,0,0,0,0,0,0,0,0],"center_interval":[75,25,100,50,100,25,25,0,25,75,25,25,100,0,50,50,0,100,25,75],"image_pair":[3,3,4,2,3,1,3,2,1,3,1,2,4,2,1,3,2,1,2,2],"feature_space":[1,1,1,1,2,2,1,1,2,2,1,1,1,1,2,2,2,2,2,1],"left_img":[1,1,1,1,2,1,1,1,2,2,2,2,2,1,2,2,1,1,2,1],"img1Sample":[2,3,1,3,3,3,2,1,3,2,3,3,1,1,3,3,2,3,1,1],"img2Sample":[3,3,3,2,3,1,1,3,2,3,1,1,1,3,1,2,2,3,3,3],"key":[50,49,50,50,50,50,49,49,49,49,49,null,49,50,49,50,49,50,50,49],"correct":[true,true,true,false,false,false,true,true,false,true,false,null,true,false,false,true,true,true,true,false],"right_img":[2,2,2,2,1,2,2,2,1,1,1,1,1,2,1,1,2,2,1,2],"img_choice":[2,1,2,2,1,2,1,1,2,2,2,null,2,2,2,1,1,2,1,1],"center_sample":[3,1,1,1,2,1,2,2,2,3,3,2,2,3,1,3,3,2,2,3],"left_sample":[2,3,1,3,3,3,2,1,2,3,1,1,1,1,1,2,2,3,3,1],"right_sample":[3,3,3,2,3,1,1,3,3,2,3,3,1,3,3,3,2,3,1,3],"RT":[[0,0,0,1143,0,0],[0,0,0,997,0,0],[0,0,0,1066,0,0],[0,0,0,1422,0,0],[0,0,0,1546,0,0],[0,0,0,1305,0,0],[0,0,0,1029,0,0],[0,0,0,1349,0,0],[0,0,0,1127,0,0],[0,0,0,1480,0,0],[0,0,0,1585,0,0],[0,0,0,0,0,0],[0,0,0,1142,0,0],[0,0,0,1649,0,0],[0,0,0,2146,0,0],[0,0,0,1641,0,0],[0,0,0,3393,0,0],[0,0,0,1796,0,0],[0,0,0,1024,0,0],[0,0,0,1766,0,0]],"response":[[0,0,0,1,0,0],[0,0,0,1,0,0],[0,0,0,1,0,0],[0,0,0,1,0,0],[0,0,0,1,0,0],[0,0,0,1,0,0],[0,0,0,1,0,0],[0,0,0,1,0,0],[0,0,0,1,0,0],[0,0,0,1,0,0],[0,0,0,1,0,0],[0,0,0,1,0,0],[0,0,0,1,0,0],[0,0,0,1,0,0],[0,0,0,1,0,0],[0,0,0,1,0,0],[0,0,0,1,0,0],[0,0,0,1,0,0],[0,0,0,1,0,0],[0,0,0,1,0,0]],"framerate":[29.730410682791636,29.62768746722601,30.193548387096776,28.94798776182631,29.714285714285715,29.56858943286476,28.891202498698593,29.581529581529583,30.47232097511427,29.906542056074766,29.959146618247846,28.3778601559504,31.076301162203134,28.194226896397403,29.583417186556648,30.214861235452105,28.938906752411576,30.4798962386511,30.44496487119438,29.610276507729154]}
