{"practice":[0,0,0,0,0,0,0,0,0,0,0,0,0,0,0,0,0,0,0,0],"center_interval":[50,25,25,25,75,75,100,0,50,0,0,0,75,0,50,25,25,0,75,25],"image_pair":[1,2,4,1,4,4,1,3,2,3,3,2,3,3,2,2,3,2,4,3],"feature_space":[1,2,2,2,1,1,1,1,1,1,2,1,1,2,1,2,1,2,1,2],"left_img":[1,1,2,1,1,2,1,1,2,2,1,2,2,1,1,1,1,2,1,2],"img1Sample":[1,2,2,1,2,1,1,1,2,2,2,2,1,1,3,3,1,1,1,1],"img2Sample":[1,3,1,1,2,1,2,2,1,3,3,2,3,2,3,1,2,3,2,2],"key":[50,null,49,49,null,50,50,49,49,50,49,49,49,49,49,49,49,49,49,49],"correct":[false,null,false,true,null,false,true,true,false,true,true,false,true,true,true,true,true,false,false,false],"right_img":[2,2,1,2,2,1,2,2,1,1,2,1,1,2,2,2,2,1,2,1],"img_choice":[2,null,2,1,null,1,2,1,2,1,1,2,2,1,1,1,1,2,1,2],"center_sample":[1,2,3,1,1,3,1,2,3,3,1,1,1,3,3,3,2,3,1,3],"left_sample":[1,2,1,1,2,1,1,1,1,3,2,2,3,1,3,3,1,3,1,2],"right_sample":[1,3,2,1,2,1,2,2,2,2,3,2,1,2,3,1,2,1,2,1],"RT":[[0,0,0,836,0,0],[0,0,0,0,0,0],[0,0,0,1799,0,0],[0,0,0,52,0,0],[0,0,0,0,0,0],[0,0,0,4528,0,0],[0,0,0,600,0,0],[0,0,0,944,0,0],[0,0,0,1137,0,0],[0,0,0,1107,0,0],[0,0,0,1198,0,0],[0,0,0,1167,0,0],[0,0,0,1713,0,0],[0,0,0,1410,0,0],[0,0,0,1222,0,0],[0,0,0,104,0,0],[0,0,0,4119,0,0],[0,0,0,3949,0,0],[0,0,0,1649,0,0],[0,0,0,890,0,0]],"response":[[0,0,0,1,0,0],[0,0,0,1,0,0],[0,0,0,1,0,0],[0,0,0,1,0,0],[0,0,0,1,0,0],[0,0,0,1,0,0],[0,0,0,1,0,0],[0,0,0,1,0,0],[0,0,0,1,0,0],[0,0,0,1,0,0],[0,0,0,1,0,0],[0,0,0,1,0,0],[0,0,0,1,0,0],[0,0,0,1,0,0],[0,0,0,1,0,0],[0,0,0,1,0,0],[0,0,0,1,0,0],[0,0,0,1,0,0],[0,0,0,1,0,0],[0,0,0,1,0,0]],"framerate":[30.095759233926128,27.83772119119551,3.41092244836763,21.96652719665272,18.60166773572803,18.852570188525704,22.40977881257276,21.169621593014025,22.0476431829701,22.65784114052953,20.590424212354254,21.624339954739753,20.67751869775627,20.543093270365997,21.42857142857143,22.789115646258505,20.42871529276363,20.81795363945076,22.108083966056274,22.39611440906638]}
