{"practice":[0,0,0,0,0,0,0,0,0,0,0,0,0,0,0,0,0,0,0,0],"center_interval":[100,50,25,100,25,50,75,25,50,75,100,0,25,50,100,75,75,75,0,75],"image_pair":[3,3,4,4,2,4,1,3,4,4,1,4,2,3,3,1,4,2,2,1],"feature_space":[1,2,2,1,2,1,1,2,2,1,2,2,1,2,1,2,1,2,2,1],"left_img":[2,2,1,2,1,2,1,1,1,2,2,1,2,1,2,2,2,2,2,2],"img1Sample":[1,1,3,3,3,2,1,2,2,2,3,1,1,2,2,3,3,2,1,2],"img2Sample":[3,3,2,3,3,3,1,1,1,3,3,2,1,3,1,1,3,2,2,2],"key":[49,50,49,50,50,49,50,49,50,49,50,49,49,50,50,50,50,50,49,50],"correct":[true,true,true,false,false,false,true,true,false,true,false,true,false,false,false,false,false,false,false,false],"right_img":[1,1,2,1,2,1,2,2,2,1,1,2,1,2,1,1,1,1,1,1],"img_choice":[2,1,1,1,2,2,2,1,2,2,1,1,2,2,1,1,1,1,2,1],"center_sample":[1,1,3,2,1,2,1,3,1,3,2,2,2,3,3,3,3,1,3,1],"left_sample":[3,3,3,3,3,3,1,2,2,3,3,1,1,2,1,1,3,2,2,2],"right_sample":[1,1,2,3,3,2,1,1,1,2,3,2,1,3,2,3,3,2,1,2],"RT":[[0,0,0,1169,0,0],[0,0,0,1193,0,0],[0,0,0,1008,0,0],[0,0,0,1156,0,0],[0,0,0,978,0,0],[0,0,0,923,0,0],[0,0,0,1095,0,0],[0,0,0,1403,0,0],[0,0,0,1022,0,0],[0,0,0,994,0,0],[0,0,0,1072,0,0],[0,0,0,877,0,0],[0,0,0,1143,0,0],[0,0,0,863,0,0],[0,0,0,1536,0,0],[0,0,0,1038,0,0],[0,0,0,1005,0,0],[0,0,0,978,0,0],[0,0,0,1070,0,0],[0,0,0,906,0,0]],"response":[[0,0,0,1,0,0],[0,0,0,1,0,0],[0,0,0,1,0,0],[0,0,0,1,0,0],[0,0,0,1,0,0],[0,0,0,1,0,0],[0,0,0,1,0,0],[0,0,0,1,0,0],[0,0,0,1,0,0],[0,0,0,1,0,0],[0,0,0,1,0,0],[0,0,0,1,0,0],[0,0,0,1,0,0],[0,0,0,1,0,0],[0,0,0,1,0,0],[0,0,0,1,0,0],[0,0,0,1,0,0],[0,0,0,1,0,0],[0,0,0,1,0,0],[0,0,0,1,0,0]],"framerate":[29.257314328582144,27.49312671832042,28.60141695093151,28.974552784076593,29.357312880190428,30.666666666666664,28.92244689019708,27.50118539592224,28.355879292403745,28.72812744841995,29.800466442083444,30.113944655453068,29.974811083123424,30.648223487930565,27.34375,29.48021722265322,29.89771833202203,29.08514013749339,29.943211151264844,30.050979339951702]}
