{"practice":[0,0,0,0,0,0,0,0,0,0,0,0,0,0,0,0,0,0,0,0],"center_interval":[25,100,0,25,75,0,0,100,100,25,0,50,50,25,25,100,50,100,0,75],"image_pair":[2,2,2,1,3,2,1,4,3,2,1,4,1,3,3,4,4,4,4,4],"feature_space":[2,1,2,1,1,2,2,2,2,1,1,1,1,2,2,2,1,1,2,2],"left_img":[1,2,2,1,2,1,1,2,1,1,2,1,1,2,2,1,2,2,1,2],"img1Sample":[3,2,3,3,2,3,3,1,2,1,1,3,3,2,3,1,1,1,2,2],"img2Sample":[1,2,1,2,3,2,2,2,1,3,1,3,2,3,3,2,1,1,2,2],"key":[50,50,49,50,50,50,49,49,50,49,49,50,49,50,50,50,49,49,50,50],"correct":[false,false,false,false,false,false,true,true,true,true,false,false,true,true,true,true,false,true,false,false],"right_img":[2,1,1,2,1,2,2,1,2,2,1,2,2,1,1,2,1,1,2,1],"img_choice":[2,1,2,2,1,2,1,2,2,1,2,2,1,1,1,2,2,2,2,1],"center_sample":[1,3,2,3,1,2,1,1,3,2,2,1,2,3,2,1,3,3,3,1],"left_sample":[3,2,1,3,3,3,3,2,2,1,1,3,3,3,3,1,1,1,2,2],"right_sample":[1,2,3,2,2,2,2,1,1,3,1,3,2,2,3,2,1,1,2,2],"RT":[[0,0,0,1242,0,0],[0,0,0,1396,0,0],[0,0,0,1508,0,0],[0,0,0,1242,0,0],[0,0,0,972,0,0],[0,0,0,1295,0,0],[0,0,0,1304,0,0],[0,0,0,1480,0,0],[0,0,0,1653,0,0],[0,0,0,1476,0,0],[0,0,0,1480,0,0],[0,0,0,2025,0,0],[0,0,0,2308,0,0],[0,0,0,1688,0,0],[0,0,0,1582,0,0],[0,0,0,1645,0,0],[0,0,0,1856,0,0],[0,0,0,1322,0,0],[0,0,0,1698,0,0],[0,0,0,2014,0,0]],"response":[[0,0,0,1,0,0],[0,0,0,1,0,0],[0,0,0,1,0,0],[0,0,0,1,0,0],[0,0,0,1,0,0],[0,0,0,1,0,0],[0,0,0,1,0,0],[0,0,0,1,0,0],[0,0,0,1,0,0],[0,0,0,1,0,0],[0,0,0,1,0,0],[0,0,0,1,0,0],[0,0,0,1,0,0],[0,0,0,1,0,0],[0,0,0,1,0,0],[0,0,0,1,0,0],[0,0,0,1,0,0],[0,0,0,1,0,0],[0,0,0,1,0,0],[0,0,0,1,0,0]],"framerate":[59.940799210656145,59.985717686265176,59.92596020360944,59.95558845299778,49.960348929421095,59.9123234291281,59.98536942209217,59.962669155389634,59.955257270693515,59.94868206204805,59.94868206204805,59.954517262766174,59.94922866627612,59.986669628971335,59.936189608021884,59.95957781271053,59.97001499250374,59.932334461092324,59.96002664890074,59.9585062240664]}
