{"practice":[0,0,0,0,0,0,0,0,0,0,0,0,0,0,0,0,0,0,0,0],"center_interval":[25,0,0,25,50,75,25,0,0,25,75,75,0,25,100,0,25,25,100,75],"image_pair":[3,4,4,2,4,2,4,1,1,3,2,3,1,4,3,1,2,3,2,2],"feature_space":[2,2,2,2,2,1,2,2,2,2,1,1,1,1,1,1,2,2,1,2],"left_img":[2,2,2,1,1,2,1,1,1,1,2,1,2,2,2,1,2,1,1,2],"img1Sample":[2,3,2,3,3,2,1,3,3,2,1,3,1,3,2,3,1,1,3,2],"img2Sample":[3,3,3,3,3,1,2,3,3,2,1,2,2,2,3,1,1,1,2,3],"key":[50,50,50,50,49,50,49,49,49,49,49,49,49,50,50,50,50,49,49,49],"correct":[true,true,true,false,true,false,true,true,true,true,true,false,false,true,false,false,true,true,false,true],"right_img":[1,1,1,2,2,1,2,2,2,2,1,2,1,1,1,2,1,2,2,1],"img_choice":[1,1,1,2,1,1,1,1,1,1,2,1,2,1,1,2,1,1,1,2],"center_sample":[3,1,3,3,2,2,1,1,1,1,1,2,3,1,2,1,1,3,3,2],"left_sample":[3,3,3,3,3,1,1,3,3,2,1,3,2,2,3,3,1,1,3,3],"right_sample":[2,3,2,3,3,2,2,3,3,2,1,2,1,3,2,1,1,1,2,2],"RT":[[0,0,0,1523,0,0],[0,0,0,2104,0,0],[0,0,0,1985,0,0],[0,0,0,1956,0,0],[0,0,0,1990,0,0],[0,0,0,1450,0,0],[0,0,0,1874,0,0],[0,0,0,2510,0,0],[0,0,0,2172,0,0],[0,0,0,1507,0,0],[0,0,0,1411,0,0],[0,0,0,1824,0,0],[0,0,0,1490,0,0],[0,0,0,2088,0,0],[0,0,0,1773,0,0],[0,0,0,1918,0,0],[0,0,0,1925,0,0],[0,0,0,1742,0,0],[0,0,0,1469,0,0],[0,0,0,2136,0,0]],"response":[[0,0,0,1,0,0],[0,0,0,1,0,0],[0,0,0,1,0,0],[0,0,0,1,0,0],[0,0,0,1,0,0],[0,0,0,1,0,0],[0,0,0,1,0,0],[0,0,0,1,0,0],[0,0,0,1,0,0],[0,0,0,1,0,0],[0,0,0,1,0,0],[0,0,0,1,0,0],[0,0,0,1,0,0],[0,0,0,1,0,0],[0,0,0,1,0,0],[0,0,0,1,0,0],[0,0,0,1,0,0],[0,0,0,1,0,0],[0,0,0,1,0,0],[0,0,0,1,0,0]],"framerate":[56.02951348858658,59.95934959349593,59.95404219761854,59.970643740826176,59.9250936329588,59.95767693392899,59.94027303754266,59.962406015037594,59.967910148415555,59.967585089141,59.952606635071085,59.9525555315937,59.972105997210605,59.95106035889069,59.95203836930456,59.96621621621622,59.92825490609833,59.986816084377054,54.56674473067916,59.94329688132848]}
