{"practice":[0,0,0,0,0,0,0,0,0,0,0,0,0,0,0,0,0,0,0,0],"center_interval":[75,100,25,0,100,50,50,100,50,50,50,75,50,50,75,0,50,75,0,50],"image_pair":[3,4,4,3,3,2,4,1,1,4,1,4,1,1,2,1,1,2,3,2],"feature_space":[2,1,2,2,2,1,1,1,2,1,1,2,2,2,2,2,1,2,2,2],"left_img":[1,2,1,1,2,1,1,1,2,2,2,2,2,1,1,2,2,2,2,1],"img1Sample":[2,1,1,3,3,2,2,3,2,3,3,1,2,3,1,2,2,2,1,2],"img2Sample":[2,1,1,1,3,1,2,1,1,2,3,3,2,2,1,2,1,2,2,3],"key":[50,49,49,49,49,50,49,50,50,50,49,49,49,49,49,49,49,50,50,50],"correct":[true,true,true,true,true,false,true,true,true,true,false,true,false,true,false,false,false,false,true,false],"right_img":[2,1,2,2,1,2,2,2,1,1,1,1,1,2,2,1,1,1,1,2],"img_choice":[2,2,1,1,2,2,1,2,1,1,2,2,2,1,1,2,2,1,1,2],"center_sample":[3,2,1,1,1,1,1,2,3,2,1,1,1,2,1,3,3,1,3,2],"left_sample":[2,1,1,3,3,2,2,3,1,2,3,3,2,3,1,2,1,2,2,2],"right_sample":[2,1,1,1,3,1,2,1,2,3,3,1,2,2,1,2,2,2,1,3],"RT":[[0,0,0,4008,0,0],[0,0,0,1555,0,0],[0,0,0,3739,0,0],[0,0,0,2960,0,0],[0,0,0,2290,0,0],[0,0,0,3071,0,0],[0,0,0,3558,0,0],[0,0,0,3716,0,0],[0,0,0,1994,0,0],[0,0,0,2538,0,0],[0,0,0,2378,0,0],[0,0,0,1578,0,0],[0,0,0,1458,0,0],[0,0,0,2595,0,0],[0,0,0,4681,0,0],[0,0,0,3824,0,0],[0,0,0,2147,0,0],[0,0,0,2459,0,0],[0,0,0,2503,0,0],[0,0,0,2717,0,0]],"response":[[0,0,0,1,0,0],[0,0,0,1,0,0],[0,0,0,1,0,0],[0,0,0,1,0,0],[0,0,0,1,0,0],[0,0,0,1,0,0],[0,0,0,1,0,0],[0,0,0,1,0,0],[0,0,0,1,0,0],[0,0,0,1,0,0],[0,0,0,1,0,0],[0,0,0,1,0,0],[0,0,0,1,0,0],[0,0,0,1,0,0],[0,0,0,1,0,0],[0,0,0,1,0,0],[0,0,0,1,0,0],[0,0,0,1,0,0],[0,0,0,1,0,0],[0,0,0,1,0,0]],"framerate":[59.95309293462328,59.96795605401693,59.80167810831426,59.95494714954081,59.929494712103406,59.96262952267709,59.96860282574568,59.9509352959215,56.827643630308074,59.95877833989132,59.77632086386424,59.936189608021884,59.4847775175644,59.96668517490283,59.946595460614155,59.975889089813144,59.927360774818396,59.97342949326248,59.95475113122172,59.952907082050345]}
