{"practice":[0,0,0,0,0,0,0,0,0,0,0,0,0,0,0,0,0,0,0,0],"center_interval":[50,75,50,25,50,25,100,75,25,100,50,75,75,0,0,75,25,100,100,0],"image_pair":[2,1,1,4,1,1,2,2,3,3,4,3,3,4,3,4,1,3,2,3],"feature_space":[1,2,1,1,2,1,2,2,1,1,1,1,1,1,2,1,1,1,1,2],"left_img":[1,2,2,1,1,1,1,1,1,1,2,1,2,2,2,1,2,1,1,1],"img1Sample":[2,2,1,3,1,2,3,1,1,1,3,2,3,3,3,3,3,3,2,1],"img2Sample":[2,3,3,1,3,2,2,2,1,1,1,2,3,2,3,3,3,1,3,3],"key":[49,49,49,49,49,50,50,50,50,50,50,49,49,50,50,49,50,50,50,49],"correct":[true,true,false,true,true,false,true,true,false,true,true,false,true,true,true,false,true,true,true,true],"right_img":[2,1,1,2,2,2,2,2,2,2,1,2,1,1,1,2,1,2,2,2],"img_choice":[1,2,2,1,1,2,2,2,2,2,1,1,2,1,1,1,1,2,2,1],"center_sample":[3,2,2,3,1,1,1,3,2,2,3,2,1,2,1,3,2,3,1,2],"left_sample":[2,3,3,3,1,2,3,1,1,1,1,2,3,2,3,3,3,3,2,1],"right_sample":[2,2,1,1,3,2,2,2,1,1,3,2,3,3,3,3,3,1,3,3],"RT":[[0,0,0,1347,0,0],[0,0,0,1205,0,0],[0,0,0,941,0,0],[0,0,0,1478,0,0],[0,0,0,1088,0,0],[0,0,0,1306,0,0],[0,0,0,1688,0,0],[0,0,0,1154,0,0],[0,0,0,1221,0,0],[0,0,0,1120,0,0],[0,0,0,1336,0,0],[0,0,0,860,0,0],[0,0,0,1159,0,0],[0,0,0,1358,0,0],[0,0,0,1474,0,0],[0,0,0,1376,0,0],[0,0,0,1206,0,0],[0,0,0,1706,0,0],[0,0,0,1117,0,0],[0,0,0,1030,0,0]],"response":[[0,0,0,1,0,0],[0,0,0,1,0,0],[0,0,0,1,0,0],[0,0,0,1,0,0],[0,0,0,1,0,0],[0,0,0,1,0,0],[0,0,0,1,0,0],[0,0,0,1,0,0],[0,0,0,1,0,0],[0,0,0,1,0,0],[0,0,0,1,0,0],[0,0,0,1,0,0],[0,0,0,1,0,0],[0,0,0,1,0,0],[0,0,0,1,0,0],[0,0,0,1,0,0],[0,0,0,1,0,0],[0,0,0,1,0,0],[0,0,0,1,0,0],[0,0,0,1,0,0]],"framerate":[59.94222436206066,59.950248756218905,59.9680170575693,59.97666277712952,58.6577868852459,59.95145631067961,59.94671403197159,56.42317380352645,59.46481665014866,59.95934959349593,59.96131528046422,59.945504087193456,59.20886873267826,59.93766482857828,59.94868206204805,59.96177735308169,59.93533946779408,59.982293050022136,59.93369038510584,59.97392438070404]}
