{"practice":[0,0,0,0,0,0,0,0,0,0,0,0,0,0,0,0,0,0,0,0],"center_interval":[100,50,0,75,25,75,50,25,25,75,25,75,100,25,100,100,100,0,25,50],"image_pair":[1,4,3,3,4,4,3,2,3,1,3,4,1,2,3,4,2,4,3,2],"feature_space":[1,2,2,1,2,2,1,1,1,1,2,1,2,1,2,1,2,1,1,2],"left_img":[1,2,1,2,2,1,2,1,1,2,1,2,2,1,2,1,2,2,1,2],"img1Sample":[2,3,1,1,3,1,3,2,3,2,2,2,2,2,2,3,1,3,3,2],"img2Sample":[1,1,2,3,2,3,2,3,2,1,3,2,2,1,2,1,1,2,1,1],"key":[49,49,49,50,49,50,50,49,49,49,49,50,50,49,50,50,50,50,50,49],"correct":[false,false,true,false,false,true,true,true,true,true,true,false,false,true,false,true,false,true,false,false],"right_img":[2,1,2,1,1,2,1,2,2,1,2,1,1,2,1,2,1,1,2,1],"img_choice":[1,2,1,1,2,2,1,1,1,2,1,1,1,1,1,2,1,1,2,2],"center_sample":[2,1,2,3,3,3,1,1,1,3,2,3,3,2,1,2,2,1,2,3],"left_sample":[2,1,1,3,2,1,2,2,3,1,2,2,2,2,2,3,1,2,3,1],"right_sample":[1,3,2,1,3,3,3,3,2,2,3,2,2,1,2,1,1,3,1,2],"RT":[[0,0,0,1252,0,0],[0,0,0,1119,0,0],[0,0,0,1377,0,0],[0,0,0,1176,0,0],[0,0,0,1298,0,0],[0,0,0,1079,0,0],[0,0,0,1134,0,0],[0,0,0,1062,0,0],[0,0,0,972,0,0],[0,0,0,985,0,0],[0,0,0,1303,0,0],[0,0,0,1038,0,0],[0,0,0,1340,0,0],[0,0,0,1222,0,0],[0,0,0,1343,0,0],[0,0,0,1262,0,0],[0,0,0,1323,0,0],[0,0,0,1343,0,0],[0,0,0,1171,0,0],[0,0,0,1489,0,0]],"response":[[0,0,0,1,0,0],[0,0,0,1,0,0],[0,0,0,1,0,0],[0,0,0,1,0,0],[0,0,0,1,0,0],[0,0,0,1,0,0],[0,0,0,1,0,0],[0,0,0,1,0,0],[0,0,0,1,0,0],[0,0,0,1,0,0],[0,0,0,1,0,0],[0,0,0,1,0,0],[0,0,0,1,0,0],[0,0,0,1,0,0],[0,0,0,1,0,0],[0,0,0,1,0,0],[0,0,0,1,0,0],[0,0,0,1,0,0],[0,0,0,1,0,0],[0,0,0,1,0,0]],"framerate":[59.965593511919394,59.944119888239776,59.96177735308169,59.81402362402614,60.111949379411044,55.55555555555556,59.95934959349593,59.97931747673216,59.94190652231318,59.95266894556928,59.96601116775917,59.67825635703166,59.95665783770768,59.945504087193456,59.97109826589595,59.95085995085995,59.9758162031439,59.95665783770768,59.929789368104316,59.972105997210605]}
