{"practice":[0,0,0,0,0,0,0,0,0,0,0,0,0,0,0,0,0,0,0,0],"center_interval":[100,50,25,100,50,100,75,100,0,100,25,100,50,0,75,50,25,25,0,0],"image_pair":[3,2,2,2,4,4,2,1,1,4,1,1,2,4,4,1,2,2,4,4],"feature_space":[2,2,1,1,1,1,1,1,2,1,2,1,2,1,2,2,2,1,2,2],"left_img":[2,2,2,2,1,1,2,1,1,1,1,1,2,2,1,2,1,2,1,2],"img1Sample":[3,2,1,2,3,1,3,3,2,1,2,3,1,2,1,3,1,2,1,2],"img2Sample":[2,3,1,1,1,2,1,3,2,3,2,1,1,1,3,3,2,2,1,2],"stim_time":[250,250,250,250,250,250,250,250,250,250,250,250,250,250,250,250,250,250,250,250],"key":[50,50,50,50,49,50,50,50,49,49,50,49,50,50,50,50,50,49,50,50],"correct":[false,true,true,false,true,true,false,true,true,false,false,false,true,true,true,true,false,false,false,true],"right_img":[1,1,1,1,2,2,1,2,2,2,2,2,1,1,2,1,2,1,2,1],"img_choice":[1,1,1,1,1,2,1,2,1,1,2,1,1,1,2,1,2,2,2,1],"center_sample":[1,2,3,3,3,1,1,1,2,1,1,2,2,3,1,3,2,2,3,1],"left_sample":[2,3,1,1,3,1,1,3,2,1,2,3,1,1,1,3,1,2,1,2],"right_sample":[3,2,1,2,1,2,3,3,2,3,2,1,1,2,3,3,2,2,1,2],"exact_match":[0,0,0,0,0,0,0,0,1,0,0,0,0,0,0,0,0,0,0,0],"RT":[[0,0,0,33.80000000447035,0,0],[0,0,0,34.69999999552965,0,0],[0,0,0,187.10000000149012,0,0],[0,0,0,175.20000000298023,0,0],[0,0,0,35.899999998509884,0,0],[0,0,0,168.09999999403954,0,0],[0,0,0,37.20000000298023,0,0],[0,0,0,194.70000000298023,0,0],[0,0,0,39.899999998509884,0,0],[0,0,0,169.29999999701977,0,0],[0,0,0,62.20000000298023,0,0],[0,0,0,71.10000000149012,0,0],[0,0,0,138.09999999403954,0,0],[0,0,0,93.90000000596046,0,0],[0,0,0,36.900000005960464,0,0],[0,0,0,310.69999999552965,0,0],[0,0,0,38.5,0,0],[0,0,0,184.5,0,0],[0,0,0,167.39999999850988,0,0],[0,0,0,182.90000000596046,0,0]],"response":[[0,0,0,1,0,0],[0,0,0,1,0,0],[0,0,0,1,0,0],[0,0,0,1,0,0],[0,0,0,1,0,0],[0,0,0,1,0,0],[0,0,0,1,0,0],[0,0,0,1,0,0],[0,0,0,1,0,0],[0,0,0,1,0,0],[0,0,0,1,0,0],[0,0,0,1,0,0],[0,0,0,1,0,0],[0,0,0,1,0,0],[0,0,0,1,0,0],[0,0,0,1,0,0],[0,0,0,1,0,0],[0,0,0,1,0,0],[0,0,0,1,0,0],[0,0,0,1,0,0]],"framerate":[17.253904831046658,18.414510634354627,17.87600552537573,16.913659793794135,18.694916763158297,15.555919436636058,17.801513128615934,15.863738832822005,16.95346274472279,14.495087775844096,13.42882721575649,28.277634961439585,37.40026595735417,35.445281346920694,18.980477223452894,16.58255227108868,19.812680115300363,16.31321370309951,16.93958215693274,16.538037486257117]}
