{"practice":[0,0,0,0,0,0,0,0,0,0,0,0,0,0,0,0,0,0,0,0],"center_interval":[100,0,75,25,75,50,75,75,100,50,50,25,50,75,100,75,0,25,25,0],"image_pair":[2,2,1,1,1,2,2,3,2,2,1,2,3,3,4,4,2,1,1,3],"feature_space":[2,1,1,1,1,2,1,1,1,2,1,1,1,1,2,1,2,2,2,1],"left_img":[1,2,2,2,2,1,1,1,1,1,1,1,2,1,2,2,1,1,1,1],"img1Sample":[3,3,1,2,3,3,1,1,3,1,2,2,2,3,1,3,2,3,3,2],"img2Sample":[1,3,3,2,2,2,2,2,2,2,2,3,3,1,2,2,2,3,1,2],"stim_time":[250,250,250,250,250,250,250,250,250,250,250,250,250,250,250,250,250,250,250,250],"key":[49,50,50,49,50,49,49,50,50,49,49,49,49,49,49,49,null,49,50,49],"correct":[false,true,false,false,false,true,false,true,true,true,true,true,false,false,true,true,null,true,false,true],"right_img":[2,1,1,1,1,2,2,2,2,2,2,2,1,2,1,1,2,2,2,2],"img_choice":[1,1,1,2,1,1,1,2,2,1,1,1,2,1,2,2,null,1,2,1],"center_sample":[2,1,2,3,3,3,2,3,3,1,3,2,2,2,3,1,3,1,1,3],"left_sample":[3,3,3,2,2,3,1,1,3,1,2,2,3,3,2,2,2,3,3,2],"right_sample":[1,3,1,2,3,2,2,2,2,2,2,3,2,1,1,3,2,3,1,2],"exact_match":[0,0,0,0,0,0,0,0,0,0,0,0,0,0,0,0,0,0,0,0],"RT":[[0,0,0,350.29999999701977,0,0],[0,0,0,530.1000000014901,0,0],[0,0,0,449.8999999985099,0,0],[0,0,0,174.90000000596046,0,0],[0,0,0,466.30000000447035,0,0],[0,0,0,567.2999999970198,0,0],[0,0,0,477.79999999701977,0,0],[0,0,0,492.90000000596046,0,0],[0,0,0,414.8999999985099,0,0],[0,0,0,405.8999999985099,0,0],[0,0,0,140.20000000298023,0,0],[0,0,0,258.5,0,0],[0,0,0,427.19999999552965,0,0],[0,0,0,441.30000000447035,0,0],[0,0,0,728.3999999985099,0,0],[0,0,0,1924,0,0],[0,0,0,0,0,0],[0,0,0,3319.6999999955297,0,0],[0,0,0,580.5999999940395,0,0],[0,0,0,197.29999999701977,0,0]],"response":[[0,0,0,1,0,0],[0,0,0,1,0,0],[0,0,0,1,0,0],[0,0,0,1,0,0],[0,0,0,1,0,0],[0,0,0,1,0,0],[0,0,0,1,0,0],[0,0,0,1,0,0],[0,0,0,1,0,0],[0,0,0,1,0,0],[0,0,0,1,0,0],[0,0,0,1,0,0],[0,0,0,1,0,0],[0,0,0,1,0,0],[0,0,0,1,0,0],[0,0,0,1,0,0],[0,0,0,1,0,0],[0,0,0,1,0,0],[0,0,0,1,0,0],[0,0,0,1,0,0]],"framerate":[31.290001422372264,13.764624913932597,15.246934040437521,17.528483786131687,15.962753574991686,14.029522996230881,16.2813415825464,15.14482236389708,16.304347826086957,22.057349107658,34.74232773600114,35.85049580472921,23.9283516783542,14.963242469571078,13.342969922755127,11.315228966969322,8.746740601381825,17.10025308375145,14.337774060589858,17.699115044247787]}
