{"practice":[1,1,1,1,1],"center_interval":[25,0,0,75,50],"image_pair":[3,2,1,1,2],"feature_space":[1,1,1,2,2],"left_img":[1,2,1,2,1],"img1Sample":[2,1,1,3,2],"img2Sample":[1,1,2,2,3],"stim_time":[2000,2000,2000,2000,2000],"key":[49,50,50,49,50],"correct":[true,true,false,true,false],"right_img":[2,1,2,1,2],"img_choice":[1,1,2,2,2],"center_sample":[2,2,3,2,3],"left_sample":[2,1,1,2,2],"right_sample":[1,1,2,3,3],"exact_match":[0,0,0,0,0],"RT":[[0,0,0,2437.5,0,0],[0,0,0,962.5,0,0],[0,0,0,204.5,0,0],[0,0,0,254.60000000149012,0,0],[0,0,0,360.30000000447035,0,0]],"response":[[0,0,0,1,0,0],[0,0,0,1,0,0],[0,0,0,1,0,0],[0,0,0,1,0,0],[0,0,0,1,0,0]],"framerate":[21.253374691269844,15.87763634920841,13.538502179341998,22.92171105730428,41.73253240594373]}
