{"practice":[0,0,0,0,0,0,0,0,0,0,0,0,0,0,0,0,0,0,0,0],"center_interval":[50,25,25,25,50,50,25,75,50,50,0,25,75,100,0,50,0,75,50,75],"image_pair":[4,1,2,2,4,4,2,1,4,1,2,4,3,3,4,1,2,2,1,3],"feature_space":[2,1,1,1,2,1,2,1,1,2,2,2,1,1,1,2,1,2,2,1],"left_img":[1,1,2,2,1,1,1,2,2,1,1,1,2,2,1,2,2,2,1,1],"img1Sample":[3,2,1,2,2,3,1,1,2,2,2,1,3,1,3,1,1,2,2,1],"img2Sample":[3,3,3,2,3,2,2,1,1,2,2,3,3,3,3,2,2,3,1,2],"stim_time":[2000,2000,2000,2000,2000,2000,2000,2000,2000,2000,2000,2000,2000,2000,2000,2000,2000,2000,2000,2000],"key":[49,49,49,50,49,50,49,49,49,49,50,49,32,49,49,49,50,50,49,49],"correct":[true,true,false,true,true,false,true,true,false,true,false,true,null,true,true,false,true,false,true,false],"right_img":[2,2,1,1,2,2,2,1,1,2,2,2,1,1,2,1,1,1,2,2],"img_choice":[1,1,2,1,1,2,1,2,2,1,2,1,null,2,1,2,1,1,1,1],"center_sample":[1,2,1,1,2,1,3,2,1,2,2,3,2,2,1,1,2,2,1,3],"left_sample":[3,2,3,2,2,3,1,1,1,2,2,1,3,3,3,2,2,3,2,1],"right_sample":[3,3,1,2,3,2,2,1,2,2,2,3,3,1,3,1,1,2,1,2],"exact_match":[0,0,0,0,0,0,0,0,0,0,1,0,0,0,0,0,0,0,0,0],"RT":[[0,0,0,263.19999999552965,0,0],[0,0,0,602.1999999955297,0,0],[0,0,0,2157.60000000149,0,0],[0,0,0,36.30000000447035,0,0],[0,0,0,469.8999999985099,0,0],[0,0,0,361.29999999701977,0,0],[0,0,0,378.29999999701977,0,0],[0,0,0,628.8000000044703,0,0],[0,0,0,462.1000000014901,0,0],[0,0,0,863.2000000029802,0,0],[0,0,0,281.69999999552965,0,0],[0,0,0,696.2000000029802,0,0],[0,0,0,1772.4000000059605,0,0],[0,0,0,419.1000000014901,0,0],[0,0,0,273.79999999701977,0,0],[0,0,0,434.6000000014901,0,0],[0,0,0,317.5,0,0],[0,0,0,1079.3999999985099,0,0],[0,0,0,364.3999999985099,0,0],[0,0,0,716.2999999970198,0,0]],"response":[[0,0,0,1,0,0],[0,0,0,1,0,0],[0,0,0,1,0,0],[0,0,0,1,0,0],[0,0,0,1,0,0],[0,0,0,1,0,0],[0,0,0,1,0,0],[0,0,0,1,0,0],[0,0,0,1,0,0],[0,0,0,1,0,0],[0,0,0,1,0,0],[0,0,0,1,0,0],[0,0,0,1,0,0],[0,0,0,1,0,0],[0,0,0,1,0,0],[0,0,0,1,0,0],[0,0,0,1,0,0],[0,0,0,1,0,0],[0,0,0,1,0,0],[0,0,0,1,0,0]],"framerate":[34.794484911601046,19.691403379867744,9.83165793856511,12.115757407901494,13.180480627764725,25.58662006991895,17.58738733079168,13.412859222048462,13.105361006973414,12.231252208415585,24.181847493148478,24.343592418751843,10.80517631505147,14.824423237290246,22.148038775074784,23.10536044362292,12.737230926002733,13.09673608792288,12.799300721143242,17.746478873239436]}
