{"practice":[0,0,0,0,0,0,0,0,0,0,0,0,0,0,0,0,0,0,0,0],"center_interval":[25,75,50,100,25,75,0,0,75,100,100,100,0,50,75,0,100,75,50,25],"image_pair":[3,3,3,1,4,3,3,1,1,2,3,1,3,3,1,2,3,4,4,4],"feature_space":[1,2,1,2,1,1,1,2,1,2,2,1,1,1,1,2,1,1,2,2],"left_img":[1,2,2,2,2,2,1,1,2,2,2,1,2,1,2,2,1,2,1,1],"img1Sample":[2,3,2,3,1,1,1,1,2,1,2,3,2,1,2,1,2,3,2,3],"img2Sample":[1,3,2,1,3,2,1,2,2,1,3,3,1,3,2,1,1,2,2,3],"key":[49,50,50,49,50,50,50,49,49,49,49,50,49,49,49,50,50,50,50,49],"correct":[true,false,true,true,true,false,false,true,true,true,true,true,false,true,true,true,true,false,false,true],"right_img":[2,1,1,1,1,1,2,2,1,1,1,2,1,2,1,1,2,1,2,2],"img_choice":[1,1,1,2,1,1,2,1,2,2,2,2,2,1,2,1,2,1,2,1],"center_sample":[2,3,1,2,3,3,3,3,3,3,2,2,1,3,2,3,2,3,3,2],"left_sample":[2,3,2,1,3,2,1,1,2,1,3,3,1,1,2,1,2,2,2,3],"right_sample":[1,3,2,3,1,1,1,2,2,1,2,3,2,3,2,1,1,3,2,3],"RT":[[0,0,0,1419.199999999255,0,0],[0,0,0,1190.6000000014901,0,0],[0,0,0,1033.5,0,0],[0,0,0,1693.1000000014901,0,0],[0,0,0,1347.5,0,0],[0,0,0,960.3000000007451,0,0],[0,0,0,1071.9000000022352,0,0],[0,0,0,911.5,0,0],[0,0,0,1144,0,0],[0,0,0,966.9000000022352,0,0],[0,0,0,2603.89999999851,0,0],[0,0,0,3172.5,0,0],[0,0,0,1082.199999999255,0,0],[0,0,0,1924.0999999977648,0,0],[0,0,0,975.5999999977648,0,0],[0,0,0,1364.800000000745,0,0],[0,0,0,1810.3999999985099,0,0],[0,0,0,875.6000000014901,0,0],[0,0,0,901.8000000007451,0,0],[0,0,0,590.8000000007451,0,0]],"response":[[0,0,0,1,0,0],[0,0,0,1,0,0],[0,0,0,1,0,0],[0,0,0,1,0,0],[0,0,0,1,0,0],[0,0,0,1,0,0],[0,0,0,1,0,0],[0,0,0,1,0,0],[0,0,0,1,0,0],[0,0,0,1,0,0],[0,0,0,1,0,0],[0,0,0,1,0,0],[0,0,0,1,0,0],[0,0,0,1,0,0],[0,0,0,1,0,0],[0,0,0,1,0,0],[0,0,0,1,0,0],[0,0,0,1,0,0],[0,0,0,1,0,0],[0,0,0,1,0,0]],"framerate":[59.812288706557204,59.83077154161461,59.81327854782603,59.80834648821499,59.8097617217632,57.9648488393391,59.812313086510116,59.81920115885328,59.804368759830865,59.832680292291805,59.80507974008987,59.81320902877975,59.83871796187668,59.80937083924267,59.810511829813606,59.821492665863666,59.816648967276585,59.810238425408,59.807645680073904,59.822007426206504]}
