{"practice":[0,0,0,0,0,0,0,0,0,0,0,0,0,0,0,0,0,0,0,0],"center_interval":[75,100,25,0,100,25,50,100,25,100,100,0,75,100,100,75,100,50,25,75],"image_pair":[4,3,3,2,3,4,4,4,1,4,3,4,2,4,2,2,4,3,3,2],"feature_space":[2,1,1,1,1,1,2,2,2,1,1,1,2,1,1,1,2,1,1,2],"left_img":[1,1,1,2,2,1,1,1,2,2,2,2,2,1,2,1,1,2,1,2],"img1Sample":[2,2,2,2,3,3,2,3,1,2,2,2,2,3,2,3,1,3,2,2],"img2Sample":[2,3,3,2,3,3,2,3,1,2,3,1,1,2,1,1,1,2,2,2],"key":[49,49,50,49,50,49,50,49,50,49,50,49,50,50,49,50,49,50,49,49],"correct":[false,false,false,false,false,true,false,false,true,true,false,false,false,true,true,true,false,true,true,true],"right_img":[2,2,2,1,1,2,2,2,1,1,1,1,1,2,1,2,2,1,2,1],"img_choice":[1,1,2,2,1,1,2,1,1,2,1,2,1,2,2,2,1,1,1,2],"center_sample":[3,1,1,1,2,1,1,2,1,1,1,3,3,1,3,3,2,3,3,2],"left_sample":[2,2,2,2,3,3,2,3,1,2,3,1,1,3,1,3,1,2,2,2],"right_sample":[2,3,3,2,3,3,2,3,1,2,2,2,2,2,2,1,1,3,2,2],"RT":[[0,0,0,586.8000000007451,0,0],[0,0,0,760.3999999985099,0,0],[0,0,0,1343.4000000022352,0,0],[0,0,0,612.5,0,0],[0,0,0,897.5,0,0],[0,0,0,1409.800000000745,0,0],[0,0,0,1206.5999999977648,0,0],[0,0,0,1497.5999999977648,0,0],[0,0,0,911.8000000007451,0,0],[0,0,0,936.5,0,0],[0,0,0,1535,0,0],[0,0,0,923.3000000007451,0,0],[0,0,0,803.1999999992549,0,0],[0,0,0,808.5,0,0],[0,0,0,870.1999999992549,0,0],[0,0,0,2560.400000002235,0,0],[0,0,0,1408.5,0,0],[0,0,0,1451.8999999985099,0,0],[0,0,0,741.6999999992549,0,0],[0,0,0,1315.9000000022352,0,0]],"response":[[0,0,0,1,0,0],[0,0,0,1,0,0],[0,0,0,1,0,0],[0,0,0,1,0,0],[0,0,0,1,0,0],[0,0,0,1,0,0],[0,0,0,1,0,0],[0,0,0,1,0,0],[0,0,0,1,0,0],[0,0,0,1,0,0],[0,0,0,1,0,0],[0,0,0,1,0,0],[0,0,0,1,0,0],[0,0,0,1,0,0],[0,0,0,1,0,0],[0,0,0,1,0,0],[0,0,0,1,0,0],[0,0,0,1,0,0],[0,0,0,1,0,0],[0,0,0,1,0,0]],"framerate":[59.809669721025806,59.81969837392776,59.81669078630004,59.8278126368014,59.79475853147892,56.01974933539853,59.829485964966416,59.81915140273591,59.799951731016506,59.81947337496952,59.8127401136647,59.8159920602749,59.823851991334095,59.79735341344459,59.823249490142764,59.824440427165996,59.79782639647966,59.83387301139317,59.800851880034664,59.82657559466496]}
