{"practice":[0,0,0,0,0,0,0,0,0,0,0,0,0,0,0,0,0,0,0,0],"center_interval":[100,0,100,25,100,75,100,100,25,25,50,50,25,25,75,25,50,0,50,25],"image_pair":[2,2,4,4,1,4,2,1,2,2,3,4,3,4,1,4,2,1,4,3],"feature_space":[1,2,1,1,1,2,1,2,2,1,1,1,1,1,1,1,1,1,1,1],"left_img":[2,2,2,2,2,1,1,1,2,1,1,1,1,1,2,2,1,2,2,2],"img1Sample":[3,3,3,2,2,1,2,2,1,3,1,2,3,2,2,1,1,3,1,2],"img2Sample":[1,1,1,3,1,2,1,2,1,2,1,2,2,1,1,1,3,3,2,1],"stim_time":[250,250,250,250,250,250,250,250,250,250,250,250,250,250,250,250,250,250,250,250],"key":[49,49,50,50,50,50,50,50,49,49,null,null,null,null,null,null,50,49,50,50],"correct":[true,false,false,true,false,true,true,true,false,true,null,null,null,null,null,null,false,false,true,true],"right_img":[1,1,1,1,1,2,2,2,1,2,2,2,2,2,1,1,2,1,1,1],"img_choice":[2,2,1,1,1,2,2,2,2,1,null,null,null,null,null,null,2,2,1,1],"center_sample":[3,2,1,3,1,3,3,1,1,3,1,3,3,1,3,3,3,2,1,1],"left_sample":[1,1,1,3,1,1,2,2,1,3,1,2,3,2,1,1,1,3,2,1],"right_sample":[3,3,3,2,2,2,1,2,1,2,1,2,2,1,2,1,3,3,1,2],"exact_match":[0,0,1,0,1,0,0,0,0,0,0,0,0,0,0,0,0,0,0,0],"RT":[[0,0,0,97,0,0],[0,0,0,928,0,0],[0,0,0,61,0,0],[0,0,0,58,0,0],[0,0,0,106,0,0],[0,0,0,49,0,0],[0,0,0,42,0,0],[0,0,0,119,0,0],[0,0,0,26,0,0],[0,0,0,46,0,0],[0,0,0,0,0,0],[0,0,0,0,0,0],[0,0,0,0,0,0],[0,0,0,0,0,0],[0,0,0,0,0,0],[0,0,0,0,0,0],[0,0,0,3454,0,0],[0,0,0,89,0,0],[0,0,0,90,0,0],[0,0,0,73,0,0]],"response":[[0,0,0,1,0,0],[0,0,0,1,0,0],[0,0,0,1,0,0],[0,0,0,1,0,0],[0,0,0,1,0,0],[0,0,0,1,0,0],[0,0,0,1,0,0],[0,0,0,1,0,0],[0,0,0,1,0,0],[0,0,0,1,0,0],[0,0,0,1,0,0],[0,0,0,1,0,0],[0,0,0,1,0,0],[0,0,0,1,0,0],[0,0,0,1,0,0],[0,0,0,1,0,0],[0,0,0,1,0,0],[0,0,0,1,0,0],[0,0,0,1,0,0],[0,0,0,1,0,0]],"framerate":[52.72255834053587,49.089068825910935,55.60382276281494,55.357142857142854,56.027164685908325,54.49591280653951,56.36363636363636,54.94505494505495,57.24838411819021,54.5950864422202,52.78785879247773,52.05073299291714,43.95241242564441,52.40606460118655,52.60554089709762,52.414702488874234,44.71994686738986,58.29596412556054,54.888507718696395,57.31922398589066]}
