{"practice":[0,0,0,0,0,0,0,0,0,0,0,0,0,0,0,0,0,0,0,0],"center_interval":[100,75,25,75,100,100,100,75,50,75,100,50,0,0,75,50,100,100,50,0],"image_pair":[4,4,4,3,4,3,2,2,1,3,3,4,3,4,1,1,3,3,2,4],"feature_space":[2,2,1,2,2,1,1,1,2,2,1,2,1,1,2,1,2,1,1,1],"left_img":[1,2,1,2,2,2,1,1,2,1,1,2,1,2,2,1,2,1,2,1],"img1Sample":[3,1,2,2,2,3,1,2,3,1,2,1,2,3,3,3,2,1,2,1],"img2Sample":[2,3,1,2,1,3,2,2,1,3,1,1,2,1,3,1,3,2,2,1],"key":[49,49,50,50,49,49,50,49,50,49,50,50,50,49,50,50,49,50,49,50],"correct":[false,true,false,false,true,true,true,false,true,false,true,true,false,false,false,false,true,true,false,false],"right_img":[2,1,2,1,1,1,2,2,1,2,2,1,2,1,1,2,1,2,1,2],"img_choice":[1,2,2,1,2,2,2,1,1,1,2,1,2,2,1,2,2,2,2,2],"center_sample":[3,1,2,1,3,1,1,2,2,1,2,2,3,2,3,2,1,1,1,3],"left_sample":[3,3,2,2,1,3,1,2,1,1,2,1,2,1,3,3,3,1,2,1],"right_sample":[2,1,1,2,2,3,2,2,3,3,1,1,2,3,3,1,2,2,2,1],"RT":[[0,0,0,1056.800000000745,0,0],[0,0,0,1098.800000000745,0,0],[0,0,0,1508.5999999977648,0,0],[0,0,0,1145.199999999255,0,0],[0,0,0,991.4000000022352,0,0],[0,0,0,1299.5999999977648,0,0],[0,0,0,1123.7999999970198,0,0],[0,0,0,1292.199999999255,0,0],[0,0,0,1786.699999999255,0,0],[0,0,0,1964.800000000745,0,0],[0,0,0,824.5,0,0],[0,0,0,1757.4000000022352,0,0],[0,0,0,1177.199999999255,0,0],[0,0,0,870.1999999992549,0,0],[0,0,0,630.9000000022352,0,0],[0,0,0,892.1000000014901,0,0],[0,0,0,748.3999999985099,0,0],[0,0,0,1171.9000000022352,0,0],[0,0,0,809.0999999977648,0,0],[0,0,0,934.3999999985099,0,0]],"response":[[0,0,0,1,0,0],[0,0,0,1,0,0],[0,0,0,1,0,0],[0,0,0,1,0,0],[0,0,0,1,0,0],[0,0,0,1,0,0],[0,0,0,1,0,0],[0,0,0,1,0,0],[0,0,0,1,0,0],[0,0,0,1,0,0],[0,0,0,1,0,0],[0,0,0,1,0,0],[0,0,0,1,0,0],[0,0,0,1,0,0],[0,0,0,1,0,0],[0,0,0,1,0,0],[0,0,0,1,0,0],[0,0,0,1,0,0],[0,0,0,1,0,0],[0,0,0,1,0,0]],"framerate":[59.81356809943034,59.80219274709017,59.81083086051346,59.81346309816852,55.349094646930105,59.808903260292944,59.83145352242905,59.80569252554159,59.822924144503105,59.817619007789794,59.791144297786204,59.83430500156353,59.80350277654641,59.81511691136487,59.81938031769451,59.808936158732834,59.8314606741573,59.8004974999036,59.82053838483313,59.814681299925]}
