{"practice":[0,0,0,0,0,0,0,0,0,0,0,0,0,0,0,0,0,0,0,0],"center_interval":[25,100,100,0,50,75,100,25,50,25,0,25,25,50,100,0,25,75,25,100],"image_pair":[3,2,4,3,1,1,4,4,3,3,1,3,4,1,1,2,1,4,2,1],"feature_space":[2,2,1,1,1,2,2,1,2,1,2,1,2,1,2,2,2,1,1,1],"left_img":[2,1,1,1,2,1,1,2,1,2,1,2,2,2,2,1,2,1,1,2],"img1Sample":[3,2,1,2,3,3,2,2,1,3,2,3,3,3,2,2,2,3,3,1],"img2Sample":[1,1,3,3,1,1,1,2,1,2,1,1,3,1,2,1,1,2,3,3],"stim_time":[2000,2000,2000,2000,2000,2000,2000,2000,2000,2000,2000,2000,2000,2000,2000,2000,2000,2000,2000,2000],"key":[49,50,50,50,null,49,49,49,49,49,49,50,50,null,null,50,49,49,50,50],"correct":[false,true,true,false,null,false,false,false,true,false,true,true,true,null,null,false,false,false,false,false],"right_img":[1,2,2,2,1,2,2,1,2,1,2,1,1,1,1,2,1,2,2,1],"img_choice":[2,2,2,2,null,1,1,2,1,2,1,1,1,null,null,2,2,1,2,1],"center_sample":[3,2,3,2,2,2,1,3,3,3,3,2,1,3,1,1,2,1,1,3],"left_sample":[1,2,1,2,1,3,2,2,1,2,2,1,3,1,2,2,1,3,3,3],"right_sample":[3,1,3,3,3,1,1,2,1,3,1,3,3,3,2,1,2,2,3,1],"exact_match":[0,0,1,1,0,0,1,0,0,0,0,0,0,0,0,0,0,0,0,1],"RT":[[0,0,0,2245,0,0],[0,0,0,8,0,0],[0,0,0,169,0,0],[0,0,0,33,0,0],[0,0,0,0,0,0],[0,0,0,4399,0,0],[0,0,0,413,0,0],[0,0,0,707,0,0],[0,0,0,19,0,0],[0,0,0,42,0,0],[0,0,0,130,0,0],[0,0,0,776,0,0],[0,0,0,107,0,0],[0,0,0,0,0,0],[0,0,0,0,0,0],[0,0,0,116,0,0],[0,0,0,1,0,0],[0,0,0,41,0,0],[0,0,0,42,0,0],[0,0,0,86,0,0]],"response":[[0,0,0,1,0,0],[0,0,0,1,0,0],[0,0,0,1,0,0],[0,0,0,1,0,0],[0,0,0,1,0,0],[0,0,0,1,0,0],[0,0,0,1,0,0],[0,0,0,1,0,0],[0,0,0,1,0,0],[0,0,0,1,0,0],[0,0,0,1,0,0],[0,0,0,1,0,0],[0,0,0,1,0,0],[0,0,0,1,0,0],[0,0,0,1,0,0],[0,0,0,1,0,0],[0,0,0,1,0,0],[0,0,0,1,0,0],[0,0,0,1,0,0],[0,0,0,1,0,0]],"framerate":[49.33623935010897,42.288557213930346,51.27345844504021,48.789048789048785,55.13624152488167,46.84035476718403,50.66832452595586,58.23863636363636,56.124249911754326,47.41833508956797,59.00409276944065,58.8399330730619,47.325102880658434,53.224155578300916,51.51864667435602,51.19453924914675,60.01420454545455,57.89473684210526,47.719298245614034,59.330803725422555]}
