{"practice":[0,0,0,0,0,0,0,0,0,0,0,0,0,0,0,0,0,0,0,0],"center_interval":[25,100,0,0,50,50,0,75,50,25,25,100,25,100,0,25,100,50,50,75],"image_pair":[2,4,4,1,3,3,1,1,3,4,1,1,4,3,2,3,2,1,2,3],"feature_space":[1,1,2,1,2,2,1,2,1,1,1,2,2,1,2,1,2,2,2,1],"left_img":[1,1,2,2,1,1,1,2,1,1,2,2,1,2,2,1,2,1,2,1],"img1Sample":[2,1,2,1,2,1,2,2,3,3,3,3,1,3,3,2,3,3,2,2],"img2Sample":[3,3,3,2,2,3,3,3,2,2,3,2,2,1,3,3,2,1,1,3],"key":[50,49,50,49,49,50,50,50,49,50,49,50,50,49,49,49,49,49,49,49],"correct":[false,false,true,false,true,false,false,false,true,false,false,false,false,true,false,true,true,true,false,false],"right_img":[2,2,1,1,2,2,2,1,2,2,1,1,2,1,1,2,1,2,1,2],"img_choice":[2,1,1,2,1,2,2,1,1,2,2,1,2,2,2,1,2,1,2,1],"center_sample":[2,1,1,2,3,3,1,1,3,1,2,3,2,2,1,2,3,1,2,3],"left_sample":[2,1,3,2,2,1,2,3,3,3,3,2,1,1,3,2,2,3,1,2],"right_sample":[3,3,2,1,2,3,3,2,2,2,3,3,2,3,3,3,3,1,2,3],"RT":[[0,0,0,1049.5,0,0],[0,0,0,659.6999999992549,0,0],[0,0,0,1294,0,0],[0,0,0,679.6999999992549,0,0],[0,0,0,864.8999999985099,0,0],[0,0,0,2090.5,0,0],[0,0,0,1048.699999999255,0,0],[0,0,0,977.8000000007451,0,0],[0,0,0,1216,0,0],[0,0,0,2450.89999999851,0,0],[0,0,0,992.3999999985099,0,0],[0,0,0,973.1999999992549,0,0],[0,0,0,1531.800000000745,0,0],[0,0,0,1505.5,0,0],[0,0,0,1639,0,0],[0,0,0,1087.800000000745,0,0],[0,0,0,1584.699999999255,0,0],[0,0,0,4419.699999999255,0,0],[0,0,0,2613.60000000149,0,0],[0,0,0,964.6999999992549,0,0]],"response":[[0,0,0,1,0,0],[0,0,0,1,0,0],[0,0,0,1,0,0],[0,0,0,1,0,0],[0,0,0,1,0,0],[0,0,0,1,0,0],[0,0,0,1,0,0],[0,0,0,1,0,0],[0,0,0,1,0,0],[0,0,0,1,0,0],[0,0,0,1,0,0],[0,0,0,1,0,0],[0,0,0,1,0,0],[0,0,0,1,0,0],[0,0,0,1,0,0],[0,0,0,1,0,0],[0,0,0,1,0,0],[0,0,0,1,0,0],[0,0,0,1,0,0],[0,0,0,1,0,0]],"framerate":[59.80892214482445,59.81794538361509,59.81153264001869,59.83052788275638,55.724692834608696,59.82644206227667,59.80118049082413,59.81842725182862,59.81187799368512,59.81315509643519,59.82185210565902,59.81051182975464,59.8306332842723,59.799740404196726,59.819641531932575,59.82489023545962,59.81759046558659,59.817225145389095,59.817225145389095,59.79468726847044]}
