{"practice":[0,0,0,0,0,0,0,0,0,0,0,0,0,0,0,0,0,0,0,0],"center_interval":[50,75,50,0,50,50,75,100,0,75,50,50,75,100,25,0,75,50,75,100],"image_pair":[1,1,4,2,4,1,2,4,4,1,1,2,3,2,1,1,3,2,2,1],"feature_space":[1,1,2,2,2,2,2,1,1,2,2,2,2,1,1,1,2,1,1,1],"left_img":[2,1,1,1,1,2,1,1,2,2,1,1,1,1,2,1,2,1,1,1],"img1Sample":[1,2,3,1,2,2,2,1,2,1,1,1,2,1,1,2,2,3,3,3],"img2Sample":[3,2,2,2,1,3,3,1,3,3,1,1,1,1,2,2,3,2,1,2],"stim_time":[250,250,250,250,250,250,250,250,250,250,250,250,250,250,250,250,250,250,250,250],"key":[50,49,50,50,49,50,49,49,50,50,49,49,50,50,50,50,50,null,null,null],"correct":[true,false,false,false,true,true,false,false,true,false,true,true,true,true,true,false,false,null,null,null],"right_img":[1,2,2,2,2,1,2,2,1,1,2,2,2,2,1,2,1,2,2,2],"img_choice":[1,1,2,2,1,1,1,1,1,1,1,1,2,2,1,2,1,null,null,null],"center_sample":[2,1,3,1,3,2,3,1,3,2,2,3,2,3,3,2,3,2,2,2],"left_sample":[3,2,3,1,2,3,2,1,3,3,1,1,2,1,2,2,3,3,3,3],"right_sample":[1,2,2,2,1,2,3,1,2,1,1,1,1,1,1,2,2,2,1,2],"exact_match":[0,0,0,1,0,0,0,1,0,0,0,0,0,0,0,1,0,0,0,1],"RT":[[0,0,0,54,0,0],[0,0,0,93,0,0],[0,0,0,40,0,0],[0,0,0,105,0,0],[0,0,0,51,0,0],[0,0,0,78,0,0],[0,0,0,32,0,0],[0,0,0,92,0,0],[0,0,0,16,0,0],[0,0,0,117,0,0],[0,0,0,38,0,0],[0,0,0,29,0,0],[0,0,0,113,0,0],[0,0,0,163,0,0],[0,0,0,29,0,0],[0,0,0,128,0,0],[0,0,0,48,0,0],[0,0,0,0,0,0],[0,0,0,0,0,0],[0,0,0,0,0,0]],"response":[[0,0,0,1,0,0],[0,0,0,1,0,0],[0,0,0,1,0,0],[0,0,0,1,0,0],[0,0,0,1,0,0],[0,0,0,1,0,0],[0,0,0,1,0,0],[0,0,0,1,0,0],[0,0,0,1,0,0],[0,0,0,1,0,0],[0,0,0,1,0,0],[0,0,0,1,0,0],[0,0,0,1,0,0],[0,0,0,1,0,0],[0,0,0,1,0,0],[0,0,0,1,0,0],[0,0,0,1,0,0],[0,0,0,1,0,0],[0,0,0,1,0,0],[0,0,0,1,0,0]],"framerate":[55.60458958517211,54.6875,54.54545454545455,52.03816131830009,43.1266846361186,52.72564789991064,53.73406193078325,53.12767780634104,53.65402405180389,33.755274261603375,58.12897366030881,56.377079482439925,55.74614065180103,53.627760252365924,58.22550831792976,53.20945945945946,60.10928961748634,53.33553500660502,44.38943894389439,43.7871777924653]}
