{"practice":[0,0,0,0,0,0,0,0,0,0,0,0,0,0,0,0,0,0,0,0],"center_interval":[75,50,25,0,25,100,100,25,0,75,75,75,25,0,75,75,0,75,50,0],"image_pair":[1,3,1,1,4,2,3,3,2,2,2,1,1,2,2,2,4,2,1,4],"feature_space":[2,2,2,2,2,2,1,1,2,2,1,2,2,2,2,2,1,1,2,1],"left_img":[1,2,1,1,2,2,1,2,1,2,2,2,2,2,1,1,2,1,1,1],"img1Sample":[1,1,2,1,1,2,3,2,2,2,2,3,2,2,2,3,1,2,1,3],"img2Sample":[2,3,1,1,2,1,1,1,3,1,3,1,3,1,1,3,3,2,2,1],"key":[49,50,50,49,49,50,49,50,50,49,50,50,49,50,50,49,50,49,49,49],"correct":[false,true,false,true,false,false,false,true,false,true,false,false,false,true,true,false,true,false,true,true],"right_img":[2,1,2,2,1,1,2,1,2,1,1,1,1,1,2,2,1,2,2,2],"img_choice":[1,1,2,1,2,1,1,1,2,2,1,1,2,1,2,1,1,1,1,1],"center_sample":[2,1,3,3,2,2,2,3,1,2,3,1,1,1,3,3,2,2,3,2],"left_sample":[1,3,2,1,2,1,3,1,2,1,3,1,3,1,2,3,3,2,1,3],"right_sample":[2,1,1,1,1,2,1,2,3,2,2,3,2,2,1,3,1,2,2,1],"RT":[[0,0,0,693.5,0,0],[0,0,0,1094.300000000745,0,0],[0,0,0,886.9000000022352,0,0],[0,0,0,680.7000000029802,0,0],[0,0,0,915,0,0],[0,0,0,987.1000000014901,0,0],[0,0,0,815.1000000014901,0,0],[0,0,0,803.3999999985099,0,0],[0,0,0,937.2000000029802,0,0],[0,0,0,2776.699999999255,0,0],[0,0,0,2271.39999999851,0,0],[0,0,0,4165.89999999851,0,0],[0,0,0,825.1000000014901,0,0],[0,0,0,1709.4000000022352,0,0],[0,0,0,3139.800000000745,0,0],[0,0,0,1083.5999999977648,0,0],[0,0,0,540.9000000022352,0,0],[0,0,0,2558.599999997765,0,0],[0,0,0,846.6000000014901,0,0],[0,0,0,1938,0,0]],"response":[[0,0,0,1,0,0],[0,0,0,1,0,0],[0,0,0,1,0,0],[0,0,0,1,0,0],[0,0,0,1,0,0],[0,0,0,1,0,0],[0,0,0,1,0,0],[0,0,0,1,0,0],[0,0,0,1,0,0],[0,0,0,1,0,0],[0,0,0,1,0,0],[0,0,0,1,0,0],[0,0,0,1,0,0],[0,0,0,1,0,0],[0,0,0,1,0,0],[0,0,0,1,0,0],[0,0,0,1,0,0],[0,0,0,1,0,0],[0,0,0,1,0,0],[0,0,0,1,0,0]],"framerate":[59.80998168494342,59.809533588326765,59.810554803788904,59.8134050712737,59.82080583721107,59.82815876865863,55.405479905165315,59.79735341344459,59.8258640030032,59.80946923570416,59.828386995206756,59.80638221584798,59.82081323225361,59.82053838484547,59.80378981318966,59.82949876748387,59.8050355840095,59.82444042712446,59.821355404433106,59.799545186567116]}
