{"practice":[0,0,0,0,0,0,0,0,0,0,0,0,0,0,0,0,0,0,0,0],"center_interval":[0,25,50,0,0,100,0,25,0,100,0,75,50,0,0,50,50,100,100,75],"image_pair":[1,3,3,1,2,3,1,1,2,2,2,2,2,1,1,3,2,3,3,4],"feature_space":[2,1,2,1,2,2,2,1,2,2,1,1,1,1,1,2,2,2,1,2],"left_img":[1,2,1,2,2,1,2,1,2,1,2,1,1,2,2,2,2,1,1,2],"img1Sample":[2,1,3,1,2,3,1,3,2,3,1,1,1,3,1,2,3,1,2,3],"img2Sample":[2,2,2,3,2,3,2,2,1,1,1,1,3,3,2,1,3,2,3,2],"stim_time":[250,250,250,250,250,250,250,250,250,250,250,250,250,250,250,250,250,250,250,250],"key":[49,50,49,50,49,50,49,50,49,50,49,50,49,50,49,50,49,50,49,50],"correct":[true,true,true,true,false,true,false,false,false,true,false,true,true,true,false,true,false,true,false,false],"right_img":[2,1,2,1,1,2,1,2,1,2,1,2,2,1,1,1,1,2,2,1],"img_choice":[1,1,1,1,2,2,2,2,2,2,2,2,1,1,2,1,2,2,1,1],"center_sample":[1,2,3,3,3,1,3,1,1,3,2,2,1,2,3,1,1,2,1,1],"left_sample":[2,2,3,3,2,3,2,3,1,3,1,1,1,3,2,1,3,1,2,2],"right_sample":[2,1,2,1,2,3,1,2,2,1,1,1,3,3,1,2,3,2,3,3],"exact_match":[0,0,0,0,0,0,0,0,0,0,0,0,0,0,0,0,0,1,0,0],"RT":[[0,0,0,343.5,0,0],[0,0,0,85.89999997615814,0,0],[0,0,0,21.5,0,0],[0,0,0,101.89999997615814,0,0],[0,0,0,101.40000003576279,0,0],[0,0,0,107,0,0],[0,0,0,98.5,0,0],[0,0,0,111.79999995231628,0,0],[0,0,0,22,0,0],[0,0,0,101.19999998807907,0,0],[0,0,0,103.59999996423721,0,0],[0,0,0,99.5,0,0],[0,0,0,22,0,0],[0,0,0,179.30000001192093,0,0],[0,0,0,98.39999997615814,0,0],[0,0,0,24.399999976158142,0,0],[0,0,0,99.89999997615814,0,0],[0,0,0,105.5,0,0],[0,0,0,103,0,0],[0,0,0,86.80000001192093,0,0]],"response":[[0,0,0,1,0,0],[0,0,0,1,0,0],[0,0,0,1,0,0],[0,0,0,1,0,0],[0,0,0,1,0,0],[0,0,0,1,0,0],[0,0,0,1,0,0],[0,0,0,1,0,0],[0,0,0,1,0,0],[0,0,0,1,0,0],[0,0,0,1,0,0],[0,0,0,1,0,0],[0,0,0,1,0,0],[0,0,0,1,0,0],[0,0,0,1,0,0],[0,0,0,1,0,0],[0,0,0,1,0,0],[0,0,0,1,0,0],[0,0,0,1,0,0],[0,0,0,1,0,0]],"framerate":[31.28555176389783,36.23500992074548,37.129861692908655,33.59173126614987,33.536847535300225,33.60910031092839,34.506556246041534,33.67286808552552,36.268948200100105,34.36426116838488,32.86344374432851,34.47384297129108,36.309468391336296,33.04053509613002,33.883579496090356,35.9413878897273,35.52859618717505,34.41748408226664,34.220207032950526,36.793692509855454]}
