{"practice":[0,0,0,0,0,0,0,0,0,0,0,0,0,0,0,0,0,0,0,0],"center_interval":[75,25,25,25,100,100,0,25,50,0,50,75,100,75,50,25,75,50,100,75],"image_pair":[2,1,3,2,3,2,2,3,4,2,3,2,2,1,4,1,4,4,2,1],"feature_space":[2,1,2,2,2,1,1,2,1,1,1,1,2,1,2,2,1,1,1,2],"left_img":[1,2,2,2,2,1,1,1,2,2,2,1,2,1,2,1,1,1,2,2],"img1Sample":[3,3,3,1,1,3,2,1,1,3,3,1,1,2,1,2,2,1,1,3],"img2Sample":[1,3,2,2,2,3,1,3,2,2,1,3,3,2,3,3,1,3,3,3],"stim_time":[2000,2000,2000,2000,2000,2000,2000,2000,2000,2000,2000,2000,2000,2000,2000,2000,2000,2000,2000,2000],"key":[49,50,50,50,49,49,50,49,null,null,null,49,null,null,null,null,null,null,null,null],"correct":[false,true,true,true,true,false,false,true,null,null,null,false,null,null,null,null,null,null,null,null],"right_img":[2,1,1,1,1,2,2,2,1,1,1,2,1,2,1,2,2,2,1,1],"img_choice":[1,1,1,1,2,1,2,1,null,null,null,1,null,null,null,null,null,null,null,null],"center_sample":[2,3,3,3,1,2,3,1,2,3,3,2,2,3,2,2,3,2,3,1],"left_sample":[3,3,2,2,2,3,2,1,2,2,1,1,3,2,3,2,2,1,3,3],"right_sample":[1,3,3,1,1,3,1,3,1,3,3,3,1,2,1,3,1,3,1,3],"exact_match":[0,0,0,0,0,0,0,0,0,1,0,0,0,0,0,0,0,0,1,0],"RT":[[0,0,0,1401,0,0],[0,0,0,1657,0,0],[0,0,0,1821,0,0],[0,0,0,2168,0,0],[0,0,0,1091,0,0],[0,0,0,600,0,0],[0,0,0,968,0,0],[0,0,0,1236,0,0],[0,0,0,0,0,0],[0,0,0,0,0,0],[0,0,0,0,0,0],[0,0,0,4376,0,0],[0,0,0,0,0,0],[0,0,0,0,0,0],[0,0,0,0,0,0],[0,0,0,0,0,0],[0,0,0,0,0,0],[0,0,0,0,0,0],[0,0,0,0,0,0],[0,0,0,0,0,0]],"response":[[0,0,0,1,0,0],[0,0,0,1,0,0],[0,0,0,1,0,0],[0,0,0,1,0,0],[0,0,0,1,0,0],[0,0,0,1,0,0],[0,0,0,1,0,0],[0,0,0,1,0,0],[0,0,0,1,0,0],[0,0,0,1,0,0],[0,0,0,1,0,0],[0,0,0,1,0,0],[0,0,0,1,0,0],[0,0,0,1,0,0],[0,0,0,1,0,0],[0,0,0,1,0,0],[0,0,0,1,0,0],[0,0,0,1,0,0],[0,0,0,1,0,0],[0,0,0,1,0,0]],"framerate":[27.830637488106564,28.539576365663322,29.24731182795699,27.733118971061096,29.53261427837699,29.59273366539701,27.82193958664547,27.30883813306852,26.595064569748114,28.015862862990918,28.695874967973353,28.15924538770981,28.487480838017373,28.410545175326337,27.848748083801738,25.220842401741134,1.1162790697674418,0.24993751562109473,0.1249843769528809,0.06249609399412537]}
