{"practice":[1,1,1,1,1],"center_interval":[50,75,50,50,25],"image_pair":[1,4,1,3,3],"feature_space":[2,2,2,2,1],"left_img":[1,2,2,2,2],"img1Sample":[2,2,3,2,1],"img2Sample":[3,1,2,1,3],"stim_time":[2000,2000,2000,2000,2000],"key":[32,13,100,null,null],"correct":[null,null,null,null,null],"right_img":[2,1,1,1,1],"img_choice":[null,null,null,null,null],"center_sample":[2,3,2,3,3],"left_sample":[2,1,2,1,3],"right_sample":[3,2,3,2,1],"exact_match":[0,0,0,0,0],"RT":[[0,0,0,435,0,0],[0,0,0,140,0,0],[0,0,0,4186,0,0],[0,0,0,0,0,0],[0,0,0,0,0,0]],"response":[[0,0,0,1,0,0],[0,0,0,1,0,0],[0,0,0,1,0,0],[0,0,0,1,0,0],[0,0,0,1,0,0]],"framerate":[25.178936605316974,27.895073576455534,28.190671450538183,28.692199308313054,28.125799028381486]}
