{"practice":[0,0,0,0,0,0,0,0,0,0,0,0,0,0,0,0,0,0,0,0],"center_interval":[25,100,100,50,0,0,50,25,75,25,0,100,0,75,25,25,0,100,100,50],"image_pair":[4,2,3,3,1,3,2,4,2,3,3,1,1,4,1,2,1,4,4,2],"feature_space":[1,1,2,1,1,1,2,2,2,2,1,1,2,2,2,1,2,2,1,1],"left_img":[1,2,1,1,1,1,2,2,2,1,2,1,2,1,1,2,2,2,2,1],"img1Sample":[3,3,1,3,3,1,1,1,3,3,1,1,2,1,1,2,2,2,2,2],"img2Sample":[1,2,1,2,1,3,2,1,1,3,1,1,2,1,2,1,1,3,1,3],"key":[50,50,50,49,50,49,49,50,49,50,50,50,49,49,49,49,49,50,50,50],"correct":[false,false,true,true,false,true,false,true,true,false,true,true,false,false,true,false,false,false,false,false],"right_img":[2,1,2,2,2,2,1,1,1,2,1,2,1,2,2,1,1,1,1,2],"img_choice":[2,1,2,1,2,1,2,1,2,2,1,2,2,1,1,2,2,1,1,2],"center_sample":[2,3,3,1,2,2,2,3,1,1,3,2,1,3,2,2,3,1,2,1],"left_sample":[3,2,1,3,3,1,2,1,1,3,1,1,2,1,1,1,1,3,1,2],"right_sample":[1,3,1,2,1,3,1,1,3,3,1,1,2,1,2,2,2,2,2,3],"RT":[[0,194.80000001192093,0,0],[0,100.30000001192093,0,0],[0,28.399999991059303,0,0],[0,126.29999999701977,0,0],[0,200.59999999403954,0,0],[0,84.70000000298023,0,0],[0,284,0,0],[0,154.09999999403954,0,0],[0,146.1000000089407,0,0],[0,127.59999999403954,0,0],[0,29.200000002980232,0,0],[0,12,0,0],[0,213.79999999701977,0,0],[0,24.100000008940697,0,0],[0,61.3999999910593,0,0],[0,16.299999997019768,0,0],[0,146.29999999701977,0,0],[0,183,0,0],[0,14.599999994039536,0,0],[0,64,0,0]],"response":[[0,1,0,0],[0,1,0,0],[0,1,0,0],[0,1,0,0],[0,1,0,0],[0,1,0,0],[0,1,0,0],[0,1,0,0],[0,1,0,0],[0,1,0,0],[0,1,0,0],[0,1,0,0],[0,1,0,0],[0,1,0,0],[0,1,0,0],[0,1,0,0],[0,1,0,0],[0,1,0,0],[0,1,0,0],[0,1,0,0]],"framerate":[31.048186786351373,32.253540877452856,30.46458492003046,31.03494805044526,30.994297048999368,31.082226617819487,30.0433960163686,31.080031080510885,30.967741935483872,32.25806451612903,32.05128205113626,32.26326826876544,32.26191898708142,32.25311012089024,32.19198127054115,32.31017770597738,30.943785456064134,30.94059405940594,32.31017770597738,32.262795131673926]}
