{"practice":[0,0,0,0,0,0,0,0,0,0,0,0,0,0,0,0,0,0,0,0],"center_interval":[0,0,50,100,75,75,100,0,25,100,75,100,50,100,75,100,50,50,25,25],"image_pair":[2,2,2,3,4,1,4,2,4,1,1,2,4,1,3,4,2,4,1,3],"feature_space":[1,1,1,1,1,2,2,1,2,1,1,2,2,2,2,1,1,1,1,2],"left_img":[2,1,1,2,1,2,2,2,1,1,1,1,1,1,1,1,1,2,2,2],"img1Sample":[1,3,3,1,2,1,2,3,3,3,3,3,2,1,2,3,1,3,2,1],"img2Sample":[1,3,2,2,2,2,1,3,2,3,1,2,3,1,3,1,2,3,2,3],"key":[49,49,49,49,50,50,49,50,50,50,50,50,50,50,50,49,49,49,49,50],"correct":[false,true,true,true,true,false,true,true,false,true,true,true,false,true,true,false,true,false,false,true],"right_img":[1,2,2,1,2,1,1,1,2,2,2,2,2,2,2,2,2,1,1,1],"img_choice":[2,1,1,2,2,1,2,1,2,2,2,2,2,2,2,1,1,2,2,1],"center_sample":[3,1,3,1,1,2,3,2,3,2,2,1,2,2,2,3,2,3,3,1],"left_sample":[1,3,3,2,2,2,1,3,3,3,3,3,2,1,2,3,1,3,2,3],"right_sample":[1,3,2,1,2,1,2,3,2,3,1,2,3,1,3,1,2,3,2,1],"RT":[[0,137.69999998807907,0,0],[0,107.79999999701977,0,0],[0,120.29999999701977,0,0],[0,104.70000000298023,0,0],[0,244.90000000596046,0,0],[0,134.3999999910593,0,0],[0,24,0,0],[0,12.700000002980232,0,0],[0,158.5,0,0],[0,93,0,0],[0,147,0,0],[0,139,0,0],[0,142.5,0,0],[0,61.69999998807907,0,0],[0,124.3999999910593,0,0],[0,260.70000000298023,0,0],[0,125.29999999701977,0,0],[0,155.29999999701977,0,0],[0,15.699999988079071,0,0],[0,18.100000008940697,0,0]],"response":[[0,1,0,0],[0,1,0,0],[0,1,0,0],[0,1,0,0],[0,1,0,0],[0,1,0,0],[0,1,0,0],[0,1,0,0],[0,1,0,0],[0,1,0,0],[0,1,0,0],[0,1,0,0],[0,1,0,0],[0,1,0,0],[0,1,0,0],[0,1,0,0],[0,1,0,0],[0,1,0,0],[0,1,0,0],[0,1,0,0]],"framerate":[32.33194126376985,32.34880450070323,32.25806451612903,32.069157835895744,31.08092552078666,32.21908981109956,32.34252271617811,32.36245954692557,30.995738086132476,32.36701379143389,28.314028314028313,32.18020917148821,32.2841000804514,32.31492361941291,32.25806451612903,32.25434857702064,32.266738370659,32.25390272247742,32.304958810710986,32.252862441851704]}
