{"practice":[0,0,0,0,0,0,0,0,0,0,0,0,0,0,0,0,0,0,0,0],"center_interval":[0,0,50,25,25,0,50,25,100,0,50,50,75,75,25,25,50,0,0,50],"image_pair":[3,3,2,2,3,4,1,1,1,3,4,3,1,4,4,3,1,2,2,4],"feature_space":[2,2,2,1,1,2,1,1,1,2,1,2,1,1,2,2,1,1,2,2],"left_img":[1,1,2,2,2,1,1,2,2,2,2,2,2,2,2,1,2,2,2,1],"img1Sample":[1,3,3,2,3,2,1,2,2,1,3,1,2,3,2,3,1,1,2,2],"img2Sample":[1,3,1,1,3,3,2,2,2,1,1,1,1,1,2,1,3,1,3,3],"key":[50,50,50,50,50,50,50,50,50,49,50,50,49,49,50,50,50,49,49,49],"correct":[false,false,true,true,true,false,false,true,false,false,true,true,true,true,true,false,true,false,false,true],"right_img":[2,2,1,1,1,2,2,1,1,1,1,1,1,1,1,2,1,1,1,2],"img_choice":[2,2,1,1,1,2,2,1,1,2,1,1,2,2,1,2,1,2,2,1],"center_sample":[2,1,1,1,2,1,1,2,3,2,1,2,1,2,2,2,3,2,3,2],"left_sample":[1,3,1,1,3,2,1,2,2,1,1,1,1,1,2,3,3,1,3,2],"right_sample":[1,3,3,2,3,3,2,2,2,1,3,1,2,3,2,1,1,1,2,3],"RT":[[0,195.1000000089407,0,0],[0,65.29999999701977,0,0],[0,11.600000008940697,0,0],[0,64.6000000089407,0,0],[0,75.79999999701977,0,0],[0,10.399999991059303,0,0],[0,66,0,0],[0,65.40000000596046,0,0],[0,25.599999994039536,0,0],[0,155.6000000089407,0,0],[0,244.3999999910593,0,0],[0,11.700000002980232,0,0],[0,260.3999999910593,0,0],[0,23.200000002980232,0,0],[0,149.19999998807907,0,0],[0,67.6000000089407,0,0],[0,91.19999998807907,0,0],[0,154.79999999701977,0,0],[0,276.5,0,0],[0,69.40000000596046,0,0]],"response":[[0,1,0,0],[0,1,0,0],[0,1,0,0],[0,1,0,0],[0,1,0,0],[0,1,0,0],[0,1,0,0],[0,1,0,0],[0,1,0,0],[0,1,0,0],[0,1,0,0],[0,1,0,0],[0,1,0,0],[0,1,0,0],[0,1,0,0],[0,1,0,0],[0,1,0,0],[0,1,0,0],[0,1,0,0],[0,1,0,0]],"framerate":[32.130499258408605,32.215551325652406,32.26326826876544,32.25333528836277,32.35294117647059,32.29974160191172,32.267527134197955,32.24860744635575,32.25806451612903,32.262227383930444,32.265498963005484,32.19575016082429,31.14905399180068,32.144497168369504,31.25814014078296,31.958163857945255,32.109451347334485,32.41280954245637,32.25806451612903,32.300690059772734]}
