{"practice":[1,1,1,1,1],"center_interval":[75,25,0,0,75],"image_pair":[1,1,1,2,4],"feature_space":[2,2,2,1,2],"left_img":[2,1,1,1,1],"img1Sample":[2,3,3,1,3],"img2Sample":[3,1,1,3,3],"key":[49,50,50,50,49],"correct":[true,false,false,false,false],"right_img":[1,2,2,2,2],"img_choice":[2,2,2,2,1],"center_sample":[2,3,2,2,1],"left_sample":[3,3,3,1,3],"right_sample":[2,1,1,3,3],"RT":[[0,884.6000000089407,0,0],[0,11.900000005960464,0,0],[0,129.70000000298023,0,0],[0,294.6000000089407,0,0],[0,201.70000000298023,0,0]],"response":[[0,1,0,0],[0,1,0,0],[0,1,0,0],[0,1,0,0],[0,1,0,0]],"framerate":[28.892024457203238,32.26326826954098,32.2537293370671,32.261653131926174,32.246062259824015]}
