{"practice":[0,0,0,0,0,0,0,0,0,0,0,0,0,0,0,0,0,0,0,0],"center_interval":[0,50,25,0,100,100,100,100,25,0,25,25,25,25,0,75,50,25,25,50],"image_pair":[4,4,3,2,3,2,1,4,1,1,4,4,3,4,2,2,3,4,1,3],"feature_space":[2,1,1,2,1,2,1,1,2,1,1,1,2,2,1,1,1,2,1,1],"left_img":[1,2,2,1,2,1,1,1,2,1,2,2,2,2,2,2,2,1,1,2],"img1Sample":[3,2,3,2,2,3,1,3,3,1,1,2,3,2,2,3,3,1,1,2],"img2Sample":[3,3,3,1,3,2,3,1,1,1,2,1,1,2,2,3,1,1,2,3],"key":[50,50,50,50,50,49,50,null,50,50,49,49,50,49,50,50,49,49,49,50],"correct":[false,true,true,false,false,false,true,null,true,false,false,false,true,false,true,false,false,true,true,true],"right_img":[2,1,1,2,1,2,2,2,1,2,1,1,1,1,1,1,1,2,2,1],"img_choice":[2,1,1,2,1,1,2,null,1,2,2,2,1,2,1,1,2,1,1,1],"center_sample":[2,2,1,1,1,1,2,3,1,2,1,2,1,3,3,1,3,1,1,3],"left_sample":[3,3,3,2,3,3,1,3,1,1,2,1,1,2,2,3,1,1,1,3],"right_sample":[3,2,3,1,2,2,3,1,3,1,1,2,3,2,2,3,3,1,2,2],"RT":[[0,0,0,1068,0,0],[0,0,0,1675,0,0],[0,0,0,1006,0,0],[0,0,0,4043,0,0],[0,0,0,1118,0,0],[0,0,0,1748,0,0],[0,0,0,266,0,0],[0,0,0,0,0,0],[0,0,0,964,0,0],[0,0,0,1981,0,0],[0,0,0,982,0,0],[0,0,0,1116,0,0],[0,0,0,332,0,0],[0,0,0,1053,0,0],[0,0,0,1509,0,0],[0,0,0,699,0,0],[0,0,0,568,0,0],[0,0,0,1060,0,0],[0,0,0,1791,0,0],[0,0,0,816,0,0]],"response":[[0,0,0,1,0,0],[0,0,0,1,0,0],[0,0,0,1,0,0],[0,0,0,1,0,0],[0,0,0,1,0,0],[0,0,0,1,0,0],[0,0,0,1,0,0],[0,0,0,1,0,0],[0,0,0,1,0,0],[0,0,0,1,0,0],[0,0,0,1,0,0],[0,0,0,1,0,0],[0,0,0,1,0,0],[0,0,0,1,0,0],[0,0,0,1,0,0],[0,0,0,1,0,0],[0,0,0,1,0,0],[0,0,0,1,0,0],[0,0,0,1,0,0],[0,0,0,1,0,0]],"framerate":[7.252440725244073,6.50850304429981,7.457300938176569,5.543398978847557,6.811632171862719,6.520824568784183,9.379042690815007,10.869565217391305,1.96375970722128,4.278728606356968,4.9776007964161275,4.2979942693409745,6.3965884861407245,5.420054200542006,5.023978077186572,6.629834254143646,5.9453032104637344,5.417384880571288,5.596211795092553,7.351010763980048]}
