{"practice":[0,0,0,0,0,0,0,0,0,0,0,0,0,0,0,0,0,0,0,0],"center_interval":[0,0,100,0,25,100,75,100,100,75,25,100,75,100,25,0,100,25,50,25],"image_pair":[4,3,3,3,1,4,1,1,1,4,3,3,2,2,3,1,4,1,3,1],"feature_space":[1,2,1,1,2,2,1,2,2,2,1,1,1,1,1,2,1,1,1,2],"left_img":[2,1,1,1,2,2,2,2,1,1,1,2,1,1,2,2,2,2,2,1],"img1Sample":[2,3,2,1,3,2,2,1,3,2,1,1,3,2,3,2,3,3,2,2],"img2Sample":[3,1,2,1,3,1,2,2,2,1,3,1,2,2,2,1,1,3,2,1],"stim_time":[250,250,250,250,250,250,250,250,250,250,250,250,250,250,250,250,250,250,250,250],"key":[49,50,50,49,50,50,50,50,50,49,49,49,49,50,50,50,50,49,50,49],"correct":[false,false,true,true,true,false,false,false,true,false,true,true,false,true,true,true,false,false,true,true],"right_img":[1,2,2,2,1,1,1,1,2,2,2,1,2,2,1,1,1,1,1,2],"img_choice":[2,2,2,1,1,1,1,1,2,1,1,2,1,2,1,1,1,2,1,1],"center_sample":[1,3,2,3,3,2,3,3,2,1,2,3,2,3,1,3,3,1,1,2],"left_sample":[3,3,2,1,3,1,2,2,3,2,1,1,3,2,2,1,1,3,2,2],"right_sample":[2,1,2,1,3,2,2,1,2,1,3,1,2,2,3,2,3,3,2,1],"exact_match":[0,1,1,0,0,0,0,0,1,0,0,0,0,0,0,0,0,0,0,0],"RT":[[0,0,0,975.3999998569489,0,0],[0,0,0,699.6999998092651,0,0],[0,0,0,798.9000000953674,0,0],[0,0,0,952,0,0],[0,0,0,804.1000001430511,0,0],[0,0,0,747.5999999046326,0,0],[0,0,0,810.7000000476837,0,0],[0,0,0,1190.5999999046326,0,0],[0,0,0,1225,0,0],[0,0,0,1092.4000000953674,0,0],[0,0,0,589.5,0,0],[0,0,0,1216.7999999523163,0,0],[0,0,0,2241.7999999523163,0,0],[0,0,0,672.5,0,0],[0,0,0,973.9000000953674,0,0],[0,0,0,806.7999999523163,0,0],[0,0,0,944.5,0,0],[0,0,0,651.5999999046326,0,0],[0,0,0,655.6999998092651,0,0],[0,0,0,654.7999999523163,0,0]],"response":[[0,0,0,1,0,0],[0,0,0,1,0,0],[0,0,0,1,0,0],[0,0,0,1,0,0],[0,0,0,1,0,0],[0,0,0,1,0,0],[0,0,0,1,0,0],[0,0,0,1,0,0],[0,0,0,1,0,0],[0,0,0,1,0,0],[0,0,0,1,0,0],[0,0,0,1,0,0],[0,0,0,1,0,0],[0,0,0,1,0,0],[0,0,0,1,0,0],[0,0,0,1,0,0],[0,0,0,1,0,0],[0,0,0,1,0,0],[0,0,0,1,0,0],[0,0,0,1,0,0]],"framerate":[59.9803343166175,60.02265005662514,59.98702983602529,60.001983532389495,60.0021429367418,59.378468368479474,60.00535762121618,60.00800106553701,60.06664328431437,59.9191787794536,60.018187329493784,60.06664328431437,59.6698470392246,60.07046728057782,60.00393468283435,60.040741928955754,59.95802938371993,59.99184576520398,59.953434225844,59.93947858971974]}
