{"practice":[0,0,0,0,0,0,0,0,0,0,0,0,0,0,0,0,0,0,0,0],"center_interval":[0,75,0,0,50,25,25,50,25,50,25,0,100,75,25,0,25,75,50,0],"image_pair":[2,4,2,4,2,4,2,1,3,4,1,2,1,2,2,4,1,2,4,4],"feature_space":[2,1,1,2,1,1,1,1,1,1,1,2,2,1,1,1,1,2,2,1],"left_img":[2,2,2,2,2,1,2,1,2,2,2,1,1,2,1,1,1,2,2,2],"img1Sample":[3,3,1,1,2,2,2,2,1,3,1,3,2,3,2,3,2,3,2,3],"img2Sample":[2,2,2,2,3,1,2,2,1,3,2,2,1,1,3,3,3,3,2,1],"stim_time":[250,250,250,250,250,250,250,250,250,250,250,250,250,250,250,250,250,250,250,250],"key":[49,49,50,49,49,49,50,50,49,50,49,49,50,49,49,49,50,49,49,50],"correct":[false,true,true,false,false,true,true,false,false,true,false,true,true,true,true,true,false,true,false,true],"right_img":[1,1,1,1,1,2,1,2,1,1,1,2,2,1,2,2,2,1,1,1],"img_choice":[2,2,1,2,2,1,1,2,2,1,2,1,2,2,1,1,2,2,2,1],"center_sample":[1,3,3,1,3,2,3,3,3,1,3,2,2,3,3,2,3,3,1,3],"left_sample":[2,2,2,2,3,2,2,2,1,3,2,3,2,1,2,3,2,3,2,1],"right_sample":[3,3,1,1,2,1,2,2,1,3,1,2,1,3,3,3,3,3,2,3],"exact_match":[0,0,0,1,0,0,0,0,0,0,0,0,0,0,0,0,0,0,0,1],"RT":[[0,0,0,754.6000001430511,0,0],[0,0,0,1393.9000000953674,0,0],[0,0,0,1806.5,0,0],[0,0,0,640.2000000476837,0,0],[0,0,0,1233.1000001430511,0,0],[0,0,0,431.90000009536743,0,0],[0,0,0,505.89999985694885,0,0],[0,0,0,358.10000014305115,0,0],[0,0,0,468.2000000476837,0,0],[0,0,0,918.9000000953674,0,0],[0,0,0,1285.2999999523163,0,0],[0,0,0,876.5,0,0],[0,0,0,909.7000000476837,0,0],[0,0,0,1317.7999999523163,0,0],[0,0,0,727.9000000953674,0,0],[0,0,0,699.8999998569489,0,0],[0,0,0,777.2000000476837,0,0],[0,0,0,937.9000000953674,0,0],[0,0,0,565.7000000476837,0,0],[0,0,0,539,0,0]],"response":[[0,0,0,1,0,0],[0,0,0,1,0,0],[0,0,0,1,0,0],[0,0,0,1,0,0],[0,0,0,1,0,0],[0,0,0,1,0,0],[0,0,0,1,0,0],[0,0,0,1,0,0],[0,0,0,1,0,0],[0,0,0,1,0,0],[0,0,0,1,0,0],[0,0,0,1,0,0],[0,0,0,1,0,0],[0,0,0,1,0,0],[0,0,0,1,0,0],[0,0,0,1,0,0],[0,0,0,1,0,0],[0,0,0,1,0,0],[0,0,0,1,0,0],[0,0,0,1,0,0]],"framerate":[59.992076523052766,41.48042195601645,59.31818974644718,59.35241229192563,59.075792051979285,60.01348617666891,60.052386125895055,60.00282366632946,60.06790284108593,60.007059656962696,59.98723675813656,60.00724225633579,60.017293113989346,59.998321728867516,59.99439304737874,59.97600959452797,60.040390803674015,59.9940006056609,59.339844225912856,60.00375023975474]}
