{"practice":[1,1,1,1,1],"center_interval":[100,75,0,0,25],"image_pair":[2,4,4,4,1],"feature_space":[2,1,2,2,1],"left_img":[2,2,1,2,2],"img1Sample":[2,3,1,1,3],"img2Sample":[3,1,3,2,2],"stim_time":[2000,2000,2000,2000,2000],"key":[49,49,49,50,49],"correct":[true,true,true,true,false],"right_img":[1,1,2,1,1],"img_choice":[2,2,1,1,2],"center_sample":[2,1,2,1,3],"left_sample":[3,1,1,2,2],"right_sample":[2,3,3,1,3],"exact_match":[0,0,0,1,0],"RT":[[0,0,0,1310.7999999523163,0,0],[0,0,0,1787.0999999046326,0,0],[0,0,0,1483.2000000476837,0,0],[0,0,0,1068.5,0,0],[0,0,0,1485.9000000953674,0,0]],"response":[[0,0,0,1,0,0],[0,0,0,1,0,0],[0,0,0,1,0,0],[0,0,0,1,0,0],[0,0,0,1,0,0]],"framerate":[59.993684873191775,60.01304631441617,59.99860468494266,59.7137856473676,60.02652334885753]}
