{"practice":[0,0,0,0,0,0,0,0,0,0,0,0,0,0,0,0,0,0,0,0],"center_interval":[0,25,50,0,0,75,25,0,25,0,75,75,75,100,0,25,100,0,25,0],"image_pair":[2,4,2,3,2,2,1,1,1,2,1,4,3,2,1,1,1,2,4,3],"feature_space":[2,1,2,1,1,1,1,2,1,2,2,1,1,2,2,1,1,2,1,1],"left_img":[1,1,1,2,1,1,1,2,1,2,1,2,1,1,1,2,2,2,2,1],"img1Sample":[2,2,2,2,2,2,3,2,2,3,2,1,2,1,2,2,2,1,1,1],"img2Sample":[3,3,3,1,1,2,3,2,2,1,3,2,2,1,3,1,1,3,2,2],"key":[50,49,49,49,50,49,50,49,50,50,50,50,50,50,50,50,50,50,50,50],"correct":[false,true,true,false,false,false,false,false,false,true,true,false,true,true,false,true,false,true,true,false],"right_img":[2,2,2,1,2,2,2,1,2,1,2,1,2,2,2,1,1,1,1,2],"img_choice":[2,1,1,2,2,1,2,2,2,1,2,1,2,2,2,1,1,1,1,2],"center_sample":[1,3,1,1,3,3,2,1,3,2,1,1,3,3,3,3,3,3,2,2],"left_sample":[2,2,2,1,2,2,3,2,2,1,2,2,2,1,2,1,1,3,2,1],"right_sample":[3,3,3,2,1,2,3,2,2,3,3,1,2,1,3,2,2,1,1,2],"RT":[[0,0,0,1065,0,0],[0,0,0,2455,0,0],[0,0,0,1355,0,0],[0,0,0,1047,0,0],[0,0,0,899,0,0],[0,0,0,1003,0,0],[0,0,0,385,0,0],[0,0,0,1005,0,0],[0,0,0,1001,0,0],[0,0,0,1284,0,0],[0,0,0,647,0,0],[0,0,0,867,0,0],[0,0,0,977,0,0],[0,0,0,542,0,0],[0,0,0,1340,0,0],[0,0,0,1030,0,0],[0,0,0,1651,0,0],[0,0,0,1054,0,0],[0,0,0,1850,0,0],[0,0,0,959,0,0]],"response":[[0,0,0,1,0,0],[0,0,0,1,0,0],[0,0,0,1,0,0],[0,0,0,1,0,0],[0,0,0,1,0,0],[0,0,0,1,0,0],[0,0,0,1,0,0],[0,0,0,1,0,0],[0,0,0,1,0,0],[0,0,0,1,0,0],[0,0,0,1,0,0],[0,0,0,1,0,0],[0,0,0,1,0,0],[0,0,0,1,0,0],[0,0,0,1,0,0],[0,0,0,1,0,0],[0,0,0,1,0,0],[0,0,0,1,0,0],[0,0,0,1,0,0],[0,0,0,1,0,0]],"framerate":[5.0594485201113075,4.930966469428007,5.612722170252573,5.3901437371663246,4.51693851944793,5.047955577990914,5.553841406973157,4.917629702483403,5.644171779141105,5.248091603053435,6.015859994531037,5.671564836298015,5.847953216374269,4.988262910798122,5.751092707614447,4.667157946450503,5.457025920873124,4.6683046683046685,4.687181577338496,5.431971029487842]}
