{"practice":[0,0,0,0,0,0,0,0,0,0,0,0,0,0,0,0,0,0,0,0],"center_interval":[100,0,0,75,100,100,25,75,50,0,50,25,100,0,0,100,25,100,0,0],"image_pair":[2,3,4,4,2,4,2,2,1,3,3,3,2,4,1,3,3,4,2,3],"feature_space":[2,1,1,1,2,2,1,1,2,1,1,2,1,1,1,2,2,1,1,1],"left_img":[2,2,2,2,1,1,2,2,2,2,2,1,1,1,2,1,2,1,1,2],"img1Sample":[1,3,1,3,2,2,1,2,1,1,2,2,3,3,2,1,2,2,3,2],"img2Sample":[1,1,2,3,3,1,3,3,2,1,3,2,3,1,1,1,2,1,1,3],"key":[50,50,49,50,50,50,50,50,49,50,50,50,50,50,50,50,50,50,50,50],"correct":[false,true,false,false,true,true,true,false,false,true,true,false,true,false,true,true,true,true,false,true],"right_img":[1,1,1,1,2,2,1,1,1,1,1,2,2,2,1,2,1,2,2,1],"img_choice":[1,1,2,1,2,2,1,1,2,1,1,2,2,2,1,2,1,2,2,1],"center_sample":[3,1,3,2,2,3,3,3,1,2,1,2,1,2,3,2,3,2,2,3],"left_sample":[1,1,2,3,2,2,3,3,2,1,3,2,3,3,1,1,2,2,3,3],"right_sample":[1,3,1,3,3,1,1,2,1,1,2,2,3,1,2,1,2,1,1,2],"RT":[[0,0,0,1261,0,0],[0,0,0,1498,0,0],[0,0,0,2042,0,0],[0,0,0,778,0,0],[0,0,0,872,0,0],[0,0,0,942,0,0],[0,0,0,946,0,0],[0,0,0,904,0,0],[0,0,0,891,0,0],[0,0,0,889,0,0],[0,0,0,966,0,0],[0,0,0,802,0,0],[0,0,0,1114,0,0],[0,0,0,1010,0,0],[0,0,0,971,0,0],[0,0,0,972,0,0],[0,0,0,845,0,0],[0,0,0,889,0,0],[0,0,0,924,0,0],[0,0,0,545,0,0]],"response":[[0,0,0,1,0,0],[0,0,0,1,0,0],[0,0,0,1,0,0],[0,0,0,1,0,0],[0,0,0,1,0,0],[0,0,0,1,0,0],[0,0,0,1,0,0],[0,0,0,1,0,0],[0,0,0,1,0,0],[0,0,0,1,0,0],[0,0,0,1,0,0],[0,0,0,1,0,0],[0,0,0,1,0,0],[0,0,0,1,0,0],[0,0,0,1,0,0],[0,0,0,1,0,0],[0,0,0,1,0,0],[0,0,0,1,0,0],[0,0,0,1,0,0],[0,0,0,1,0,0]],"framerate":[7.587650444793302,4.93494840735756,5.692972124067531,8.690928843020098,9.45434900054025,8.26005861977085,10.08760286700292,8.807045636509207,8.868583714055362,9.10643141718839,8.05234021137393,9.573542210617928,7.165034631000717,7.060669456066946,7.118375955707882,6.905710491367861,6.7114093959731544,6.8119891008174385,6.944444444444445,6.778661951075744]}
