{"practice":[0,0,0,0,0,0,0,0,0,0,0,0,0,0,0,0,0,0,0,0],"center_interval":[50,25,100,50,50,0,75,100,25,50,25,100,0,50,50,100,0,25,50,50],"image_pair":[3,4,4,3,1,4,1,1,3,1,2,2,1,4,1,1,4,3,1,2],"feature_space":[2,1,1,2,1,1,2,2,2,1,1,1,2,1,2,1,2,1,2,2],"left_img":[1,2,2,2,1,1,2,1,2,2,2,2,2,2,2,2,1,1,2,2],"img1Sample":[1,2,2,1,3,3,2,3,3,3,1,1,2,3,1,3,2,3,1,3],"img2Sample":[2,2,3,1,1,1,1,2,2,2,3,2,3,1,3,1,1,1,1,1],"stim_time":[2000,2000,2000,2000,2000,2000,2000,2000,2000,2000,2000,2000,2000,2000,2000,2000,2000,2000,2000,2000],"key":[50,49,49,50,50,49,50,49,50,50,49,50,50,50,49,50,49,49,50,50],"correct":[false,false,true,true,false,true,false,false,true,true,false,false,true,true,false,false,true,true,true,true],"right_img":[2,1,1,1,2,2,1,2,1,1,1,1,1,1,1,1,2,2,1,1],"img_choice":[2,2,2,1,2,1,1,1,1,1,2,1,1,1,2,1,1,1,1,1],"center_sample":[1,3,1,1,1,3,2,1,3,3,3,1,3,3,3,2,2,3,1,3],"left_sample":[1,2,3,1,3,3,1,3,2,2,3,2,3,1,3,1,2,3,1,1],"right_sample":[2,2,2,1,1,1,2,2,3,3,1,1,2,3,1,3,1,1,1,3],"exact_match":[0,0,0,0,0,1,0,0,0,0,0,0,0,0,0,0,1,0,0,0],"RT":[[0,0,0,1379.1000001430511,0,0],[0,0,0,1457.2999999523163,0,0],[0,0,0,1246.5,0,0],[0,0,0,2216.5,0,0],[0,0,0,1240.2000000476837,0,0],[0,0,0,766.2999999523163,0,0],[0,0,0,1623.0999999046326,0,0],[0,0,0,1337.2999999523163,0,0],[0,0,0,1675.0999999046326,0,0],[0,0,0,1369.6000001430511,0,0],[0,0,0,1551.2000000476837,0,0],[0,0,0,1088.5999999046326,0,0],[0,0,0,1015.7000000476837,0,0],[0,0,0,1270.5999999046326,0,0],[0,0,0,1191,0,0],[0,0,0,1083.2999999523163,0,0],[0,0,0,1012,0,0],[0,0,0,863.8999998569489,0,0],[0,0,0,1242.0999999046326,0,0],[0,0,0,1335.7999999523163,0,0]],"response":[[0,0,0,1,0,0],[0,0,0,1,0,0],[0,0,0,1,0,0],[0,0,0,1,0,0],[0,0,0,1,0,0],[0,0,0,1,0,0],[0,0,0,1,0,0],[0,0,0,1,0,0],[0,0,0,1,0,0],[0,0,0,1,0,0],[0,0,0,1,0,0],[0,0,0,1,0,0],[0,0,0,1,0,0],[0,0,0,1,0,0],[0,0,0,1,0,0],[0,0,0,1,0,0],[0,0,0,1,0,0],[0,0,0,1,0,0],[0,0,0,1,0,0],[0,0,0,1,0,0]],"framerate":[56.39591846424137,60.0318919446083,59.763415896229226,59.99003487792725,59.97778600518327,60.034065842812005,59.796466366664866,59.95665783770768,60.02722424360394,59.96354216567704,60.0669448399432,59.471930274288646,59.99476028294472,59.93883792048929,59.82328352374288,59.98154413953139,59.78602895051963,59.940604307159425,60.03557663942223,59.98699077170715]}
