{"practice":[0,0,0,0,0,0,0,0,0,0,0,0,0,0,0,0,0,0,0,0],"center_interval":[75,0,0,100,50,25,75,75,50,75,0,75,0,50,75,50,100,75,75,100],"image_pair":[4,3,1,3,2,4,4,4,3,1,1,3,4,1,3,3,4,1,2,3],"feature_space":[1,2,1,2,2,2,2,1,2,2,1,1,2,1,2,2,2,2,1,1],"left_img":[1,2,1,1,1,2,1,1,1,1,2,1,1,2,2,1,2,1,1,2],"img1Sample":[2,1,2,2,1,3,3,3,2,2,2,3,3,3,1,1,2,2,3,2],"img2Sample":[1,1,3,1,2,3,1,2,3,3,2,3,3,1,2,1,3,3,2,3],"stim_time":[2000,2000,2000,2000,2000,2000,2000,2000,2000,2000,2000,2000,2000,2000,2000,2000,2000,2000,2000,2000],"key":[50,50,49,49,50,49,50,49,50,50,50,49,49,50,50,50,49,50,49,49],"correct":[true,true,true,false,false,false,true,false,false,true,true,false,true,true,false,false,true,true,false,true],"right_img":[2,1,2,2,2,1,2,2,2,2,1,2,2,1,1,2,1,2,2,1],"img_choice":[2,1,1,1,2,2,2,1,2,2,1,1,1,1,1,2,2,2,1,2],"center_sample":[1,3,3,2,3,1,3,3,2,2,1,2,3,2,3,3,2,3,1,2],"left_sample":[2,1,2,2,1,3,3,3,2,2,2,3,3,1,2,1,3,2,3,3],"right_sample":[1,1,3,1,2,3,1,2,3,3,2,3,3,3,1,1,2,3,2,2],"exact_match":[0,0,0,0,0,0,0,0,0,0,0,0,1,0,0,0,0,0,0,0],"RT":[[0,0,0,1396.7000000476837,0,0],[0,0,0,937.8000001907349,0,0],[0,0,0,853.0999999046326,0,0],[0,0,0,1043.3999998569489,0,0],[0,0,0,866.7999999523163,0,0],[0,0,0,1187.9000000953674,0,0],[0,0,0,683.6000001430511,0,0],[0,0,0,674.6000001430511,0,0],[0,0,0,938.2000000476837,0,0],[0,0,0,1109.2000000476837,0,0],[0,0,0,1201.5,0,0],[0,0,0,933.1000001430511,0,0],[0,0,0,1494.2000000476837,0,0],[0,0,0,1089.1999998092651,0,0],[0,0,0,1067.8999998569489,0,0],[0,0,0,903.9000000953674,0,0],[0,0,0,759.5,0,0],[0,0,0,1102,0,0],[0,0,0,956.5,0,0],[0,0,0,839.6999998092651,0,0]],"response":[[0,0,0,1,0,0],[0,0,0,1,0,0],[0,0,0,1,0,0],[0,0,0,1,0,0],[0,0,0,1,0,0],[0,0,0,1,0,0],[0,0,0,1,0,0],[0,0,0,1,0,0],[0,0,0,1,0,0],[0,0,0,1,0,0],[0,0,0,1,0,0],[0,0,0,1,0,0],[0,0,0,1,0,0],[0,0,0,1,0,0],[0,0,0,1,0,0],[0,0,0,1,0,0],[0,0,0,1,0,0],[0,0,0,1,0,0],[0,0,0,1,0,0],[0,0,0,1,0,0]],"framerate":[60.010001664218805,59.9952003847321,59.979824970304584,59.95795156569185,60.04129537134943,59.99250093738283,59.71769815092569,59.964423024208976,60.03682258375463,59.99795751707029,60.02042188699774,59.97281232431705,46.06150839655024,59.74052612978683,59.77840762690029,59.94140257198803,60.034786513416755,59.979581419091375,59.738742564332746,59.99013860891938]}
