{"practice":[0,0,0,0,0,0,0,0,0,0,0,0,0,0,0,0,0,0,0,0],"center_interval":[25,25,25,75,0,0,0,50,75,25,100,50,25,75,75,100,100,50,25,50],"image_pair":[3,4,3,2,2,2,4,4,3,1,4,4,2,2,4,2,4,3,1,3],"feature_space":[2,1,1,1,2,2,1,2,1,1,2,1,1,1,2,2,1,1,1,1],"left_img":[2,1,1,1,2,1,2,2,1,1,1,1,2,1,1,2,1,1,1,1],"img1Sample":[2,1,3,2,3,3,3,3,3,2,3,3,3,2,2,1,3,3,1,3],"img2Sample":[1,1,3,2,3,2,1,3,1,3,3,1,2,2,1,2,3,3,2,2],"key":[49,49,49,50,50,49,49,50,49,49,49,49,49,49,49,50,49,49,50,50],"correct":[false,true,true,true,true,true,false,true,false,true,false,true,false,false,false,false,false,true,false,false],"right_img":[1,2,2,2,1,2,1,1,2,2,2,2,1,2,2,1,2,2,2,2],"img_choice":[2,1,1,2,1,1,2,1,1,1,1,1,2,1,1,1,1,1,2,2],"center_sample":[2,3,3,1,2,2,2,1,2,2,1,1,2,1,2,3,1,2,3,1],"left_sample":[1,1,3,2,3,3,1,3,3,2,3,3,2,2,2,2,3,3,1,3],"right_sample":[2,1,3,2,3,2,3,3,1,3,3,1,3,2,1,1,3,3,2,2],"RT":[[0,224.70000076293945,0,0],[0,420.3999996185303,0,0],[0,140,0,0],[0,17.5,0,0],[0,24.699999809265137,0,0],[0,79.30000019073486,0,0],[0,8.699999809265137,0,0],[0,96.09999942779541,0,0],[0,178.60000038146973,0,0],[0,329.8999996185303,0,0],[0,425.6000003814697,0,0],[0,94.59999942779541,0,0],[0,77.80000019073486,0,0],[0,13.899999618530273,0,0],[0,61.09999942779541,0,0],[0,128.89999961853027,0,0],[0,168.5999994277954,0,0],[0,20.899999618530273,0,0],[0,940.4000005722046,0,0],[0,235,0,0]],"response":[[0,1,0,0],[0,1,0,0],[0,1,0,0],[0,1,0,0],[0,1,0,0],[0,1,0,0],[0,1,0,0],[0,1,0,0],[0,1,0,0],[0,1,0,0],[0,1,0,0],[0,1,0,0],[0,1,0,0],[0,1,0,0],[0,1,0,0],[0,1,0,0],[0,1,0,0],[0,1,0,0],[0,1,0,0],[0,1,0,0]],"framerate":[19.09991642047024,21.84442967834836,21.66847238389202,30.153943800185974,30.921459483769635,21.96193265007321,23.31002330138688,26.020106445890008,28.486339533514634,24.17405317827273,21.894336030461687,27.82659636012375,29.62962962962963,28.98970866945745,23.508668808451592,29.31769724304879,26.9888189046454,23.441162695643218,18.718130766429873,26.29172381685557]}
