{"practice":[1,1,1,1,1],"center_interval":[100,50,100,25,0],"image_pair":[1,4,4,4,3],"feature_space":[1,1,2,1,1],"left_img":[1,2,1,1,1],"img1Sample":[1,3,3,1,3],"img2Sample":[3,2,3,1,1],"key":[50,49,49,49,49],"correct":[true,false,false,true,true],"right_img":[2,1,2,2,2],"img_choice":[2,2,1,1,1],"center_sample":[2,1,2,1,2],"left_sample":[1,2,3,1,3],"right_sample":[3,3,3,1,1],"RT":[[0,2875.6000003814697,0,0],[0,114.89999961853027,0,0],[0,215.10000038146973,0,0],[0,176.5,0,0],[0,26.399999618530273,0,0]],"response":[[0,1,0,0],[0,1,0,0],[0,1,0,0],[0,1,0,0],[0,1,0,0]],"framerate":[18.007036596790474,29.745808529817303,27.52842609216038,28.078620150703493,23.63716946227931]}
