{"practice":[0,0,0,0,0,0,0,0,0,0,0,0,0,0,0,0,0,0,0,0],"center_interval":[50,100,100,100,0,50,75,50,100,75,50,100,25,25,0,0,100,50,25,75],"image_pair":[1,4,3,1,1,4,3,3,2,4,3,4,2,4,1,1,4,2,2,4],"feature_space":[2,1,1,1,1,1,1,2,2,1,2,1,2,2,2,1,1,2,1,1],"left_img":[1,1,1,1,2,2,2,1,1,2,1,1,1,1,2,2,2,2,1,1],"img1Sample":[2,3,2,1,2,1,3,1,1,3,3,3,3,1,1,1,1,1,2,1],"img2Sample":[1,1,3,2,2,1,3,1,1,3,2,3,1,1,2,3,3,2,3,3],"key":[50,50,50,49,50,50,50,50,50,50,49,49,49,49,49,50,50,49,49,50],"correct":[false,true,true,false,true,true,false,false,true,false,true,false,true,true,false,true,false,false,true,true],"right_img":[2,2,2,2,1,1,1,2,2,1,2,2,2,2,1,1,1,1,2,2],"img_choice":[2,2,2,1,1,1,1,2,2,1,1,1,1,1,2,1,1,2,1,2],"center_sample":[1,2,2,1,1,3,2,2,2,2,3,1,3,2,3,3,1,1,1,2],"left_sample":[2,3,2,1,2,1,3,1,1,3,3,3,3,1,2,3,3,2,2,1],"right_sample":[1,1,3,2,2,1,3,1,1,3,2,3,1,1,1,1,1,1,3,3],"RT":[[0,86.29999923706055,0,0],[0,243.5,0,0],[0,82.80000019073486,0,0],[0,72.89999961853027,0,0],[0,107.5,0,0],[0,229.9000005722046,0,0],[0,8.899999618530273,0,0],[0,150.39999961853027,0,0],[0,16.600000381469727,0,0],[0,72,0,0],[0,11.800000190734863,0,0],[0,248.10000038146973,0,0],[0,9.100000381469727,0,0],[0,84.60000038146973,0,0],[0,179.0999994277954,0,0],[0,16.90000057220459,0,0],[0,201.9000005722046,0,0],[0,282.29999923706055,0,0],[0,195,0,0],[0,24.59999942779541,0,0]],"response":[[0,1,0,0],[0,1,0,0],[0,1,0,0],[0,1,0,0],[0,1,0,0],[0,1,0,0],[0,1,0,0],[0,1,0,0],[0,1,0,0],[0,1,0,0],[0,1,0,0],[0,1,0,0],[0,1,0,0],[0,1,0,0],[0,1,0,0],[0,1,0,0],[0,1,0,0],[0,1,0,0],[0,1,0,0],[0,1,0,0]],"framerate":[29.407645972247405,24.154589382579072,29.594137526368,26.414569713557377,28.579594161973244,26.128266033254157,30.39027512123558,28.649725952336198,29.280320559669526,20.676414107388236,30.39513678790512,21.701884637350084,28.106508875739642,25.139664804469273,21.11801242236025,28.779414263567354,27.577937649880095,17.35734432272657,27.826966880752238,26.75784150376897]}
