{"practice":[0,0,0,0,0,0,0,0,0,0,0,0,0,0,0,0,0,0,0,0],"center_interval":[75,50,100,25,50,0,25,75,50,0,75,50,100,50,100,75,25,25,100,25],"image_pair":[2,2,3,2,4,2,4,2,2,2,2,1,1,1,4,4,1,1,2,2],"feature_space":[1,1,2,2,2,1,2,1,1,2,1,1,1,2,2,2,1,2,2,1],"left_img":[1,1,1,1,1,1,2,1,1,1,2,2,2,2,1,1,1,2,2,1],"img1Sample":[2,3,3,1,2,3,2,1,2,2,2,2,3,2,1,2,2,1,2,2],"img2Sample":[1,1,3,1,2,2,3,2,1,2,3,3,3,1,3,2,3,2,3,2],"key":[49,50,49,49,49,49,50,50,50,50,49,50,49,49,49,49,50,49,50,50],"correct":[false,false,false,true,true,true,true,true,false,false,true,true,true,false,false,false,false,false,false,false],"right_img":[2,2,2,2,2,2,1,2,2,2,1,1,1,1,2,2,2,1,1,2],"img_choice":[1,2,1,1,1,1,1,2,2,2,2,1,2,2,1,1,2,2,1,2],"center_sample":[3,2,1,1,3,1,2,1,2,3,3,3,2,2,1,2,2,1,1,2],"left_sample":[2,3,3,1,2,3,3,1,2,2,3,3,3,1,1,2,2,2,3,2],"right_sample":[1,1,3,1,2,2,2,2,1,2,2,2,3,2,3,2,3,1,2,2],"RT":[[0,133.9000005722046,0,0],[0,105.60000038146973,0,0],[0,125.10000038146973,0,0],[0,8.5,0,0],[0,124,0,0],[0,68.20000076293945,0,0],[0,374.5,0,0],[0,222.30000019073486,0,0],[0,105.89999961853027,0,0],[0,95.19999980926514,0,0],[0,156.89999961853027,0,0],[0,235.5,0,0],[0,87.5,0,0],[0,110.10000038146973,0,0],[0,58.10000038146973,0,0],[0,306.1000003814697,0,0],[0,178.30000019073486,0,0],[0,152.60000038146973,0,0],[0,7.100000381469727,0,0],[0,142.20000076293945,0,0]],"response":[[0,1,0,0],[0,1,0,0],[0,1,0,0],[0,1,0,0],[0,1,0,0],[0,1,0,0],[0,1,0,0],[0,1,0,0],[0,1,0,0],[0,1,0,0],[0,1,0,0],[0,1,0,0],[0,1,0,0],[0,1,0,0],[0,1,0,0],[0,1,0,0],[0,1,0,0],[0,1,0,0],[0,1,0,0],[0,1,0,0]],"framerate":[28.84111168654824,27.520640493492984,22.818791946308725,28.508077305788674,27.225701047664334,27.842907401262057,24.217961654894047,23.937761819269898,23.374123464239982,31.550265300419138,26.259250411782578,23.523876740163285,31.600114918166106,24.660912434427882,27.75079784278208,20.301314251249423,28.60340752280645,24.316109422492403,28.548124002631006,22.066458965957256]}
