{"practice":[0,0,0,0,0,0,0,0,0,0,0,0,0,0,0,0,0,0,0,0],"center_interval":[100,25,100,75,100,75,25,25,50,0,25,100,75,100,0,0,100,50,75,50],"image_pair":[1,3,1,2,4,2,3,2,2,2,4,4,4,4,2,3,4,1,4,4],"feature_space":[1,1,2,2,2,2,2,2,2,1,1,2,2,1,1,2,1,1,2,2],"left_img":[2,2,2,1,2,2,1,2,2,2,2,1,2,1,2,1,2,1,2,2],"img1Sample":[2,3,3,1,3,3,1,2,2,1,3,2,1,3,2,3,2,2,2,2],"img2Sample":[1,2,2,2,2,1,1,1,1,3,2,2,2,3,2,1,2,3,2,3],"key":[50,50,50,49,49,50,50,50,50,49,49,49,49,49,49,50,50,49,50,49],"correct":[false,true,false,false,true,false,false,true,true,false,false,false,true,false,false,false,false,true,false,false],"right_img":[1,1,1,2,1,1,2,1,1,1,1,2,1,2,1,2,1,2,1,1],"img_choice":[1,1,1,1,2,1,2,1,1,2,2,1,2,1,2,2,1,1,1,2],"center_sample":[2,1,1,2,1,3,1,2,3,3,1,3,1,1,3,2,3,3,2,1],"left_sample":[1,2,2,1,2,1,1,1,1,3,2,2,2,3,2,3,2,2,2,3],"right_sample":[2,3,3,2,3,3,1,2,2,1,3,2,1,3,2,1,2,3,2,2],"RT":[[0,0,0,147,0,0],[0,0,0,153,0,0],[0,0,0,11,0,0],[0,0,0,47,0,0],[0,0,0,47,0,0],[0,0,0,150,0,0],[0,0,0,104,0,0],[0,0,0,106,0,0],[0,0,0,105,0,0],[0,0,0,34,0,0],[0,0,0,311,0,0],[0,0,0,6,0,0],[0,0,0,69,0,0],[0,0,0,47,0,0],[0,0,0,125,0,0],[0,0,0,78,0,0],[0,0,0,14,0,0],[0,0,0,59,0,0],[0,0,0,57,0,0],[0,0,0,23,0,0]],"response":[[0,0,0,1,0,0],[0,0,0,1,0,0],[0,0,0,1,0,0],[0,0,0,1,0,0],[0,0,0,1,0,0],[0,0,0,1,0,0],[0,0,0,1,0,0],[0,0,0,1,0,0],[0,0,0,1,0,0],[0,0,0,1,0,0],[0,0,0,1,0,0],[0,0,0,1,0,0],[0,0,0,1,0,0],[0,0,0,1,0,0],[0,0,0,1,0,0],[0,0,0,1,0,0],[0,0,0,1,0,0],[0,0,0,1,0,0],[0,0,0,1,0,0],[0,0,0,1,0,0]],"framerate":[59.99999999999999,59.99325918436131,60.03552397868562,51.56085584005612,59.97895475271834,59.99325918436131,60.01371742112483,59.99314364072677,60.03430531732418,59.99999999999999,59.97434252726107,59.9929002484913,60.00693721817551,60.021060021060016,59.98636673483299,60.02775850104094,59.9929002484913,59.972105997210605,60.01395673412422,60.007059654076954]}
