{"practice":[0,0,0,0,0,0,0,0,0,0,0,0,0,0,0,0,0,0,0,0],"center_interval":[75,100,50,0,25,75,100,25,0,0,100,0,0,50,25,100,50,25,50,50],"image_pair":[2,1,1,3,3,4,4,3,1,3,2,1,2,4,4,2,1,1,4,4],"feature_space":[2,1,2,1,1,1,1,1,1,2,1,1,1,2,1,1,2,1,1,2],"left_img":[1,2,1,1,1,1,2,1,2,2,1,2,2,1,2,1,2,2,1,1],"img1Sample":[1,3,2,3,1,2,2,2,3,3,1,3,3,1,1,2,3,1,1,2],"img2Sample":[1,3,1,1,1,1,2,3,3,3,3,2,3,2,1,2,1,3,3,2],"key":[50,50,49,50,50,50,50,50,50,50,50,50,50,49,50,50,50,50,50,50],"correct":[true,false,true,false,false,true,false,false,true,true,true,true,true,true,true,true,true,true,false,false],"right_img":[2,1,2,2,2,2,1,2,1,1,2,1,1,2,1,2,1,1,2,2],"img_choice":[2,1,1,2,2,2,1,2,1,1,2,1,1,1,1,2,1,1,2,2],"center_sample":[1,1,1,2,3,3,3,1,2,2,2,2,2,1,2,1,2,2,3,1],"left_sample":[1,3,2,3,1,2,2,2,3,3,1,2,3,1,1,2,1,3,1,2],"right_sample":[1,3,1,1,1,1,2,3,3,3,3,3,3,2,1,2,3,1,3,2],"RT":[[0,0,0,76,0,0],[0,0,0,145,0,0],[0,0,0,37,0,0],[0,0,0,82,0,0],[0,0,0,31,0,0],[0,0,0,125,0,0],[0,0,0,104,0,0],[0,0,0,188,0,0],[0,0,0,22,0,0],[0,0,0,111,0,0],[0,0,0,173,0,0],[0,0,0,69,0,0],[0,0,0,204,0,0],[0,0,0,23,0,0],[0,0,0,120,0,0],[0,0,0,132,0,0],[0,0,0,76,0,0],[0,0,0,137,0,0],[0,0,0,165,0,0],[0,0,0,6,0,0]],"response":[[0,0,0,1,0,0],[0,0,0,1,0,0],[0,0,0,1,0,0],[0,0,0,1,0,0],[0,0,0,1,0,0],[0,0,0,1,0,0],[0,0,0,1,0,0],[0,0,0,1,0,0],[0,0,0,1,0,0],[0,0,0,1,0,0],[0,0,0,1,0,0],[0,0,0,1,0,0],[0,0,0,1,0,0],[0,0,0,1,0,0],[0,0,0,1,0,0],[0,0,0,1,0,0],[0,0,0,1,0,0],[0,0,0,1,0,0],[0,0,0,1,0,0],[0,0,0,1,0,0]],"framerate":[59.96533795493934,60.02034587995931,60.021060021060016,60.00693721817551,59.98588567395907,59.98636673483299,60.01371742112483,59.99999999999999,60.007059654076954,60.01371742112483,60.00670465973852,51.628551628551634,60.0132625994695,60.028248587570616,60.006818956699625,60.02034587995931,59.94455994455995,60.02034587995931,60.01348617666891,59.9929002484913]}
