{"practice":[1,1,1,1,1],"center_interval":[0,25,100,0,100],"image_pair":[4,3,4,3,1],"feature_space":[1,1,2,1,2],"left_img":[2,2,1,2,1],"img1Sample":[1,2,2,2,2],"img2Sample":[3,3,2,3,3],"key":[50,49,49,49,50],"correct":[true,false,false,false,true],"right_img":[1,1,2,1,2],"img_choice":[1,2,1,2,2],"center_sample":[3,2,3,3,2],"left_sample":[3,3,2,3,2],"right_sample":[1,2,2,2,3],"RT":[[0,0,0,39,0,0],[0,0,0,120,0,0],[0,0,0,124,0,0],[0,0,0,71,0,0],[0,0,0,83,0,0]],"response":[[0,0,0,1,0,0],[0,0,0,1,0,0],[0,0,0,1,0,0],[0,0,0,1,0,0],[0,0,0,1,0,0]],"framerate":[59.99999999999999,60.006818956699625,59.96592844974447,60.00693721817551,60.00693721817551]}
