{"practice":[0,0,0,0,0,0,0,0,0,0,0,0,0,0,0,0,0,0,0,0],"center_interval":[100,100,0,100,100,25,100,25,50,0,0,25,0,25,0,50,100,0,50,0],"image_pair":[2,3,2,3,3,3,2,4,4,4,3,3,3,4,4,1,2,3,4,2],"feature_space":[1,2,2,2,1,2,1,1,2,1,2,2,1,2,1,1,2,2,1,1],"left_img":[2,2,1,2,1,1,2,2,1,1,2,2,2,1,1,2,2,2,1,1],"img1Sample":[2,2,3,2,3,1,1,1,3,2,3,2,1,1,3,3,1,3,1,3],"img2Sample":[2,2,3,3,2,3,2,3,2,3,1,1,3,2,1,3,1,2,1,2],"key":[49,50,49,49,50,49,50,50,49,50,50,50,49,50,49,49,50,49,50,49],"correct":[true,false,true,true,true,true,false,true,true,false,true,true,false,false,true,false,false,false,false,true],"right_img":[1,1,2,1,2,2,1,1,2,2,1,1,1,2,2,1,1,1,2,2],"img_choice":[2,1,1,2,2,1,1,1,1,2,1,1,2,2,1,2,1,2,2,1],"center_sample":[1,1,1,2,1,3,3,2,3,3,1,2,2,1,1,3,3,1,2,1],"left_sample":[2,2,3,3,3,1,2,3,3,2,1,1,3,1,3,3,1,2,1,3],"right_sample":[2,2,3,2,2,3,1,1,2,3,3,2,1,2,1,3,1,3,1,2],"RT":[[0,0,0,4,0,0],[0,0,0,128,0,0],[0,0,0,12,0,0],[0,0,0,164,0,0],[0,0,0,103,0,0],[0,0,0,104,0,0],[0,0,0,3,0,0],[0,0,0,146,0,0],[0,0,0,29,0,0],[0,0,0,11,0,0],[0,0,0,85,0,0],[0,0,0,23,0,0],[0,0,0,6,0,0],[0,0,0,30,0,0],[0,0,0,27,0,0],[0,0,0,498,0,0],[0,0,0,14,0,0],[0,0,0,305,0,0],[0,0,0,448,0,0],[0,0,0,53,0,0]],"response":[[0,0,0,1,0,0],[0,0,0,1,0,0],[0,0,0,1,0,0],[0,0,0,1,0,0],[0,0,0,1,0,0],[0,0,0,1,0,0],[0,0,0,1,0,0],[0,0,0,1,0,0],[0,0,0,1,0,0],[0,0,0,1,0,0],[0,0,0,1,0,0],[0,0,0,1,0,0],[0,0,0,1,0,0],[0,0,0,1,0,0],[0,0,0,1,0,0],[0,0,0,1,0,0],[0,0,0,1,0,0],[0,0,0,1,0,0],[0,0,0,1,0,0],[0,0,0,1,0,0]],"framerate":[60.01420454545455,60.027285129604365,59.95033699893579,59.99325918436131,60.01371742112483,59.99314364072677,60.03552397868562,59.99999999999999,59.98588567395907,59.9929002484913,59.99999999999999,59.98588567395907,60.05685856432125,59.98588567395907,59.98588567395907,60.03016591251886,59.97161107168204,59.95033699893579,53.75754251234229,59.99302406696896]}
