{"practice":[0,0,0,0,0,0,0,0,0,0,0,0,0,0,0,0,0,0,0,0],"center_interval":[100,50,0,75,75,0,75,25,25,75,75,75,25,25,50,50,50,0,75,75],"image_pair":[3,1,3,2,4,1,3,1,4,3,1,1,2,2,2,2,3,1,4,1],"feature_space":[1,2,2,2,1,2,2,1,2,1,2,2,2,1,2,2,2,1,2,2],"left_img":[2,1,2,1,2,1,2,2,2,1,2,2,1,2,2,1,2,1,2,1],"img1Sample":[1,3,2,2,1,2,3,3,2,1,1,1,2,1,1,2,1,2,2,3],"img2Sample":[3,1,2,2,2,1,2,1,2,1,3,2,3,2,2,2,3,2,2,2],"key":[null,null,null,null,null,null,null,null,null,null,null,null,null,null,null,null,null,null,null,null],"correct":[null,null,null,null,null,null,null,null,null,null,null,null,null,null,null,null,null,null,null,null],"right_img":[1,2,1,2,1,2,1,1,1,2,1,1,2,1,1,2,1,2,1,2],"img_choice":[null,null,null,null,null,null,null,null,null,null,null,null,null,null,null,null,null,null,null,null],"center_sample":[1,1,1,3,3,3,3,1,3,2,1,1,2,1,3,1,2,1,3,1],"left_sample":[3,3,2,2,2,2,2,1,2,1,3,2,2,2,2,2,3,2,2,3],"right_sample":[1,1,2,2,1,1,3,3,2,1,1,1,3,1,1,2,1,2,2,2],"RT":[[0,0,0,0],[0,0,0,0],[0,0,0,0],[0,0,0,0],[0,0,0,0],[0,0,0,0],[0,0,0,0],[0,0,0,0],[0,0,0,0],[0,0,0,0],[0,0,0,0],[0,0,0,0],[0,0,0,0],[0,0,0,0],[0,0,0,0],[0,0,0,0],[0,0,0,0],[0,0,0,0],[0,0,0,0],[0,0,0,0]],"response":[[0,1,0,0],[0,1,0,0],[0,1,0,0],[0,1,0,0],[0,1,0,0],[0,1,0,0],[0,1,0,0],[0,1,0,0],[0,1,0,0],[0,1,0,0],[0,1,0,0],[0,1,0,0],[0,1,0,0],[0,1,0,0],[0,1,0,0],[0,1,0,0],[0,1,0,0],[0,1,0,0],[0,1,0,0],[0,1,0,0]],"framerate":[13.17194731221075,10.400141018861273,10.318448674613059,11.634150706998389,14.062225347161188,10.660980810234541,10.683760683760685,10.725777618877368,10.060007059654078,11.041852181656278,10.659086871558003,10.301953818827709,10.329474621549421,10.657193605683837,10.305614783226725,9.846043680630148,12.980085348506401,10.34975017844397,11.74586225306994,10.492619598079317]}
