{"practice":[0,0,0,0,0,0,0,0,0,0,0,0,0,0,0,0,0,0,0,0],"center_interval":[25,75,100,25,100,100,25,50,0,0,25,50,100,0,75,25,0,25,25,75],"image_pair":[2,3,4,2,3,1,1,2,1,2,2,1,2,3,3,1,4,2,4,1],"feature_space":[2,1,2,2,2,1,2,1,1,2,2,1,2,2,2,1,1,1,2,2],"left_img":[2,2,1,1,1,1,2,2,2,2,1,2,2,2,2,2,1,1,2,2],"img1Sample":[1,3,3,1,2,1,3,1,3,2,3,3,1,2,1,1,3,2,2,3],"img2Sample":[3,3,3,2,2,1,1,1,2,2,2,3,2,2,2,2,1,2,3,3],"key":[null,null,null,null,null,null,null,null,null,null,null,null,null,null,null,null,null,null,null,null],"correct":[null,null,null,null,null,null,null,null,null,null,null,null,null,null,null,null,null,null,null,null],"right_img":[1,1,2,2,2,2,1,1,1,1,2,1,1,1,1,1,2,2,1,1],"img_choice":[null,null,null,null,null,null,null,null,null,null,null,null,null,null,null,null,null,null,null,null],"center_sample":[1,2,1,2,1,2,1,3,1,3,2,3,3,1,3,3,2,1,2,1],"left_sample":[3,3,3,1,2,1,1,1,2,2,3,3,2,2,2,2,3,2,3,3],"right_sample":[1,3,3,2,2,1,3,1,3,2,2,3,1,2,1,1,1,2,2,3],"RT":[[0,0,0,0],[0,0,0,0],[0,0,0,0],[0,0,0,0],[0,0,0,0],[0,0,0,0],[0,0,0,0],[0,0,0,0],[0,0,0,0],[0,0,0,0],[0,0,0,0],[0,0,0,0],[0,0,0,0],[0,0,0,0],[0,0,0,0],[0,0,0,0],[0,0,0,0],[0,0,0,0],[0,0,0,0],[0,0,0,0]],"response":[[0,1,0,0],[0,1,0,0],[0,1,0,0],[0,1,0,0],[0,1,0,0],[0,1,0,0],[0,1,0,0],[0,1,0,0],[0,1,0,0],[0,1,0,0],[0,1,0,0],[0,1,0,0],[0,1,0,0],[0,1,0,0],[0,1,0,0],[0,1,0,0],[0,1,0,0],[0,1,0,0],[0,1,0,0],[0,1,0,0]],"framerate":[16.34974231384397,12.768221315836142,15.494211932324133,10.66477070742979,9.830205540661304,16.882886084947575,16.906922940024916,10.786914235190098,10.836738319417304,10.488888888888889,9.788218544224952,14.034464380884705,9.994645725504194,11.01830460280789,11.750044507744347,10.842516885886953,16.527456904211835,12.619978670458586,10.325796688623821,11.205976520811099]}
