{"practice":[1,1,1,1,1],"center_interval":[50,25,100,25,0],"image_pair":[3,3,2,4,1],"feature_space":[1,2,1,2,2],"left_img":[2,1,1,2,1],"img1Sample":[3,2,1,2,1],"img2Sample":[2,1,2,2,3],"key":[null,null,null,null,null],"correct":[null,null,null,null,null],"right_img":[1,2,2,1,2],"img_choice":[null,null,null,null,null],"center_sample":[3,1,1,2,2],"left_sample":[2,2,1,2,1],"right_sample":[3,1,2,2,3],"RT":[[0,0,0,0],[0,0,0,0],[0,0,0,0],[0,0,0,0],[0,0,0,0]],"response":[[0,1,0,0],[0,1,0,0],[0,1,0,0],[0,1,0,0],[0,1,0,0]],"framerate":[23.27647476901208,16.72002845962291,16.51278409090909,16.37884991988606,15.90421729807005]}
