{"practice":[1,1,1,1,1],"center_interval":[100,25,0,100,75],"image_pair":[1,1,2,2,3],"feature_space":[2,1,1,1,1],"left_img":[2,1,2,2,2],"img1Sample":[1,3,3,1,3],"img2Sample":[1,1,2,1,3],"key":[50,50,49,49,49],"correct":[false,false,false,true,true],"right_img":[1,2,1,1,1],"img_choice":[1,2,2,2,2],"center_sample":[3,3,1,3,3],"left_sample":[1,3,2,1,3],"right_sample":[1,1,3,1,3],"RT":[[0,1320.1000001430511,0,0],[0,1458.7000000476837,0,0],[0,954.2999999523163,0,0],[0,1376.7000000476837,0,0],[0,1402.6000001430511,0,0]],"response":[[0,1,0,0],[0,1,0,0],[0,1,0,0],[0,1,0,0],[0,1,0,0]],"framerate":[59.9948280320662,60.00774293872637,59.99489405339595,60.007059649748335,60.0049590875279]}
