{"practice":[0,0,0,0,0,0,0,0,0,0,0,0,0,0,0,0,0,0,0,0],"center_interval":[50,50,75,100,0,100,50,100,100,75,0,0,50,0,0,0,100,0,0,75],"image_pair":[4,4,1,2,1,2,4,4,2,1,3,3,3,3,3,2,3,3,1,3],"feature_space":[1,2,2,2,2,2,1,2,1,1,2,1,2,2,1,1,1,2,2,2],"left_img":[2,1,1,2,1,2,2,1,2,2,1,1,1,1,1,1,2,1,2,1],"img1Sample":[3,1,3,1,1,2,1,3,1,2,1,2,3,2,3,3,3,1,1,1],"img2Sample":[1,1,2,2,1,3,1,1,2,3,3,2,1,2,3,3,2,1,2,3],"key":[49,50,50,49,49,50,49,50,50,49,49,50,49,49,49,49,50,49,49,50],"correct":[false,false,true,true,true,false,false,true,false,true,true,false,true,true,true,true,false,true,false,true],"right_img":[1,2,2,1,2,1,1,2,1,1,2,2,2,2,2,2,1,2,1,2],"img_choice":[2,2,2,2,1,1,2,2,1,2,1,2,1,1,1,1,1,1,2,2],"center_sample":[3,2,2,1,2,2,2,2,1,2,3,3,2,3,2,1,1,2,3,3],"left_sample":[1,1,3,2,1,3,1,3,2,3,1,2,3,2,3,3,2,1,2,1],"right_sample":[3,1,2,1,1,2,1,1,1,2,3,2,1,2,3,3,3,1,1,3],"RT":[[0,1322.7000000476837,0,0],[0,1955.1999998092651,0,0],[0,1564.1000001430511,0,0],[0,2093.2000000476837,0,0],[0,1763.7999999523163,0,0],[0,1663.6000001430511,0,0],[0,1590.7999999523163,0,0],[0,1257.2000000476837,0,0],[0,1958.6000001430511,0,0],[0,2541.5,0,0],[0,1755.7999999523163,0,0],[0,1328.0999999046326,0,0],[0,1341.0999999046326,0,0],[0,1255.2999999523163,0,0],[0,1579.3999998569489,0,0],[0,1896.5999999046326,0,0],[0,1581.5,0,0],[0,1605.2999999523163,0,0],[0,1511,0,0],[0,1576.7000000476837,0,0]],"response":[[0,1,0,0],[0,1,0,0],[0,1,0,0],[0,1,0,0],[0,1,0,0],[0,1,0,0],[0,1,0,0],[0,1,0,0],[0,1,0,0],[0,1,0,0],[0,1,0,0],[0,1,0,0],[0,1,0,0],[0,1,0,0],[0,1,0,0],[0,1,0,0],[0,1,0,0],[0,1,0,0],[0,1,0,0],[0,1,0,0]],"framerate":[59.99793110286446,59.99922078822575,60.00461573967229,60.008890208076345,60.00169019087391,60.00705965155193,59.975464580071915,60.01500375707156,60.02494542852095,60.001904825100276,60.00422564969364,60.00413821494868,59.996923230304795,60.01178803132486,59.97893869590222,60.024009603841534,60.00641289515643,59.99368487914754,60.01606728954899,55.42323195793842]}
