{"practice":[0,0,0,0,0,0,0,0,0,0,0,0,0,0,0,0,0,0,0,0],"center_interval":[100,75,0,25,50,75,25,50,75,100,0,50,75,0,100,25,100,50,100,0],"image_pair":[1,2,3,1,3,3,2,4,1,4,3,2,4,3,3,3,2,1,1,3],"feature_space":[2,1,1,2,2,1,2,2,2,2,2,2,2,1,2,1,2,1,2,1],"left_img":[2,1,2,2,1,2,2,2,1,2,1,1,1,2,1,2,1,1,2,2],"img1Sample":[1,3,1,3,1,3,1,2,1,3,2,1,1,3,3,3,3,3,3,3],"img2Sample":[2,1,1,2,2,1,1,1,2,2,1,3,3,1,1,2,2,3,3,3],"key":[49,50,49,49,50,50,49,50,49,50,50,49,50,49,49,49,50,49,50,49],"correct":[true,true,false,false,false,false,false,true,false,false,false,true,true,false,false,false,true,true,false,false],"right_img":[1,2,1,1,2,1,1,1,2,1,2,2,2,1,2,1,2,2,1,1],"img_choice":[2,2,2,2,2,1,2,1,1,1,2,1,2,2,1,2,2,1,1,2],"center_sample":[3,1,3,2,1,1,3,3,1,1,1,3,1,1,3,3,1,2,2,1],"left_sample":[2,3,1,2,1,1,1,1,1,2,2,1,1,1,3,2,3,3,3,3],"right_sample":[1,1,1,3,2,3,1,2,2,3,1,3,3,3,1,3,2,3,3,3],"RT":[[0,1377.0999999046326,0,0],[0,1526.1999998092651,0,0],[0,1524.5,0,0],[0,2076.4000000953674,0,0],[0,1393.2000000476837,0,0],[0,1536.1999998092651,0,0],[0,1391.0999999046326,0,0],[0,939.1000001430511,0,0],[0,1196.7000000476837,0,0],[0,1499.7000000476837,0,0],[0,1375.8000001907349,0,0],[0,976,0,0],[0,1287.7000000476837,0,0],[0,3030.0999999046326,0,0],[0,1574.7999999523163,0,0],[0,1771.4000000953674,0,0],[0,1204.2999999523163,0,0],[0,1382.2999999523163,0,0],[0,1912.5999999046326,0,0],[0,1086.6999998092651,0,0]],"response":[[0,1,0,0],[0,1,0,0],[0,1,0,0],[0,1,0,0],[0,1,0,0],[0,1,0,0],[0,1,0,0],[0,1,0,0],[0,1,0,0],[0,1,0,0],[0,1,0,0],[0,1,0,0],[0,1,0,0],[0,1,0,0],[0,1,0,0],[0,1,0,0],[0,1,0,0],[0,1,0,0],[0,1,0,0],[0,1,0,0]],"framerate":[60.007059649748335,60.00375023975474,60.00656321382776,60.00074535194017,60.00300014714619,60.00837326670963,60.00300014714619,60.00387121380578,60.00666740907954,53.859964095784036,60.00100842175217,60.00884340307982,60.00315806546845,59.99889910119394,60.01191075829256,60.003356835953646,60.0055050922103,60.00403388318817,60.0087429968054,60.00352961602307]}
