{"practice":[0,0,0,0,0,0,0,0,0,0,0,0,0,0,0,0,0,0,0,0],"center_interval":[50,50,25,50,50,0,50,75,0,100,50,25,0,50,25,25,25,50,25,50],"image_pair":[3,1,3,3,2,4,1,3,2,4,1,3,4,4,4,3,3,3,1,4],"feature_space":[2,1,2,2,1,2,2,1,2,1,1,2,2,1,1,2,1,1,2,1],"left_img":[1,1,1,2,1,2,1,1,1,1,1,2,2,1,1,2,1,2,2,2],"img1Sample":[1,3,3,2,2,1,1,1,3,1,1,2,3,2,3,1,3,3,3,3],"img2Sample":[3,3,3,3,1,1,3,2,3,2,3,2,1,3,2,3,3,1,3,2],"key":[50,49,49,49,50,49,null,49,null,50,49,49,50,null,null,49,50,49,49,50],"correct":[false,true,true,false,false,false,null,false,null,true,true,false,true,null,null,false,false,false,false,true],"right_img":[2,2,2,1,2,1,2,2,2,2,2,1,1,2,2,1,2,1,1,1],"img_choice":[2,1,1,2,2,2,null,1,null,2,1,2,1,null,null,2,2,2,2,1],"center_sample":[1,1,1,3,2,3,3,2,1,1,3,1,1,1,2,2,3,3,2,2],"left_sample":[1,3,3,3,2,1,1,1,3,1,1,2,1,2,3,3,3,1,3,2],"right_sample":[3,3,3,2,1,1,3,2,3,2,3,2,3,3,2,1,3,3,3,3],"RT":[[0,0,0,2130,0,0],[0,0,0,2083,0,0],[0,0,0,1961,0,0],[0,0,0,3727,0,0],[0,0,0,3112,0,0],[0,0,0,2816,0,0],[0,0,0,0,0,0],[0,0,0,4493,0,0],[0,0,0,0,0,0],[0,0,0,3360,0,0],[0,0,0,2017,0,0],[0,0,0,1426,0,0],[0,0,0,2323,0,0],[0,0,0,0,0,0],[0,0,0,0,0,0],[0,0,0,1492,0,0],[0,0,0,1940,0,0],[0,0,0,1756,0,0],[0,0,0,1957,0,0],[0,0,0,2115,0,0]],"response":[[0,0,0,1,0,0],[0,0,0,1,0,0],[0,0,0,1,0,0],[0,0,0,1,0,0],[0,0,0,1,0,0],[0,0,0,1,0,0],[0,0,0,1,0,0],[0,0,0,1,0,0],[0,0,0,1,0,0],[0,0,0,1,0,0],[0,0,0,1,0,0],[0,0,0,1,0,0],[0,0,0,1,0,0],[0,0,0,1,0,0],[0,0,0,1,0,0],[0,0,0,1,0,0],[0,0,0,1,0,0],[0,0,0,1,0,0],[0,0,0,1,0,0],[0,0,0,1,0,0]],"framerate":[17.328228893814224,20.57445508250153,15.772870662460567,11.097598054119794,18.08043257857384,14.925373134328359,13.9546792984253,15.73402654261869,15.225179119754351,14.715394566623544,15.68951279933939,15.650936684847048,14.61988304093567,15.618998847778775,12.285641156897876,14.716187806587246,16.085230833507417,13.163668275559456,12.128816394813885,15.278060704827867]}
