{"practice":[0,0,0,0,0,0,0,0,0,0,0,0,0,0,0,0,0,0,0,0],"center_interval":[75,0,75,50,75,50,0,50,50,25,100,75,75,25,75,25,25,100,100,50],"image_pair":[2,3,2,4,2,3,2,2,4,2,4,3,2,3,1,4,1,3,3,2],"feature_space":[1,1,2,1,2,2,1,1,2,1,2,2,1,1,1,2,1,2,2,1],"left_img":[2,2,1,1,1,2,1,1,2,2,1,1,2,1,1,2,2,1,1,2],"img1Sample":[1,2,2,1,2,1,2,2,2,1,1,3,1,2,2,1,2,3,2,3],"img2Sample":[1,3,2,3,1,3,2,1,2,1,3,1,2,2,3,3,1,3,3,2],"key":[49,50,49,50,50,49,50,49,50,49,50,50,49,50,49,49,49,50,50,49],"correct":[true,true,false,false,true,false,false,true,true,false,true,true,true,false,false,false,false,true,true,false],"right_img":[1,1,2,2,2,1,2,2,1,1,2,2,1,2,2,1,1,2,2,1],"img_choice":[2,1,1,2,2,2,2,1,1,2,2,2,2,2,1,2,2,2,2,2],"center_sample":[3,3,3,2,3,1,3,1,2,1,1,3,3,2,3,2,3,2,1,1],"left_sample":[1,3,2,1,2,3,2,2,2,1,1,3,2,2,2,3,1,3,2,2],"right_sample":[1,2,2,3,1,1,2,1,2,1,3,1,1,2,3,1,2,3,3,3],"RT":[[0,0,0,1391,0,0],[0,0,0,3047,0,0],[0,0,0,141,0,0],[0,0,0,1607,0,0],[0,0,0,1828,0,0],[0,0,0,1991,0,0],[0,0,0,1673,0,0],[0,0,0,1598,0,0],[0,0,0,3096,0,0],[0,0,0,2142,0,0],[0,0,0,3516,0,0],[0,0,0,4701,0,0],[0,0,0,3335,0,0],[0,0,0,2837,0,0],[0,0,0,2401,0,0],[0,0,0,3313,0,0],[0,0,0,1797,0,0],[0,0,0,1193,0,0],[0,0,0,3159,0,0],[0,0,0,2854,0,0]],"response":[[0,0,0,1,0,0],[0,0,0,1,0,0],[0,0,0,1,0,0],[0,0,0,1,0,0],[0,0,0,1,0,0],[0,0,0,1,0,0],[0,0,0,1,0,0],[0,0,0,1,0,0],[0,0,0,1,0,0],[0,0,0,1,0,0],[0,0,0,1,0,0],[0,0,0,1,0,0],[0,0,0,1,0,0],[0,0,0,1,0,0],[0,0,0,1,0,0],[0,0,0,1,0,0],[0,0,0,1,0,0],[0,0,0,1,0,0],[0,0,0,1,0,0],[0,0,0,1,0,0]],"framerate":[20.30093145450203,18.842301816329993,20.37351443123939,20.30685920577617,16.9637105432682,17.987868646726625,20.137198495242313,19.21757035003432,18.91136326262128,18.60088960776385,20.182907600126143,15.026595744680852,15.372035977105476,17.232284156848955,21.46004981797279,15.777488614183474,20.095073465859983,16.385177716158307,14.497528830313014,16.171559149235367]}
