{"practice":[0,0,0,0,0,0,0,0,0,0,0,0,0,0,0,0,0,0,0,0],"center_interval":[0,75,50,50,75,100,0,0,25,25,25,75,25,0,75,0,100,25,50,0],"image_pair":[2,2,1,3,2,3,4,3,2,1,2,1,3,3,1,1,1,3,4,1],"feature_space":[2,2,2,1,1,2,1,2,2,2,1,2,2,2,2,1,1,2,2,1],"left_img":[2,2,2,2,1,1,1,1,2,2,1,2,1,1,2,2,1,1,1,1],"img1Sample":[1,1,1,1,3,2,1,2,1,2,2,3,1,3,2,1,2,2,3,2],"img2Sample":[3,1,1,2,3,3,2,1,3,2,2,2,3,2,2,1,1,2,2,3],"key":[49,50,49,null,49,50,49,49,50,49,50,49,49,49,49,49,49,50,49,49],"correct":[false,false,false,null,false,true,true,true,true,false,false,true,true,true,true,false,false,false,true,true],"right_img":[1,1,1,1,2,2,2,2,1,1,2,1,2,2,1,1,2,2,2,2],"img_choice":[2,1,2,null,1,2,1,1,1,2,2,2,1,1,2,2,1,2,1,1],"center_sample":[2,1,3,2,3,1,3,1,1,2,2,2,2,2,3,3,3,1,1,1],"left_sample":[3,1,1,2,3,2,1,2,3,2,2,2,1,3,2,1,2,2,3,2],"right_sample":[1,1,1,1,3,3,2,1,1,2,2,3,3,2,2,1,1,2,2,3],"RT":[[0,0,0,2022,0,0],[0,0,0,2208,0,0],[0,0,0,4179,0,0],[0,0,0,0,0,0],[0,0,0,2751,0,0],[0,0,0,3421,0,0],[0,0,0,3257,0,0],[0,0,0,1389,0,0],[0,0,0,3992,0,0],[0,0,0,585,0,0],[0,0,0,1201,0,0],[0,0,0,703,0,0],[0,0,0,813,0,0],[0,0,0,632,0,0],[0,0,0,3940,0,0],[0,0,0,407,0,0],[0,0,0,2986,0,0],[0,0,0,5020,0,0],[0,0,0,2034,0,0],[0,0,0,1236,0,0]],"response":[[0,0,0,1,0,0],[0,0,0,1,0,0],[0,0,0,1,0,0],[0,0,0,1,0,0],[0,0,0,1,0,0],[0,0,0,1,0,0],[0,0,0,1,0,0],[0,0,0,1,0,0],[0,0,0,1,0,0],[0,0,0,1,0,0],[0,0,0,1,0,0],[0,0,0,1,0,0],[0,0,0,1,0,0],[0,0,0,1,0,0],[0,0,0,1,0,0],[0,0,0,1,0,0],[0,0,0,1,0,0],[0,0,0,1,0,0],[0,0,0,1,0,0],[0,0,0,1,0,0]],"framerate":[18.65671641791045,17.697355339033606,19.75379330088749,18.26542342572487,15.318075328888089,12.586735517185737,7.0514922925549355,7.65733429050012,7.141816061798572,9.556907037358817,8.67195242814668,9.322731011790513,8.969828757814623,8.549444286121402,7.491186839012926,10.429447852760736,7.734616706772086,8.133180836192654,9.046052631578947,8.347655290940338]}
