{"practice":[0,0,0,0,0,0,0,0,0,0,0,0,0,0,0,0,0,0,0,0],"center_interval":[25,25,100,50,50,75,50,100,75,50,50,100,100,0,100,50,75,75,50,50],"image_pair":[1,1,3,1,2,4,1,2,1,4,4,1,2,3,3,2,1,4,3,1],"feature_space":[1,2,2,1,1,1,1,2,2,1,1,1,1,2,2,2,2,1,1,1],"left_img":[2,2,2,2,1,2,1,1,2,2,2,2,2,2,1,2,1,2,2,1],"img1Sample":[1,2,2,2,3,3,1,3,2,3,2,3,1,2,1,1,2,3,1,2],"img2Sample":[2,2,1,2,2,2,3,1,3,3,2,3,1,2,3,2,1,1,2,3],"key":[null,49,null,49,50,49,50,50,49,49,50,null,49,null,50,49,null,49,null,49],"correct":[null,false,null,false,false,true,false,true,true,false,true,null,true,null,true,false,null,true,null,true],"right_img":[1,1,1,1,2,1,2,2,1,1,1,1,1,1,2,1,2,1,1,2],"img_choice":[null,2,null,2,2,2,2,2,2,2,1,null,2,null,2,2,null,2,null,1],"center_sample":[1,3,3,1,2,2,2,3,2,1,1,1,2,3,1,1,3,2,3,2],"left_sample":[2,2,1,2,3,2,1,3,3,3,2,3,1,2,1,2,2,1,2,2],"right_sample":[1,2,2,2,2,3,3,1,2,3,2,3,1,2,3,1,1,3,1,3],"RT":[[0,0,0,0,0,0],[0,0,0,4306,0,0],[0,0,0,0,0,0],[0,0,0,2125,0,0],[0,0,0,3118,0,0],[0,0,0,539,0,0],[0,0,0,3846,0,0],[0,0,0,5073,0,0],[0,0,0,3641,0,0],[0,0,0,2517,0,0],[0,0,0,2325,0,0],[0,0,0,0,0,0],[0,0,0,3210,0,0],[0,0,0,0,0,0],[0,0,0,3568,0,0],[0,0,0,4250,0,0],[0,0,0,0,0,0],[0,0,0,2494,0,0],[0,0,0,0,0,0],[0,0,0,4469,0,0]],"response":[[0,0,0,1,0,0],[0,0,0,1,0,0],[0,0,0,1,0,0],[0,0,0,1,0,0],[0,0,0,1,0,0],[0,0,0,1,0,0],[0,0,0,1,0,0],[0,0,0,1,0,0],[0,0,0,1,0,0],[0,0,0,1,0,0],[0,0,0,1,0,0],[0,0,0,1,0,0],[0,0,0,1,0,0],[0,0,0,1,0,0],[0,0,0,1,0,0],[0,0,0,1,0,0],[0,0,0,1,0,0],[0,0,0,1,0,0],[0,0,0,1,0,0],[0,0,0,1,0,0]],"framerate":[15.990789305360112,13.756316676024705,12.560881825173032,12.800620636152056,7.5389512481152625,9.425878320479862,7.703703703703703,7.544322897019992,7.592190889370932,7.299270072992701,6.733358984224703,7.5331971399387125,8.077810748433894,7.450980392156862,6.826456310679612,6.981051431827896,7.207890743550835,8.022388059701493,7.807500319979521,8]}
