{"practice":[0,0,0,0,0,0,0,0,0,0,0,0,0,0,0,0,0,0,0,0],"center_interval":[75,0,75,0,75,50,75,25,75,100,100,75,100,25,50,25,100,75,0,50],"image_pair":[2,2,1,3,1,2,4,1,2,4,2,2,4,2,2,1,4,2,3,1],"feature_space":[2,1,1,2,1,1,2,1,1,1,2,2,2,1,2,1,1,2,1,2],"left_img":[1,1,1,2,1,1,2,1,2,1,1,2,1,1,2,2,2,2,2,1],"img1Sample":[1,1,3,1,2,1,1,3,3,3,3,1,1,2,2,3,1,1,1,3],"img2Sample":[3,3,3,2,2,2,1,2,2,3,3,2,2,1,1,1,3,3,2,2],"key":[49,50,null,50,null,50,49,50,null,50,49,null,50,50,null,50,50,49,50,49],"correct":[false,false,null,true,null,false,true,false,null,true,false,null,true,false,null,true,false,true,true,true],"right_img":[2,2,2,1,2,2,1,2,1,2,2,1,2,2,1,1,1,1,1,2],"img_choice":[1,2,null,1,null,2,2,2,null,2,1,null,2,2,null,1,1,2,1,1],"center_sample":[3,3,3,3,3,1,3,2,2,2,1,2,1,1,2,2,2,2,2,2],"left_sample":[1,1,3,2,2,1,1,3,2,3,3,2,1,2,1,1,3,3,2,3],"right_sample":[3,3,3,1,2,2,1,2,3,3,3,1,2,1,2,3,1,1,1,2],"RT":[[0,0,0,2759,0,0],[0,0,0,4608,0,0],[0,0,0,0,0,0],[0,0,0,3398,0,0],[0,0,0,0,0,0],[0,0,0,348,0,0],[0,0,0,2105,0,0],[0,0,0,1328,0,0],[0,0,0,0,0,0],[0,0,0,518,0,0],[0,0,0,1102,0,0],[0,0,0,0,0,0],[0,0,0,4616,0,0],[0,0,0,2917,0,0],[0,0,0,0,0,0],[0,0,0,4053,0,0],[0,0,0,2815,0,0],[0,0,0,3653,0,0],[0,0,0,2483,0,0],[0,0,0,2773,0,0]],"response":[[0,0,0,1,0,0],[0,0,0,1,0,0],[0,0,0,1,0,0],[0,0,0,1,0,0],[0,0,0,1,0,0],[0,0,0,1,0,0],[0,0,0,1,0,0],[0,0,0,1,0,0],[0,0,0,1,0,0],[0,0,0,1,0,0],[0,0,0,1,0,0],[0,0,0,1,0,0],[0,0,0,1,0,0],[0,0,0,1,0,0],[0,0,0,1,0,0],[0,0,0,1,0,0],[0,0,0,1,0,0],[0,0,0,1,0,0],[0,0,0,1,0,0],[0,0,0,1,0,0]],"framerate":[15.080789946140035,13.995424572735836,14.22475106685633,7.941550190597204,8.072783188108662,8.852355358836547,9.445337620578778,9.093084469968892,8.382016764033528,9.237187127532776,7.37725769524294,8.029569207239357,7.606084867894315,7.621687164385934,6.175126590095097,5.792903692976104,5.611081886726285,5.012150668286756,5.426917510853834,5.678793256433008]}
