{"practice":[1,1,1,1,1],"center_interval":[50,0,50,75,0],"image_pair":[3,3,1,2,4],"feature_space":[2,2,2,2,1],"left_img":[1,2,2,1,2],"img1Sample":[1,3,2,2,3],"img2Sample":[2,2,3,2,3],"key":[49,50,null,50,49],"correct":[true,true,null,true,false],"right_img":[2,1,1,2,1],"img_choice":[1,1,null,2,2],"center_sample":[3,2,1,3,2],"left_sample":[1,2,3,2,3],"right_sample":[2,3,2,2,3],"RT":[[0,0,0,2797,0,0],[0,0,0,3505,0,0],[0,0,0,0,0,0],[0,0,0,3147,0,0],[0,0,0,1219,0,0]],"response":[[0,0,0,1,0,0],[0,0,0,1,0,0],[0,0,0,1,0,0],[0,0,0,1,0,0],[0,0,0,1,0,0]],"framerate":[20.444444444444446,18.847006651884698,20.4211869814933,18.236573531872175,23.29941081949652]}
