{"practice":[0,0,0,0,0,0,0,0,0,0,0,0,0,0,0,0,0,0,0,0],"center_interval":[100,100,0,25,100,50,100,25,25,100,50,100,50,100,100,50,100,75,100,75],"image_pair":[1,4,4,3,4,3,1,2,1,2,4,4,3,2,1,1,1,4,3,2],"feature_space":[1,1,2,1,2,1,2,1,1,2,1,2,2,1,1,1,1,2,1,2],"left_img":[2,1,1,2,2,1,2,2,2,1,2,2,1,2,1,2,1,2,1,1],"img1Sample":[3,1,3,1,1,3,3,1,1,1,3,2,1,2,1,2,1,3,3,3],"img2Sample":[1,3,2,3,2,3,1,1,3,3,3,2,1,2,3,3,1,3,1,3],"key":[49,50,49,49,50,49,49,50,49,50,49,50,49,50,50,49,50,49,50,49],"correct":[true,true,true,false,false,true,true,true,false,true,false,false,true,false,true,false,true,true,true,false],"right_img":[1,2,2,1,1,2,1,1,1,2,1,1,2,1,2,1,2,1,2,2],"img_choice":[2,2,1,2,1,1,2,1,2,2,2,1,1,1,2,2,2,2,2,1],"center_sample":[2,2,1,1,3,1,2,3,1,2,3,1,1,3,1,2,3,2,2,2],"left_sample":[1,1,3,3,2,3,1,1,3,1,3,2,1,2,1,3,1,3,3,3],"right_sample":[3,3,2,1,1,3,3,1,1,3,3,2,1,2,3,2,1,3,1,3],"RT":[[0,157,0,0],[0,107,0,0],[0,245,0,0],[0,159,0,0],[0,82,0,0],[0,238,0,0],[0,275,0,0],[0,317,0,0],[0,23,0,0],[0,77,0,0],[0,286,0,0],[0,124,0,0],[0,114,0,0],[0,88,0,0],[0,17,0,0],[0,24,0,0],[0,166,0,0],[0,103,0,0],[0,143,0,0],[0,129,0,0]],"response":[[0,1,0,0],[0,1,0,0],[0,1,0,0],[0,1,0,0],[0,1,0,0],[0,1,0,0],[0,1,0,0],[0,1,0,0],[0,1,0,0],[0,1,0,0],[0,1,0,0],[0,1,0,0],[0,1,0,0],[0,1,0,0],[0,1,0,0],[0,1,0,0],[0,1,0,0],[0,1,0,0],[0,1,0,0],[0,1,0,0]],"framerate":[27.814569536423843,30.178326474622775,27.874564459930312,29.224904701397712,30.12912482065997,27.972027972027973,29.27927927927928,26.997840172786177,31.595576619273302,30.215827338129497,21.064301552106432,28.767123287671236,28.806584362139915,28.81844380403458,31.645569620253163,31.695721077654515,29.04040404040404,28.767123287671236,29.06208718626156,28.94736842105263]}
