{"practice":[0,0,0,0,0,0,0,0,0,0,0,0,0,0,0,0,0,0,0,0],"center_interval":[25,0,100,75,25,50,25,100,100,100,75,75,25,0,100,25,50,50,25,50],"image_pair":[4,1,1,4,4,1,3,1,1,2,4,1,1,1,3,2,3,3,2,1],"feature_space":[1,2,2,1,1,2,1,1,2,1,2,2,2,2,1,1,2,2,1,2],"left_img":[1,1,1,2,2,1,2,2,2,2,1,2,1,2,1,2,1,1,1,2],"img1Sample":[1,2,2,3,1,1,3,3,1,2,3,2,3,3,1,1,3,2,1,1],"img2Sample":[1,3,3,3,3,1,2,2,1,3,2,3,1,1,2,3,3,2,3,3],"key":[50,49,49,49,50,49,50,49,50,49,49,50,50,49,49,49,49,50,50,49],"correct":[false,true,false,true,true,true,true,true,false,true,false,false,false,false,false,false,true,false,false,false],"right_img":[2,2,2,1,1,2,1,1,1,1,2,1,2,1,2,1,2,2,2,1],"img_choice":[2,1,1,2,1,1,1,2,1,2,1,1,2,2,1,2,1,2,2,2],"center_sample":[2,3,2,1,1,3,2,3,2,1,2,3,2,2,1,2,1,2,3,2],"left_sample":[1,2,2,3,3,1,2,2,1,3,3,3,3,1,1,3,3,2,1,3],"right_sample":[1,3,3,3,1,1,3,3,1,2,2,2,1,3,2,1,3,2,3,1],"RT":[[0,127,0,0],[0,94,0,0],[0,141,0,0],[0,186,0,0],[0,113,0,0],[0,140,0,0],[0,115,0,0],[0,141,0,0],[0,144,0,0],[0,151,0,0],[0,181,0,0],[0,155,0,0],[0,17,0,0],[0,118,0,0],[0,29,0,0],[0,15,0,0],[0,15,0,0],[0,139,0,0],[0,19,0,0],[0,145,0,0]],"response":[[0,1,0,0],[0,1,0,0],[0,1,0,0],[0,1,0,0],[0,1,0,0],[0,1,0,0],[0,1,0,0],[0,1,0,0],[0,1,0,0],[0,1,0,0],[0,1,0,0],[0,1,0,0],[0,1,0,0],[0,1,0,0],[0,1,0,0],[0,1,0,0],[0,1,0,0],[0,1,0,0],[0,1,0,0],[0,1,0,0]],"framerate":[27.70448548812665,30.386740331491715,28.720626631853783,26.348808030112927,27.247956403269754,27.77777777777778,30.21978021978022,30.065359477124183,27.272727272727273,26.143790849673202,29.999999999999996,29.06208718626156,30.11093502377179,31.039136302294196,28.391167192429023,28.436018957345972,28.081123244929795,30.104712041884817,31.695721077654515,27.41514360313316]}
