{"practice":[0,0,0,0,0,0,0,0,0,0,0,0,0,0,0,0,0,0,0,0],"center_interval":[25,0,0,100,75,0,50,50,75,50,100,100,0,0,0,100,50,0,0,75],"image_pair":[3,3,4,2,4,4,3,4,4,1,2,2,3,1,2,4,2,1,1,1],"feature_space":[2,2,2,2,1,1,2,1,2,1,1,2,2,2,2,1,1,1,1,1],"left_img":[1,2,1,1,1,2,1,2,1,2,1,1,2,2,2,1,1,1,1,1],"img1Sample":[2,3,1,1,2,2,1,1,3,2,2,1,1,3,1,2,1,2,3,1],"img2Sample":[1,2,3,2,2,2,3,1,2,2,1,3,2,3,3,2,1,1,2,3],"key":[49,50,49,50,49,50,49,50,49,50,50,49,49,50,50,49,50,49,49,50],"correct":[true,true,true,true,false,true,true,true,false,true,true,false,false,true,true,false,false,true,true,true],"right_img":[2,1,2,2,2,1,2,1,2,1,2,2,1,1,1,2,2,2,2,2],"img_choice":[1,1,1,2,1,1,1,1,1,1,2,1,2,1,1,1,2,1,1,2],"center_sample":[3,2,2,3,2,3,3,1,3,3,2,1,3,1,3,1,3,3,2,3],"left_sample":[2,2,1,1,2,2,1,1,3,2,2,1,2,3,3,2,1,2,3,1],"right_sample":[1,3,3,2,2,2,3,1,2,2,1,3,1,3,1,2,1,1,2,3],"RT":[[0,130,0,0],[0,94,0,0],[0,109,0,0],[0,105,0,0],[0,15,0,0],[0,119,0,0],[0,74,0,0],[0,88,0,0],[0,3207,0,0],[0,57,0,0],[0,113,0,0],[0,151,0,0],[0,94,0,0],[0,16,0,0],[0,91,0,0],[0,58,0,0],[0,58,0,0],[0,212,0,0],[0,127,0,0],[0,23,0,0]],"response":[[0,1,0,0],[0,1,0,0],[0,1,0,0],[0,1,0,0],[0,1,0,0],[0,1,0,0],[0,1,0,0],[0,1,0,0],[0,1,0,0],[0,1,0,0],[0,1,0,0],[0,1,0,0],[0,1,0,0],[0,1,0,0],[0,1,0,0],[0,1,0,0],[0,1,0,0],[0,1,0,0],[0,1,0,0],[0,1,0,0]],"framerate":[27.77777777777778,29.999999999999996,26.61064425770308,27.359781121751027,29.6875,31.292517006802722,28.328611898016998,29.957203994293867,26.467505241090148,31.53153153153153,28.416779431664413,31.41361256544503,30.303030303030305,29.733959311424105,31.884057971014492,31.57894736842105,31.53153153153153,30.15681544028951,28.688524590163937,28.213166144200628]}
