{"practice":[0,0,0,0,0,0,0,0,0,0,0,0,0,0,0,0,0,0,0,0],"center_interval":[50,75,0,75,0,50,100,100,0,25,0,75,75,25,0,50,50,100,0,75],"image_pair":[3,2,2,2,2,3,2,2,4,3,2,2,3,2,3,2,4,2,4,3],"feature_space":[2,2,1,1,2,2,2,1,1,1,2,1,2,2,1,1,1,1,2,2],"left_img":[1,1,1,1,2,1,1,1,1,1,2,1,1,1,2,1,2,1,2,2],"img1Sample":[1,1,2,2,2,1,1,2,2,1,2,3,3,2,1,3,1,3,2,3],"img2Sample":[1,3,1,2,2,3,1,3,3,2,2,2,2,1,1,2,1,2,1,1],"stim_time":[250,250,250,250,250,250,250,250,250,250,250,250,250,250,250,250,250,250,250,250],"key":[49,50,50,50,49,50,50,50,49,50,49,50,50,49,49,49,50,49,50,49],"correct":[true,true,false,true,false,false,true,true,true,false,false,true,true,true,false,true,true,false,true,true],"right_img":[2,2,2,2,1,2,2,2,2,2,1,2,2,2,1,2,1,2,1,1],"img_choice":[1,2,2,2,2,2,2,2,1,2,2,2,2,1,2,1,1,1,1,2],"center_sample":[2,3,3,3,2,3,1,1,1,1,2,2,1,3,1,1,2,1,3,1],"left_sample":[1,1,2,2,2,1,1,2,2,1,2,3,3,2,1,3,1,3,1,1],"right_sample":[1,3,1,2,2,3,1,3,3,2,2,2,2,1,1,2,1,2,2,3],"exact_match":[0,0,0,0,1,0,1,0,0,0,1,0,0,0,1,0,0,0,0,0],"RT":[[0,0,0,752,0,0],[0,0,0,229,0,0],[0,0,0,115,0,0],[0,0,0,165,0,0],[0,0,0,249,0,0],[0,0,0,172,0,0],[0,0,0,185,0,0],[0,0,0,218,0,0],[0,0,0,224,0,0],[0,0,0,261,0,0],[0,0,0,155,0,0],[0,0,0,97,0,0],[0,0,0,176,0,0],[0,0,0,99,0,0],[0,0,0,101,0,0],[0,0,0,230,0,0],[0,0,0,175,0,0],[0,0,0,89,0,0],[0,0,0,99,0,0],[0,0,0,165,0,0]],"response":[[0,0,0,1,0,0],[0,0,0,1,0,0],[0,0,0,1,0,0],[0,0,0,1,0,0],[0,0,0,1,0,0],[0,0,0,1,0,0],[0,0,0,1,0,0],[0,0,0,1,0,0],[0,0,0,1,0,0],[0,0,0,1,0,0],[0,0,0,1,0,0],[0,0,0,1,0,0],[0,0,0,1,0,0],[0,0,0,1,0,0],[0,0,0,1,0,0],[0,0,0,1,0,0],[0,0,0,1,0,0],[0,0,0,1,0,0],[0,0,0,1,0,0],[0,0,0,1,0,0]],"framerate":[25.641025641025642,30.20914020139427,30.612244897959187,31.25,28.83156297420334,30.819140308191404,28.823058446757408,28.974158183241972,28.081123244929795,28.853454821564164,29.654036243822077,32.56212510711225,29.718875502008036,32.92894280762565,30.586236193712832,29.61808261886204,30.669895076674734,31.007751937984494,31.48936170212766,29.9837925445705]}
