{"practice":[0,0,0,0,0,0,0,0,0,0,0,0,0,0,0,0,0,0,0,0],"center_interval":[50,0,50,25,25,100,25,50,100,100,50,0,25,50,100,50,50,75,25,25],"image_pair":[4,3,2,4,3,4,2,3,1,2,4,3,1,2,3,1,4,1,1,2],"feature_space":[2,1,2,1,2,2,1,1,1,2,2,2,1,2,2,2,1,1,2,1],"left_img":[2,1,2,2,2,2,1,2,2,2,1,1,1,1,1,1,1,1,1,2],"img1Sample":[3,2,2,2,1,1,3,1,3,3,2,1,3,1,2,2,2,2,3,3],"img2Sample":[3,2,3,1,3,2,3,1,2,2,2,3,1,3,3,3,3,2,3,2],"stim_time":[250,250,250,250,250,250,250,250,250,250,250,250,250,250,250,250,250,250,250,250],"key":[49,49,50,49,49,49,50,50,50,50,50,50,50,50,50,50,50,50,49,50],"correct":[false,true,true,false,false,true,false,true,false,false,false,false,false,false,true,false,false,true,true,true],"right_img":[1,2,1,1,1,1,2,1,1,1,2,2,2,2,2,2,2,2,2,1],"img_choice":[2,1,1,2,2,2,2,1,1,1,2,2,2,2,2,2,2,2,1,1],"center_sample":[3,3,3,2,2,1,3,1,3,1,2,3,3,2,2,1,2,2,1,1],"left_sample":[3,2,3,1,3,2,3,1,2,2,2,1,3,1,2,2,2,2,3,2],"right_sample":[3,2,2,2,1,1,3,1,3,3,2,3,1,3,3,3,3,2,3,3],"exact_match":[0,0,0,0,0,0,0,0,0,0,0,0,0,0,0,0,0,0,0,0],"RT":[[0,0,0,24,0,0],[0,0,0,100,0,0],[0,0,0,175,0,0],[0,0,0,95,0,0],[0,0,0,308,0,0],[0,0,0,105,0,0],[0,0,0,240,0,0],[0,0,0,173,0,0],[0,0,0,28,0,0],[0,0,0,168,0,0],[0,0,0,156,0,0],[0,0,0,236,0,0],[0,0,0,169,0,0],[0,0,0,102,0,0],[0,0,0,520,0,0],[0,0,0,95,0,0],[0,0,0,95,0,0],[0,0,0,162,0,0],[0,0,0,104,0,0],[0,0,0,236,0,0]],"response":[[0,0,0,1,0,0],[0,0,0,1,0,0],[0,0,0,1,0,0],[0,0,0,1,0,0],[0,0,0,1,0,0],[0,0,0,1,0,0],[0,0,0,1,0,0],[0,0,0,1,0,0],[0,0,0,1,0,0],[0,0,0,1,0,0],[0,0,0,1,0,0],[0,0,0,1,0,0],[0,0,0,1,0,0],[0,0,0,1,0,0],[0,0,0,1,0,0],[0,0,0,1,0,0],[0,0,0,1,0,0],[0,0,0,1,0,0],[0,0,0,1,0,0],[0,0,0,1,0,0]],"framerate":[31.365313653136532,30.76923076923077,31.325301204819276,30.01715265866209,29.47678703021371,29.96575342465753,28.265851795263558,29.41176470588235,30.164533820840955,29.22077922077922,32.04601479046836,27.8853601859024,29.9837925445705,29.787234042553195,26.734563971992362,31.623931623931625,31.088082901554408,31.17309269893355,32.14890016920474,29.074215761285387]}
