{"practice":[1,1,1,1,1],"center_interval":[25,0,100,100,100],"image_pair":[3,2,3,1,2],"feature_space":[1,1,2,1,1],"left_img":[2,1,1,1,2],"img1Sample":[1,1,2,1,3],"img2Sample":[1,2,3,2,1],"stim_time":[2000,2000,2000,2000,2000],"key":[50,49,49,49,50],"correct":[true,true,false,false,false],"right_img":[1,2,2,2,1],"img_choice":[1,1,1,1,1],"center_sample":[1,3,2,1,3],"left_sample":[1,1,2,1,1],"right_sample":[1,2,3,2,3],"exact_match":[0,0,0,0,0],"RT":[[0,0,0,906,0,0],[0,0,0,108,0,0],[0,0,0,105,0,0],[0,0,0,106,0,0],[0,0,0,253,0,0]],"response":[[0,0,0,1,0,0],[0,0,0,1,0,0],[0,0,0,1,0,0],[0,0,0,1,0,0],[0,0,0,1,0,0]],"framerate":[23.03777122957407,26.575809199318567,26.630249231819732,26.04523646333105,23.72440688982775]}
