{"practice":[0,0,0,0,0,0,0,0,0,0,0,0,0,0,0,0,0,0,0,0],"center_interval":[75,100,25,75,100,50,75,75,25,0,50,100,50,50,100,25,25,75,100,50],"image_pair":[1,4,4,4,3,2,1,2,4,3,4,4,3,4,2,3,1,2,1,3],"feature_space":[2,1,1,2,2,2,2,2,2,1,2,1,1,1,2,2,1,1,1,2],"left_img":[2,2,1,2,2,1,2,1,1,1,1,1,1,2,2,1,2,2,2,2],"img1Sample":[1,2,3,1,2,2,1,1,3,3,3,1,2,1,2,3,3,2,1,3],"img2Sample":[1,1,2,3,1,3,1,1,3,2,2,3,2,3,2,1,2,3,3,2],"stim_time":[2000,2000,2000,2000,2000,2000,2000,2000,2000,2000,2000,2000,2000,2000,2000,2000,2000,2000,2000,2000],"key":[50,50,50,49,50,50,49,50,50,50,50,49,null,49,50,50,50,49,49,50],"correct":[false,false,false,true,false,false,true,true,false,false,false,false,null,false,false,false,true,true,true,true],"right_img":[1,1,2,1,1,2,1,2,2,2,2,2,2,1,1,2,1,1,1,1],"img_choice":[1,1,2,2,1,2,2,2,2,2,2,1,null,2,1,2,1,2,2,1],"center_sample":[2,2,3,3,1,2,3,1,3,1,3,2,1,3,3,3,1,1,2,1],"left_sample":[1,1,3,3,1,2,1,1,3,3,3,1,2,3,2,3,2,3,3,2],"right_sample":[1,2,2,1,2,3,1,1,3,2,2,3,2,1,2,1,3,2,1,3],"exact_match":[0,0,0,0,1,0,0,0,0,0,0,0,0,0,0,0,0,0,0,0],"RT":[[0,0,0,91,0,0],[0,0,0,231,0,0],[0,0,0,102,0,0],[0,0,0,25,0,0],[0,0,0,165,0,0],[0,0,0,231,0,0],[0,0,0,115,0,0],[0,0,0,233,0,0],[0,0,0,231,0,0],[0,0,0,321,0,0],[0,0,0,232,0,0],[0,0,0,1509,0,0],[0,0,0,0,0,0],[0,0,0,225,0,0],[0,0,0,114,0,0],[0,0,0,233,0,0],[0,0,0,157,0,0],[0,0,0,100,0,0],[0,0,0,107,0,0],[0,0,0,182,0,0]],"response":[[0,0,0,1,0,0],[0,0,0,1,0,0],[0,0,0,1,0,0],[0,0,0,1,0,0],[0,0,0,1,0,0],[0,0,0,1,0,0],[0,0,0,1,0,0],[0,0,0,1,0,0],[0,0,0,1,0,0],[0,0,0,1,0,0],[0,0,0,1,0,0],[0,0,0,1,0,0],[0,0,0,1,0,0],[0,0,0,1,0,0],[0,0,0,1,0,0],[0,0,0,1,0,0],[0,0,0,1,0,0],[0,0,0,1,0,0],[0,0,0,1,0,0],[0,0,0,1,0,0]],"framerate":[24.60697197539303,23.762376237623762,23.432115782219157,25.26315789473684,24.217961654894047,23.59882005899705,25.56237218813906,23.692003948667324,24.246395806028833,23.83222116301239,25.632599408478477,21.36553646075244,19.836191451241362,29.470198675496693,23.915271609156132,25.657894736842106,25.62373567093729,25.57014512785073,24.50646698434309,29.009669889963323]}
