{"practice":[0,0,0,0,0,0,0,0,0,0,0,0,0,0,0,0,0,0,0,0],"center_interval":[25,100,100,25,50,0,0,50,0,50,75,0,100,75,100,0,50,25,25,0],"image_pair":[4,1,2,2,2,2,2,2,1,2,4,1,1,3,3,3,4,3,4,1],"feature_space":[1,2,1,1,2,1,1,1,1,2,2,2,1,1,2,1,2,1,1,1],"left_img":[1,1,1,1,2,2,2,2,1,1,2,1,1,1,2,2,2,2,2,2],"img1Sample":[2,2,1,2,3,1,1,1,3,2,1,2,2,2,1,1,2,1,1,3],"img2Sample":[3,3,3,3,3,1,3,2,3,2,3,2,2,3,2,3,2,1,1,1],"stim_time":[250,250,250,250,250,250,250,250,250,250,250,250,250,250,250,250,250,250,250,250],"key":[50,50,49,49,49,49,50,50,50,50,50,49,50,50,50,49,50,50,49,49],"correct":[false,true,false,true,false,false,true,true,false,false,false,true,true,true,false,false,true,true,false,false],"right_img":[2,2,2,2,1,1,1,1,2,2,1,2,2,2,1,1,1,1,1,1],"img_choice":[2,2,1,1,2,2,1,1,2,2,1,1,2,2,1,2,1,1,2,2],"center_sample":[3,3,2,3,2,2,2,1,1,2,3,1,3,1,2,2,1,2,2,2],"left_sample":[2,2,1,2,3,1,3,2,3,2,3,2,2,2,2,3,2,1,1,1],"right_sample":[3,3,3,3,3,1,1,1,3,2,1,2,2,3,1,1,2,1,1,3],"exact_match":[0,1,0,0,0,0,0,0,0,0,0,0,0,0,1,0,0,0,0,0],"RT":[[0,0,0,95,0,0],[0,0,0,90,0,0],[0,0,0,104,0,0],[0,0,0,43,0,0],[0,0,0,27,0,0],[0,0,0,88,0,0],[0,0,0,187,0,0],[0,0,0,154,0,0],[0,0,0,92,0,0],[0,0,0,185,0,0],[0,0,0,239,0,0],[0,0,0,121,0,0],[0,0,0,232,0,0],[0,0,0,144,0,0],[0,0,0,26,0,0],[0,0,0,26,0,0],[0,0,0,261,0,0],[0,0,0,26,0,0],[0,0,0,23,0,0],[0,0,0,90,0,0]],"response":[[0,0,0,1,0,0],[0,0,0,1,0,0],[0,0,0,1,0,0],[0,0,0,1,0,0],[0,0,0,1,0,0],[0,0,0,1,0,0],[0,0,0,1,0,0],[0,0,0,1,0,0],[0,0,0,1,0,0],[0,0,0,1,0,0],[0,0,0,1,0,0],[0,0,0,1,0,0],[0,0,0,1,0,0],[0,0,0,1,0,0],[0,0,0,1,0,0],[0,0,0,1,0,0],[0,0,0,1,0,0],[0,0,0,1,0,0],[0,0,0,1,0,0],[0,0,0,1,0,0]],"framerate":[33.447684391080614,31.869078380706288,28.205128205128204,32.69754768392371,26.48401826484018,31.168831168831165,26.148969889064976,30.819140308191404,31.33159268929504,28.96218825422365,30.185758513931887,27.499999999999996,29.29838087895143,32.4459234608985,28.44036697247706,30.527289546716002,27.25208175624527,34.63992707383774,31.078610603290674,30.40834057341442]}
