{"practice":[0,0,0,0,0,0,0,0,0,0,0,0,0,0,0,0,0,0,0,0],"center_interval":[0,0,25,75,100,50,75,0,50,100,100,100,0,75,50,25,100,25,100,0],"image_pair":[2,1,4,4,2,4,3,1,2,4,3,1,3,2,3,2,4,4,3,1],"feature_space":[1,1,1,2,2,1,2,1,1,2,2,2,2,1,1,1,1,2,2,2],"left_img":[2,2,1,1,2,2,2,2,2,2,1,2,1,1,2,1,2,2,1,1],"img1Sample":[2,3,1,2,3,2,2,1,1,1,1,3,2,3,1,3,1,1,3,2],"img2Sample":[1,3,3,2,1,3,2,1,3,3,1,2,1,1,3,1,3,3,3,2],"stim_time":[2000,2000,2000,2000,2000,2000,2000,2000,2000,2000,2000,2000,2000,2000,2000,2000,2000,2000,2000,2000],"key":[50,49,50,50,49,50,50,49,50,50,50,49,49,50,50,50,49,50,50,49],"correct":[true,false,false,true,true,true,false,false,true,false,true,true,true,true,true,false,true,true,true,true],"right_img":[1,1,2,2,1,1,1,1,1,1,2,1,2,2,1,2,1,1,2,2],"img_choice":[1,2,2,2,2,1,1,2,1,1,2,2,1,2,1,2,2,1,2,1],"center_sample":[2,1,2,2,1,3,1,2,1,1,2,2,1,1,1,3,2,2,1,1],"left_sample":[1,3,1,2,1,3,2,1,3,3,1,2,2,3,3,3,3,3,3,2],"right_sample":[2,3,3,2,3,2,2,1,1,1,1,3,1,1,1,1,1,1,3,2],"exact_match":[1,0,0,0,1,0,0,0,0,0,0,1,0,0,0,0,0,0,0,0],"RT":[[0,0,0,783.5999999046326,0,0],[0,0,0,464.2000000476837,0,0],[0,0,0,668.2999999523163,0,0],[0,0,0,646.7999999523163,0,0],[0,0,0,646.6000001430511,0,0],[0,0,0,668,0,0],[0,0,0,547.3999998569489,0,0],[0,0,0,469.40000009536743,0,0],[0,0,0,627.6999998092651,0,0],[0,0,0,938.3999998569489,0,0],[0,0,0,554.0999999046326,0,0],[0,0,0,583,0,0],[0,0,0,710.5,0,0],[0,0,0,872,0,0],[0,0,0,672.7000000476837,0,0],[0,0,0,683,0,0],[0,0,0,640.5999999046326,0,0],[0,0,0,602.7999999523163,0,0],[0,0,0,525,0,0],[0,0,0,520.0999999046326,0,0]],"response":[[0,0,0,1,0,0],[0,0,0,1,0,0],[0,0,0,1,0,0],[0,0,0,1,0,0],[0,0,0,1,0,0],[0,0,0,1,0,0],[0,0,0,1,0,0],[0,0,0,1,0,0],[0,0,0,1,0,0],[0,0,0,1,0,0],[0,0,0,1,0,0],[0,0,0,1,0,0],[0,0,0,1,0,0],[0,0,0,1,0,0],[0,0,0,1,0,0],[0,0,0,1,0,0],[0,0,0,1,0,0],[0,0,0,1,0,0],[0,0,0,1,0,0],[0,0,0,1,0,0]],"framerate":[59.99720943211943,60.00306138068268,59.99368487445511,60.00695733004485,59.99652193992788,59.99540705182042,59.99641812343715,60.00243664630204,59.99534016942032,59.19684283429611,59.994059994059995,60.02118394811758,59.98237484638821,60.008689041724075,59.98851894374282,60.007465041855134,59.99304428720788,60.002926972047426,60.01320290206296,59.980806144607826]}
