{"practice":[0,0,0,0,0,0,0,0,0,0,0,0,0,0,0,0,0,0,0,0],"center_interval":[100,0,0,75,75,75,0,100,0,50,100,100,25,100,50,100,75,100,100,50],"image_pair":[2,1,1,3,4,4,3,3,2,2,4,2,3,3,2,3,4,1,4,2],"feature_space":[1,2,2,1,1,1,1,1,1,1,2,2,2,2,2,1,1,1,1,1],"left_img":[1,2,2,2,2,1,1,2,1,1,1,1,1,2,2,2,2,2,2,2],"img1Sample":[1,1,3,1,3,2,1,3,2,2,2,3,2,2,1,3,2,1,1,3],"img2Sample":[1,3,2,3,3,1,1,3,2,2,1,2,1,2,1,2,2,3,2,1],"stim_time":[250,250,250,250,250,250,250,250,250,250,250,250,250,250,250,250,250,250,250,250],"key":[50,50,50,49,49,50,49,50,49,50,50,50,50,50,49,49,49,49,49,50],"correct":[true,true,true,true,true,true,true,false,true,false,true,true,false,false,false,true,true,true,true,true],"right_img":[2,1,1,1,1,2,2,1,2,2,2,2,2,1,1,1,1,1,1,1],"img_choice":[2,1,1,2,2,2,1,1,1,2,2,2,2,1,2,2,2,2,2,1],"center_sample":[2,1,1,1,1,1,3,1,1,1,3,1,3,3,2,3,2,2,3,1],"left_sample":[1,3,2,3,3,2,1,3,2,2,2,3,2,2,1,2,2,3,2,1],"right_sample":[1,1,3,1,3,1,1,3,2,2,1,2,1,2,1,3,2,1,1,3],"exact_match":[0,1,0,0,0,0,0,0,0,0,0,0,0,0,0,0,0,0,0,0],"RT":[[0,0,0,567.5,0,0],[0,0,0,616.5999999046326,0,0],[0,0,0,609.3000001907349,0,0],[0,0,0,554.1000001430511,0,0],[0,0,0,542.6000001430511,0,0],[0,0,0,574.0999999046326,0,0],[0,0,0,589.7000000476837,0,0],[0,0,0,557.7000000476837,0,0],[0,0,0,830.2000000476837,0,0],[0,0,0,595.4000000953674,0,0],[0,0,0,583.6999998092651,0,0],[0,0,0,681.7000000476837,0,0],[0,0,0,775.9000000953674,0,0],[0,0,0,627.4000000953674,0,0],[0,0,0,429.09999990463257,0,0],[0,0,0,545.7000000476837,0,0],[0,0,0,660.2999999523163,0,0],[0,0,0,501.7000000476837,0,0],[0,0,0,651.8000001907349,0,0],[0,0,0,498.2000000476837,0,0]],"response":[[0,0,0,1,0,0],[0,0,0,1,0,0],[0,0,0,1,0,0],[0,0,0,1,0,0],[0,0,0,1,0,0],[0,0,0,1,0,0],[0,0,0,1,0,0],[0,0,0,1,0,0],[0,0,0,1,0,0],[0,0,0,1,0,0],[0,0,0,1,0,0],[0,0,0,1,0,0],[0,0,0,1,0,0],[0,0,0,1,0,0],[0,0,0,1,0,0],[0,0,0,1,0,0],[0,0,0,1,0,0],[0,0,0,1,0,0],[0,0,0,1,0,0],[0,0,0,1,0,0]],"framerate":[59.99020567545197,56.45017529744802,59.40594059405941,59.969088098918085,60.0375234521576,59.96084189566916,59.99999999999999,60.00247433237801,60.02337192787294,59.996363860203445,59.96818014755874,60.028860028860024,59.981460280593495,59.994059994059995,60.0296775876249,59.99999999999999,59.97088791848618,58.725903233499636,60.00582580833091,60.02323479687346]}
