{"practice":[1,1,1,1,1],"center_interval":[100,75,100,100,50],"image_pair":[4,4,1,2,2],"feature_space":[2,1,1,2,1],"left_img":[2,2,1,1,1],"img1Sample":[3,2,2,3,2],"img2Sample":[1,1,3,2,1],"stim_time":[2000,2000,2000,2000,2000],"key":[49,49,50,50,50],"correct":[true,true,true,true,false],"right_img":[1,1,2,2,2],"img_choice":[2,2,2,2,2],"center_sample":[1,2,3,1,1],"left_sample":[1,1,2,3,2],"right_sample":[3,2,3,2,1],"exact_match":[1,0,1,0,0],"RT":[[0,0,0,943.5999999046326,0,0],[0,0,0,818.5999999046326,0,0],[0,0,0,839.7000000476837,0,0],[0,0,0,557.8999998569489,0,0],[0,0,0,765.2999999523163,0,0]],"response":[[0,0,0,1,0,0],[0,0,0,1,0,0],[0,0,0,1,0,0],[0,0,0,1,0,0],[0,0,0,1,0,0]],"framerate":[59.99200106652446,60.00055046455318,59.9917819476784,60.02258275645875,59.98430317059625]}
