{"practice":[0,0,0,0,0,0,0,0,0,0,0,0,0,0,0,0,0,0,0,0],"center_interval":[50,50,0,75,100,75,50,50,75,25,75,50,50,50,100,100,0,0,25,100],"image_pair":[2,3,4,1,3,1,3,1,2,4,3,1,4,4,1,1,1,2,2,4],"feature_space":[1,1,2,1,2,1,1,2,2,2,1,1,2,2,1,2,2,2,1,1],"left_img":[2,1,2,1,1,1,2,2,2,2,1,2,1,1,2,1,1,1,2,1],"img1Sample":[1,3,2,1,3,2,3,1,3,1,1,3,3,3,3,3,2,2,3,2],"img2Sample":[2,2,2,3,3,3,1,1,1,2,3,3,2,3,1,1,3,3,1,2],"stim_time":[2000,2000,2000,2000,2000,2000,2000,2000,2000,2000,2000,2000,2000,2000,2000,2000,2000,2000,2000,2000],"key":[49,50,49,50,50,50,50,50,49,50,49,50,50,49,49,50,50,49,50,50],"correct":[false,false,false,true,true,true,true,true,true,true,false,true,false,true,true,true,false,true,true,true],"right_img":[1,2,1,2,2,2,1,1,1,1,2,1,2,2,1,2,2,2,1,2],"img_choice":[2,2,2,2,2,2,1,1,2,1,1,1,2,1,2,2,2,1,1,2],"center_sample":[2,3,3,1,1,1,2,1,1,3,1,3,2,2,3,3,1,1,1,3],"left_sample":[2,3,2,1,3,2,1,1,1,2,1,3,3,3,1,3,2,2,1,2],"right_sample":[1,2,2,3,3,3,3,1,3,1,3,3,2,3,3,1,3,3,3,2],"exact_match":[0,0,0,0,0,0,0,0,0,0,0,0,0,0,0,0,0,0,0,0],"RT":[[0,0,0,952.1000001430511,0,0],[0,0,0,851.4000000953674,0,0],[0,0,0,973.2000000476837,0,0],[0,0,0,890.7999999523163,0,0],[0,0,0,698.8000001907349,0,0],[0,0,0,667.5,0,0],[0,0,0,1177.1000001430511,0,0],[0,0,0,1102.8999998569489,0,0],[0,0,0,861.5,0,0],[0,0,0,667.4000000953674,0,0],[0,0,0,719.1999998092651,0,0],[0,0,0,530.7999999523163,0,0],[0,0,0,1306.0999999046326,0,0],[0,0,0,646.5,0,0],[0,0,0,705.5,0,0],[0,0,0,540.4000000953674,0,0],[0,0,0,906.6000001430511,0,0],[0,0,0,736.4000000953674,0,0],[0,0,0,838.2999999523163,0,0],[0,0,0,595.9000000953674,0,0]],"response":[[0,0,0,1,0,0],[0,0,0,1,0,0],[0,0,0,1,0,0],[0,0,0,1,0,0],[0,0,0,1,0,0],[0,0,0,1,0,0],[0,0,0,1,0,0],[0,0,0,1,0,0],[0,0,0,1,0,0],[0,0,0,1,0,0],[0,0,0,1,0,0],[0,0,0,1,0,0],[0,0,0,1,0,0],[0,0,0,1,0,0],[0,0,0,1,0,0],[0,0,0,1,0,0],[0,0,0,1,0,0],[0,0,0,1,0,0],[0,0,0,1,0,0],[0,0,0,1,0,0]],"framerate":[59.98036041144399,59.72672975622549,60.01163221216178,59.99999999999999,59.98114877936067,60.01780432554975,59.98845410650358,59.99795751707029,59.99945454963291,59.424700004114605,59.998867948316885,59.99160117240312,60.01555058939729,59.975662048525315,60.01649742908873,60.005373614693475,60.00107625017941,59.983103351168694,60.014798170980086,59.984121848416436]}
