{"practice":[0,0,0,0,0,0,0,0,0,0,0,0,0,0,0,0,0,0,0,0],"center_interval":[100,50,0,25,75,100,25,0,0,100,50,50,75,50,0,100,100,50,100,0],"image_pair":[4,1,4,2,3,2,1,1,3,1,4,1,3,2,3,3,1,3,1,1],"feature_space":[1,1,1,2,2,2,1,1,1,2,2,2,2,2,1,2,1,1,1,2],"left_img":[1,1,1,2,2,1,1,1,2,2,1,2,2,2,1,1,2,1,2,1],"img1Sample":[3,3,2,1,3,2,3,2,1,1,1,2,2,3,1,1,2,2,3,3],"img2Sample":[3,1,2,2,1,3,2,3,3,1,2,3,3,2,3,3,3,1,2,3],"key":[49,49,49,50,49,49,49,50,50,50,49,50,50,49,49,49,50,49,49,49],"correct":[false,true,true,true,true,false,true,false,true,false,true,true,false,false,true,false,false,true,true,true],"right_img":[2,2,2,1,1,2,2,2,1,1,2,1,1,1,2,2,1,2,1,2],"img_choice":[1,1,1,1,2,1,1,2,1,1,1,1,1,2,1,1,1,1,2,1],"center_sample":[2,1,3,3,2,2,1,1,2,3,2,2,3,1,2,2,2,3,1,1],"left_sample":[3,3,2,2,1,2,3,2,3,1,1,3,3,2,1,1,3,2,2,3],"right_sample":[3,1,2,1,3,3,2,3,1,1,2,2,2,3,3,3,2,1,3,3],"RT":[[0,0,0,657.0999999046326,0,0],[0,0,0,679,0,0],[0,0,0,409.90000009536743,0,0],[0,0,0,1010,0,0],[0,0,0,897.5999999046326,0,0],[0,0,0,871.1999998092651,0,0],[0,0,0,344.90000009536743,0,0],[0,0,0,690.6999998092651,0,0],[0,0,0,663.3000001907349,0,0],[0,0,0,1173.0999999046326,0,0],[0,0,0,1022,0,0],[0,0,0,1019.4000000953674,0,0],[0,0,0,730.3000001907349,0,0],[0,0,0,403.7000002861023,0,0],[0,0,0,336.69999980926514,0,0],[0,0,0,271.7999997138977,0,0],[0,0,0,519.2999997138977,0,0],[0,0,0,407.2000002861023,0,0],[0,0,0,197.80000019073486,0,0],[0,0,0,400.09999990463257,0,0]],"response":[[0,0,0,1,0,0],[0,0,0,1,0,0],[0,0,0,1,0,0],[0,0,0,1,0,0],[0,0,0,1,0,0],[0,0,0,1,0,0],[0,0,0,1,0,0],[0,0,0,1,0,0],[0,0,0,1,0,0],[0,0,0,1,0,0],[0,0,0,1,0,0],[0,0,0,1,0,0],[0,0,0,1,0,0],[0,0,0,1,0,0],[0,0,0,1,0,0],[0,0,0,1,0,0],[0,0,0,1,0,0],[0,0,0,1,0,0],[0,0,0,1,0,0],[0,0,0,1,0,0]],"framerate":[59.992500939033,59.70663374656767,60.00310896937665,59.97590487963949,60.01946576958803,60.023357511854506,59.980958425896546,51.1267887179734,59.99942308577148,60.005021340697965,60.005217845029996,59.995826378787996,60.02265005662514,59.973276158515745,59.99809529129632,60.02985268906959,59.99520038568563,60.006840154386914,59.98600326971754,60.01875586120663]}
