{"practice":[0,0,0,0,0,0,0,0,0,0,0,0,0,0,0,0,0,0,0,0],"center_interval":[75,75,50,75,100,25,75,0,75,75,50,50,100,75,50,50,25,25,0,100],"image_pair":[1,3,4,1,3,2,2,2,3,1,2,4,3,2,4,1,4,1,1,2],"feature_space":[2,2,2,1,1,1,1,1,1,1,2,2,2,1,2,2,1,2,1,1],"left_img":[1,1,2,1,1,2,1,1,2,1,2,1,1,1,1,1,2,2,2,2],"img1Sample":[2,1,3,1,2,3,3,1,3,3,2,3,1,3,3,2,1,1,2,2],"img2Sample":[2,3,2,2,1,3,3,1,3,1,1,3,2,1,2,1,3,2,2,1],"key":[49,50,49,50,50,49,50,49,49,50,50,49,49,50,49,50,49,49,50,50],"correct":[false,true,false,true,true,false,true,true,true,true,true,true,false,true,true,false,false,false,true,false],"right_img":[2,2,1,2,2,1,2,2,1,2,1,2,2,2,2,2,1,1,1,1],"img_choice":[1,2,2,2,2,2,2,1,2,2,1,1,1,2,1,2,2,2,1,1],"center_sample":[1,3,1,3,3,1,3,3,3,1,1,1,3,2,1,1,2,1,1,2],"left_sample":[2,1,2,1,2,3,3,1,3,3,1,3,1,3,3,2,3,2,2,1],"right_sample":[2,3,3,2,1,3,3,1,3,1,2,3,2,1,2,1,1,1,2,2],"RT":[[0,0,0,1714.5,0,0],[0,0,0,1109.2000002861023,0,0],[0,0,0,863.5,0,0],[0,0,0,1137.0999999046326,0,0],[0,0,0,1105,0,0],[0,0,0,1091.2000002861023,0,0],[0,0,0,985.9000000953674,0,0],[0,0,0,1344.4000000953674,0,0],[0,0,0,1268,0,0],[0,0,0,989.8000001907349,0,0],[0,0,0,985.6999998092651,0,0],[0,0,0,720.0999999046326,0,0],[0,0,0,420.40000009536743,0,0],[0,0,0,620.2000002861023,0,0],[0,0,0,726,0,0],[0,0,0,1528.6999998092651,0,0],[0,0,0,670.4000000953674,0,0],[0,0,0,625.2000002861023,0,0],[0,0,0,1143.5,0,0],[0,0,0,1500,0,0]],"response":[[0,0,0,1,0,0],[0,0,0,1,0,0],[0,0,0,1,0,0],[0,0,0,1,0,0],[0,0,0,1,0,0],[0,0,0,1,0,0],[0,0,0,1,0,0],[0,0,0,1,0,0],[0,0,0,1,0,0],[0,0,0,1,0,0],[0,0,0,1,0,0],[0,0,0,1,0,0],[0,0,0,1,0,0],[0,0,0,1,0,0],[0,0,0,1,0,0],[0,0,0,1,0,0],[0,0,0,1,0,0],[0,0,0,1,0,0],[0,0,0,1,0,0],[0,0,0,1,0,0]],"framerate":[59.996900527857214,54.11338285481821,60.00600059693827,60.01823339170669,59.979581419091375,60.00307707794126,60.00315806546845,59.99855424618982,60.0063680283354,59.9952635288153,60.003158057938656,59.99547204146525,59.99876291033527,60.00757377811503,60.00056603983692,60.000461539370875,59.99885170318876,60.00407794037758,59.99544338839198,60.00092665656352]}
