{"practice":[0,0,0,0,0,0,0,0,0,0,0,0,0,0,0,0,0,0,0,0],"center_interval":[0,100,25,75,50,75,0,25,75,25,50,0,50,100,75,25,25,25,75,75],"image_pair":[1,1,4,4,2,3,1,4,3,2,4,3,2,1,4,3,4,1,2,4],"feature_space":[2,2,1,1,2,2,1,1,1,1,2,2,1,1,1,2,2,2,1,1],"left_img":[1,2,2,1,2,2,1,1,2,1,2,1,2,1,2,1,1,1,1,1],"img1Sample":[3,3,2,2,1,3,2,1,3,3,3,1,1,3,1,2,1,2,3,2],"img2Sample":[1,3,3,2,1,2,3,1,3,2,1,2,2,1,1,1,1,2,3,2],"key":[49,50,49,50,50,50,50,49,50,50,50,49,49,50,49,49,49,49,50,49],"correct":[true,false,false,true,true,false,false,true,false,false,true,true,false,true,true,true,true,true,true,false],"right_img":[2,1,1,2,1,1,2,2,1,2,1,2,1,2,1,2,2,2,2,2],"img_choice":[1,1,2,2,1,1,2,1,1,2,1,1,2,2,2,1,1,1,2,1],"center_sample":[2,1,1,2,3,3,1,3,3,3,3,3,3,3,1,2,2,2,2,3],"left_sample":[3,3,3,2,1,2,2,1,3,3,1,1,2,3,1,2,1,2,3,2],"right_sample":[1,3,2,2,1,3,3,1,3,2,3,2,1,1,1,1,1,2,3,2],"RT":[[0,0,0,573.5,0,0],[0,0,0,580.8999996185303,0,0],[0,0,0,797.5999999046326,0,0],[0,0,0,904.7000002861023,0,0],[0,0,0,1457.5,0,0],[0,0,0,829.4000000953674,0,0],[0,0,0,645.1999998092651,0,0],[0,0,0,1371.3000001907349,0,0],[0,0,0,763.8000001907349,0,0],[0,0,0,709.6000003814697,0,0],[0,0,0,673.5999999046326,0,0],[0,0,0,1972.5999999046326,0,0],[0,0,0,1687.5999999046326,0,0],[0,0,0,914.5,0,0],[0,0,0,844.5,0,0],[0,0,0,891.5,0,0],[0,0,0,621.9000000953674,0,0],[0,0,0,788.8000001907349,0,0],[0,0,0,629.7999997138977,0,0],[0,0,0,1436.5,0,0]],"response":[[0,0,0,1,0,0],[0,0,0,1,0,0],[0,0,0,1,0,0],[0,0,0,1,0,0],[0,0,0,1,0,0],[0,0,0,1,0,0],[0,0,0,1,0,0],[0,0,0,1,0,0],[0,0,0,1,0,0],[0,0,0,1,0,0],[0,0,0,1,0,0],[0,0,0,1,0,0],[0,0,0,1,0,0],[0,0,0,1,0,0],[0,0,0,1,0,0],[0,0,0,1,0,0],[0,0,0,1,0,0],[0,0,0,1,0,0],[0,0,0,1,0,0],[0,0,0,1,0,0]],"framerate":[59.99704448056746,60.0041382181202,59.990001667977864,60.00753457371285,60.00375023304838,59.99889910906802,59.99652193578194,60.00478125747071,60.01289996754724,59.99431333522889,59.98679716590247,60.00794530525553,59.99866669756715,60.001076246330356,52.32446648630802,59.97082500096209,60.01981236858221,59.980006659679994,60.0023301909136,60.011296246692616]}
