{"practice":[1,1,1,1,1],"center_interval":[75,75,50,100,25],"image_pair":[4,1,3,2,4],"feature_space":[2,2,1,1,1],"left_img":[2,1,2,2,1],"img1Sample":[3,1,3,2,2],"img2Sample":[2,3,1,2,2],"key":[50,49,50,50,50],"correct":[false,false,true,false,false],"right_img":[1,2,1,1,2],"img_choice":[1,1,1,1,2],"center_sample":[3,2,3,3,1],"left_sample":[2,1,1,2,2],"right_sample":[3,3,3,2,2],"RT":[[0,0,0,1405,0,0],[0,0,0,650,0,0],[0,0,0,889,0,0],[0,0,0,578,0,0],[0,0,0,1053,0,0]],"response":[[0,0,0,1,0,0],[0,0,0,1,0,0],[0,0,0,1,0,0],[0,0,0,1,0,0],[0,0,0,1,0,0]],"framerate":[14.854987031360528,11.829197922677439,17.515494475882512,23.781561949500883,22.744895321788576]}
