{"practice":[0,0,0,0,0,0,0,0,0,0,0,0,0,0,0,0,0,0,0,0],"center_interval":[0,25,50,75,25,100,75,50,0,50,25,100,25,25,75,100,100,75,75,0],"image_pair":[4,1,4,1,2,4,3,3,2,2,4,4,2,2,3,1,2,1,2,4],"feature_space":[1,1,1,1,1,2,1,2,1,1,2,2,1,2,2,2,1,2,1,1],"left_img":[1,1,2,2,1,2,1,1,1,1,1,2,1,2,1,2,1,1,2,2],"img1Sample":[1,2,3,3,2,2,2,3,1,2,2,1,2,1,1,3,3,1,3,1],"img2Sample":[2,2,2,2,3,3,1,1,1,1,2,2,3,1,3,2,1,1,2,2],"key":[50,49,50,49,49,49,49,50,49,49,49,49,49,49,null,null,49,49,50,49],"correct":[false,true,true,true,true,true,false,false,true,true,true,true,true,false,null,null,false,false,false,false],"right_img":[2,2,1,1,2,1,2,2,2,2,2,1,2,1,2,1,2,2,1,1],"img_choice":[2,1,1,2,1,2,1,2,1,1,1,2,1,2,null,null,1,1,1,2],"center_sample":[2,2,1,3,2,2,2,2,3,3,1,3,3,2,1,3,3,3,3,3],"left_sample":[1,2,2,2,2,3,2,3,1,2,2,2,2,1,1,2,3,1,2,2],"right_sample":[2,2,3,3,3,2,1,1,1,1,2,1,3,1,3,3,1,1,3,1],"RT":[[0,0,0,803,0,0],[0,0,0,720,0,0],[0,0,0,1039,0,0],[0,0,0,835,0,0],[0,0,0,776,0,0],[0,0,0,656,0,0],[0,0,0,566,0,0],[0,0,0,465,0,0],[0,0,0,441,0,0],[0,0,0,494,0,0],[0,0,0,489,0,0],[0,0,0,524,0,0],[0,0,0,518,0,0],[0,0,0,636,0,0],[0,0,0,0,0,0],[0,0,0,0,0,0],[0,0,0,1150,0,0],[0,0,0,1194,0,0],[0,0,0,930,0,0],[0,0,0,1134,0,0]],"response":[[0,0,0,1,0,0],[0,0,0,1,0,0],[0,0,0,1,0,0],[0,0,0,1,0,0],[0,0,0,1,0,0],[0,0,0,1,0,0],[0,0,0,1,0,0],[0,0,0,1,0,0],[0,0,0,1,0,0],[0,0,0,1,0,0],[0,0,0,1,0,0],[0,0,0,1,0,0],[0,0,0,1,0,0],[0,0,0,1,0,0],[0,0,0,1,0,0],[0,0,0,1,0,0],[0,0,0,1,0,0],[0,0,0,1,0,0],[0,0,0,1,0,0],[0,0,0,1,0,0]],"framerate":[23.26869806094183,24.9928997443908,21.795537104307215,23.007395234182415,29.788418708240535,30.52995391705069,32.21040189125296,32.13957759412305,30.98159509202454,30.918460139436192,30.587522713506964,30.012004801920767,31.541003304295582,33.304373008977706,11.581521039763222,22.919179734620027,2.370084269662921,9.348093480934809,9.718938796952981,9.25925925925926]}
