{"practice":[0,0,0,0,0,0,0,0,0,0,0,0,0,0,0,0,0,0,0,0],"center_interval":[0,75,50,75,100,0,0,25,75,100,0,100,50,100,0,75,0,100,75,0],"image_pair":[2,4,3,3,2,1,2,1,4,3,4,2,2,1,4,3,1,3,3,1],"feature_space":[2,2,1,2,1,1,1,1,2,1,2,1,2,1,2,2,1,2,2,1],"left_img":[1,2,2,1,2,2,2,2,2,1,2,2,1,1,1,1,2,1,2,1],"img1Sample":[2,1,3,2,3,1,2,3,2,1,2,1,2,3,2,2,2,3,2,3],"img2Sample":[3,1,1,1,2,1,2,3,1,3,1,1,2,1,2,1,3,2,3,3],"key":[49,49,50,50,49,49,50,49,49,50,49,49,50,49,50,49,49,49,50,50],"correct":[true,true,true,true,true,false,true,false,true,true,false,true,false,false,false,false,false,false,false,false],"right_img":[2,1,1,2,1,1,1,1,1,2,1,1,2,2,2,2,1,2,1,2],"img_choice":[1,2,1,2,2,2,1,2,2,2,2,2,2,1,2,1,2,1,1,2],"center_sample":[3,2,3,3,1,2,3,3,1,2,1,3,3,2,3,2,1,1,1,1],"left_sample":[2,1,1,2,2,1,2,3,1,1,1,1,2,3,2,2,3,3,3,3],"right_sample":[3,1,3,1,3,1,2,3,2,3,2,1,2,1,2,1,2,2,2,3],"RT":[[0,1040.7999999523163,0,0],[0,1021.7000000476837,0,0],[0,1062.9000000953674,0,0],[0,1359.7000000476837,0,0],[0,1089.7000000476837,0,0],[0,969.0999999046326,0,0],[0,1223.2000000476837,0,0],[0,3605.5,0,0],[0,2300.5,0,0],[0,1289.2000000476837,0,0],[0,1234.4000000953674,0,0],[0,1151,0,0],[0,1431.6000000238419,0,0],[0,1068,0,0],[0,1812.2000000476837,0,0],[0,4055.100000023842,0,0],[0,1610.8999999761581,0,0],[0,1820.2999999523163,0,0],[0,2928.2999999523163,0,0],[0,1334.5,0,0]],"response":[[0,1,0,0],[0,1,0,0],[0,1,0,0],[0,1,0,0],[0,1,0,0],[0,1,0,0],[0,1,0,0],[0,1,0,0],[0,1,0,0],[0,1,0,0],[0,1,0,0],[0,1,0,0],[0,1,0,0],[0,1,0,0],[0,1,0,0],[0,1,0,0],[0,1,0,0],[0,1,0,0],[0,1,0,0],[0,1,0,0]],"framerate":[59.94913406892897,59.975520195838435,60.00960153281147,60.032560035472706,60.021183943907225,59.92934645741009,60.020734433970645,60.01518170570479,60.02812746642279,59.99684227070657,59.97082500482458,60.039648824695554,60.006886035398814,59.99049655415165,60.028979507348375,59.997000150299016,59.99097880018042,60.00082193024331,60.00905796979955,59.99077065213587]}
