{"practice":[0,0,0,0,0,0,0,0,0,0,0,0,0,0,0,0,0,0,0,0],"center_interval":[50,25,0,0,0,75,25,0,25,25,75,100,0,75,25,25,50,50,0,50],"image_pair":[1,3,2,1,1,1,4,3,4,1,4,1,1,2,1,1,4,3,3,2],"feature_space":[1,1,2,2,1,2,1,2,2,1,2,1,2,2,1,1,2,1,1,1],"left_img":[1,1,1,1,1,2,2,2,2,1,2,1,2,2,1,2,1,2,2,2],"img1Sample":[1,1,2,1,3,3,3,1,1,2,3,3,1,1,3,1,3,3,1,2],"img2Sample":[2,3,2,2,1,3,1,2,3,1,1,3,2,2,2,1,2,1,2,3],"key":[50,49,50,50,50,49,50,49,50,49,49,49,50,50,49,50,49,50,50,50],"correct":[false,true,false,false,false,true,true,false,true,true,true,false,true,false,true,true,true,true,true,true],"right_img":[2,2,2,2,2,1,1,1,1,2,1,2,1,1,2,1,2,1,1,1],"img_choice":[2,1,2,2,2,2,1,2,1,1,2,1,1,1,1,1,1,1,1,1],"center_sample":[3,2,1,2,2,2,2,3,3,1,3,2,2,1,1,2,2,3,2,3],"left_sample":[1,1,2,1,3,3,1,2,3,2,1,3,2,2,3,1,3,1,2,3],"right_sample":[2,3,2,2,1,3,3,1,1,1,3,3,1,1,2,1,2,3,1,2],"RT":[[0,4103.099999904633,0,0],[0,2328.399999976158,0,0],[0,1785.3000000715256,0,0],[0,1906.7999999523163,0,0],[0,1753.2000000476837,0,0],[0,1477.8000000715256,0,0],[0,1852.5,0,0],[0,1657.4000000953674,0,0],[0,1892.5,0,0],[0,1891.7999999523163,0,0],[0,4747.800000071526,0,0],[0,2519.0999999046326,0,0],[0,2871.399999976158,0,0],[0,4799,0,0],[0,2213.3000000715256,0,0],[0,4011.600000023842,0,0],[0,4256.900000095367,0,0],[0,3895.600000023842,0,0],[0,2561.6999999284744,0,0],[0,4244.899999976158,0,0]],"response":[[0,1,0,0],[0,1,0,0],[0,1,0,0],[0,1,0,0],[0,1,0,0],[0,1,0,0],[0,1,0,0],[0,1,0,0],[0,1,0,0],[0,1,0,0],[0,1,0,0],[0,1,0,0],[0,1,0,0],[0,1,0,0],[0,1,0,0],[0,1,0,0],[0,1,0,0],[0,1,0,0],[0,1,0,0],[0,1,0,0]],"framerate":[59.99703194925278,59.97614585108196,59.94005994065479,59.682489155982644,59.518784297171806,59.91755344851195,60.14304291112574,60.0229499527152,59.91611743559017,60.09615384615385,59.985424101752756,60.004468419687356,59.68778695928915,60.019575615695764,60.03248817107937,60.002166143182066,60.01068683375965,54.44323459449834,60.012634238787115,60.00123713920504]}
