{"practice":[0,0,0,0,0,0,0,0,0,0,0,0,0,0,0,0,0,0,0,0],"center_interval":[100,100,75,100,100,25,0,0,100,0,100,25,50,25,75,50,50,25,75,25],"image_pair":[4,4,1,4,4,3,2,1,1,2,4,3,2,3,1,2,1,1,4,3],"feature_space":[2,2,1,2,2,1,1,2,1,1,1,2,2,2,1,2,1,1,2,1],"left_img":[1,2,1,2,2,2,2,2,1,1,2,2,2,1,1,1,1,2,1,2],"img1Sample":[3,2,3,1,1,2,3,1,3,1,3,3,3,3,1,3,1,2,2,2],"img2Sample":[2,2,2,1,1,1,1,2,3,1,3,2,3,1,3,2,1,2,2,1],"key":[49,49,50,49,49,50,50,49,49,50,49,50,50,null,50,49,50,50,49,50],"correct":[false,true,true,true,true,true,true,false,false,false,true,true,true,null,true,true,false,true,false,true],"right_img":[2,1,2,1,1,1,1,1,2,2,1,1,1,2,2,2,2,1,2,1],"img_choice":[1,2,2,2,2,1,1,2,1,2,2,1,1,null,2,1,2,1,1,1],"center_sample":[1,1,3,3,2,3,1,3,2,3,1,3,1,1,3,3,1,2,3,2],"left_sample":[3,2,3,1,1,1,1,2,3,1,3,2,3,3,1,3,1,2,2,1],"right_sample":[2,2,2,1,1,2,3,1,3,1,3,3,3,1,3,2,1,2,2,2],"RT":[[0,910.6000000238419,0,0],[0,825.7000000476837,0,0],[0,1194.7000000476837,0,0],[0,1034.8999999761581,0,0],[0,1114.3999999761581,0,0],[0,1411.4000000953674,0,0],[0,1314.5,0,0],[0,1347.5,0,0],[0,1316.3000000715256,0,0],[0,938.5,0,0],[0,1195.6000000238419,0,0],[0,3474.7999999523163,0,0],[0,1869.6000000238419,0,0],[0,0,0,0],[0,1358.1999999284744,0,0],[0,2241.899999976158,0,0],[0,1998.8000000715256,0,0],[0,1069.3000000715256,0,0],[0,942.2000000476837,0,0],[0,858.1000000238419,0,0]],"response":[[0,1,0,0],[0,1,0,0],[0,1,0,0],[0,1,0,0],[0,1,0,0],[0,1,0,0],[0,1,0,0],[0,1,0,0],[0,1,0,0],[0,1,0,0],[0,1,0,0],[0,1,0,0],[0,1,0,0],[0,1,0,0],[0,1,0,0],[0,1,0,0],[0,1,0,0],[0,1,0,0],[0,1,0,0],[0,1,0,0]],"framerate":[59.99868135049215,59.951202509585215,60.0100016653545,59.95276449031597,60.02680808988353,59.95144428266954,60.074178552402735,59.794552050467,60.209695836481096,60.030983736311484,59.906811623982215,60.02106862035596,60.00563811307211,60.009259589526245,59.97763545869166,50.180720776786046,60.05774783445621,59.91611743559017,59.94199162101192,60.064159442063996]}
