{"practice":[0,0,0,0,0,0,0,0,0,0,0,0,0,0,0,0,0,0,0,0],"center_interval":[100,100,25,75,75,75,75,75,100,25,100,100,100,75,100,75,75,50,25,25],"image_pair":[2,4,3,3,4,1,4,1,1,3,3,2,3,3,2,2,1,2,1,3],"feature_space":[2,1,1,1,2,1,2,2,1,1,1,1,1,2,2,2,2,2,1,2],"left_img":[1,2,1,1,2,1,1,1,2,2,2,1,1,2,1,1,1,1,1,1],"img1Sample":[1,1,1,1,1,2,1,1,1,3,3,2,2,3,2,1,1,1,2,2],"img2Sample":[1,2,1,2,2,3,2,3,1,3,3,2,1,2,1,3,2,3,3,3],"key":[49,49,49,50,49,50,49,50,50,50,50,49,49,50,50,50,50,49,49,49],"correct":[false,true,true,true,true,true,false,true,false,true,false,false,false,false,true,true,true,true,true,true],"right_img":[2,1,2,2,1,2,2,2,1,1,1,2,2,1,2,2,2,2,2,2],"img_choice":[1,2,1,2,2,2,1,2,1,1,1,1,1,1,2,2,2,1,1,1],"center_sample":[2,1,3,1,3,3,2,2,2,1,1,3,2,3,3,2,3,2,2,2],"left_sample":[1,2,1,1,2,2,1,1,1,3,3,2,2,2,2,1,1,1,2,2],"right_sample":[1,1,1,2,1,3,2,3,1,3,3,2,1,3,1,3,2,3,3,3],"RT":[[0,957.7000000476837,0,0],[0,1027.7999999523163,0,0],[0,2255.7000000476837,0,0],[0,1834.7000000476837,0,0],[0,1084.5999999046326,0,0],[0,1810.9000000953674,0,0],[0,1384,0,0],[0,1091.6000000238419,0,0],[0,1242.5999999046326,0,0],[0,3967.600000023842,0,0],[0,984.8999999761581,0,0],[0,1171.3999999761581,0,0],[0,1208.3999999761581,0,0],[0,2327,0,0],[0,1276.7999999523163,0,0],[0,1631.3999999761581,0,0],[0,3051.3000000715256,0,0],[0,1316.3999999761581,0,0],[0,1173.6000000238419,0,0],[0,3071.5,0,0]],"response":[[0,1,0,0],[0,1,0,0],[0,1,0,0],[0,1,0,0],[0,1,0,0],[0,1,0,0],[0,1,0,0],[0,1,0,0],[0,1,0,0],[0,1,0,0],[0,1,0,0],[0,1,0,0],[0,1,0,0],[0,1,0,0],[0,1,0,0],[0,1,0,0],[0,1,0,0],[0,1,0,0],[0,1,0,0],[0,1,0,0]],"framerate":[59.75462463015616,60.11163589259675,60.076842472930494,59.98286204116796,60.01765225066197,60.011588443480846,59.9889096119068,60.0070596557603,60.02271129771378,59.99650929369263,60.01500375004321,60.00785149378571,59.98899284534948,60.006818956699625,59.422750425951556,60.04803842947099,59.950404666399976,60.10051292604895,59.903706190316626,60.042926618386346]}
