{"practice":[1,1,1,1,1],"center_interval":[75,50,50,100,50],"image_pair":[3,1,2,1,1],"feature_space":[2,2,1,2,1],"left_img":[2,2,1,1,2],"img1Sample":[1,1,3,3,3],"img2Sample":[3,1,3,1,1],"key":[49,49,50,49,50],"correct":[true,false,false,false,true],"right_img":[1,1,2,2,1],"img_choice":[2,2,2,1,1],"center_sample":[1,1,3,3,2],"left_sample":[3,1,3,3,1],"right_sample":[1,1,3,1,3],"RT":[[0,2944,0,0],[0,1829,0,0],[0,1298,0,0],[0,784,0,0],[0,1098,0,0]],"response":[[0,1,0,0],[0,1,0,0],[0,1,0,0],[0,1,0,0],[0,1,0,0]],"framerate":[29.205279415894413,29.930299302993028,29.92125984251969,29.871977240398294,26.178010471204185]}
