{"practice":[0,0,0,0,0,0,0,0,0,0,0,0,0,0,0,0,0,0,0,0],"center_interval":[0,50,0,100,50,25,75,75,50,75,25,25,25,0,75,100,50,50,100,75],"image_pair":[3,3,4,2,2,3,2,3,2,4,2,1,1,1,3,3,4,1,1,2],"feature_space":[1,1,2,1,2,2,2,1,1,2,1,1,2,2,2,2,2,2,2,1],"left_img":[1,1,2,2,1,2,2,2,2,2,2,2,1,1,1,1,2,2,1,2],"img1Sample":[3,3,1,2,2,1,2,2,1,3,3,2,3,2,2,2,2,3,2,1],"img2Sample":[1,3,3,3,2,2,1,3,1,1,1,1,3,2,3,1,3,1,1,2],"key":[49,49,49,50,49,49,49,50,49,49,50,49,50,49,49,50,49,50,49,50],"correct":[true,true,false,false,true,false,true,false,false,true,true,false,false,true,false,true,false,true,false,false],"right_img":[2,2,1,1,2,1,1,1,1,1,1,1,2,2,2,2,1,1,2,1],"img_choice":[1,1,2,1,1,2,2,1,2,2,1,2,2,1,1,2,2,1,1,1],"center_sample":[2,2,2,2,2,3,3,3,1,2,3,2,2,3,3,3,2,3,2,3],"left_sample":[3,3,3,3,2,2,1,3,1,1,1,1,3,2,2,2,3,1,2,2],"right_sample":[1,3,1,2,2,1,2,2,1,3,3,2,3,2,3,1,2,3,1,1],"RT":[[0,324,0,0],[0,351,0,0],[0,263,0,0],[0,705,0,0],[0,543,0,0],[0,209,0,0],[0,716,0,0],[0,443,0,0],[0,356,0,0],[0,418,0,0],[0,196,0,0],[0,331,0,0],[0,1076,0,0],[0,290,0,0],[0,498,0,0],[0,272,0,0],[0,239,0,0],[0,752,0,0],[0,872,0,0],[0,1906,0,0]],"response":[[0,1,0,0],[0,1,0,0],[0,1,0,0],[0,1,0,0],[0,1,0,0],[0,1,0,0],[0,1,0,0],[0,1,0,0],[0,1,0,0],[0,1,0,0],[0,1,0,0],[0,1,0,0],[0,1,0,0],[0,1,0,0],[0,1,0,0],[0,1,0,0],[0,1,0,0],[0,1,0,0],[0,1,0,0],[0,1,0,0]],"framerate":[30.91684434968017,30.991735537190085,29.714285714285715,27.376425855513308,30.303030303030305,28.325123152709363,26.785714285714285,30.103480714957666,29.622063329928498,30.060120240480963,30.057803468208096,29.850746268656717,27.267338470657975,28.602860286028605,28.019323671497585,26.97095435684647,28.50356294536817,26.90909090909091,26.595744680851062,24.525316455696203]}
