{"practice":[0,0,0,0,0,0,0,0,0,0,0,0,0,0,0,0,0,0,0,0],"center_interval":[100,75,75,75,100,0,100,100,25,50,50,100,50,100,100,0,100,50,100,75],"image_pair":[4,2,2,1,3,3,4,4,1,2,3,2,2,2,4,4,2,1,2,1],"feature_space":[1,2,1,1,2,2,2,2,2,2,1,2,1,2,1,1,2,2,2,1],"left_img":[2,2,1,2,2,2,2,2,1,1,2,2,1,2,2,1,2,2,1,1],"img1Sample":[2,3,2,2,2,3,2,3,2,3,1,1,2,1,2,3,3,3,1,3],"img2Sample":[3,1,1,2,2,2,3,3,3,2,3,1,1,1,2,3,1,1,1,3],"key":[49,49,50,49,50,49,50,49,49,49,50,49,50,49,49,49,50,49,50,50],"correct":[true,true,true,true,false,false,false,true,true,true,true,true,false,true,true,true,false,false,true,true],"right_img":[1,1,2,1,1,1,1,1,2,2,1,1,2,1,1,2,1,1,2,2],"img_choice":[2,2,2,2,1,2,1,2,1,1,1,2,2,2,2,1,1,2,2,2],"center_sample":[1,2,2,1,3,1,1,2,3,3,3,2,1,2,3,1,2,3,3,3],"left_sample":[3,1,2,2,2,2,3,3,2,3,3,1,2,1,2,3,1,1,1,3],"right_sample":[2,3,1,2,2,3,2,3,3,2,1,1,1,1,2,3,3,3,1,3],"RT":[[0,1075,0,0],[0,307,0,0],[0,490,0,0],[0,350,0,0],[0,351,0,0],[0,388,0,0],[0,272,0,0],[0,210,0,0],[0,156,0,0],[0,714,0,0],[0,379,0,0],[0,629,0,0],[0,341,0,0],[0,296,0,0],[0,533,0,0],[0,1040,0,0],[0,261,0,0],[0,267,0,0],[0,304,0,0],[0,644,0,0]],"response":[[0,1,0,0],[0,1,0,0],[0,1,0,0],[0,1,0,0],[0,1,0,0],[0,1,0,0],[0,1,0,0],[0,1,0,0],[0,1,0,0],[0,1,0,0],[0,1,0,0],[0,1,0,0],[0,1,0,0],[0,1,0,0],[0,1,0,0],[0,1,0,0],[0,1,0,0],[0,1,0,0],[0,1,0,0],[0,1,0,0]],"framerate":[28.436018957345972,28.69757174392936,29.250457038391225,30.92783505154639,28.955532574974146,29.8804780876494,28.290282902829027,27.71618625277162,30.72983354673496,27.529761904761905,29.910269192422735,28.846153846153847,29.958677685950413,29.637760702524698,31.25,30.193236714975846,30.71672354948805,28.702640642939148,29.702970297029704,30.303030303030305]}
