{"practice":[0,0,0,0,0,0,0,0,0,0,0,0,0,0,0,0,0,0,0,0],"center_interval":[25,25,100,25,25,50,50,75,100,100,50,50,100,50,25,0,25,50,100,75],"image_pair":[2,2,1,3,4,4,1,2,3,1,2,2,4,3,4,1,1,3,4,2],"feature_space":[2,1,2,1,2,2,2,1,1,1,2,1,1,1,1,1,2,2,1,1],"left_img":[1,1,2,2,2,2,2,1,2,2,1,1,2,1,1,2,1,2,2,1],"img1Sample":[3,2,3,3,3,1,1,3,1,2,3,3,2,2,2,3,2,1,1,3],"img2Sample":[1,1,3,3,2,3,2,2,3,1,3,1,1,1,2,1,2,1,1,2],"key":[49,49,50,49,49,50,50,50,49,50,49,49,50,49,49,50,49,50,49,50],"correct":[true,true,false,false,false,true,true,true,true,false,true,true,false,true,true,true,true,true,true,true],"right_img":[2,2,1,1,1,1,1,2,1,1,2,2,1,2,2,1,2,1,1,2],"img_choice":[1,1,1,2,2,1,1,2,2,1,1,1,1,1,1,1,1,1,2,2],"center_sample":[3,2,2,1,3,2,3,1,1,2,1,3,2,3,1,1,3,2,2,2],"left_sample":[3,2,3,3,2,3,2,3,3,1,3,3,1,2,2,1,2,1,1,3],"right_sample":[1,1,3,3,3,1,1,2,1,2,3,1,2,1,2,3,2,1,1,2],"RT":[[0,731,0,0],[0,413,0,0],[0,619,0,0],[0,390,0,0],[0,684,0,0],[0,437,0,0],[0,17,0,0],[0,405,0,0],[0,966,0,0],[0,639,0,0],[0,256,0,0],[0,460,0,0],[0,1563,0,0],[0,132,0,0],[0,370,0,0],[0,1487,0,0],[0,249,0,0],[0,254,0,0],[0,186,0,0],[0,238,0,0]],"response":[[0,1,0,0],[0,1,0,0],[0,1,0,0],[0,1,0,0],[0,1,0,0],[0,1,0,0],[0,1,0,0],[0,1,0,0],[0,1,0,0],[0,1,0,0],[0,1,0,0],[0,1,0,0],[0,1,0,0],[0,1,0,0],[0,1,0,0],[0,1,0,0],[0,1,0,0],[0,1,0,0],[0,1,0,0],[0,1,0,0]],"framerate":[27.205882352941174,29.52755905511811,26.421136909527622,28.999999999999996,28.88368462138954,27.306967984934087,32,31.777557100297916,30.226700251889167,27.93296089385475,29.850746268656717,28.11621368322399,23.80952380952381,32.04272363150868,28.999999999999996,26.21544327931363,31.877213695395515,29.91944764096663,30.78817733990148,28.469750889679716]}
