{"practice":[0,0,0,0,0,0,0,0,0,0,0,0,0,0,0,0,0,0,0,0],"center_interval":[75,50,75,25,25,50,100,25,25,25,25,0,25,0,100,100,100,25,50,100],"image_pair":[1,2,1,4,3,3,3,4,4,2,3,3,1,4,3,1,1,2,4,1],"feature_space":[2,1,1,1,1,2,2,1,1,2,1,2,2,2,1,1,1,2,2,1],"left_img":[2,1,1,1,2,1,1,2,1,1,2,2,1,1,1,1,2,2,1,2],"img1Sample":[3,1,1,2,3,1,2,3,1,3,1,1,3,1,3,1,2,2,3,3],"img2Sample":[3,3,3,1,2,3,2,3,1,1,3,1,3,2,1,1,3,1,3,1],"key":[50,50,49,50,49,49,50,49,49,49,49,49,50,49,49,50,50,49,49,49],"correct":[false,false,false,false,false,true,true,false,true,true,false,false,false,true,false,true,false,false,true,true],"right_img":[1,2,2,2,1,2,2,1,2,2,1,1,2,2,2,2,1,1,2,1],"img_choice":[1,2,1,2,2,1,2,2,1,1,2,2,2,1,1,2,1,2,1,2],"center_sample":[3,3,3,2,1,2,1,3,2,1,2,3,2,3,2,3,2,1,1,2],"left_sample":[3,1,1,2,2,1,2,3,1,3,3,1,3,1,3,1,3,1,3,1],"right_sample":[3,3,3,1,3,3,2,3,1,1,1,1,3,2,1,1,2,2,3,3],"RT":[[0,0,0,496.7000000178814,0,0],[0,0,0,486.19999998807907,0,0],[0,0,0,611.0999999940395,0,0],[0,0,0,595.3000000119209,0,0],[0,0,0,629.6999999880791,0,0],[0,0,0,484.30000001192093,0,0],[0,0,0,505.09999999403954,0,0],[0,0,0,437,0,0],[0,0,0,699.7999999821186,0,0],[0,0,0,551.6999999880791,0,0],[0,0,0,707.6999999880791,0,0],[0,0,0,559.4000000059605,0,0],[0,0,0,584.4000000059605,0,0],[0,0,0,474.59999999403954,0,0],[0,0,0,543.5999999940395,0,0],[0,0,0,474.80000001192093,0,0],[0,0,0,456.60000002384186,0,0],[0,0,0,383.09999999403954,0,0],[0,0,0,455.69999998807907,0,0],[0,0,0,453.80000001192093,0,0]],"response":[[0,0,0,1,0,0],[0,0,0,1,0,0],[0,0,0,1,0,0],[0,0,0,1,0,0],[0,0,0,1,0,0],[0,0,0,1,0,0],[0,0,0,1,0,0],[0,0,0,1,0,0],[0,0,0,1,0,0],[0,0,0,1,0,0],[0,0,0,1,0,0],[0,0,0,1,0,0],[0,0,0,1,0,0],[0,0,0,1,0,0],[0,0,0,1,0,0],[0,0,0,1,0,0],[0,0,0,1,0,0],[0,0,0,1,0,0],[0,0,0,1,0,0],[0,0,0,1,0,0]],"framerate":[60.01272997280774,60.018187329493784,60.01522337404799,60.01588655778562,59.72671386564927,60.01091107463245,60.02111295430553,60.01292586073449,60.02332660116442,60.0118835412953,60.01479037467563,60.01901592594418,60.01588655831183,60.02071781089719,60.01970796423631,60.02071781089719,60.004898358940224,60.024384906591905,60.01040996918578,60.01776035732823]}
