{"practice":[0,0,0,0,0,0,0,0,0,0,0,0,0,0,0,0,0,0,0,0],"center_interval":[25,100,50,75,0,50,25,75,50,100,25,0,75,75,0,75,50,0,75,50],"image_pair":[4,4,3,1,3,4,1,2,2,2,4,3,3,1,3,3,2,2,2,3],"feature_space":[2,1,1,2,1,1,1,1,1,1,2,2,2,1,2,1,2,2,2,2],"left_img":[2,1,1,2,2,1,1,1,2,2,1,1,1,2,2,2,1,2,1,2],"img1Sample":[2,1,2,3,1,2,2,1,1,1,3,2,1,1,2,3,2,1,3,1],"img2Sample":[1,2,3,2,3,1,2,1,1,3,2,1,2,2,3,1,2,1,3,2],"key":[50,50,50,50,49,49,49,50,49,50,49,49,49,50,49,50,49,50,50,49],"correct":[true,true,false,false,false,true,true,true,false,false,true,true,false,false,false,false,true,true,true,false],"right_img":[1,2,2,1,1,2,2,2,1,1,2,2,2,1,1,1,2,1,2,1],"img_choice":[1,2,2,1,2,1,1,2,2,1,1,1,1,1,2,1,1,1,2,2],"center_sample":[2,3,3,3,2,3,2,2,2,2,2,1,2,1,1,3,2,3,2,1],"left_sample":[1,1,2,2,3,2,2,1,1,3,3,2,1,2,3,1,2,1,3,2],"right_sample":[2,2,3,3,1,1,2,1,1,1,2,1,2,1,2,3,2,1,3,1],"RT":[[0,0,0,514.8000000119209,0,0],[0,0,0,534.5,0,0],[0,0,0,450.2999999821186,0,0],[0,0,0,495.5,0,0],[0,0,0,611.8999999761581,0,0],[0,0,0,636.6999999880791,0,0],[0,0,0,516.9000000059605,0,0],[0,0,0,591.2999999821186,0,0],[0,0,0,465.40000000596046,0,0],[0,0,0,463.40000000596046,0,0],[0,0,0,500.5,0,0],[0,0,0,568.3000000119209,0,0],[0,0,0,546.1000000238419,0,0],[0,0,0,461.19999998807907,0,0],[0,0,0,483.5,0,0],[0,0,0,353.59999999403954,0,0],[0,0,0,386.59999999403954,0,0],[0,0,0,563.3000000119209,0,0],[0,0,0,637.9000000059605,0,0],[0,0,0,389.30000001192093,0,0]],"response":[[0,0,0,1,0,0],[0,0,0,1,0,0],[0,0,0,1,0,0],[0,0,0,1,0,0],[0,0,0,1,0,0],[0,0,0,1,0,0],[0,0,0,1,0,0],[0,0,0,1,0,0],[0,0,0,1,0,0],[0,0,0,1,0,0],[0,0,0,1,0,0],[0,0,0,1,0,0],[0,0,0,1,0,0],[0,0,0,1,0,0],[0,0,0,1,0,0],[0,0,0,1,0,0],[0,0,0,1,0,0],[0,0,0,1,0,0],[0,0,0,1,0,0],[0,0,0,1,0,0]],"framerate":[60.010253008159495,60.019707963702196,60.01408493819232,60.02364567881757,60.01346643626636,60.02957979273393,60.00240009621843,60.01765225066197,60.02071781144218,60.012247397428055,60.02111295430553,60.01478196600148,60.017915795759926,60.01776035732823,60.012729973349835,60.01642554781874,60.02063209216989,60.01544952197788,60.02609830361026,60.02063209216989]}
