{"practice":[0,0,0,0,0,0,0,0,0,0,0,0,0,0,0,0,0,0,0,0],"center_interval":[50,0,50,100,100,0,0,25,50,50,75,50,50,0,25,100,75,100,100,100],"image_pair":[3,3,1,1,4,2,2,2,4,3,2,2,4,4,3,4,1,1,3,1],"feature_space":[2,2,2,1,1,1,1,1,1,2,2,1,2,1,1,1,1,2,2,2],"left_img":[1,1,1,2,2,2,1,1,1,1,1,1,2,2,1,2,1,2,1,2],"img1Sample":[3,3,3,1,2,3,1,2,2,3,3,2,3,1,3,2,3,3,1,1],"img2Sample":[1,2,2,3,1,2,3,2,1,1,3,3,1,2,3,1,1,1,3,1],"key":[50,50,49,49,49,49,49,49,49,50,50,50,50,49,49,49,50,50,49,50],"correct":[false,false,true,true,true,false,true,true,true,false,true,false,true,false,true,true,true,false,false,false],"right_img":[2,2,2,1,1,1,2,2,2,2,2,2,1,1,2,1,2,1,2,1],"img_choice":[2,2,1,2,2,2,1,1,1,2,2,2,1,2,1,2,2,1,1,1],"center_sample":[1,2,2,2,3,2,2,3,3,2,2,1,3,3,1,2,2,2,1,2],"left_sample":[3,3,3,3,1,2,1,2,2,3,3,2,1,2,3,1,3,1,1,1],"right_sample":[1,2,2,1,2,3,3,2,1,1,3,3,3,1,3,2,1,3,3,1],"RT":[[0,0,0,567.4000000059605,0,0],[0,0,0,585.1999999880791,0,0],[0,0,0,481.30000001192093,0,0],[0,0,0,471,0,0],[0,0,0,549.7000000178814,0,0],[0,0,0,487.90000000596046,0,0],[0,0,0,611.8000000119209,0,0],[0,0,0,596.5999999940395,0,0],[0,0,0,604.9000000059605,0,0],[0,0,0,629.4000000059605,0,0],[0,0,0,605,0,0],[0,0,0,621.3000000119209,0,0],[0,0,0,612.8999999761581,0,0],[0,0,0,461.09999999403954,0,0],[0,0,0,515.6000000238419,0,0],[0,0,0,520,0,0],[0,0,0,587.0999999940395,0,0],[0,0,0,692,0,0],[0,0,0,209.30000001192093,0,0],[0,0,0,328.59999999403954,0,0]],"response":[[0,0,0,1,0,0],[0,0,0,1,0,0],[0,0,0,1,0,0],[0,0,0,1,0,0],[0,0,0,1,0,0],[0,0,0,1,0,0],[0,0,0,1,0,0],[0,0,0,1,0,0],[0,0,0,1,0,0],[0,0,0,1,0,0],[0,0,0,1,0,0],[0,0,0,1,0,0],[0,0,0,1,0,0],[0,0,0,1,0,0],[0,0,0,1,0,0],[0,0,0,1,0,0],[0,0,0,1,0,0],[0,0,0,1,0,0],[0,0,0,1,0,0],[0,0,0,1,0,0]],"framerate":[60.01478196600148,59.71817727158183,60.017060687192995,60.01340400912622,60.0225827538011,60.01454898178813,60.01522337352437,60.022949951662554,60.011709601873534,60.01631511468427,60.02576715879467,60.0075737713427,60.018737557195735,60.019598235720544,60.02220821714767,60.009601536567764,60.01588655778562,60.02229399511691,60.0132625994695,60.01213011163386]}
