{"practice":[0,0,0,0,0,0,0,0,0,0,0,0,0,0,0,0,0,0,0,0],"center_interval":[75,0,100,75,0,25,50,50,75,100,0,50,25,75,50,100,50,0,25,50],"image_pair":[3,3,3,1,3,4,3,1,4,3,1,3,1,4,1,2,4,1,4,4],"feature_space":[1,1,1,2,2,1,2,1,1,2,1,1,1,2,1,2,1,2,1,2],"left_img":[2,2,1,1,1,1,2,2,1,1,2,2,1,2,1,1,1,2,2,1],"img1Sample":[1,3,1,1,3,1,3,3,1,1,1,2,1,3,1,2,1,3,2,1],"img2Sample":[1,2,1,3,1,3,3,1,1,3,2,1,2,3,1,1,1,3,3,3],"stim_time":[2000,2000,2000,2000,2000,2000,2000,2000,2000,2000,2000,2000,2000,2000,2000,2000,2000,2000,2000,2000],"key":[49,50,null,49,49,50,50,49,49,50,49,49,50,50,49,50,50,50,null,null],"correct":[true,true,null,false,true,false,true,false,false,true,false,false,false,false,true,true,false,true,null,null],"right_img":[1,1,2,2,2,2,1,1,2,2,1,1,2,1,2,2,2,1,1,2],"img_choice":[2,1,null,1,1,2,1,2,1,2,2,2,2,1,1,2,2,1,null,null],"center_sample":[1,2,2,1,1,1,1,3,3,2,3,1,2,2,2,3,3,1,1,2],"left_sample":[1,2,1,1,3,1,3,1,1,1,2,1,1,3,1,2,1,3,3,1],"right_sample":[1,3,1,3,1,3,3,3,1,3,1,2,2,3,1,1,1,3,2,3],"exact_match":[0,0,0,0,0,0,0,0,0,0,0,0,0,0,0,0,0,0,0,0],"RT":[[0,0,0,101.20000004768372,0,0],[0,0,0,105.10000002384186,0,0],[0,0,0,0,0,0],[0,0,0,108,0,0],[0,0,0,20.30000001192093,0,0],[0,0,0,23.100000023841858,0,0],[0,0,0,101.60000002384186,0,0],[0,0,0,99.80000001192093,0,0],[0,0,0,99.19999998807907,0,0],[0,0,0,21.69999998807907,0,0],[0,0,0,173.19999998807907,0,0],[0,0,0,21.5,0,0],[0,0,0,181.19999998807907,0,0],[0,0,0,24.30000001192093,0,0],[0,0,0,103.90000003576279,0,0],[0,0,0,110.30000001192093,0,0],[0,0,0,1690.1000000238419,0,0],[0,0,0,114.69999998807907,0,0],[0,0,0,0,0,0],[0,0,0,0,0,0]],"response":[[0,0,0,1,0,0],[0,0,0,1,0,0],[0,0,0,1,0,0],[0,0,0,1,0,0],[0,0,0,1,0,0],[0,0,0,1,0,0],[0,0,0,1,0,0],[0,0,0,1,0,0],[0,0,0,1,0,0],[0,0,0,1,0,0],[0,0,0,1,0,0],[0,0,0,1,0,0],[0,0,0,1,0,0],[0,0,0,1,0,0],[0,0,0,1,0,0],[0,0,0,1,0,0],[0,0,0,1,0,0],[0,0,0,1,0,0],[0,0,0,1,0,0],[0,0,0,1,0,0]],"framerate":[28.79769618454064,25.636643308836096,17.279336473453053,25.635767022462677,25.353898161735952,29.657875224957262,22.278585138287923,26.469577174286698,26.723310950141933,25.766827856194865,25.13404825737265,28.55229299611574,26.29715788387884,25.937609533824045,26.205089304293633,23.874488403819917,21.13553439524518,25.329454047578302,17.671238139114816,17.17090172867533]}
