{"practice":[1,1,1,1,1],"center_interval":[25,25,100,100,75],"image_pair":[4,1,2,3,3],"feature_space":[2,2,1,2,2],"left_img":[1,1,2,2,1],"img1Sample":[1,2,2,2,1],"img2Sample":[3,2,1,1,2],"stim_time":[2000,2000,2000,2000,2000],"key":[49,50,50,50,49],"correct":[true,false,false,false,false],"right_img":[2,2,1,1,2],"img_choice":[1,2,1,1,1],"center_sample":[2,1,2,1,2],"left_sample":[1,2,1,1,1],"right_sample":[3,2,2,2,2],"exact_match":[0,0,0,1,0],"RT":[[0,0,0,571.1000000238419,0,0],[0,0,0,94.30000001192093,0,0],[0,0,0,101.19999998807907,0,0],[0,0,0,99.39999997615814,0,0],[0,0,0,99.09999996423721,0,0]],"response":[[0,0,0,1,0,0],[0,0,0,1,0,0],[0,0,0,1,0,0],[0,0,0,1,0,0],[0,0,0,1,0,0]],"framerate":[35.312812665652686,30.725678381297882,29.30428187247512,28.71794871794872,28.620689655172413]}
