{"practice":[0,0,0,0,0,0,0,0,0,0,0,0,0,0,0,0,0,0,0,0],"center_interval":[75,25,0,75,50,50,75,75,50,75,25,0,100,50,0,0,0,0,75,100],"image_pair":[2,2,4,2,4,4,1,4,3,1,4,3,1,1,3,4,2,4,2,3],"feature_space":[1,2,2,2,1,1,1,1,2,1,2,2,1,1,2,1,1,2,2,2],"left_img":[2,1,2,2,2,1,2,2,1,1,1,2,1,2,2,1,1,1,2,1],"img1Sample":[1,3,3,1,2,3,1,1,1,2,3,1,2,2,1,1,3,2,1,2],"img2Sample":[2,3,2,2,3,2,1,3,2,2,1,1,2,3,1,3,2,1,2,3],"stim_time":[250,250,250,250,250,250,250,250,250,250,250,250,250,250,250,250,250,250,250,250],"key":[49,49,49,49,49,50,50,49,49,49,49,49,49,50,49,49,50,50,49,50],"correct":[true,true,false,true,false,false,false,true,true,false,true,false,false,true,false,true,false,false,true,true],"right_img":[1,2,1,1,1,2,1,1,2,2,2,1,2,1,1,2,2,2,1,2],"img_choice":[2,1,2,2,2,2,1,2,1,1,1,2,1,1,2,1,2,2,2,2],"center_sample":[1,3,3,3,1,1,3,2,2,3,2,3,3,1,2,3,2,2,1,1],"left_sample":[2,3,2,2,3,3,1,3,1,2,3,1,2,3,1,1,3,2,2,2],"right_sample":[1,3,3,1,2,2,1,1,2,2,1,1,2,2,1,3,2,1,1,3],"exact_match":[0,0,1,0,0,0,0,0,0,0,0,0,0,0,0,0,0,1,0,0],"RT":[[0,0,0,175.89999997615814,0,0],[0,0,0,22.80000001192093,0,0],[0,0,0,112.10000002384186,0,0],[0,0,0,22.19999998807907,0,0],[0,0,0,21.099999964237213,0,0],[0,0,0,21.30000001192093,0,0],[0,0,0,101,0,0],[0,0,0,105.40000003576279,0,0],[0,0,0,22.299999952316284,0,0],[0,0,0,98.90000003576279,0,0],[0,0,0,108.69999998807907,0,0],[0,0,0,106.40000003576279,0,0],[0,0,0,21.69999998807907,0,0],[0,0,0,173.80000001192093,0,0],[0,0,0,98.69999998807907,0,0],[0,0,0,102.69999998807907,0,0],[0,0,0,99.39999997615814,0,0],[0,0,0,109.80000001192093,0,0],[0,0,0,141.89999997615814,0,0],[0,0,0,110.10000002384186,0,0]],"response":[[0,0,0,1,0,0],[0,0,0,1,0,0],[0,0,0,1,0,0],[0,0,0,1,0,0],[0,0,0,1,0,0],[0,0,0,1,0,0],[0,0,0,1,0,0],[0,0,0,1,0,0],[0,0,0,1,0,0],[0,0,0,1,0,0],[0,0,0,1,0,0],[0,0,0,1,0,0],[0,0,0,1,0,0],[0,0,0,1,0,0],[0,0,0,1,0,0],[0,0,0,1,0,0],[0,0,0,1,0,0],[0,0,0,1,0,0],[0,0,0,1,0,0],[0,0,0,1,0,0]],"framerate":[33.734939759036145,35.944700460829495,34.12678099068881,37.62503441355283,36.57310048499221,34.08567480423768,34.25537381211643,35.09372592620188,32.13367609289668,34.695116661253536,34.08606731998296,35.418106428184736,35.107169252350765,34.19638495392253,33.73702422145328,33.48214285680019,33.11835454138888,34.32297923354429,31.90060443282428,33.0200660411319]}
