{"practice":[1,1,1,1,1],"center_interval":[25,75,0,75,25],"image_pair":[4,4,1,4,1],"feature_space":[1,2,1,2,2],"left_img":[2,2,1,2,2],"img1Sample":[3,3,1,1,1],"img2Sample":[2,2,2,1,3],"stim_time":[2000,2000,2000,2000,2000],"key":[49,49,49,49,49],"correct":[false,true,true,true,false],"right_img":[1,1,2,1,1],"img_choice":[2,2,1,2,2],"center_sample":[2,2,3,3,3],"left_sample":[2,2,1,1,3],"right_sample":[3,3,2,1,1],"exact_match":[0,0,0,0,0],"RT":[[0,0,0,630,0,0],[0,0,0,630,0,0],[0,0,0,1204,0,0],[0,0,0,397,0,0],[0,0,0,814,0,0]],"response":[[0,0,0,1,0,0],[0,0,0,1,0,0],[0,0,0,1,0,0],[0,0,0,1,0,0],[0,0,0,1,0,0]],"framerate":[21.542940320232898,23.464658169177287,20.004939491232403,23.13222882150672,22.764673614920458]}
