{"practice":[0,0,0,0,0,0,0,0,0,0,0,0,0,0,0,0,0,0,0,0],"center_interval":[50,50,25,50,0,100,50,25,25,0,0,50,100,25,50,50,75,75,75,25],"image_pair":[4,2,1,3,1,4,1,2,3,3,1,4,1,2,1,4,4,4,2,2],"feature_space":[1,1,1,2,2,1,2,2,1,1,2,2,1,1,1,2,1,2,2,2],"left_img":[2,2,1,2,1,2,2,1,1,1,2,1,1,2,1,2,1,2,2,2],"img1Sample":[1,3,1,2,3,3,3,2,1,1,2,3,2,3,2,3,1,2,3,3],"img2Sample":[1,2,1,1,1,3,1,2,2,1,1,1,2,3,1,2,1,1,2,3],"stim_time":[2000,2000,2000,2000,2000,2000,2000,2000,2000,2000,2000,2000,2000,2000,2000,2000,2000,2000,2000,2000],"key":[null,null,null,null,null,null,null,null,null,null,null,null,null,null,null,null,null,null,null,null],"correct":[null,null,null,null,null,null,null,null,null,null,null,null,null,null,null,null,null,null,null,null],"right_img":[1,1,2,1,2,1,1,2,2,2,1,2,2,1,2,1,2,1,1,1],"img_choice":[null,null,null,null,null,null,null,null,null,null,null,null,null,null,null,null,null,null,null,null],"center_sample":[3,3,3,1,1,2,2,3,2,2,1,1,3,3,2,2,2,2,2,3],"left_sample":[1,2,1,1,3,3,1,2,1,1,1,3,2,3,2,2,1,1,2,3],"right_sample":[1,3,1,2,1,3,3,2,2,1,2,1,2,3,1,3,1,2,3,3],"exact_match":[0,0,0,0,0,0,0,0,0,0,0,0,0,0,0,0,0,0,0,0],"RT":[[0,0,0,0,0,0],[0,0,0,0,0,0],[0,0,0,0,0,0],[0,0,0,0,0,0],[0,0,0,0,0,0],[0,0,0,0,0,0],[0,0,0,0,0,0],[0,0,0,0,0,0],[0,0,0,0,0,0],[0,0,0,0,0,0],[0,0,0,0,0,0],[0,0,0,0,0,0],[0,0,0,0,0,0],[0,0,0,0,0,0],[0,0,0,0,0,0],[0,0,0,0,0,0],[0,0,0,0,0,0],[0,0,0,0,0,0],[0,0,0,0,0,0],[0,0,0,0,0,0]],"response":[[0,0,0,1,0,0],[0,0,0,1,0,0],[0,0,0,1,0,0],[0,0,0,1,0,0],[0,0,0,1,0,0],[0,0,0,1,0,0],[0,0,0,1,0,0],[0,0,0,1,0,0],[0,0,0,1,0,0],[0,0,0,1,0,0],[0,0,0,1,0,0],[0,0,0,1,0,0],[0,0,0,1,0,0],[0,0,0,1,0,0],[0,0,0,1,0,0],[0,0,0,1,0,0],[0,0,0,1,0,0],[0,0,0,1,0,0],[0,0,0,1,0,0],[0,0,0,1,0,0]],"framerate":[12.943739587338204,17.754502490739558,8.745980707395498,9.946442234123948,9.873417721518987,7.686395080707149,10.093167701863354,8.27275006267235,6.099935107073329,7.161703731624576,7.925525223298528,7.526342197691921,7.926195426195426,7.940573770491803,3.1622476283142786,7.387928875532181,9.596928982725528,7.760962359332558,8.445532435740514,7.167541277358249]}
