{"practice":[1,1,1,1,1],"center_interval":[50,100,25,25,25],"image_pair":[2,4,3,1,4],"feature_space":[1,1,2,1,2],"left_img":[1,1,2,1,2],"img1Sample":[3,3,2,3,3],"img2Sample":[1,2,1,2,3],"key":[50,49,50,49,49],"correct":[false,false,true,true,false],"right_img":[2,2,1,2,1],"img_choice":[2,1,1,1,2],"center_sample":[2,3,1,2,3],"left_sample":[3,3,1,3,3],"right_sample":[1,2,2,2,3],"RT":[[0,3163.900000035763,0,0],[0,2236.600000023842,0,0],[0,1819.1000000238419,0,0],[0,2070.699999988079,0,0],[0,2382.099999964237,0,0]],"response":[[0,1,0,0],[0,1,0,0],[0,1,0,0],[0,1,0,0],[0,1,0,0]],"framerate":[59.793105272150925,60.037918685736855,60.04277019334894,60.06566184071478,60.022008070102714]}
