{"practice":[0,0,0,0,0,0,0,0,0,0,0,0,0,0,0,0,0,0,0,0],"center_interval":[100,0,100,25,75,25,0,100,25,50,0,25,50,50,75,0,50,75,75,25],"image_pair":[2,4,3,1,4,1,3,1,4,2,3,3,2,3,1,1,1,2,4,2],"feature_space":[2,2,1,2,1,1,2,2,2,2,2,2,1,1,1,1,1,1,2,2],"left_img":[2,2,2,1,2,2,1,2,2,2,2,2,1,1,1,2,2,2,1,1],"img1Sample":[2,1,2,1,3,3,3,1,3,2,1,1,1,3,2,1,3,1,1,3],"img2Sample":[1,3,3,2,2,1,2,1,1,3,3,3,3,2,3,1,1,1,2,3],"key":[50,50,50,50,50,49,49,50,50,50,50,50,50,49,50,49,49,49,50,49],"correct":[false,true,false,false,false,false,true,false,true,true,true,true,false,true,true,false,false,true,true,true],"right_img":[1,1,1,2,1,1,2,1,1,1,1,1,2,2,2,1,1,1,2,2],"img_choice":[1,1,1,2,1,2,1,1,1,1,1,1,2,1,2,2,2,2,2,1],"center_sample":[2,3,1,1,3,3,2,3,3,3,3,1,2,2,3,3,2,1,2,2],"left_sample":[1,3,3,1,2,1,3,1,1,3,3,3,1,3,2,1,1,1,1,3],"right_sample":[2,1,2,2,3,3,2,1,3,2,1,1,3,2,3,1,3,1,2,3],"RT":[[0,1559.800000011921,0,0],[0,2186.699999988079,0,0],[0,1032,0,0],[0,3071.399999976158,0,0],[0,2031.2999999523163,0,0],[0,2518.400000035763,0,0],[0,1876.5999999642372,0,0],[0,1381.1000000238419,0,0],[0,1687.6000000238419,0,0],[0,2842.7999999523163,0,0],[0,2916.2999999523163,0,0],[0,2380.699999988079,0,0],[0,2384.300000011921,0,0],[0,2425.699999988079,0,0],[0,1973.5,0,0],[0,1862.5,0,0],[0,3863.300000011921,0,0],[0,2139.199999988079,0,0],[0,2431.199999988079,0,0],[0,1430,0,0]],"response":[[0,1,0,0],[0,1,0,0],[0,1,0,0],[0,1,0,0],[0,1,0,0],[0,1,0,0],[0,1,0,0],[0,1,0,0],[0,1,0,0],[0,1,0,0],[0,1,0,0],[0,1,0,0],[0,1,0,0],[0,1,0,0],[0,1,0,0],[0,1,0,0],[0,1,0,0],[0,1,0,0],[0,1,0,0],[0,1,0,0]],"framerate":[60.04341600783726,60.075093867334175,60.03274513501118,60.05434782608695,60.03267601271061,60.0619788512022,60.06369169876888,60.0420294216688,59.99999999999999,60.07661945628269,60.08218789854046,60.06509848734878,60.06406833932327,59.97100303126568,60.10314475219395,60.05031242334184,40.12103552616833,59.666739430465476,60.122215652430135,60.051191178661284]}
