{"practice":[0,0,0,0,0,0,0,0,0,0,0,0,0,0,0,0,0,0,0,0],"center_interval":[75,75,25,25,75,50,25,25,100,50,50,50,0,50,25,50,50,0,75,0],"image_pair":[4,4,3,4,2,1,1,2,1,2,1,1,1,4,1,4,1,1,1,2],"feature_space":[1,1,2,1,1,2,2,2,1,1,2,1,1,1,1,1,2,1,2,1],"left_img":[2,2,2,2,2,2,1,1,2,1,1,2,1,1,1,2,2,1,1,2],"img1Sample":[3,3,1,2,3,1,2,3,2,1,1,2,2,3,2,2,1,1,1,3],"img2Sample":[3,3,3,1,3,1,1,1,3,3,1,1,1,3,1,2,2,3,1,3],"key":[49,49,49,49,50,49,49,49,50,49,49,49,49,49,49,50,50,49,50,49],"correct":[true,true,false,false,false,false,true,true,false,true,true,false,true,true,true,true,true,true,true,false],"right_img":[1,1,1,1,1,1,2,2,1,2,2,1,2,2,2,1,1,2,2,1],"img_choice":[2,2,2,2,1,2,1,1,1,1,1,2,1,1,1,1,1,1,2,2],"center_sample":[2,3,2,3,1,1,1,3,2,2,1,2,3,2,3,3,2,2,3,1],"left_sample":[3,3,3,1,3,1,2,3,3,1,1,1,2,3,2,2,2,1,1,3],"right_sample":[3,3,1,2,3,1,1,1,2,3,1,2,1,3,1,2,1,3,1,3],"RT":[[0,158,0,0],[0,306,0,0],[0,275,0,0],[0,249,0,0],[0,175,0,0],[0,252,0,0],[0,90,0,0],[0,3938,0,0],[0,122,0,0],[0,160,0,0],[0,1598,0,0],[0,227,0,0],[0,98,0,0],[0,290,0,0],[0,212,0,0],[0,90,0,0],[0,123,0,0],[0,189,0,0],[0,21,0,0],[0,170,0,0]],"response":[[0,1,0,0],[0,1,0,0],[0,1,0,0],[0,1,0,0],[0,1,0,0],[0,1,0,0],[0,1,0,0],[0,1,0,0],[0,1,0,0],[0,1,0,0],[0,1,0,0],[0,1,0,0],[0,1,0,0],[0,1,0,0],[0,1,0,0],[0,1,0,0],[0,1,0,0],[0,1,0,0],[0,1,0,0],[0,1,0,0]],"framerate":[35.202086049543674,32.04419889502763,31.319910514541387,32.94117647058823,35.44303797468354,32.369942196531795,35.66333808844508,16.90450054884742,32.47631935047361,34.92884864165588,21.27659574468085,32.806804374240585,37.089871611982886,30.73545554335895,32.45192307692308,39.603960396039604,36.29032258064516,32.953105196451205,38.81987577639752,32.29974160206718]}
