{"practice":[0,0,0,0,0,0,0,0,0,0,0,0,0,0,0,0,0,0,0,0],"center_interval":[100,75,75,75,50,100,0,75,75,0,100,75,25,100,75,25,0,50,50,25],"image_pair":[1,3,4,3,1,2,4,3,4,2,2,2,3,1,1,2,1,3,1,2],"feature_space":[2,1,2,1,2,1,2,2,2,2,2,2,2,1,1,2,1,2,2,2],"left_img":[2,1,1,2,2,1,1,1,2,2,1,1,2,2,1,2,2,2,1,2],"img1Sample":[3,3,1,1,2,3,3,1,2,2,2,1,2,1,3,1,3,3,1,1],"img2Sample":[2,3,2,2,3,3,2,3,3,3,2,1,2,2,3,3,1,2,2,2],"key":[49,50,49,50,50,49,50,49,49,49,49,49,49,50,50,50,49,50,49,49],"correct":[true,true,false,false,true,false,false,false,true,false,false,false,false,false,true,true,false,true,true,false],"right_img":[1,2,2,1,1,2,2,2,1,1,2,2,1,1,2,1,1,1,2,1],"img_choice":[2,2,1,1,1,1,2,1,2,2,1,1,2,1,2,1,2,1,1,2],"center_sample":[1,2,3,2,1,1,2,2,3,1,3,1,3,1,2,1,1,1,1,3],"left_sample":[2,3,1,2,3,3,3,1,3,3,2,1,2,2,3,3,1,2,1,2],"right_sample":[3,3,2,1,2,3,2,3,2,2,2,1,2,1,3,1,3,3,2,1],"RT":[[0,1024.300000011921,0,0],[0,3472.300000011921,0,0],[0,2441.099999964237,0,0],[0,1041.300000011921,0,0],[0,1283.4000000357628,0,0],[0,2137.099999964237,0,0],[0,2210.5,0,0],[0,1955.1000000238419,0,0],[0,2130.800000011921,0,0],[0,2891.399999976158,0,0],[0,2012.2999999523163,0,0],[0,1485.699999988079,0,0],[0,2259.300000011921,0,0],[0,3149.800000011921,0,0],[0,1447.5,0,0],[0,2449.099999964237,0,0],[0,2287,0,0],[0,2968.100000023842,0,0],[0,1258.8999999761581,0,0],[0,1563.3999999761581,0,0]],"response":[[0,1,0,0],[0,1,0,0],[0,1,0,0],[0,1,0,0],[0,1,0,0],[0,1,0,0],[0,1,0,0],[0,1,0,0],[0,1,0,0],[0,1,0,0],[0,1,0,0],[0,1,0,0],[0,1,0,0],[0,1,0,0],[0,1,0,0],[0,1,0,0],[0,1,0,0],[0,1,0,0],[0,1,0,0],[0,1,0,0]],"framerate":[60.019598235720544,60.062268638216274,60.07484735103281,60.02182611728717,60.091718940566686,60.01964279166601,59.70785798084791,60.01558846453624,58.637141712750484,60.04975551130031,60.04180125403763,60.042887776983555,60.09363426759708,60.0233719326239,60.11436391113179,60.063981197829875,60.05798702096376,59.22614890347814,60.066502200015094,60.06283496481796]}
