{"practice":[0,0,0,0,0,0,0,0,0,0,0,0,0,0,0,0,0,0,0,0],"center_interval":[0,25,25,50,75,50,0,0,100,0,50,75,75,100,75,25,25,0,25,25],"image_pair":[2,1,4,2,4,1,2,3,4,4,4,3,4,4,4,4,2,4,2,3],"feature_space":[2,2,2,2,1,2,2,1,2,2,1,1,1,2,2,1,2,1,1,1],"left_img":[1,1,2,1,1,1,2,2,2,2,1,1,1,2,2,2,2,1,2,1],"img1Sample":[1,3,1,1,2,3,3,3,1,1,3,2,1,2,2,3,3,1,1,2],"img2Sample":[1,2,1,1,1,2,3,3,3,3,1,3,3,2,3,1,1,2,3,2],"key":[49,49,49,49,50,49,50,49,50,50,50,49,49,49,50,49,50,50,50,49],"correct":[true,true,false,true,true,true,true,false,false,true,false,false,false,true,false,false,true,false,true,true],"right_img":[2,2,1,2,2,2,1,1,1,1,2,2,2,1,1,1,1,2,1,2],"img_choice":[1,1,2,1,2,1,1,2,1,1,2,1,1,2,1,2,1,2,1,1],"center_sample":[3,2,2,1,1,1,1,2,2,2,1,1,1,3,1,1,1,3,1,1],"left_sample":[1,3,1,1,2,3,3,3,3,3,3,2,1,2,3,1,1,1,3,2],"right_sample":[1,2,1,1,1,2,3,3,1,1,1,3,3,2,2,3,3,2,1,2],"RT":[[0,858,0,0],[0,160,0,0],[0,386,0,0],[0,147,0,0],[0,228,0,0],[0,311,0,0],[0,103,0,0],[0,393,0,0],[0,687,0,0],[0,314,0,0],[0,911,0,0],[0,440,0,0],[0,926,0,0],[0,401,0,0],[0,158,0,0],[0,228,0,0],[0,293,0,0],[0,103,0,0],[0,146,0,0],[0,185,0,0]],"response":[[0,1,0,0],[0,1,0,0],[0,1,0,0],[0,1,0,0],[0,1,0,0],[0,1,0,0],[0,1,0,0],[0,1,0,0],[0,1,0,0],[0,1,0,0],[0,1,0,0],[0,1,0,0],[0,1,0,0],[0,1,0,0],[0,1,0,0],[0,1,0,0],[0,1,0,0],[0,1,0,0],[0,1,0,0],[0,1,0,0]],"framerate":[24.121295658166783,35.80562659846547,30.96903096903097,35.76158940397351,31.476997578692494,28.230184581976115,33.994334277620396,28.056112224448896,24.76780185758514,30.303030303030305,24.246395806028833,28.957528957528957,25.112685125563427,30.632411067193672,36.26943005181347,34.11764705882353,31.79824561403509,35.41076487252125,34.031413612565444,31.210986267166042]}
