{"practice":[0,0,0,0,0,0,0,0,0,0,0,0,0,0,0,0,0,0,0,0],"center_interval":[25,0,0,100,75,0,100,100,50,75,100,0,25,100,25,50,100,0,100,50],"image_pair":[3,1,1,1,3,3,3,4,2,2,3,4,1,2,4,4,3,1,2,2],"feature_space":[2,2,1,1,1,1,1,2,1,1,2,1,1,2,2,1,1,1,1,1],"left_img":[1,2,1,2,2,2,1,2,2,2,1,1,2,2,2,2,2,1,1,2],"img1Sample":[1,3,1,1,2,3,1,1,2,3,1,3,1,3,3,3,2,3,3,1],"img2Sample":[2,1,2,1,3,2,2,1,3,1,3,2,2,2,3,2,2,3,1,2],"key":[49,49,50,50,50,49,49,50,49,50,null,null,49,50,50,50,50,49,49,50],"correct":[true,false,false,false,false,false,false,false,false,false,null,null,false,false,true,true,false,true,false,true],"right_img":[2,1,2,1,1,1,2,1,1,1,2,2,1,1,1,1,1,2,2,1],"img_choice":[1,2,2,1,1,2,1,1,2,1,null,null,2,1,1,1,1,1,1,1],"center_sample":[3,2,3,3,2,1,3,3,3,2,2,2,2,3,3,1,1,2,2,1],"left_sample":[1,1,1,1,3,2,1,1,3,1,1,3,2,2,3,2,2,3,3,2],"right_sample":[2,3,2,1,2,3,2,1,2,3,3,2,1,3,3,3,2,3,1,1],"RT":[[0,1653,0,0],[0,64,0,0],[0,86,0,0],[0,78,0,0],[0,131,0,0],[0,2818,0,0],[0,21,0,0],[0,116,0,0],[0,91,0,0],[0,132,0,0],[0,0,0,0],[0,0,0,0],[0,4449,0,0],[0,18,0,0],[0,138,0,0],[0,94,0,0],[0,734,0,0],[0,1249,0,0],[0,115,0,0],[0,311,0,0]],"response":[[0,1,0,0],[0,1,0,0],[0,1,0,0],[0,1,0,0],[0,1,0,0],[0,1,0,0],[0,1,0,0],[0,1,0,0],[0,1,0,0],[0,1,0,0],[0,1,0,0],[0,1,0,0],[0,1,0,0],[0,1,0,0],[0,1,0,0],[0,1,0,0],[0,1,0,0],[0,1,0,0],[0,1,0,0],[0,1,0,0]],"framerate":[23.820026466696074,40.17857142857143,39.38115330520394,37.3134328358209,37.4331550802139,17.569546120058565,36.392405063291136,36.211699164345404,37.65690376569037,37.99185888738128,15.316117542297416,15.275310834813501,16.167192429022084,41.46730462519936,38.666666666666664,37.84570596797671,24.444444444444446,22.138228941684666,31.506849315068493,30.335861321776814]}
