{"practice":[0,0,0,0,0,0,0,0,0,0,0,0,0,0,0,0,0,0,0,0],"center_interval":[0,75,100,25,75,100,0,0,100,75,100,0,75,75,50,75,25,75,0,75],"image_pair":[2,1,1,2,2,4,2,2,2,1,3,4,1,1,1,1,2,1,2,2],"feature_space":[2,2,2,2,2,2,1,1,2,1,1,2,2,1,1,1,1,2,1,1],"left_img":[1,1,2,1,2,2,1,1,1,2,1,2,2,1,2,1,1,2,1,1],"img1Sample":[1,2,3,1,1,2,1,2,3,2,2,2,2,1,2,1,3,2,3,3],"img2Sample":[2,3,1,2,3,2,2,1,3,3,1,2,1,3,1,1,3,1,3,3],"key":[50,49,50,49,50,50,49,null,49,49,49,49,50,50,50,50,49,49,49,49],"correct":[false,false,false,true,false,false,true,null,false,true,false,false,false,true,true,true,true,true,true,false],"right_img":[2,2,1,2,1,1,2,2,2,1,2,1,1,2,1,2,2,1,2,2],"img_choice":[2,1,1,1,1,1,1,null,1,2,1,2,1,2,1,2,1,2,1,1],"center_sample":[2,1,2,3,2,3,3,1,2,2,3,3,1,3,3,2,1,2,1,1],"left_sample":[1,2,1,1,3,2,1,2,3,3,2,2,1,1,1,1,3,1,3,3],"right_sample":[2,3,3,2,1,2,2,1,3,2,1,2,2,3,2,1,3,2,3,3],"RT":[[0,1106.3999999761581,0,0],[0,2407.399999976158,0,0],[0,2633.800000011921,0,0],[0,1818.8999999761581,0,0],[0,1788.5,0,0],[0,2580.7000000476837,0,0],[0,2292.5,0,0],[0,0,0,0],[0,2008.9000000357628,0,0],[0,2922,0,0],[0,2814.199999988079,0,0],[0,1988.300000011921,0,0],[0,2887.199999988079,0,0],[0,1805.800000011921,0,0],[0,2855.199999988079,0,0],[0,2608.300000011921,0,0],[0,2474.800000011921,0,0],[0,2267.199999988079,0,0],[0,1658.199999988079,0,0],[0,2480.899999976158,0,0]],"response":[[0,1,0,0],[0,1,0,0],[0,1,0,0],[0,1,0,0],[0,1,0,0],[0,1,0,0],[0,1,0,0],[0,1,0,0],[0,1,0,0],[0,1,0,0],[0,1,0,0],[0,1,0,0],[0,1,0,0],[0,1,0,0],[0,1,0,0],[0,1,0,0],[0,1,0,0],[0,1,0,0],[0,1,0,0],[0,1,0,0]],"framerate":[60.019812366497575,60.063049610087944,60.05358627654468,59.651333753413155,39.83383599813643,60.04127837978078,60.07664951810372,60.04240383428934,60.09109350370675,59.178299402753765,60.09685512552762,60.03925643800289,60.042887776983555,60.083702813277974,60.073937152799104,60.04791388013674,60.05713543625899,58.978628920832,60.11049723756906,60.06298496755559]}
