{"practice":[0,0,0,0,0,0,0,0,0,0,0,0,0,0,0,0,0,0,0,0],"center_interval":[50,75,50,75,0,75,75,75,25,75,0,100,25,100,50,25,100,25,50,25],"image_pair":[4,4,2,1,2,4,2,2,3,2,3,3,3,3,2,2,1,1,2,4],"feature_space":[1,1,1,1,2,1,2,1,2,2,1,2,2,1,2,2,1,1,2,2],"left_img":[1,2,2,2,2,1,1,2,2,2,1,2,1,2,2,2,1,1,2,2],"img1Sample":[3,3,3,3,1,2,3,3,3,2,2,3,1,1,3,1,1,1,3,2],"img2Sample":[2,3,1,1,1,2,3,1,1,1,2,2,3,1,2,3,3,3,1,1],"key":[49,49,49,49,50,49,50,50,50,49,50,49,49,50,50,49,50,50,50,50],"correct":[true,true,false,true,true,false,true,false,true,true,false,true,true,false,true,false,true,false,true,true],"right_img":[2,1,1,1,1,2,2,1,1,1,2,1,2,1,1,1,2,2,1,1],"img_choice":[1,2,2,2,1,1,2,1,1,2,2,2,1,1,1,2,2,2,1,1],"center_sample":[1,2,3,1,2,3,2,2,1,1,3,3,1,2,3,1,2,3,3,2],"left_sample":[3,3,1,1,1,2,3,1,1,1,2,2,1,1,2,3,1,1,1,1],"right_sample":[2,3,3,3,1,2,3,3,3,2,2,3,3,1,3,1,3,3,3,2],"RT":[[0,2169.900000035763,0,0],[0,2623,0,0],[0,2514.5,0,0],[0,2447.699999988079,0,0],[0,2542.300000011921,0,0],[0,2754.5,0,0],[0,2174.800000011921,0,0],[0,2522.100000023842,0,0],[0,2197.5,0,0],[0,2069.600000023842,0,0],[0,2753.899999976158,0,0],[0,2537.600000023842,0,0],[0,2902.699999988079,0,0],[0,3698.800000011921,0,0],[0,3181,0,0],[0,3145.099999964237,0,0],[0,2716.5,0,0],[0,3724.199999988079,0,0],[0,2740.800000011921,0,0],[0,3313.800000011921,0,0]],"response":[[0,1,0,0],[0,1,0,0],[0,1,0,0],[0,1,0,0],[0,1,0,0],[0,1,0,0],[0,1,0,0],[0,1,0,0],[0,1,0,0],[0,1,0,0],[0,1,0,0],[0,1,0,0],[0,1,0,0],[0,1,0,0],[0,1,0,0],[0,1,0,0],[0,1,0,0],[0,1,0,0],[0,1,0,0],[0,1,0,0]],"framerate":[60.03954700701061,60.08052028491793,60.06389776357827,60.0404620500452,60.070559069155486,60.03328578200319,60.078425729652906,60.06773595734038,60.04618937644342,60.05669949375699,60.03863872789419,59.78122615087998,60.01137656427758,60.09420172111902,60.061642212309465,60.062464963179835,60.065471364001574,59.82353212949285,60.04122233089495,60.06006006042448]}
