{"practice":[0,0,0,0,0,0,0,0,0,0,0,0,0,0,0,0,0,0,0,0],"center_interval":[25,75,75,0,50,0,100,75,50,25,25,75,100,75,25,75,50,25,100,100],"image_pair":[1,1,1,3,3,3,1,1,2,4,1,3,1,4,3,2,4,2,1,2],"feature_space":[1,1,1,1,2,2,2,1,1,2,2,2,2,2,1,2,2,1,1,1],"left_img":[1,2,1,2,2,1,1,2,1,2,2,2,2,2,2,2,2,2,2,2],"img1Sample":[3,1,3,2,2,1,2,3,1,1,3,1,3,2,2,1,3,1,3,3],"img2Sample":[2,2,1,3,1,3,1,3,3,2,2,2,1,3,1,2,2,1,2,3],"key":[50,50,50,50,50,49,50,49,49,50,50,50,49,49,49,50,49,50,50,50],"correct":[false,false,true,true,true,true,true,true,true,true,true,false,true,true,false,false,false,true,false,false],"right_img":[2,1,2,1,1,2,2,1,2,1,1,1,1,1,1,1,1,1,1,1],"img_choice":[2,1,2,1,1,1,2,2,1,1,1,1,2,2,2,1,2,1,1,1],"center_sample":[1,2,3,3,1,3,2,1,1,1,2,3,2,1,3,2,3,3,1,2],"left_sample":[3,2,3,3,1,1,2,3,1,2,2,2,1,3,1,2,2,1,2,3],"right_sample":[2,1,1,2,2,3,1,3,3,1,3,1,3,2,2,1,3,1,3,3],"RT":[[0,4028.100000023842,0,0],[0,1167.800000011921,0,0],[0,2146.600000023842,0,0],[0,2284.199999988079,0,0],[0,2149.100000023842,0,0],[0,2570.099999964237,0,0],[0,2199,0,0],[0,1742.8999999761581,0,0],[0,2474.800000011921,0,0],[0,3118.699999988079,0,0],[0,1931.1000000238419,0,0],[0,1189.1000000238419,0,0],[0,1913.3999999761581,0,0],[0,1830.699999988079,0,0],[0,1892.5,0,0],[0,1572,0,0],[0,2303.600000023842,0,0],[0,1740.5999999642372,0,0],[0,2400.800000011921,0,0],[0,1874.800000011921,0,0]],"response":[[0,1,0,0],[0,1,0,0],[0,1,0,0],[0,1,0,0],[0,1,0,0],[0,1,0,0],[0,1,0,0],[0,1,0,0],[0,1,0,0],[0,1,0,0],[0,1,0,0],[0,1,0,0],[0,1,0,0],[0,1,0,0],[0,1,0,0],[0,1,0,0],[0,1,0,0],[0,1,0,0],[0,1,0,0],[0,1,0,0]],"framerate":[60.054870277623664,60.0550036465939,58.969132207594264,60.05798702219934,60.01663111516356,60.09312861749651,60.039789682849324,60.07157464243188,60.057135437421074,36.817070220935264,59.77192292567833,60.180541626073904,60.018283714715835,60.083381019434626,58.49358974358974,60.04767143315381,60.00342876735813,60.13306038864003,59.06164974427497,60.054008303634554]}
