{"practice":[1,1,1,1,1],"center_interval":[75,25,25,75,25],"image_pair":[2,2,3,2,3],"feature_space":[1,1,1,2,1],"left_img":[2,1,1,2,1],"img1Sample":[2,1,1,3,2],"img2Sample":[1,2,1,2,2],"key":[50,50,49,50,50],"correct":[false,false,true,false,false],"right_img":[1,2,2,1,2],"img_choice":[1,2,1,1,2],"center_sample":[1,2,3,2,1],"left_sample":[1,1,1,2,2],"right_sample":[2,2,1,3,2],"RT":[[0,95,0,0],[0,108,0,0],[0,125,0,0],[0,287,0,0],[0,74,0,0]],"response":[[0,1,0,0],[0,1,0,0],[0,1,0,0],[0,1,0,0],[0,1,0,0]],"framerate":[37.86816269284712,41.37931034482759,35.56771545827633,29.702970297029704,37.51803751803752]}
