{"practice":[0,0,0,0,0,0,0,0,0,0,0,0,0,0,0,0,0,0,0,0],"center_interval":[50,100,25,50,75,50,25,75,25,50,75,75,100,100,100,25,25,75,0,75],"image_pair":[2,2,4,4,2,1,1,2,3,1,2,2,1,1,1,1,1,4,4,3],"feature_space":[2,1,1,1,2,2,1,2,1,1,1,2,1,2,1,2,1,1,2,2],"left_img":[1,2,1,1,2,2,1,1,2,1,1,2,1,1,2,1,2,1,1,2],"img1Sample":[2,1,2,2,2,1,1,2,3,1,2,1,2,2,3,2,1,3,3,1],"img2Sample":[2,2,2,2,1,1,2,2,3,2,3,1,2,1,3,3,2,1,1,3],"key":[49,50,49,50,50,49,50,50,49,50,50,50,50,50,49,49,49,49,49,50],"correct":[true,false,true,false,false,false,false,true,false,false,true,false,true,true,true,true,false,false,true,false],"right_img":[2,1,2,2,1,1,2,2,1,2,2,1,2,2,1,2,1,2,2,1],"img_choice":[1,1,1,2,1,2,2,2,2,2,2,1,2,2,2,1,2,1,1,1],"center_sample":[1,3,1,1,1,1,2,1,2,3,2,2,3,3,1,3,2,3,2,3],"left_sample":[2,2,2,2,1,1,1,2,3,1,2,1,2,2,3,2,2,3,3,3],"right_sample":[2,1,2,2,2,1,2,2,3,2,3,1,2,1,3,3,1,1,1,1],"RT":[[0,0,0,834.5,0,0],[0,0,0,911.3000000007451,0,0],[0,0,0,955.2000000029802,0,0],[0,0,0,1156.4000000022352,0,0],[0,0,0,1237.5,0,0],[0,0,0,1035.800000000745,0,0],[0,0,0,922.3000000007451,0,0],[0,0,0,1171.699999999255,0,0],[0,0,0,972.6000000014901,0,0],[0,0,0,638,0,0],[0,0,0,980,0,0],[0,0,0,1036,0,0],[0,0,0,1587.8999999985099,0,0],[0,0,0,1137.5,0,0],[0,0,0,1163.9000000022352,0,0],[0,0,0,758.3000000007451,0,0],[0,0,0,598.5,0,0],[0,0,0,1158.800000000745,0,0],[0,0,0,968,0,0],[0,0,0,960.7000000029802,0,0]],"response":[[0,0,0,1,0,0],[0,0,0,1,0,0],[0,0,0,1,0,0],[0,0,0,1,0,0],[0,0,0,1,0,0],[0,0,0,1,0,0],[0,0,0,1,0,0],[0,0,0,1,0,0],[0,0,0,1,0,0],[0,0,0,1,0,0],[0,0,0,1,0,0],[0,0,0,1,0,0],[0,0,0,1,0,0],[0,0,0,1,0,0],[0,0,0,1,0,0],[0,0,0,1,0,0],[0,0,0,1,0,0],[0,0,0,1,0,0],[0,0,0,1,0,0],[0,0,0,1,0,0]],"framerate":[59.99999999999999,59.99784761083601,60.002654984733844,59.99798326111193,60.00148151802905,59.99999999999999,60.00214293368818,59.99748964478473,60.00052863900704,60.00173918087174,60.00211461198052,59.99065080764313,60.002727396689686,59.49517709311341,59.99949580256755,60.00448631669636,59.99647079584869,59.99647079585807,60.00370066874007,60.002654984733844]}
