{"practice":[0,0,0,0,0,0,0,0,0,0,0,0,0,0,0,0,0,0,0,0],"center_interval":[75,75,50,25,0,75,0,100,50,25,50,75,50,0,100,0,75,25,100,50],"image_pair":[2,4,4,3,4,2,3,1,4,3,4,3,3,2,3,1,4,3,2,1],"feature_space":[2,2,1,2,1,2,2,1,1,1,1,1,1,2,2,1,1,2,1,1],"left_img":[2,2,2,2,1,1,2,1,2,2,1,1,1,1,1,1,2,1,1,2],"img1Sample":[2,3,3,1,3,2,1,3,3,2,3,2,2,3,1,1,3,2,3,2],"img2Sample":[3,2,3,2,2,1,1,2,1,1,1,2,1,1,1,1,3,3,3,1],"key":[49,50,50,50,49,49,49,50,49,49,50,49,50,50,50,50,50,49,49,49],"correct":[true,false,true,true,true,false,false,true,false,false,false,false,false,false,true,false,false,true,false,false],"right_img":[1,1,1,1,2,2,1,2,1,1,2,2,2,2,2,2,1,2,2,1],"img_choice":[2,1,1,1,1,1,2,2,2,2,2,1,2,2,2,2,1,1,1,2],"center_sample":[2,1,1,1,2,3,3,3,3,2,3,2,2,2,2,3,2,3,2,3],"left_sample":[3,2,3,2,3,2,1,3,1,1,3,2,2,3,1,1,3,2,3,1],"right_sample":[2,3,3,1,2,1,1,2,3,2,1,2,1,1,1,1,3,3,3,2],"RT":[[0,0,0,656.6999999992549,0,0],[0,0,0,765,0,0],[0,0,0,821.8000000007451,0,0],[0,0,0,901.1999999992549,0,0],[0,0,0,1143.8999999985099,0,0],[0,0,0,905.6999999992549,0,0],[0,0,0,1054.300000000745,0,0],[0,0,0,1034.1000000014901,0,0],[0,0,0,768.9000000022352,0,0],[0,0,0,857.1999999992549,0,0],[0,0,0,1167.1000000014901,0,0],[0,0,0,751.0999999977648,0,0],[0,0,0,1064.300000000745,0,0],[0,0,0,1190.199999999255,0,0],[0,0,0,773.8999999985099,0,0],[0,0,0,511,0,0],[0,0,0,1361.6000000014901,0,0],[0,0,0,1052.300000000745,0,0],[0,0,0,985.1999999992549,0,0],[0,0,0,1272.8999999985099,0,0]],"response":[[0,0,0,1,0,0],[0,0,0,1,0,0],[0,0,0,1,0,0],[0,0,0,1,0,0],[0,0,0,1,0,0],[0,0,0,1,0,0],[0,0,0,1,0,0],[0,0,0,1,0,0],[0,0,0,1,0,0],[0,0,0,1,0,0],[0,0,0,1,0,0],[0,0,0,1,0,0],[0,0,0,1,0,0],[0,0,0,1,0,0],[0,0,0,1,0,0],[0,0,0,1,0,0],[0,0,0,1,0,0],[0,0,0,1,0,0],[0,0,0,1,0,0],[0,0,0,1,0,0]],"framerate":[60.00115386831783,59.99607502315439,60.00220191567894,59.999461888246216,59.99999999999999,59.189109203870885,59.999482763091194,60.00311704502969,59.99888374172278,60.002727396699854,59.998995832672065,59.99607502315439,60.00569019474829,59.998500037532594,60.000558144714454,59.997588036648374,60.00240009600384,59.99637952884466,60.00157898888547,59.99755112036244]}
