{"practice":[0,0,0,0,0,0,0,0,0,0,0,0,0,0,0,0,0,0,0,0],"center_interval":[50,75,75,50,0,25,75,100,100,100,25,0,50,0,75,75,0,100,100,25],"image_pair":[2,4,2,1,4,1,4,1,2,4,3,4,1,4,1,3,2,1,2,3],"feature_space":[1,1,1,1,1,2,1,2,2,1,2,2,1,2,1,1,2,2,2,1],"left_img":[1,2,2,1,1,2,1,1,2,2,2,2,1,1,1,2,1,2,2,1],"img1Sample":[3,2,2,1,3,2,2,2,3,1,3,2,1,2,1,3,3,1,2,3],"img2Sample":[2,2,1,1,1,1,2,1,3,3,1,2,3,1,1,1,1,2,1,1],"key":[49,50,49,49,49,50,50,50,50,49,49,49,50,49,49,49,49,50,50,49],"correct":[true,false,true,true,true,true,true,true,false,true,false,false,false,true,false,true,true,false,false,true],"right_img":[2,1,1,2,2,1,2,2,1,1,1,1,2,2,2,1,2,1,1,2],"img_choice":[1,1,2,1,1,1,2,2,1,2,2,2,2,1,1,2,1,1,1,1],"center_sample":[3,3,1,3,2,1,2,3,1,1,1,1,3,1,1,3,1,1,2,2],"left_sample":[3,2,1,1,3,1,2,2,3,3,1,2,1,2,1,1,3,2,1,3],"right_sample":[2,2,2,1,1,2,2,1,3,1,3,2,3,1,1,3,1,1,2,1],"RT":[[0,0,0,777.5,0,0],[0,0,0,787.4000000022352,0,0],[0,0,0,747.3000000007451,0,0],[0,0,0,1141,0,0],[0,0,0,774.8000000007451,0,0],[0,0,0,1559.9000000022352,0,0],[0,0,0,1360.3999999985099,0,0],[0,0,0,857.5,0,0],[0,0,0,1528.300000000745,0,0],[0,0,0,835.2000000029802,0,0],[0,0,0,1512.800000000745,0,0],[0,0,0,1517.2999999970198,0,0],[0,0,0,1222.5999999977648,0,0],[0,0,0,1222.5,0,0],[0,0,0,836.0999999977648,0,0],[0,0,0,650.6999999992549,0,0],[0,0,0,1198.199999999255,0,0],[0,0,0,1742.199999999255,0,0],[0,0,0,1281.699999999255,0,0],[0,0,0,926.9000000022352,0,0]],"response":[[0,0,0,1,0,0],[0,0,0,1,0,0],[0,0,0,1,0,0],[0,0,0,1,0,0],[0,0,0,1,0,0],[0,0,0,1,0,0],[0,0,0,1,0,0],[0,0,0,1,0,0],[0,0,0,1,0,0],[0,0,0,1,0,0],[0,0,0,1,0,0],[0,0,0,1,0,0],[0,0,0,1,0,0],[0,0,0,1,0,0],[0,0,0,1,0,0],[0,0,0,1,0,0],[0,0,0,1,0,0],[0,0,0,1,0,0],[0,0,0,1,0,0],[0,0,0,1,0,0]],"framerate":[59.99888374172278,59.9966668517919,60.005070851070435,59.99999999999999,59.437437214011844,60.00091604449929,60.000960015338784,59.99945455042538,60.001846210662954,59.99671250891586,59.99814677537883,60.00461573967229,60.00049587185563,60.00049587185563,59.99999999999999,59.99769239649787,59.99999999999999,59.99999999999999,60.000489799905786,60.0037502343657]}
