{"practice":[1,1,1,1,1],"center_interval":[25,25,75,25,0],"image_pair":[3,4,3,1,4],"feature_space":[2,1,2,2,1],"left_img":[1,2,2,2,1],"img1Sample":[3,1,1,1,1],"img2Sample":[1,1,3,3,1],"key":[49,49,49,50,49],"correct":[true,false,true,true,true],"right_img":[2,1,1,1,2],"img_choice":[1,2,2,1,1],"center_sample":[1,1,1,3,2],"left_sample":[3,1,3,3,1],"right_sample":[1,1,1,1,1],"RT":[[0,0,0,4256.79999999702,0,0],[0,0,0,1205,0,0],[0,0,0,1324.8999999985099,0,0],[0,0,0,1086.3999999985099,0,0],[0,0,0,1644.5,0,0]],"response":[[0,0,0,1,0,0],[0,0,0,1,0,0],[0,0,0,1,0,0],[0,0,0,1,0,0],[0,0,0,1,0,0]],"framerate":[59.99971698244176,59.99800836491207,60.003387287970426,59.99999999999999,59.99999999999999]}
