{"practice":[1,1,1,1,1],"center_interval":[50,25,0,100,25],"image_pair":[4,2,2,1,2],"feature_space":[1,1,2,1,1],"left_img":[2,2,2,2,2],"img1Sample":[1,1,3,2,3],"img2Sample":[3,2,1,1,3],"stim_time":[2000,2000,2000,2000,2000],"key":[50,49,50,50,49],"correct":[true,false,true,false,false],"right_img":[1,1,1,1,1],"img_choice":[1,2,1,1,2],"center_sample":[3,2,1,1,2],"left_sample":[3,2,1,1,3],"right_sample":[1,1,3,2,3],"exact_match":[0,0,0,1,0],"RT":[[0,0,0,1224,0,0],[0,0,0,182,0,0],[0,0,0,197,0,0],[0,0,0,104,0,0],[0,0,0,259,0,0]],"response":[[0,0,0,1,0,0],[0,0,0,1,0,0],[0,0,0,1,0,0],[0,0,0,1,0,0],[0,0,0,1,0,0]],"framerate":[21.7498764211567,25.308025308025307,24.84266313348791,26.125816431763493,24.453863710466255]}
