{"practice":[0,0,0,0,0,0,0,0,0,0,0,0,0,0,0,0,0,0,0,0],"center_interval":[100,50,50,50,75,50,75,25,75,100,100,0,100,25,25,25,0,50,100,100],"image_pair":[3,1,1,3,4,4,3,4,2,1,4,1,4,4,2,4,3,4,1,3],"feature_space":[1,1,1,1,2,1,1,1,1,2,1,1,2,2,1,2,2,1,1,1],"left_img":[1,2,1,1,2,2,1,1,1,2,2,1,2,1,2,2,1,1,2,1],"img1Sample":[1,3,1,1,1,2,3,1,2,1,3,1,3,2,1,3,2,2,1,2],"img2Sample":[2,1,2,3,1,3,2,3,3,1,2,3,2,1,1,2,3,1,2,3],"stim_time":[2000,2000,2000,2000,2000,2000,2000,2000,2000,2000,2000,2000,2000,2000,2000,2000,2000,2000,2000,2000],"key":[50,50,50,50,50,50,50,50,49,50,50,49,49,49,50,49,50,50,50,50],"correct":[true,true,false,false,false,true,true,false,false,false,false,true,true,true,true,false,false,false,false,true],"right_img":[2,1,2,2,1,1,2,2,2,1,1,2,1,2,1,1,2,2,1,2],"img_choice":[2,1,2,2,1,1,2,2,1,1,1,1,2,1,1,2,2,2,1,2],"center_sample":[1,2,3,1,3,2,3,3,2,1,3,2,1,3,1,1,3,2,3,2],"left_sample":[1,1,1,1,1,3,3,1,2,1,2,1,2,2,1,2,2,2,2,2],"right_sample":[2,3,2,3,1,2,2,3,3,1,3,3,3,1,1,3,3,1,1,3],"exact_match":[0,0,0,0,0,0,0,0,0,1,0,0,0,0,0,0,0,0,0,0],"RT":[[0,0,0,195,0,0],[0,0,0,188,0,0],[0,0,0,259,0,0],[0,0,0,105,0,0],[0,0,0,100,0,0],[0,0,0,245,0,0],[0,0,0,102,0,0],[0,0,0,109,0,0],[0,0,0,461,0,0],[0,0,0,263,0,0],[0,0,0,529,0,0],[0,0,0,99,0,0],[0,0,0,101,0,0],[0,0,0,185,0,0],[0,0,0,1445,0,0],[0,0,0,478,0,0],[0,0,0,22,0,0],[0,0,0,313,0,0],[0,0,0,1042,0,0],[0,0,0,105,0,0]],"response":[[0,0,0,1,0,0],[0,0,0,1,0,0],[0,0,0,1,0,0],[0,0,0,1,0,0],[0,0,0,1,0,0],[0,0,0,1,0,0],[0,0,0,1,0,0],[0,0,0,1,0,0],[0,0,0,1,0,0],[0,0,0,1,0,0],[0,0,0,1,0,0],[0,0,0,1,0,0],[0,0,0,1,0,0],[0,0,0,1,0,0],[0,0,0,1,0,0],[0,0,0,1,0,0],[0,0,0,1,0,0],[0,0,0,1,0,0],[0,0,0,1,0,0],[0,0,0,1,0,0]],"framerate":[26.64002664002664,24.87562189054726,25.056947608200456,24.398625429553267,26.39698320191978,25.44031311154599,24.682893383613305,25.03429355281207,24.763069397737695,25.30003243593902,23.61733931240658,24.348422496570645,24.33173406442769,25.752508361204015,22.540502465367457,24.367956137678952,28.56135401974612,23.121387283236995,22.603273577552613,24.974341430037633]}
