{"practice":[0,0,0,0,0,0,0,0,0,0,0,0,0,0,0,0,0,0,0,0],"center_interval":[25,25,25,100,0,0,25,25,100,0,75,25,50,25,75,100,0,75,100,100],"image_pair":[2,3,3,4,2,3,4,1,4,2,3,4,1,3,2,3,3,4,4,3],"feature_space":[1,2,2,1,2,2,1,1,2,1,2,2,1,2,1,2,2,1,2,1],"left_img":[1,1,1,2,2,1,2,1,2,2,2,2,2,2,2,1,2,1,1,1],"img1Sample":[1,1,2,3,2,1,1,2,3,3,1,2,1,3,3,2,3,1,2,3],"img2Sample":[3,3,3,3,2,2,3,1,2,2,2,2,3,3,2,1,3,3,1,1],"stim_time":[250,250,250,250,250,250,250,250,250,250,250,250,250,250,250,250,250,250,250,250],"key":[null,null,49,50,49,null,null,null,49,50,50,50,49,50,50,50,50,49,50,50],"correct":[null,null,true,false,false,null,null,null,true,true,false,true,false,true,false,true,true,false,true,true],"right_img":[2,2,2,1,1,2,1,2,1,1,1,1,1,1,1,2,1,2,2,2],"img_choice":[null,null,1,1,2,null,null,null,2,1,1,1,2,1,1,2,1,1,2,2],"center_sample":[3,2,2,2,2,3,1,3,1,2,3,3,2,2,2,2,3,1,2,3],"left_sample":[1,1,2,3,2,1,3,2,2,2,2,2,3,3,2,2,3,1,2,3],"right_sample":[3,3,3,3,2,2,1,1,3,3,1,2,1,3,3,1,3,3,1,1],"exact_match":[0,0,0,0,1,0,0,0,0,0,0,0,0,0,0,0,1,0,0,0],"RT":[[0,0,0,0,0,0],[0,0,0,0,0,0],[0,0,0,3714,0,0],[0,0,0,392,0,0],[0,0,0,524,0,0],[0,0,0,0,0,0],[0,0,0,0,0,0],[0,0,0,0,0,0],[0,0,0,1977,0,0],[0,0,0,735,0,0],[0,0,0,776,0,0],[0,0,0,1480,0,0],[0,0,0,572,0,0],[0,0,0,106,0,0],[0,0,0,732,0,0],[0,0,0,749,0,0],[0,0,0,524,0,0],[0,0,0,726,0,0],[0,0,0,749,0,0],[0,0,0,313,0,0]],"response":[[0,0,0,1,0,0],[0,0,0,1,0,0],[0,0,0,1,0,0],[0,0,0,1,0,0],[0,0,0,1,0,0],[0,0,0,1,0,0],[0,0,0,1,0,0],[0,0,0,1,0,0],[0,0,0,1,0,0],[0,0,0,1,0,0],[0,0,0,1,0,0],[0,0,0,1,0,0],[0,0,0,1,0,0],[0,0,0,1,0,0],[0,0,0,1,0,0],[0,0,0,1,0,0],[0,0,0,1,0,0],[0,0,0,1,0,0],[0,0,0,1,0,0],[0,0,0,1,0,0]],"framerate":[10.742026111386547,10.387469084913437,10.89799476896251,17.523364485981308,17.510944340212635,11.043349266523817,10.204081632653061,12.309920347574222,1.1378991536875045,6.227296315516346,6.752954417557681,5.965697240865026,6.4065230052417,7.120253164556962,6.36604774535809,6.514657980456026,6.435006435006435,6.169665809768637,6.32577754348972,7.18849840255591]}
