{"practice":[0,0,0,0,0,0,0,0,0,0,0,0,0,0,0,0,0,0,0,0],"center_interval":[100,100,50,75,100,100,100,100,75,100,100,75,100,0,100,75,50,100,75,75],"image_pair":[4,3,2,2,2,2,1,2,2,2,3,2,1,4,4,1,1,3,3,4],"feature_space":[1,2,2,1,2,2,1,2,2,2,1,1,1,2,2,2,1,1,1,1],"left_img":[2,2,1,2,1,1,1,1,2,1,2,2,2,1,2,2,2,1,2,2],"img1Sample":[2,2,3,3,1,2,3,2,2,2,3,1,3,1,2,1,2,1,1,2],"img2Sample":[3,2,2,1,3,2,2,2,3,1,3,1,2,2,1,2,3,2,1,2],"stim_time":[250,250,250,250,250,250,250,250,250,250,250,250,250,250,250,250,250,250,250,250],"key":[50,50,49,50,50,50,50,49,50,50,50,49,49,50,49,49,49,50,49,50],"correct":[false,false,true,false,true,true,true,false,false,true,false,true,true,false,true,true,false,true,true,false],"right_img":[1,1,2,1,2,2,2,2,1,2,1,1,1,2,1,1,1,2,1,1],"img_choice":[1,1,1,1,2,2,2,1,1,2,1,2,2,2,2,2,2,2,2,1],"center_sample":[1,1,1,2,2,1,1,1,2,2,1,3,3,2,3,2,3,3,3,2],"left_sample":[3,2,3,1,1,2,3,2,3,2,3,1,2,1,1,2,3,1,1,2],"right_sample":[2,2,2,3,3,2,2,2,2,1,3,1,3,2,2,1,2,2,1,2],"exact_match":[0,0,0,0,0,0,0,0,0,0,0,0,0,0,0,0,0,0,0,0],"RT":[[0,0,0,640,0,0],[0,0,0,1039,0,0],[0,0,0,1187,0,0],[0,0,0,637,0,0],[0,0,0,741,0,0],[0,0,0,604,0,0],[0,0,0,633,0,0],[0,0,0,508,0,0],[0,0,0,1157,0,0],[0,0,0,510,0,0],[0,0,0,420,0,0],[0,0,0,505,0,0],[0,0,0,738,0,0],[0,0,0,538,0,0],[0,0,0,286,0,0],[0,0,0,741,0,0],[0,0,0,876,0,0],[0,0,0,389,0,0],[0,0,0,399,0,0],[0,0,0,622,0,0]],"response":[[0,0,0,1,0,0],[0,0,0,1,0,0],[0,0,0,1,0,0],[0,0,0,1,0,0],[0,0,0,1,0,0],[0,0,0,1,0,0],[0,0,0,1,0,0],[0,0,0,1,0,0],[0,0,0,1,0,0],[0,0,0,1,0,0],[0,0,0,1,0,0],[0,0,0,1,0,0],[0,0,0,1,0,0],[0,0,0,1,0,0],[0,0,0,1,0,0],[0,0,0,1,0,0],[0,0,0,1,0,0],[0,0,0,1,0,0],[0,0,0,1,0,0],[0,0,0,1,0,0]],"framerate":[18.80141010575793,18.07802093244529,17.379679144385026,18.235294117647058,17.582417582417584,17.846519928613922,19.013666072489602,18.951358180669615,18.0099054479964,19.62025316455696,19.781718963165076,19.79565772669221,18.74310915104741,19.33873986275733,20.968908170643527,19.43364797334814,17.884517118037813,20.576131687242796,20.903573836817262,20.118343195266274]}
