{"practice":[0,0,0,0,0,0,0,0,0,0,0,0,0,0,0,0,0,0,0,0],"center_interval":[25,25,0,0,0,0,25,0,0,0,100,25,100,0,75,25,50,50,75,100],"image_pair":[1,3,3,3,2,4,1,2,2,4,1,2,1,1,4,2,4,2,3,4],"feature_space":[1,1,2,1,1,2,1,1,1,1,2,1,2,1,1,2,2,1,1,1],"left_img":[1,2,2,1,1,2,2,1,2,2,1,2,1,2,1,2,2,1,2,2],"img1Sample":[1,3,3,2,3,3,3,1,3,1,2,1,2,3,3,2,3,3,1,2],"img2Sample":[1,1,1,2,1,2,1,2,3,2,1,3,2,1,2,3,1,2,1,1],"key":[50,49,50,50,49,50,49,50,49,50,49,49,50,49,50,50,50,49,50,49],"correct":[false,false,true,false,true,true,false,false,false,true,false,false,true,false,true,true,true,true,false,true],"right_img":[2,1,1,2,2,1,1,2,1,1,2,1,2,1,2,1,1,2,1,1],"img_choice":[2,2,1,2,1,1,2,2,2,1,1,2,2,2,2,1,1,1,1,2],"center_sample":[2,3,1,1,1,1,2,3,2,3,2,3,3,1,2,3,1,1,3,3],"left_sample":[1,1,1,2,3,2,1,1,3,2,2,3,2,1,3,3,1,3,1,1],"right_sample":[1,3,3,2,1,3,3,2,3,1,1,1,2,3,2,2,3,2,1,2],"RT":[[0,994,0,0],[0,1752.199999999255,0,0],[0,1831.699999999255,0,0],[0,1676.1000000014901,0,0],[0,1598.7000000029802,0,0],[0,1548.800000000745,0,0],[0,1428.8999999985099,0,0],[0,2250.199999999255,0,0],[0,1605.0999999977648,0,0],[0,1587.300000000745,0,0],[0,2904.5,0,0],[0,2312.89999999851,0,0],[0,1249.300000000745,0,0],[0,1613.699999999255,0,0],[0,2019.699999999255,0,0],[0,1711.300000000745,0,0],[0,1553.1000000014901,0,0],[0,1447.800000000745,0,0],[0,1723.800000000745,0,0],[0,1076.5,0,0]],"response":[[0,1,0,0],[0,1,0,0],[0,1,0,0],[0,1,0,0],[0,1,0,0],[0,1,0,0],[0,1,0,0],[0,1,0,0],[0,1,0,0],[0,1,0,0],[0,1,0,0],[0,1,0,0],[0,1,0,0],[0,1,0,0],[0,1,0,0],[0,1,0,0],[0,1,0,0],[0,1,0,0],[0,1,0,0],[0,1,0,0]],"framerate":[59.932575852138434,59.94343366123067,59.939239674831825,59.93787461173586,59.940059940080225,59.94145253469201,59.93907831388882,59.936908517350155,59.94231115916502,59.940059940080225,59.939776149031694,59.93971776960336,59.941678366970166,59.94231115916502,59.937028185628,59.94221398070896,59.9382175296645,59.941520467836256,59.936638410803724,59.94421033894553]}
