{"practice":[1,1,1,1,1],"center_interval":[75,25,0,75,25],"image_pair":[3,2,3,3,1],"feature_space":[2,1,2,1,2],"left_img":[2,1,1,2,2],"img1Sample":[3,2,3,1,3],"img2Sample":[1,1,1,3,1],"key":[50,49,49,50,50],"correct":[false,true,true,false,true],"right_img":[1,2,2,1,1],"img_choice":[1,1,1,1,1],"center_sample":[3,2,2,1,1],"left_sample":[1,2,3,3,1],"right_sample":[3,1,1,1,3],"RT":[[0,1944.5,0,0],[0,1352.9000000022352,0,0],[0,1790.6000000014901,0,0],[0,1828.8999999985099,0,0],[0,1705.5,0,0]],"response":[[0,1,0,0],[0,1,0,0],[0,1,0,0],[0,1,0,0],[0,1,0,0]],"framerate":[59.93418990910191,59.94716521036849,59.940059940004176,59.93923967492349,59.934460158598384]}
