{"practice":[0,0,0,0,0,0,0,0,0,0,0,0,0,0,0,0,0,0,0,0],"center_interval":[100,25,0,25,0,25,75,100,50,100,100,100,100,50,25,100,75,75,75,25],"image_pair":[4,1,2,1,1,1,1,1,2,2,2,2,3,2,2,2,3,2,2,4],"feature_space":[2,1,2,1,1,1,2,1,1,2,1,2,1,2,2,2,2,2,2,2],"left_img":[1,1,2,2,2,1,1,1,2,2,1,1,1,2,1,1,2,1,2,1],"img1Sample":[2,1,3,2,1,1,2,3,2,1,2,3,2,3,3,1,2,2,3,1],"img2Sample":[3,1,1,1,2,1,1,3,3,2,3,2,3,1,3,3,2,1,2,3],"key":[50,50,50,49,50,49,50,50,50,49,49,50,49,49,50,50,50,50,49,49],"correct":[true,false,true,false,true,true,true,true,true,true,false,true,false,false,false,true,false,true,true,true],"right_img":[2,2,1,1,1,2,2,2,1,1,2,2,2,1,2,2,1,2,1,2],"img_choice":[2,2,1,2,1,1,2,2,1,2,1,2,1,2,2,2,1,2,2,1],"center_sample":[2,2,2,1,3,2,1,1,2,3,2,1,2,1,3,1,1,3,3,1],"left_sample":[2,1,1,1,2,1,2,3,3,2,2,3,2,1,3,1,2,2,2,1],"right_sample":[3,1,3,2,1,1,1,3,2,1,3,2,3,3,3,3,2,1,3,3],"RT":[[0,1254.4000000022352,0,0],[0,1306.199999999255,0,0],[0,2610.699999999255,0,0],[0,2055.300000000745,0,0],[0,1730.199999999255,0,0],[0,2267.300000000745,0,0],[0,1973.5,0,0],[0,1555.7000000029802,0,0],[0,1803.300000000745,0,0],[0,1503.699999999255,0,0],[0,1235.3999999985099,0,0],[0,1469.8999999985099,0,0],[0,1712.8999999985099,0,0],[0,1122.1000000014901,0,0],[0,2579.300000000745,0,0],[0,1441.800000000745,0,0],[0,2925.60000000149,0,0],[0,2453.099999997765,0,0],[0,1671.4000000022352,0,0],[0,2426.800000000745,0,0]],"response":[[0,1,0,0],[0,1,0,0],[0,1,0,0],[0,1,0,0],[0,1,0,0],[0,1,0,0],[0,1,0,0],[0,1,0,0],[0,1,0,0],[0,1,0,0],[0,1,0,0],[0,1,0,0],[0,1,0,0],[0,1,0,0],[0,1,0,0],[0,1,0,0],[0,1,0,0],[0,1,0,0],[0,1,0,0],[0,1,0,0]],"framerate":[57.79418847329323,59.939539247321314,59.93788819875777,59.94305409862306,59.941770851134905,59.940756229308235,59.931175810986865,59.94098118783596,59.94708119726944,59.93110282662956,59.941678366970166,59.946288125860676,59.93962915049591,59.935454126351225,59.94037345049427,59.938599483412446,59.937800395815664,59.94496855351765,59.94049702481216,59.92953340580504]}
