{"practice":[0,0,0,0,0,0,0,0,0,0,0,0,0,0,0,0,0,0,0,0],"center_interval":[50,50,100,100,0,25,0,25,25,50,100,25,50,100,50,75,75,100,75,100],"image_pair":[2,4,4,3,1,4,3,2,1,3,1,3,1,1,4,4,3,3,3,3],"feature_space":[1,1,2,2,1,2,2,1,1,2,2,2,2,1,1,2,1,1,1,2],"left_img":[1,1,2,2,2,2,1,1,1,1,2,2,2,1,1,1,2,2,1,1],"img1Sample":[2,1,1,1,3,1,3,1,2,2,1,2,1,2,2,1,2,3,3,1],"img2Sample":[3,2,3,3,1,3,2,2,2,1,3,2,1,3,3,3,3,1,3,3],"key":[50,49,50,49,50,49,49,49,49,49,49,50,49,49,49,50,50,49,49,49],"correct":[false,true,false,true,true,false,true,true,true,true,true,true,false,false,true,true,false,true,false,false],"right_img":[2,2,1,1,1,1,2,2,2,2,1,1,1,2,2,2,1,1,2,2],"img_choice":[2,1,1,2,1,2,1,1,1,1,2,1,2,1,1,2,1,2,1,1],"center_sample":[1,1,2,1,2,3,2,3,1,2,2,1,1,1,2,3,2,2,2,2],"left_sample":[2,1,3,3,1,3,3,1,2,2,3,2,1,2,2,1,3,1,3,1],"right_sample":[3,2,1,1,3,1,2,2,2,1,1,2,1,3,3,3,2,3,3,3],"RT":[[0,1430.800000000745,0,0],[0,1907.4000000022352,0,0],[0,1437.300000000745,0,0],[0,1392.800000000745,0,0],[0,1886.800000000745,0,0],[0,1760.9000000022352,0,0],[0,1375.8999999985099,0,0],[0,1879.300000000745,0,0],[0,1049.0999999977648,0,0],[0,1733.6000000014901,0,0],[0,1638.199999999255,0,0],[0,1442.699999999255,0,0],[0,2574.89999999851,0,0],[0,1387.9000000022352,0,0],[0,1498.300000000745,0,0],[0,2356.39999999851,0,0],[0,1355,0,0],[0,1955.6000000014901,0,0],[0,1402.3999999985099,0,0],[0,1543.0999999977648,0,0]],"response":[[0,1,0,0],[0,1,0,0],[0,1,0,0],[0,1,0,0],[0,1,0,0],[0,1,0,0],[0,1,0,0],[0,1,0,0],[0,1,0,0],[0,1,0,0],[0,1,0,0],[0,1,0,0],[0,1,0,0],[0,1,0,0],[0,1,0,0],[0,1,0,0],[0,1,0,0],[0,1,0,0],[0,1,0,0],[0,1,0,0]],"framerate":[59.930245124549124,59.94442238983724,59.9327583686378,59.94305409865095,59.93766482854259,59.94596420135876,59.9375440716561,59.93563958165728,59.945504087193456,59.941770851230515,59.93872929891903,59.938599483412446,59.938492437122314,59.94005994005994,59.94005994001745,59.94073275859061,59.94107487561413,59.94083761483911,59.93659599760023,59.93866741011274]}
