{"practice":[0,0,0,0,0,0,0,0,0,0,0,0,0,0,0,0,0,0,0,0],"center_interval":[100,100,50,25,75,0,100,75,0,25,50,50,0,25,75,100,25,75,50,25],"image_pair":[2,2,2,2,3,2,2,4,2,2,1,2,4,1,3,4,4,2,1,3],"feature_space":[1,1,2,1,2,2,1,2,2,2,1,1,1,1,2,2,2,2,2,2],"left_img":[1,1,1,1,2,1,1,2,1,1,1,1,1,1,2,2,1,2,2,2],"img1Sample":[1,3,2,3,1,3,2,1,3,1,2,2,3,1,2,1,3,3,1,3],"img2Sample":[1,1,1,3,2,2,2,1,1,1,1,2,1,1,3,3,3,2,2,1],"key":[49,49,49,49,49,50,49,49,50,49,49,50,50,49,49,49,50,50,50,49],"correct":[false,false,true,true,true,false,false,true,false,true,true,false,false,true,true,true,false,false,true,false],"right_img":[2,2,2,2,1,2,2,1,2,2,2,2,2,2,1,1,2,1,1,1],"img_choice":[1,1,1,1,2,2,1,2,2,1,1,2,2,1,2,2,2,1,1,2],"center_sample":[2,2,3,1,2,1,1,2,2,2,2,3,1,1,1,1,3,2,3,2],"left_sample":[1,3,2,3,2,3,2,1,3,1,2,2,3,1,3,3,3,2,2,1],"right_sample":[1,1,1,3,1,2,2,1,1,1,1,2,1,1,2,1,3,3,1,3],"RT":[[0,1678.300000000745,0,0],[0,79.5,0,0],[0,72.30000000074506,0,0],[0,17.5,0,0],[0,70.80000000074506,0,0],[0,154.59999999776483,0,0],[0,13.199999999254942,0,0],[0,504.3999999985099,0,0],[0,205.89999999850988,0,0],[0,127.89999999850988,0,0],[0,83.69999999925494,0,0],[0,120.19999999925494,0,0],[0,83.80000000074506,0,0],[0,162.39999999850988,0,0],[0,414.1000000014901,0,0],[0,197.80000000074506,0,0],[0,181.30000000074506,0,0],[0,174.30000000074506,0,0],[0,380.1000000014901,0,0],[0,172.5,0,0]],"response":[[0,1,0,0],[0,1,0,0],[0,1,0,0],[0,1,0,0],[0,1,0,0],[0,1,0,0],[0,1,0,0],[0,1,0,0],[0,1,0,0],[0,1,0,0],[0,1,0,0],[0,1,0,0],[0,1,0,0],[0,1,0,0],[0,1,0,0],[0,1,0,0],[0,1,0,0],[0,1,0,0],[0,1,0,0],[0,1,0,0]],"framerate":[13.915463558870789,52.7395253444446,54.04615834051923,56.33349428610659,52.62388539704374,48.60107710490449,51.880674448705165,39.38770029548656,46.51732158146165,50.388124744603644,52.978235968039726,35.68487510286416,53.833842572618124,27.829313543544302,16.50485436893204,20.032552898478684,19.95759012101144,20.71402461305991,15.889830508474578,19.540791402122906]}
