{"practice":[0,0,0,0,0,0,0,0,0,0,0,0,0,0,0,0,0,0,0,0],"center_interval":[25,75,25,75,0,25,50,50,75,50,75,100,50,75,25,50,75,100,25,50],"image_pair":[4,1,2,1,3,1,1,1,4,2,3,1,2,3,2,4,3,4,3,3],"feature_space":[1,1,1,2,1,1,2,2,1,1,1,2,2,2,1,1,2,2,1,2],"left_img":[2,2,1,2,2,1,1,1,1,2,1,2,2,2,1,2,2,2,2,2],"img1Sample":[3,2,1,2,2,2,1,3,2,2,2,3,2,3,2,2,2,1,1,3],"img2Sample":[2,3,1,2,3,1,3,1,2,2,2,2,2,3,2,2,3,1,1,1],"key":[49,50,49,50,49,49,49,49,49,50,50,49,50,50,49,50,49,50,49,49],"correct":[false,false,true,false,false,true,true,true,false,true,true,true,true,false,true,true,true,false,false,false],"right_img":[1,1,2,1,1,2,2,2,2,1,2,1,1,1,2,1,1,1,1,1],"img_choice":[2,1,1,1,2,1,1,1,1,1,2,2,1,1,1,1,2,1,2,2],"center_sample":[2,3,3,1,1,2,3,1,2,1,2,3,2,3,3,3,3,2,2,3],"left_sample":[2,3,1,2,3,2,1,3,2,2,2,2,2,3,2,2,3,1,1,1],"right_sample":[3,2,1,2,2,1,3,1,2,2,2,3,2,3,2,2,2,1,1,3],"RT":[[0,1492,0,0],[0,1098.5999999977648,0,0],[0,560.4000000022352,0,0],[0,69.80000000074506,0,0],[0,174.10000000149012,0,0],[0,112,0,0],[0,149.09999999776483,0,0],[0,101.80000000074506,0,0],[0,75.10000000149012,0,0],[0,141.10000000149012,0,0],[0,91,0,0],[0,16.099999997764826,0,0],[0,68.5,0,0],[0,67.69999999925494,0,0],[0,199.89999999850988,0,0],[0,17.699999999254942,0,0],[0,155.39999999850988,0,0],[0,190.30000000074506,0,0],[0,35.19999999925494,0,0],[0,223.39999999850988,0,0]],"response":[[0,1,0,0],[0,1,0,0],[0,1,0,0],[0,1,0,0],[0,1,0,0],[0,1,0,0],[0,1,0,0],[0,1,0,0],[0,1,0,0],[0,1,0,0],[0,1,0,0],[0,1,0,0],[0,1,0,0],[0,1,0,0],[0,1,0,0],[0,1,0,0],[0,1,0,0],[0,1,0,0],[0,1,0,0],[0,1,0,0]],"framerate":[12.359764213741979,30.317164179051804,37.684138403635004,53.28596802830165,45.021867764428976,51.346100471722856,52.63157894736842,53.73303167426475,49.71487059522457,49.478470179143,50.68281008019462,55.00728037521119,54.15690866516445,53.67526464893394,44.220611718381164,49.56035171862511,35.662395984783664,21.367521367481345,19.841269841292405,19.37046004842615]}
