{"practice":[1,1,1,1,1],"center_interval":[25,25,100,75,25],"image_pair":[4,2,2,4,2],"feature_space":[2,1,1,2,1],"left_img":[1,1,1,2,1],"img1Sample":[1,2,2,3,1],"img2Sample":[1,2,1,3,3],"key":[null,null,null,null,null],"correct":[null,null,null,null,null],"right_img":[2,2,2,1,2],"img_choice":[null,null,null,null,null],"center_sample":[2,3,3,3,3],"left_sample":[1,2,2,3,1],"right_sample":[1,2,1,3,3],"RT":[[0,0,0,0],[0,0,0,0],[0,0,0,0],[0,0,0,0],[0,0,0,0]],"response":[[0,1,0,0],[0,1,0,0],[0,1,0,0],[0,1,0,0],[0,1,0,0]],"framerate":[29.741763134461262,25.353520925578685,21.544049569124724,24.995982788470446,15.663937344250622]}
