{"practice":[0,0,0,0,0,0,0,0,0,0,0,0,0,0,0,0,0,0,0,0],"center_interval":[100,25,0,0,75,25,100,0,100,50,25,0,100,25,0,25,75,50,100,75],"image_pair":[3,2,3,2,4,1,1,2,2,1,1,4,3,3,3,2,3,3,2,2],"feature_space":[1,1,1,2,1,2,2,1,1,2,1,1,2,1,2,2,2,1,2,1],"left_img":[1,2,1,1,2,1,1,1,1,2,2,1,1,1,2,2,1,1,1,2],"img1Sample":[3,3,2,1,3,1,1,1,3,2,2,1,3,3,1,1,3,3,2,2],"img2Sample":[2,2,1,3,3,1,3,1,3,1,1,1,3,3,2,2,3,3,1,1],"key":[50,49,50,50,50,49,50,49,49,49,50,50,50,50,50,49,50,49,49,49],"correct":[true,false,false,false,false,true,true,true,false,false,true,false,true,false,true,false,true,true,false,true],"right_img":[2,1,2,2,1,2,2,2,2,1,1,2,2,2,1,1,2,2,2,1],"img_choice":[2,2,2,2,1,1,2,1,1,2,1,2,2,2,1,2,2,1,1,2],"center_sample":[1,3,3,2,1,1,1,2,1,2,2,2,1,1,2,2,1,1,3,2],"left_sample":[3,2,2,1,3,1,1,1,3,1,1,1,3,3,2,2,3,3,2,1],"right_sample":[2,3,1,3,3,1,3,1,3,2,2,1,3,3,1,1,3,3,1,2],"RT":[[0,1094.5,0,0],[0,149.79999999701977,0,0],[0,74.30000000074506,0,0],[0,17.100000001490116,0,0],[0,16.300000000745058,0,0],[0,169.69999999925494,0,0],[0,206.5,0,0],[0,188.19999999925494,0,0],[0,248.79999999701977,0,0],[0,233.10000000149012,0,0],[0,34,0,0],[0,233.29999999701977,0,0],[0,64,0,0],[0,198.09999999776483,0,0],[0,198.09999999776483,0,0],[0,207.59999999776483,0,0],[0,251.39999999850988,0,0],[0,235.10000000149012,0,0],[0,40.80000000074506,0,0],[0,318.0999999977648,0,0]],"response":[[0,1,0,0],[0,1,0,0],[0,1,0,0],[0,1,0,0],[0,1,0,0],[0,1,0,0],[0,1,0,0],[0,1,0,0],[0,1,0,0],[0,1,0,0],[0,1,0,0],[0,1,0,0],[0,1,0,0],[0,1,0,0],[0,1,0,0],[0,1,0,0],[0,1,0,0],[0,1,0,0],[0,1,0,0],[0,1,0,0]],"framerate":[30.120481927724093,50.20478266598994,52.348407735988076,54.00254129593318,56.68934240376494,42.70738967261786,30.207677784770297,20.836046360142504,17.83127159261467,20.381249250652957,21.749262078633222,18.69158878504673,23.333819454597325,18.915510718789406,21.21287746437807,20.591085271373576,18.535681186219602,20.023557126030624,21.046301864124597,17.67519234766774]}
