{"practice":[0,0,0,0,0,0,0,0,0,0,0,0,0,0,0,0,0,0,0,0],"center_interval":[100,100,100,100,75,0,50,25,0,0,100,25,50,0,0,25,0,0,100,0],"image_pair":[3,2,4,3,2,4,2,1,2,2,4,4,3,4,3,3,3,3,3,2],"feature_space":[2,2,2,2,1,1,2,2,1,2,1,2,2,1,1,1,2,1,1,1],"left_img":[1,2,1,1,1,2,2,2,2,1,2,2,1,2,1,1,2,1,1,1],"img1Sample":[2,3,3,1,1,3,1,3,3,1,1,1,1,3,1,3,1,1,1,1],"img2Sample":[1,1,3,3,3,2,2,3,3,3,2,2,3,2,3,2,2,1,1,3],"key":[49,49,50,50,50,50,50,49,50,50,49,49,50,49,50,49,49,50,49,50],"correct":[false,true,true,true,true,true,true,false,true,false,true,false,false,false,false,true,false,false,false,false],"right_img":[2,1,2,2,2,1,1,1,1,2,1,1,2,1,2,2,1,2,2,2],"img_choice":[1,2,2,2,2,1,1,2,1,2,2,2,2,2,2,1,2,2,1,2],"center_sample":[2,2,1,1,3,1,2,1,2,3,1,1,1,2,3,2,2,3,3,2],"left_sample":[2,1,3,1,1,2,2,3,3,1,2,2,1,2,1,3,2,1,1,1],"right_sample":[1,3,3,3,3,3,1,3,3,3,1,1,3,3,3,2,1,1,1,3],"RT":[[0,2702,0,0],[0,999,0,0],[0,2443.699999999255,0,0],[0,1535.300000000745,0,0],[0,1052.1000000014901,0,0],[0,1425.5999999977648,0,0],[0,1375.300000000745,0,0],[0,806.8999999985099,0,0],[0,707.6999999992549,0,0],[0,734,0,0],[0,905.8000000007451,0,0],[0,1111.199999999255,0,0],[0,609.0999999977648,0,0],[0,593.3000000007451,0,0],[0,945.6999999992549,0,0],[0,612.9000000022352,0,0],[0,1489.300000000745,0,0],[0,638.6999999992549,0,0],[0,1193.8999999985099,0,0],[0,372.8999999985099,0,0]],"response":[[0,1,0,0],[0,1,0,0],[0,1,0,0],[0,1,0,0],[0,1,0,0],[0,1,0,0],[0,1,0,0],[0,1,0,0],[0,1,0,0],[0,1,0,0],[0,1,0,0],[0,1,0,0],[0,1,0,0],[0,1,0,0],[0,1,0,0],[0,1,0,0],[0,1,0,0],[0,1,0,0],[0,1,0,0],[0,1,0,0]],"framerate":[30.20053152936171,34.06838453917912,24.230517354289454,33.0493878880861,20.979440148644947,16.092066123768465,12.571658453173722,16.827934371064746,15.159554309094752,16.314423433444567,14.378145219287717,20.73971655719815,36.970095300712735,39.166666666666664,37.35188047396456,39.28308372212009,27.71936532208853,36.258158085634555,13.338520535758384,17.41089717324978]}
