{"practice":[0,0,0,0,0,0,0,0,0,0,0,0,0,0,0,0,0,0,0,0],"center_interval":[0,25,0,50,75,50,75,100,0,75,0,75,0,0,25,75,25,25,50,25],"image_pair":[1,2,3,3,3,2,3,4,4,1,4,2,2,3,4,4,3,2,3,4],"feature_space":[1,1,1,1,1,1,1,1,2,1,2,1,2,2,1,1,2,1,1,2],"left_img":[2,2,1,1,2,1,2,2,1,1,2,1,1,1,2,1,2,2,2,2],"img1Sample":[1,1,2,1,2,2,3,2,3,1,3,1,2,3,2,3,3,1,1,2],"img2Sample":[1,3,3,1,2,1,3,2,1,3,2,3,3,2,1,2,2,2,3,3],"key":[50,50,50,50,50,49,50,49,50,50,49,49,50,49,49,50,49,50,50,49],"correct":[true,true,false,false,false,true,false,true,false,true,false,false,false,true,false,true,false,true,true,false],"right_img":[1,1,2,2,1,2,1,1,2,2,1,2,2,2,1,2,1,1,1,1],"img_choice":[1,1,2,2,1,1,1,2,2,2,2,1,2,1,2,2,2,1,1,2],"center_sample":[3,2,1,2,3,2,1,1,2,1,2,1,3,1,1,1,3,2,1,1],"left_sample":[1,3,2,1,2,2,3,2,3,1,2,1,2,3,1,3,2,2,3,3],"right_sample":[1,1,3,1,2,1,3,2,1,3,3,3,3,2,2,2,3,1,1,2],"RT":[[0,842.3000000119209,0,0],[0,281.10000002384186,0,0],[0,118.59999996423721,0,0],[0,429.9000000357628,0,0],[0,877.2000000476837,0,0],[0,463.80000001192093,0,0],[0,1292.5,0,0],[0,314.39999997615814,0,0],[0,173.0999999642372,0,0],[0,1811,0,0],[0,1540.4000000357628,0,0],[0,98.09999996423721,0,0],[0,88.69999998807907,0,0],[0,140.39999997615814,0,0],[0,94.30000001192093,0,0],[0,273.30000001192093,0,0],[0,146.39999997615814,0,0],[0,151.5999999642372,0,0],[0,462.30000001192093,0,0],[0,529.5,0,0]],"response":[[0,1,0,0],[0,1,0,0],[0,1,0,0],[0,1,0,0],[0,1,0,0],[0,1,0,0],[0,1,0,0],[0,1,0,0],[0,1,0,0],[0,1,0,0],[0,1,0,0],[0,1,0,0],[0,1,0,0],[0,1,0,0],[0,1,0,0],[0,1,0,0],[0,1,0,0],[0,1,0,0],[0,1,0,0],[0,1,0,0]],"framerate":[22.616681516557357,24.347056218923775,26.745119015353268,23.766517730360906,20.192501851141355,24.471417383923804,18.692533091060756,25.70418764089795,28.183448628398736,18.902814875693448,18.501387604070306,29.407645986975027,29.83455383877314,25.88326646862761,29.453015427769987,25.851410588184976,30.73376872698281,25.77319587628866,22.91685764098119,25.245930182206802]}
