{"practice":[0,0,0,0,0,0,0,0,0,0,0,0,0,0,0,0,0,0,0,0],"center_interval":[50,0,25,50,50,50,50,0,25,100,0,100,0,25,50,0,50,50,25,0],"image_pair":[4,4,4,3,1,1,1,2,4,4,1,4,4,2,4,1,3,2,4,3],"feature_space":[1,1,2,2,2,2,2,1,1,2,1,1,1,2,1,2,1,2,2,1],"left_img":[1,1,1,2,2,1,1,1,1,2,2,1,2,1,1,1,2,1,1,2],"img1Sample":[3,3,2,3,3,2,3,1,3,3,3,1,1,1,1,1,2,1,3,1],"img2Sample":[2,1,3,2,3,2,1,1,1,1,3,3,1,2,3,1,3,1,1,1],"key":[50,49,50,50,49,50,49,49,50,50,50,49,50,50,50,49,49,49,50,50],"correct":[false,true,false,true,false,false,true,true,false,false,true,false,true,false,false,true,false,true,false,true],"right_img":[2,2,2,1,1,2,2,2,2,1,1,2,1,2,2,2,1,2,2,1],"img_choice":[2,1,2,1,2,2,1,1,2,1,1,1,1,2,2,1,2,1,2,1],"center_sample":[2,1,1,3,2,1,1,2,2,3,2,1,2,2,1,3,3,1,2,2],"left_sample":[3,3,2,2,3,2,3,1,3,1,3,1,1,1,1,1,3,1,3,1],"right_sample":[2,1,3,3,3,2,1,1,1,3,3,3,1,2,3,1,2,1,1,1],"RT":[[0,900.1999999880791,0,0],[0,184.39999997615814,0,0],[0,29.5,0,0],[0,273.80000001192093,0,0],[0,161,0,0],[0,153.80000001192093,0,0],[0,315.9000000357628,0,0],[0,174.0999999642372,0,0],[0,161.69999998807907,0,0],[0,10.699999988079071,0,0],[0,23.700000047683716,0,0],[0,113.69999998807907,0,0],[0,17.80000001192093,0,0],[0,455.5,0,0],[0,124.90000003576279,0,0],[0,11,0,0],[0,18,0,0],[0,30.900000035762787,0,0],[0,98.89999997615814,0,0],[0,24.700000047683716,0,0]],"response":[[0,1,0,0],[0,1,0,0],[0,1,0,0],[0,1,0,0],[0,1,0,0],[0,1,0,0],[0,1,0,0],[0,1,0,0],[0,1,0,0],[0,1,0,0],[0,1,0,0],[0,1,0,0],[0,1,0,0],[0,1,0,0],[0,1,0,0],[0,1,0,0],[0,1,0,0],[0,1,0,0],[0,1,0,0],[0,1,0,0]],"framerate":[22.434839986803038,27.34277901982115,29.083116487657726,27.54820936521116,25.13765860737291,26.90927729246239,25.792584631918324,26.21395581193045,26.058631921824105,33.140016570008285,29.020925615313814,27.397260273972602,33.08128544361317,19.395954558262876,25.52048354600403,26.712759269397672,33.03055326176714,29.051987767584098,29.61082910371262,29.343629343629342]}
