{"practice":[0,0,0,0,0,0,0,0,0,0,0,0,0,0,0,0,0,0,0,0],"center_interval":[50,0,100,75,75,75,75,75,100,25,25,100,100,25,0,0,25,50,0,75],"image_pair":[4,4,4,1,4,2,1,2,3,1,3,4,4,2,1,1,1,3,1,4],"feature_space":[1,1,2,1,2,2,1,2,1,1,1,1,2,1,1,2,1,2,2,2],"left_img":[1,1,1,1,2,1,2,1,2,1,2,2,1,1,2,2,2,1,2,2],"img1Sample":[1,2,1,3,3,1,3,2,1,1,2,2,2,2,3,3,1,3,2,2],"img2Sample":[3,1,3,2,1,2,3,1,3,1,3,3,1,2,2,2,2,3,1,2],"stim_time":[250,250,250,250,250,250,250,250,250,250,250,250,250,250,250,250,250,250,250,250],"key":[50,50,50,50,49,50,49,50,50,50,50,49,50,49,50,50,49,50,50,50],"correct":[false,false,true,true,true,true,true,true,false,false,true,true,true,true,true,true,false,false,true,false],"right_img":[2,2,2,2,1,2,1,2,1,2,1,1,2,2,1,1,1,2,1,1],"img_choice":[2,2,2,2,2,2,2,2,1,2,1,2,2,1,1,1,2,2,1,1],"center_sample":[3,1,2,2,3,1,2,1,1,2,2,1,1,1,2,1,1,2,2,2],"left_sample":[1,2,1,3,1,1,3,2,3,1,3,3,2,2,2,2,2,3,1,2],"right_sample":[3,1,3,2,3,2,3,1,1,1,2,2,1,2,3,3,1,3,2,2],"exact_match":[0,0,0,0,0,0,0,0,0,0,0,0,1,0,0,0,0,0,1,0],"RT":[[0,0,0,1110,0,0],[0,0,0,223,0,0],[0,0,0,95,0,0],[0,0,0,148,0,0],[0,0,0,88,0,0],[0,0,0,103,0,0],[0,0,0,91,0,0],[0,0,0,169,0,0],[0,0,0,152,0,0],[0,0,0,96,0,0],[0,0,0,22,0,0],[0,0,0,96,0,0],[0,0,0,156,0,0],[0,0,0,383,0,0],[0,0,0,149,0,0],[0,0,0,198,0,0],[0,0,0,235,0,0],[0,0,0,155,0,0],[0,0,0,161,0,0],[0,0,0,159,0,0]],"response":[[0,0,0,1,0,0],[0,0,0,1,0,0],[0,0,0,1,0,0],[0,0,0,1,0,0],[0,0,0,1,0,0],[0,0,0,1,0,0],[0,0,0,1,0,0],[0,0,0,1,0,0],[0,0,0,1,0,0],[0,0,0,1,0,0],[0,0,0,1,0,0],[0,0,0,1,0,0],[0,0,0,1,0,0],[0,0,0,1,0,0],[0,0,0,1,0,0],[0,0,0,1,0,0],[0,0,0,1,0,0],[0,0,0,1,0,0],[0,0,0,1,0,0],[0,0,0,1,0,0]],"framerate":[25.24093620927031,31.73374613003096,30.19844693701467,33.71710526315789,34.158838599487616,33.59173126614987,34.150612959719794,33.037872683319904,34.053156146179404,35.59027777777778,38.391224862888485,35.40587219343696,33.085194375516956,31.29346314325452,32.86770747740345,34.0729001584786,32.18390804597701,34.98779495524817,34.567901234567906,33.442088091353995]}
