{"practice":[0,0,0,0,0,0,0,0,0,0,0,0,0,0,0,0,0,0,0,0],"center_interval":[50,50,0,50,75,0,75,100,25,100,100,50,100,75,0,25,75,0,50,100],"image_pair":[3,1,2,4,3,3,1,3,3,4,1,4,4,4,1,1,2,1,2,4],"feature_space":[1,1,1,2,1,2,1,2,2,1,1,2,2,1,1,1,1,1,1,2],"left_img":[1,1,2,2,1,2,1,1,2,1,2,1,1,2,2,2,2,1,1,2],"img1Sample":[3,3,3,1,2,2,1,3,1,1,3,2,2,3,1,1,3,2,3,1],"img2Sample":[2,1,3,1,3,2,1,2,3,2,2,1,2,2,2,3,1,2,3,2],"stim_time":[2000,2000,2000,2000,2000,2000,2000,2000,2000,2000,2000,2000,2000,2000,2000,2000,2000,2000,2000,2000],"key":[50,50,49,50,50,50,50,50,49,49,50,49,50,49,50,50,49,49,49,50],"correct":[false,false,false,true,true,true,true,true,false,false,false,true,true,true,true,true,true,true,true,false],"right_img":[2,2,1,1,2,1,2,2,1,2,1,2,2,1,1,1,1,2,2,1],"img_choice":[2,2,2,1,2,1,2,2,2,1,1,1,2,2,1,1,2,1,1,1],"center_sample":[2,3,2,3,3,1,3,3,1,3,3,3,3,3,3,3,3,2,3,2],"left_sample":[3,3,3,1,2,2,1,3,3,1,2,2,2,2,2,3,1,2,3,2],"right_sample":[2,1,3,1,3,2,1,2,1,2,3,1,2,3,1,1,3,2,3,1],"exact_match":[0,0,0,0,0,0,0,0,0,0,0,0,0,0,0,0,0,1,0,1],"RT":[[0,0,0,91,0,0],[0,0,0,99,0,0],[0,0,0,20,0,0],[0,0,0,167,0,0],[0,0,0,154,0,0],[0,0,0,167,0,0],[0,0,0,93,0,0],[0,0,0,159,0,0],[0,0,0,21,0,0],[0,0,0,93,0,0],[0,0,0,172,0,0],[0,0,0,90,0,0],[0,0,0,213,0,0],[0,0,0,95,0,0],[0,0,0,94,0,0],[0,0,0,160,0,0],[0,0,0,100,0,0],[0,0,0,88,0,0],[0,0,0,194,0,0],[0,0,0,23,0,0]],"response":[[0,0,0,1,0,0],[0,0,0,1,0,0],[0,0,0,1,0,0],[0,0,0,1,0,0],[0,0,0,1,0,0],[0,0,0,1,0,0],[0,0,0,1,0,0],[0,0,0,1,0,0],[0,0,0,1,0,0],[0,0,0,1,0,0],[0,0,0,1,0,0],[0,0,0,1,0,0],[0,0,0,1,0,0],[0,0,0,1,0,0],[0,0,0,1,0,0],[0,0,0,1,0,0],[0,0,0,1,0,0],[0,0,0,1,0,0],[0,0,0,1,0,0],[0,0,0,1,0,0]],"framerate":[31.368493622888657,28.935583878746122,27.846316531547412,25.210084033613448,25.50153009180551,26,27.931034482758623,26.369168356997974,27.964601769911507,28.463648834019203,27.759197324414718,27.59572266298724,26.533996683250415,27.61477390403866,26.50602409638554,30.150753768844222,27.444253859348198,29.04564315352697,27.333333333333332,26.798307475317348]}
