{"practice":[1,1,1,1,1],"center_interval":[50,100,75,75,50],"image_pair":[4,3,4,2,4],"feature_space":[2,1,1,1,1],"left_img":[2,1,1,2,1],"img1Sample":[3,3,3,1,3],"img2Sample":[3,2,1,3,2],"stim_time":[2000,2000,2000,2000,2000],"key":[50,50,49,50,50],"correct":[true,true,false,false,false],"right_img":[1,2,2,1,2],"img_choice":[1,2,1,1,2],"center_sample":[1,1,2,3,2],"left_sample":[3,3,3,3,3],"right_sample":[3,2,1,1,2],"exact_match":[0,0,0,0,0],"RT":[[0,0,0,723,0,0],[0,0,0,25,0,0],[0,0,0,94,0,0],[0,0,0,95,0,0],[0,0,0,156,0,0]],"response":[[0,0,0,1,0,0],[0,0,0,1,0,0],[0,0,0,1,0,0],[0,0,0,1,0,0],[0,0,0,1,0,0]],"framerate":[24.328147100424328,30.324400564174894,27.054794520547947,28.85606320851941,27.081922816519974]}
