{"practice":[0,0,0,0,0,0,0,0,0,0,0,0,0,0,0,0,0,0,0,0],"center_interval":[50,0,75,100,50,100,25,50,75,75,75,25,25,25,0,0,25,75,0,0],"image_pair":[3,2,4,3,2,1,3,4,1,3,1,4,4,1,3,3,3,3,1,3],"feature_space":[2,2,1,2,2,1,1,1,2,1,1,2,2,1,1,2,1,2,1,2],"left_img":[2,2,2,2,1,1,2,1,1,1,1,1,2,1,2,2,1,2,1,2],"img1Sample":[1,2,2,3,3,1,1,1,1,3,2,1,1,3,1,3,3,3,3,2],"img2Sample":[1,1,2,2,2,1,3,1,1,3,1,2,1,1,1,3,3,2,3,2],"stim_time":[2000,2000,2000,2000,2000,2000,2000,2000,2000,2000,2000,2000,2000,2000,2000,2000,2000,2000,2000,2000],"key":[50,50,50,50,50,50,50,50,49,49,50,50,50,50,49,50,49,50,50,50],"correct":[true,true,false,false,false,true,true,false,false,false,true,false,true,false,false,true,true,false,false,true],"right_img":[1,1,1,1,2,2,1,2,2,2,2,2,1,2,1,1,2,1,2,1],"img_choice":[1,1,1,1,2,2,1,2,1,1,2,2,1,2,2,1,1,1,2,1],"center_sample":[1,1,1,1,1,2,3,1,3,3,2,1,3,2,3,2,2,3,2,1],"left_sample":[1,1,2,2,3,1,3,1,1,3,2,1,1,3,1,3,3,2,3,2],"right_sample":[1,2,2,3,2,1,1,1,1,3,1,2,1,1,1,3,3,3,3,2],"exact_match":[0,0,0,0,0,0,0,0,0,0,0,0,0,0,0,0,0,0,0,0],"RT":[[0,0,0,655.1000000014901,0,0],[0,0,0,84.5,0,0],[0,0,0,222.19999999552965,0,0],[0,0,0,86,0,0],[0,0,0,277.79999999701977,0,0],[0,0,0,85.60000000149012,0,0],[0,0,0,634,0,0],[0,0,0,125.79999999701977,0,0],[0,0,0,18.399999998509884,0,0],[0,0,0,185.60000000149012,0,0],[0,0,0,273.5,0,0],[0,0,0,220.19999999552965,0,0],[0,0,0,195.60000000149012,0,0],[0,0,0,158.09999999403954,0,0],[0,0,0,151,0,0],[0,0,0,170.40000000596046,0,0],[0,0,0,198.60000000149012,0,0],[0,0,0,107.89999999850988,0,0],[0,0,0,19.900000005960464,0,0],[0,0,0,145.89999999850988,0,0]],"response":[[0,0,0,1,0,0],[0,0,0,1,0,0],[0,0,0,1,0,0],[0,0,0,1,0,0],[0,0,0,1,0,0],[0,0,0,1,0,0],[0,0,0,1,0,0],[0,0,0,1,0,0],[0,0,0,1,0,0],[0,0,0,1,0,0],[0,0,0,1,0,0],[0,0,0,1,0,0],[0,0,0,1,0,0],[0,0,0,1,0,0],[0,0,0,1,0,0],[0,0,0,1,0,0],[0,0,0,1,0,0],[0,0,0,1,0,0],[0,0,0,1,0,0],[0,0,0,1,0,0]],"framerate":[26.825117540177093,29.30024129610479,34.35404485848855,28.513804854257085,29.302849782643694,28.64736133644613,26.1802949646339,28.573372338283267,31.381121963242915,28.982610433768528,28.630921395092834,32.89581894142867,27.337889648274714,30.161868695271362,29.038357644574923,28.49193845737024,34.176123166800004,29.692832764505116,29.67254230105063,29.011908376301424]}
