{"practice":[0,0,0,0,0,0,0,0,0,0,0,0,0,0,0,0,0,0,0,0],"center_interval":[50,100,75,100,100,75,25,100,50,75,0,25,75,25,0,25,0,0,25,25],"image_pair":[4,1,4,3,4,3,4,4,2,2,1,3,1,2,1,1,3,3,1,3],"feature_space":[2,2,2,1,1,1,1,2,1,1,1,1,2,1,2,1,2,1,2,2],"left_img":[2,2,1,1,1,2,2,1,2,2,1,2,1,1,1,2,1,1,1,1],"img1Sample":[3,2,2,1,3,2,1,1,3,1,3,3,3,2,2,1,3,1,2,2],"img2Sample":[2,1,2,1,1,3,3,1,3,1,3,3,1,3,3,1,3,3,3,3],"stim_time":[2000,2000,2000,2000,2000,2000,2000,2000,2000,2000,2000,2000,2000,2000,2000,2000,2000,2000,2000,2000],"key":[49,50,49,50,50,50,49,50,50,50,50,50,50,50,49,49,50,49,49,49],"correct":[false,false,false,true,true,false,false,true,true,false,false,true,true,false,true,false,false,true,true,true],"right_img":[1,1,2,2,2,1,1,2,1,1,2,1,2,2,2,1,2,2,2,2],"img_choice":[2,1,1,2,2,1,2,2,1,1,2,1,2,2,1,2,2,1,1,1],"center_sample":[2,3,3,1,3,3,1,3,2,3,2,3,3,1,1,1,3,2,1,3],"left_sample":[2,1,2,1,3,3,3,1,3,1,3,3,3,2,2,1,3,1,2,2],"right_sample":[3,2,2,1,1,2,1,1,3,1,3,3,1,3,3,1,3,3,3,3],"exact_match":[0,0,0,1,0,0,0,0,0,0,0,0,0,0,0,0,1,0,0,0],"RT":[[0,0,0,927.3000000044703,0,0],[0,0,0,665.5,0,0],[0,0,0,1196.5,0,0],[0,0,0,655.3999999985099,0,0],[0,0,0,776,0,0],[0,0,0,729.1000000014901,0,0],[0,0,0,700.3000000044703,0,0],[0,0,0,614.3000000044703,0,0],[0,0,0,597.8999999985099,0,0],[0,0,0,602.2000000029802,0,0],[0,0,0,675.5,0,0],[0,0,0,769.1000000014901,0,0],[0,0,0,653.8999999985099,0,0],[0,0,0,741.8999999985099,0,0],[0,0,0,1137.4000000059605,0,0],[0,0,0,608.8999999985099,0,0],[0,0,0,762,0,0],[0,0,0,707.1999999955297,0,0],[0,0,0,870.5,0,0],[0,0,0,1291.1000000014901,0,0]],"response":[[0,0,0,1,0,0],[0,0,0,1,0,0],[0,0,0,1,0,0],[0,0,0,1,0,0],[0,0,0,1,0,0],[0,0,0,1,0,0],[0,0,0,1,0,0],[0,0,0,1,0,0],[0,0,0,1,0,0],[0,0,0,1,0,0],[0,0,0,1,0,0],[0,0,0,1,0,0],[0,0,0,1,0,0],[0,0,0,1,0,0],[0,0,0,1,0,0],[0,0,0,1,0,0],[0,0,0,1,0,0],[0,0,0,1,0,0],[0,0,0,1,0,0],[0,0,0,1,0,0]],"framerate":[29.738780977896855,24.638303967912904,23.93716494202718,25.919419405027575,25.978379284348364,25.94545813470356,30.300431638250092,20.661758286547034,28.774443596180443,26.698744278852185,27.769825365015745,30.77095222112893,26.29981792432612,26.41710929373069,26.06737023260134,30.63636098389149,26.621829900518428,26.740249765277632,30.775934853102804,28.287163480265693]}
