{"practice":[0,0,0,0,0,0,0,0,0,0,0,0,0,0,0,0,0,0,0,0],"center_interval":[100,0,75,100,100,25,100,0,0,0,25,25,100,0,50,0,25,50,75,100],"image_pair":[3,3,2,4,3,3,1,4,4,4,1,2,1,2,1,3,1,4,4,4],"feature_space":[1,1,1,2,2,1,1,1,1,2,1,1,2,1,1,2,2,2,2,1],"left_img":[2,1,1,1,2,1,1,1,2,1,2,1,1,2,2,2,2,2,1,1],"img1Sample":[3,2,3,3,2,3,1,2,1,2,1,1,2,2,2,1,1,3,2,2],"img2Sample":[1,1,2,2,2,3,1,1,1,2,1,1,1,1,1,1,2,1,2,2],"stim_time":[250,250,250,250,250,250,250,250,250,250,250,250,250,250,250,250,250,250,250,250],"key":[50,49,49,49,49,50,50,50,49,50,50,50,50,49,49,49,49,49,49,50],"correct":[false,true,false,false,true,false,true,false,false,false,true,false,true,false,false,false,false,false,false,true],"right_img":[1,2,2,2,1,2,2,2,1,2,1,2,2,1,1,1,1,1,2,2],"img_choice":[1,1,1,1,2,2,2,2,2,2,1,2,2,2,2,2,2,2,1,2],"center_sample":[1,2,1,3,1,2,1,3,3,3,3,2,3,3,2,2,2,2,2,1],"left_sample":[1,2,3,3,2,3,1,2,1,2,1,1,2,1,1,1,2,1,2,2],"right_sample":[3,1,2,2,2,3,1,1,1,2,1,1,1,2,2,1,1,3,2,2],"exact_match":[1,1,0,0,0,0,1,0,0,0,0,0,0,0,0,0,0,0,0,0],"RT":[[0,0,0,1287.1000000014901,0,0],[0,0,0,279.90000000596046,0,0],[0,0,0,236.30000000447035,0,0],[0,0,0,87.19999999552965,0,0],[0,0,0,216.39999999850988,0,0],[0,0,0,124.29999999701977,0,0],[0,0,0,210,0,0],[0,0,0,225.19999999552965,0,0],[0,0,0,217.40000000596046,0,0],[0,0,0,135.5,0,0],[0,0,0,230.19999999552965,0,0],[0,0,0,20.399999998509884,0,0],[0,0,0,19.600000001490116,0,0],[0,0,0,84.89999999850988,0,0],[0,0,0,192.29999999701977,0,0],[0,0,0,211.89999999850988,0,0],[0,0,0,217.39999999850988,0,0],[0,0,0,17.400000005960464,0,0],[0,0,0,243.5,0,0],[0,0,0,287,0,0]],"response":[[0,0,0,1,0,0],[0,0,0,1,0,0],[0,0,0,1,0,0],[0,0,0,1,0,0],[0,0,0,1,0,0],[0,0,0,1,0,0],[0,0,0,1,0,0],[0,0,0,1,0,0],[0,0,0,1,0,0],[0,0,0,1,0,0],[0,0,0,1,0,0],[0,0,0,1,0,0],[0,0,0,1,0,0],[0,0,0,1,0,0],[0,0,0,1,0,0],[0,0,0,1,0,0],[0,0,0,1,0,0],[0,0,0,1,0,0],[0,0,0,1,0,0],[0,0,0,1,0,0]],"framerate":[24.674551178406887,38.24521934758155,32.349996148698594,41.742760240074965,38.9590151161431,34.43063486740226,39.12669222925643,37.403568923955014,39.07471084709423,36.63003663017295,32.67465380411175,42.20596510991247,34.96503496489114,40.31197966895125,32.06155819168983,38.36517381763676,42.01026917695861,41.26418456355901,30.63960168517809,34.67866892927395]}
