{"practice":[0,0,0,0,0,0,0,0,0,0,0,0,0,0,0,0,0,0,0,0],"center_interval":[25,100,50,100,75,0,50,75,100,75,75,50,75,25,75,75,50,100,50,75],"image_pair":[2,3,3,3,2,1,3,2,3,1,1,2,2,2,2,1,3,3,2,2],"feature_space":[2,1,1,2,1,1,1,1,2,1,2,2,1,1,1,2,2,2,2,1],"left_img":[2,1,2,2,1,2,2,2,2,2,1,1,2,2,2,2,1,2,2,1],"img1Sample":[1,1,1,3,2,2,2,1,3,2,2,2,3,3,3,2,2,3,2,2],"img2Sample":[1,1,1,1,2,3,2,3,3,1,1,3,1,1,3,2,2,2,2,2],"stim_time":[250,250,250,250,250,250,250,250,250,250,250,250,250,250,250,250,250,250,250,250],"key":[50,50,50,50,null,49,49,49,49,49,49,49,49,49,49,49,49,49,49,50],"correct":[true,true,true,false,null,false,false,true,true,true,false,true,true,false,true,true,true,true,false,true],"right_img":[1,2,1,1,2,1,1,1,1,1,2,2,1,1,1,1,2,1,1,2],"img_choice":[1,2,1,1,null,2,2,2,2,2,1,1,2,2,2,2,1,2,2,2],"center_sample":[1,3,2,2,1,3,1,1,1,1,1,2,1,1,3,2,2,3,1,2],"left_sample":[1,1,1,1,2,3,2,3,3,1,2,2,1,1,3,2,2,2,2,2],"right_sample":[1,1,1,3,2,2,2,1,3,2,1,3,3,3,3,2,2,3,2,2],"exact_match":[0,0,0,0,0,0,0,0,0,0,0,0,0,0,0,0,0,0,0,0],"RT":[[0,0,0,2374.10000000149,0,0],[0,0,0,888.7999999970198,0,0],[0,0,0,817,0,0],[0,0,0,710.6000000014901,0,0],[0,0,0,0,0,0],[0,0,0,1477.3000000044703,0,0],[0,0,0,84.79999999701977,0,0],[0,0,0,274.70000000298023,0,0],[0,0,0,83.20000000298023,0,0],[0,0,0,92.10000000149012,0,0],[0,0,0,118,0,0],[0,0,0,156.70000000298023,0,0],[0,0,0,148.79999999701977,0,0],[0,0,0,1424.9000000059605,0,0],[0,0,0,150.80000000447035,0,0],[0,0,0,278.80000000447035,0,0],[0,0,0,185.19999999552965,0,0],[0,0,0,17.799999997019768,0,0],[0,0,0,86.60000000149012,0,0],[0,0,0,320.70000000298023,0,0]],"response":[[0,0,0,1,0,0],[0,0,0,1,0,0],[0,0,0,1,0,0],[0,0,0,1,0,0],[0,0,0,1,0,0],[0,0,0,1,0,0],[0,0,0,1,0,0],[0,0,0,1,0,0],[0,0,0,1,0,0],[0,0,0,1,0,0],[0,0,0,1,0,0],[0,0,0,1,0,0],[0,0,0,1,0,0],[0,0,0,1,0,0],[0,0,0,1,0,0],[0,0,0,1,0,0],[0,0,0,1,0,0],[0,0,0,1,0,0],[0,0,0,1,0,0],[0,0,0,1,0,0]],"framerate":[22.44439910220454,27.240953947347556,27.92854508095318,33.7476798470388,18.78800863588246,24.912017082540675,44.98659053557145,38.8843191503972,42.11634640711439,30.798186328870244,35.00683060122651,35.974164009440265,41.680560186677134,24.875621890562137,42.365841502015506,40.3979950623772,35.48100959595769,37.72890402150424,44.607714510452716,34.97522588170513]}
