{"practice":[0,0,0,0,0,0,0,0,0,0,0,0,0,0,0,0,0,0,0,0],"center_interval":[75,50,75,100,75,75,75,100,100,50,75,25,75,0,50,25,75,50,25,100],"image_pair":[1,4,4,4,2,2,1,3,2,4,1,3,2,3,1,4,2,3,4,3],"feature_space":[1,1,2,2,2,2,2,2,1,1,1,2,1,2,2,2,1,1,2,2],"left_img":[2,2,2,1,1,2,2,2,2,2,1,2,1,2,2,2,2,2,2,2],"img1Sample":[2,2,3,2,2,1,2,3,3,1,3,3,2,1,3,1,2,1,1,1],"img2Sample":[2,3,1,1,3,1,1,1,2,2,2,2,2,2,1,1,3,3,1,3],"stim_time":[2000,2000,2000,2000,2000,2000,2000,2000,2000,2000,2000,2000,2000,2000,2000,2000,2000,2000,2000,2000],"key":[50,50,49,49,50,50,49,50,50,49,50,49,50,49,50,50,50,50,50,50],"correct":[false,true,true,false,true,false,true,false,false,false,true,false,true,false,true,true,false,true,true,false],"right_img":[1,1,1,2,2,1,1,1,1,1,2,1,2,1,1,1,1,1,1,1],"img_choice":[1,1,2,1,2,1,2,1,1,2,2,2,2,2,1,1,1,1,1,1],"center_sample":[1,1,1,3,2,3,2,3,1,2,2,2,1,3,1,3,3,3,3,2],"left_sample":[2,3,1,2,2,1,1,1,2,2,3,2,2,2,1,1,3,3,1,3],"right_sample":[2,2,3,1,3,1,2,3,3,1,2,3,2,1,3,1,2,1,1,1],"exact_match":[0,0,0,0,0,0,0,0,0,0,0,0,0,0,0,0,0,0,0,0],"RT":[[0,0,0,1311.3999999985099,0,0],[0,0,0,1367.5,0,0],[0,0,0,2427.2999999970198,0,0],[0,0,0,1518.6000000014901,0,0],[0,0,0,1961,0,0],[0,0,0,1643,0,0],[0,0,0,1869.3999999985099,0,0],[0,0,0,1608.2000000029802,0,0],[0,0,0,1227.3999999985099,0,0],[0,0,0,1235.3999999985099,0,0],[0,0,0,1232.2000000029802,0,0],[0,0,0,1071.8000000044703,0,0],[0,0,0,1333.1000000014901,0,0],[0,0,0,1444.8999999985099,0,0],[0,0,0,1232.6000000014901,0,0],[0,0,0,1210.4000000059605,0,0],[0,0,0,664,0,0],[0,0,0,935.0999999940395,0,0],[0,0,0,799,0,0],[0,0,0,780.3999999985099,0,0]],"response":[[0,0,0,1,0,0],[0,0,0,1,0,0],[0,0,0,1,0,0],[0,0,0,1,0,0],[0,0,0,1,0,0],[0,0,0,1,0,0],[0,0,0,1,0,0],[0,0,0,1,0,0],[0,0,0,1,0,0],[0,0,0,1,0,0],[0,0,0,1,0,0],[0,0,0,1,0,0],[0,0,0,1,0,0],[0,0,0,1,0,0],[0,0,0,1,0,0],[0,0,0,1,0,0],[0,0,0,1,0,0],[0,0,0,1,0,0],[0,0,0,1,0,0],[0,0,0,1,0,0]],"framerate":[25.460717749757514,26.397888168946483,24.26349776468757,28.8570307269961,26.414540575661025,27.01668280161188,23.904042344311186,28.086706380674954,27.276334060722398,28.900306293801933,27.466409323752718,26.063843513705752,26.772793053545584,24.639211545230552,27.54615842762531,26.533749938044476,31.312841137604135,28.329369003371614,27.48167888075754,27.611981926714215]}
