{"practice":[1,1,1,1,1],"center_interval":[0,50,75,0,50],"image_pair":[2,1,1,3,2],"feature_space":[2,2,1,2,1],"left_img":[1,2,1,1,2],"img1Sample":[3,1,2,2,1],"img2Sample":[2,1,1,2,3],"stim_time":[2000,2000,2000,2000,2000],"key":[49,49,50,50,49],"correct":[true,false,true,false,false],"right_img":[2,1,2,2,1],"img_choice":[1,2,2,2,2],"center_sample":[3,3,1,3,3],"left_sample":[3,1,2,2,3],"right_sample":[2,1,1,2,1],"exact_match":[1,0,0,0,0],"RT":[[0,0,0,1371.5,0,0],[0,0,0,3166.39999999851,0,0],[0,0,0,1954.6000000014901,0,0],[0,0,0,1623.6000000014901,0,0],[0,0,0,1451.8999999985099,0,0]],"response":[[0,0,0,1,0,0],[0,0,0,1,0,0],[0,0,0,1,0,0],[0,0,0,1,0,0],[0,0,0,1,0,0]],"framerate":[29.699176087404858,23.385170461177328,26.261055904544033,24.87674702607282,26.94723029341096]}
