{"practice":[0,0,0,0,0,0,0,0,0,0,0,0,0,0,0,0,0,0,0,0],"center_interval":[0,25,25,0,100,50,75,25,0,50,50,75,75,75,0,50,75,0,50,100],"image_pair":[2,4,3,1,3,1,2,2,1,3,2,3,1,4,4,2,1,3,2,2],"feature_space":[2,1,1,1,1,1,2,2,1,2,2,1,1,2,1,2,1,2,2,2],"left_img":[2,2,1,2,2,1,2,2,1,2,1,1,1,2,2,1,2,2,2,1],"img1Sample":[3,3,3,1,3,3,3,3,1,3,1,1,3,3,3,1,2,3,2,2],"img2Sample":[2,3,3,3,3,3,2,2,2,2,1,2,2,3,1,2,2,1,3,1],"key":[50,49,50,49,50,50,null,null,null,null,null,null,null,null,null,null,null,null,null,null],"correct":[true,false,false,false,false,false,null,null,null,null,null,null,null,null,null,null,null,null,null,null],"right_img":[1,1,2,1,1,2,1,1,2,1,2,2,2,1,1,2,1,1,1,2],"img_choice":[1,2,2,2,1,2,null,null,null,null,null,null,null,null,null,null,null,null,null,null],"center_sample":[2,3,2,2,1,1,1,1,2,1,3,2,2,1,2,2,3,1,3,2],"left_sample":[2,3,3,3,3,3,2,2,1,2,1,1,3,3,1,1,2,1,3,2],"right_sample":[3,3,3,1,3,3,3,3,2,3,1,2,2,3,3,2,2,3,2,1],"RT":[[0,4651.39999961853,0,0],[0,1172.3000001907349,0,0],[0,429.90000009536743,0,0],[0,20,0,0],[0,272,0,0],[0,110.40000009536743,0,0],[0,0,0,0],[0,0,0,0],[0,0,0,0],[0,0,0,0],[0,0,0,0],[0,0,0,0],[0,0,0,0],[0,0,0,0],[0,0,0,0],[0,0,0,0],[0,0,0,0],[0,0,0,0],[0,0,0,0],[0,0,0,0]],"response":[[0,1,0,0],[0,1,0,0],[0,1,0,0],[0,1,0,0],[0,1,0,0],[0,1,0,0],[0,1,0,0],[0,1,0,0],[0,1,0,0],[0,1,0,0],[0,1,0,0],[0,1,0,0],[0,1,0,0],[0,1,0,0],[0,1,0,0],[0,1,0,0],[0,1,0,0],[0,1,0,0],[0,1,0,0],[0,1,0,0]],"framerate":[59.85065835832642,59.883590786396255,59.84555984555984,59.86137364300937,59.73850316883929,59.98883926975173,59.687132524265444,58.17169572376433,59.73928704868457,59.869569867684554,59.67118505293648,59.68713251919453,59.848241959925744,59.86636971046771,59.85463873551877,59.67968930729108,59.661620658949246,58.99126715380503,59.85783763866629,59.856771296236076]}
