{"practice":[0,0,0,0,0,0,0,0,0,0,0,0,0,0,0,0,0,0,0,0],"center_interval":[75,50,25,25,25,0,50,50,0,75,0,25,100,75,0,100,50,50,0,50],"image_pair":[1,4,3,2,4,1,1,3,3,4,4,3,1,1,2,4,3,3,1,4],"feature_space":[2,1,2,1,2,2,2,1,2,2,2,2,2,1,2,2,1,2,1,2],"left_img":[2,2,1,1,2,1,1,1,1,2,1,2,1,1,2,2,2,1,2,2],"img1Sample":[3,3,3,3,3,1,3,2,2,2,2,1,1,2,2,1,3,2,3,3],"img2Sample":[2,2,2,1,1,1,3,3,3,3,2,3,1,1,1,1,3,2,1,2],"key":[50,50,50,49,49,50,null,49,49,null,49,49,50,50,null,49,49,49,null,50],"correct":[false,true,false,true,false,false,null,true,true,null,true,false,true,true,null,true,false,true,null,true],"right_img":[1,1,2,2,1,2,2,2,2,1,2,1,2,2,1,1,1,2,1,1],"img_choice":[1,1,2,1,2,2,null,1,1,null,1,2,2,2,null,2,2,1,null,1],"center_sample":[3,1,3,1,1,2,3,3,1,3,1,1,2,3,3,2,3,1,2,1],"left_sample":[2,2,3,3,1,1,3,2,2,3,2,3,1,2,1,1,3,2,1,2],"right_sample":[3,3,2,1,3,1,3,3,3,2,2,1,1,1,2,1,3,2,3,3],"RT":[[0,4765.400000095367,0,0],[0,97.90000009536743,0,0],[0,53.40000009536743,0,0],[0,455.5,0,0],[0,51.700000286102295,0,0],[0,177.19999980926514,0,0],[0,0,0,0],[0,1115.5,0,0],[0,101,0,0],[0,0,0,0],[0,3152.699999809265,0,0],[0,38.19999980926514,0,0],[0,95.90000009536743,0,0],[0,108.7000002861023,0,0],[0,0,0,0],[0,7.400000095367432,0,0],[0,11.900000095367432,0,0],[0,164.30000019073486,0,0],[0,0,0,0],[0,572.1999998092651,0,0]],"response":[[0,1,0,0],[0,1,0,0],[0,1,0,0],[0,1,0,0],[0,1,0,0],[0,1,0,0],[0,1,0,0],[0,1,0,0],[0,1,0,0],[0,1,0,0],[0,1,0,0],[0,1,0,0],[0,1,0,0],[0,1,0,0],[0,1,0,0],[0,1,0,0],[0,1,0,0],[0,1,0,0],[0,1,0,0],[0,1,0,0]],"framerate":[59.856864020819785,59.87170349251603,59.85335929541252,59.712632943283,59.952038386443256,59.75082631223858,59.88237390839422,59.85588099553981,59.81201934333188,59.86636971046771,59.84838409362947,59.83430502779799,59.88023951281634,59.83857501489933,59.66268321685339,59.97730587498803,59.91902834008097,59.84129050528661,59.780862983796304,59.36731405789306]}
