{"practice":[0,0,0,0,0,0,0,0,0,0,0,0,0,0,0,0,0,0,0,0],"center_interval":[50,50,0,100,50,25,25,75,50,50,25,25,50,0,75,50,100,25,100,0],"image_pair":[1,3,4,3,1,4,3,2,3,4,4,1,3,3,4,1,2,4,1,2],"feature_space":[1,1,1,1,1,2,1,1,1,1,2,1,1,2,2,1,2,1,1,2],"left_img":[1,2,1,2,2,2,1,1,1,2,1,2,2,1,2,2,1,2,2,1],"img1Sample":[3,3,1,1,1,2,1,3,2,3,2,2,3,2,1,3,1,3,1,3],"img2Sample":[1,3,3,3,2,1,3,1,1,1,2,3,2,3,3,2,2,2,2,3],"key":[49,50,49,50,49,50,50,49,null,49,50,null,null,null,49,50,49,null,null,49],"correct":[true,true,true,false,false,true,false,false,null,false,false,null,null,null,true,true,false,null,null,true],"right_img":[2,1,2,1,1,1,2,2,2,1,2,1,1,2,1,1,2,1,1,2],"img_choice":[1,1,1,1,2,1,2,1,null,2,2,null,null,null,2,1,1,null,null,1],"center_sample":[2,1,2,1,1,2,2,1,3,2,3,1,1,3,3,3,1,3,1,1],"left_sample":[3,3,1,3,2,1,1,3,2,1,2,3,2,2,3,2,1,2,2,3],"right_sample":[1,3,3,1,1,2,3,1,1,3,2,2,3,3,1,3,2,3,1,3],"RT":[[0,1479.6999998092651,0,0],[0,1030.1999998092651,0,0],[0,498.30000019073486,0,0],[0,876.0999999046326,0,0],[0,1603.8000001907349,0,0],[0,2780.2000002861023,0,0],[0,2931.5999999046326,0,0],[0,2733.4000000953674,0,0],[0,0,0,0],[0,720.0999999046326,0,0],[0,3650.0999999046326,0,0],[0,0,0,0],[0,0,0,0],[0,0,0,0],[0,328.19999980926514,0,0],[0,4264,0,0],[0,2616.8999996185303,0,0],[0,0,0,0],[0,0,0,0],[0,2333.800000190735,0,0]],"response":[[0,1,0,0],[0,1,0,0],[0,1,0,0],[0,1,0,0],[0,1,0,0],[0,1,0,0],[0,1,0,0],[0,1,0,0],[0,1,0,0],[0,1,0,0],[0,1,0,0],[0,1,0,0],[0,1,0,0],[0,1,0,0],[0,1,0,0],[0,1,0,0],[0,1,0,0],[0,1,0,0],[0,1,0,0],[0,1,0,0]],"framerate":[59.8401072307402,59.854638744960944,59.89110707803993,59.83595535450693,59.85851623953252,59.85552115583075,59.82110104525947,59.89637926558418,59.86316989534314,59.82202945381729,59.8633706625861,59.85357251214282,59.855704996882515,59.86636971046771,59.68876570339256,59.882695543952615,59.85424096759187,59.849307993393005,59.864236460682505,59.839521287710284]}
