{"practice":[0,0,0,0,0,0,0,0,0,0,0,0,0,0,0,0,0,0,0,0],"center_interval":[100,50,50,75,50,25,75,75,75,0,25,25,100,25,50,100,0,25,75,0],"image_pair":[1,1,3,2,3,2,2,1,2,4,4,3,1,2,3,3,4,3,1,1],"feature_space":[1,2,1,1,2,1,1,2,2,2,2,1,1,2,1,2,2,1,2,1],"left_img":[2,2,1,1,1,2,2,2,1,2,1,1,2,1,2,1,1,2,1,2],"img1Sample":[3,2,1,1,3,1,1,1,3,3,2,2,3,3,1,3,3,2,1,2],"img2Sample":[1,3,2,1,3,1,2,3,1,2,1,1,2,2,2,1,1,2,3,2],"key":[null,null,null,50,49,null,null,null,null,50,49,49,49,50,49,49,50,49,49,50],"correct":[null,null,null,true,true,null,null,null,null,true,true,true,true,false,false,false,false,false,false,true],"right_img":[1,1,2,2,2,1,1,1,2,1,2,2,1,2,1,2,2,1,2,1],"img_choice":[null,null,null,2,1,null,null,null,null,1,1,1,2,2,2,1,2,2,1,1],"center_sample":[3,3,1,2,3,1,1,3,2,2,1,1,1,1,1,2,1,2,3,1],"left_sample":[1,3,1,1,3,1,2,3,3,2,2,2,2,3,2,3,3,2,1,2],"right_sample":[3,2,2,1,3,1,1,1,1,3,1,1,3,2,1,1,1,2,3,2],"RT":[[0,0,0,0],[0,0,0,0],[0,0,0,0],[0,3334.199999809265,0,0],[0,3534,0,0],[0,0,0,0],[0,0,0,0],[0,0,0,0],[0,0,0,0],[0,1223.9000000953674,0,0],[0,97.80000019073486,0,0],[0,70.59999990463257,0,0],[0,1022.2000002861023,0,0],[0,888,0,0],[0,1043.5,0,0],[0,827.1000003814697,0,0],[0,403.5,0,0],[0,383.40000009536743,0,0],[0,164.7000002861023,0,0],[0,10,0,0]],"response":[[0,1,0,0],[0,1,0,0],[0,1,0,0],[0,1,0,0],[0,1,0,0],[0,1,0,0],[0,1,0,0],[0,1,0,0],[0,1,0,0],[0,1,0,0],[0,1,0,0],[0,1,0,0],[0,1,0,0],[0,1,0,0],[0,1,0,0],[0,1,0,0],[0,1,0,0],[0,1,0,0],[0,1,0,0],[0,1,0,0]],"framerate":[59.853572507058765,59.85250632675264,56.29386824288869,59.86201298556491,59.85711527597432,59.861036878674504,59.85144017426247,59.855704996882515,59.8578376335815,59.83138428066358,59.922956191019125,59.862753720011426,59.858294638941125,59.85236417597654,59.85851623090358,59.859400021867664,59.86261040235525,59.862012963843796,59.856864020819785,59.831824099003924]}
