{"practice":[0,0,0,0,0,0,0,0,0,0,0,0,0,0,0,0,0,0,0,0],"center_interval":[100,50,0,50,75,25,25,75,25,0,100,100,50,0,0,75,0,75,50,25],"image_pair":[3,1,4,2,4,3,1,2,2,1,3,1,2,1,2,1,4,2,1,2],"feature_space":[1,1,1,1,1,1,1,1,1,2,2,2,1,1,2,1,1,2,2,2],"left_img":[1,2,2,2,1,2,1,2,2,2,2,2,1,2,2,2,1,1,2,1],"img1Sample":[1,3,1,3,2,3,1,3,2,2,3,2,1,1,3,3,2,3,2,2],"img2Sample":[3,3,2,2,3,3,2,3,3,3,2,3,2,1,3,2,2,3,3,1],"key":[49,50,50,50,49,50,50,49,50,50,50,49,49,49,50,49,49,50,49,49],"correct":[false,true,true,true,false,true,false,true,true,true,false,true,true,false,true,true,true,true,false,true],"right_img":[2,1,1,1,2,1,2,1,1,1,1,1,2,1,1,1,2,2,1,2],"img_choice":[1,1,1,1,1,1,2,2,1,1,1,2,1,2,1,2,1,2,2,1],"center_sample":[1,3,3,3,1,2,2,3,1,1,1,1,1,3,1,2,1,1,1,3],"left_sample":[1,3,2,2,2,3,1,3,3,3,2,3,1,1,3,2,2,3,3,2],"right_sample":[3,3,1,3,3,3,2,3,2,2,3,2,2,1,3,3,2,3,2,1],"RT":[[0,1682.9000000059605,0,0],[0,1500.9000000059605,0,0],[0,2293.699999988079,0,0],[0,2731.800000011921,0,0],[0,2529.199999988079,0,0],[0,2126.2000000178814,0,0],[0,1752.7000000178814,0,0],[0,1730.2999999821186,0,0],[0,1984.0999999940395,0,0],[0,1820.0999999940395,0,0],[0,2290.0999999940395,0,0],[0,2149.0999999940395,0,0],[0,3017.2999999821186,0,0],[0,1638.6000000238419,0,0],[0,2464.7000000178814,0,0],[0,2121.5,0,0],[0,2786.5,0,0],[0,2236.5,0,0],[0,1653.7000000178814,0,0],[0,2241.9000000059605,0,0]],"response":[[0,1,0,0],[0,1,0,0],[0,1,0,0],[0,1,0,0],[0,1,0,0],[0,1,0,0],[0,1,0,0],[0,1,0,0],[0,1,0,0],[0,1,0,0],[0,1,0,0],[0,1,0,0],[0,1,0,0],[0,1,0,0],[0,1,0,0],[0,1,0,0],[0,1,0,0],[0,1,0,0],[0,1,0,0],[0,1,0,0]],"framerate":[17.474116465031738,17.52723827569872,16.47672662354297,16.143980388024687,16.149973083500125,16.447368421052634,16.882623559616235,17.553624181277243,16.910069177555727,17.170891251022077,16.489178976296806,16.68540752290636,15.719367915968588,17.675651789659742,15.974961692631814,16.509520490221522,15.839493136136563,16.47504206404045,17.27115716734787,16.82262643265721]}
