{"practice":[0,0,0,0,0,0,0,0,0,0,0,0,0,0,0,0,0,0,0,0],"center_interval":[0,0,50,75,75,0,0,0,75,100,100,75,50,75,100,75,0,0,50,75],"image_pair":[4,3,4,2,3,3,3,2,1,3,1,2,4,3,1,4,3,2,4,4],"feature_space":[2,2,2,2,1,2,2,2,2,1,1,1,1,2,1,2,1,2,1,2],"left_img":[1,1,1,2,1,2,2,2,1,2,1,1,1,1,1,1,2,1,2,2],"img1Sample":[2,3,3,1,3,3,2,3,1,1,3,2,1,2,3,2,3,1,1,2],"img2Sample":[2,1,2,3,1,2,1,2,2,2,2,3,1,3,2,3,2,2,2,1],"key":[49,50,50,50,50,50,49,50,49,50,50,49,50,49,49,50,50,50,50,49],"correct":[true,false,false,false,true,true,false,true,false,false,true,false,false,false,false,true,true,false,true,true],"right_img":[2,2,2,1,2,1,1,1,2,1,2,2,2,2,2,2,1,2,1,1],"img_choice":[1,2,2,1,2,1,2,1,1,1,2,1,2,1,1,2,1,2,1,2],"center_sample":[3,2,1,1,2,1,3,2,1,1,1,2,3,2,1,1,1,3,3,2],"left_sample":[2,3,3,3,3,2,1,2,1,2,3,2,1,2,3,2,2,1,2,1],"right_sample":[2,1,2,1,1,3,2,3,2,1,2,3,1,3,2,3,3,2,1,2],"RT":[[0,2340.199999988079,0,0],[0,1756.5999999940395,0,0],[0,1893.5,0,0],[0,1831.5999999940395,0,0],[0,2046.9000000059605,0,0],[0,2274,0,0],[0,3071,0,0],[0,2654.0999999940395,0,0],[0,1645.7999999821186,0,0],[0,1972.8999999761581,0,0],[0,2204.800000011921,0,0],[0,1426.4000000059605,0,0],[0,1394.300000011921,0,0],[0,1585.2999999821186,0,0],[0,1635.2999999821186,0,0],[0,1226.7999999821186,0,0],[0,1864.2999999821186,0,0],[0,1641.2999999821186,0,0],[0,2227.300000011921,0,0],[0,2694,0,0]],"response":[[0,1,0,0],[0,1,0,0],[0,1,0,0],[0,1,0,0],[0,1,0,0],[0,1,0,0],[0,1,0,0],[0,1,0,0],[0,1,0,0],[0,1,0,0],[0,1,0,0],[0,1,0,0],[0,1,0,0],[0,1,0,0],[0,1,0,0],[0,1,0,0],[0,1,0,0],[0,1,0,0],[0,1,0,0],[0,1,0,0]],"framerate":[16.944557408092045,17.21025899353891,17.1226058216047,17.157563625923334,16.820543490562095,16.668981802890187,15.715175982926636,16.296159640809808,17.690504621690966,16.91787142429349,16.659577484652665,17.60563380297086,18.378700576033857,17.74501774516212,17.690504621457798,18.610761399334237,17.337311507011528,17.684247756264465,16.841514332865646,15.978775362508596]}
