{"practice":[1,1,1,1,1],"center_interval":[25,100,75,25,100],"image_pair":[1,1,1,4,3],"feature_space":[1,2,1,2,1],"left_img":[1,1,2,2,1],"img1Sample":[1,2,1,1,3],"img2Sample":[3,2,1,3,3],"key":[49,50,49,49,50],"correct":[true,true,true,false,true],"right_img":[2,2,1,1,2],"img_choice":[1,2,2,2,2],"center_sample":[1,1,3,3,2],"left_sample":[1,2,1,3,3],"right_sample":[3,2,1,1,3],"RT":[[0,5069.199999988079,0,0],[0,3246.199999988079,0,0],[0,1813.0999999940395,0,0],[0,1979.4000000059605,0,0],[0,2412.699999988079,0,0]],"response":[[0,1,0,0],[0,1,0,0],[0,1,0,0],[0,1,0,0],[0,1,0,0]],"framerate":[14.42113223476301,15.749657896678242,16.96949629572499,16.896432548711918,16.447909470674023]}
