{"practice":[0,0,0,0,0,0,0,0,0,0,0,0,0,0,0,0,0,0,0,0],"center_interval":[25,25,25,50,75,25,0,25,0,75,25,0,0,75,75,75,100,25,50,25],"image_pair":[2,2,2,3,3,2,2,2,1,2,1,4,3,3,4,2,3,2,3,1],"feature_space":[2,1,2,2,2,2,1,2,2,2,1,2,1,1,1,2,1,1,1,2],"left_img":[2,2,2,1,1,2,1,1,1,1,1,2,2,1,2,2,2,2,2,1],"img1Sample":[3,1,2,1,1,1,1,1,1,3,1,1,1,2,2,3,3,3,1,2],"img2Sample":[3,1,1,1,1,2,3,1,2,2,2,1,3,2,2,2,3,2,1,3],"key":[49,50,49,49,49,50,49,49,50,50,50,49,50,49,50,49,49,49,50,50],"correct":[false,true,false,true,false,true,true,true,false,true,false,false,true,false,false,true,true,false,true,false],"right_img":[1,1,1,2,2,1,2,2,2,2,2,1,1,2,1,1,1,1,1,2],"img_choice":[2,1,2,1,1,1,1,1,2,2,2,2,1,1,1,2,2,2,1,2],"center_sample":[1,1,3,3,3,3,3,1,3,1,1,3,3,2,2,3,2,2,3,2],"left_sample":[3,1,1,1,1,2,1,1,1,3,1,1,3,2,2,2,3,2,1,2],"right_sample":[3,1,2,1,1,1,3,1,2,2,2,1,1,2,2,3,3,3,1,3],"RT":[[0,1968.0999999940395,0,0],[0,1309.199999988079,0,0],[0,2865.4000000059605,0,0],[0,3572.5999999940395,0,0],[0,2169.9000000059605,0,0],[0,1570.2000000178814,0,0],[0,1639.9000000059605,0,0],[0,1682.4000000059605,0,0],[0,1544.199999988079,0,0],[0,1491.9000000059605,0,0],[0,1723.0999999940395,0,0],[0,2441.5999999940395,0,0],[0,1334.0999999940395,0,0],[0,1765.7999999821186,0,0],[0,1241.5,0,0],[0,1683.300000011921,0,0],[0,3411.7000000178814,0,0],[0,2620.899999976158,0,0],[0,2489,0,0],[0,1497.0999999940395,0,0]],"response":[[0,1,0,0],[0,1,0,0],[0,1,0,0],[0,1,0,0],[0,1,0,0],[0,1,0,0],[0,1,0,0],[0,1,0,0],[0,1,0,0],[0,1,0,0],[0,1,0,0],[0,1,0,0],[0,1,0,0],[0,1,0,0],[0,1,0,0],[0,1,0,0],[0,1,0,0],[0,1,0,0],[0,1,0,0],[0,1,0,0]],"framerate":[16.71135983836602,18.730489073881376,15.565996944479197,15.296367112810707,15.927601809954751,17.42783090526063,17.74150625392786,17.45048425102872,17.975663716616623,18.0411147511383,17.205781142375642,16.307893020221787,18.43129223849054,17.560730860762636,18.88625080953224,14.734561213434452,10.948541853257062,13.86364336557828,15.747525388746801,16.62865830496833]}
