{"practice":[0,0,0,0,0,0,0,0,0,0,0,0,0,0,0,0,0,0,0,0],"center_interval":[75,100,75,100,50,0,50,0,0,100,25,75,0,25,50,25,100,100,100,50],"image_pair":[3,2,2,4,3,3,3,4,2,4,3,3,4,4,3,1,4,1,2,1],"feature_space":[2,2,2,2,1,1,1,2,1,1,1,1,2,1,1,1,1,1,2,2],"left_img":[1,2,1,1,2,1,2,2,1,2,2,2,1,1,1,1,1,2,2,1],"img1Sample":[3,3,2,1,3,1,2,2,2,3,2,2,2,2,1,2,1,3,1,2],"img2Sample":[3,1,2,1,3,2,2,1,1,2,3,3,3,3,1,3,2,2,3,1],"key":[49,49,50,50,50,50,50,50,50,50,50,50,50,50,50,50,50,50,50,49],"correct":[false,true,true,true,true,false,true,true,false,false,true,false,false,false,false,false,true,false,false,true],"right_img":[2,1,2,2,1,2,1,1,2,1,1,1,2,2,2,2,2,1,1,2],"img_choice":[1,2,2,2,1,2,1,1,2,1,1,1,2,2,2,2,2,1,1,1],"center_sample":[1,2,1,2,2,3,3,1,3,1,3,3,1,2,1,3,3,1,1,2],"left_sample":[3,1,2,1,3,1,2,1,2,2,3,3,2,2,1,2,1,2,3,2],"right_sample":[3,3,2,1,3,2,2,2,1,3,2,2,3,3,1,3,2,3,1,1],"RT":[[0,710.2000000029802,0,0],[0,127.09999999403954,0,0],[0,404.59999999403954,0,0],[0,189,0,0],[0,134.59999999403954,0,0],[0,65.5,0,0],[0,215.79999999701977,0,0],[0,91.29999999701977,0,0],[0,21.700000002980232,0,0],[0,67.8999999910593,0,0],[0,95.79999999701977,0,0],[0,182.29999999701977,0,0],[0,104.69999998807907,0,0],[0,119.79999999701977,0,0],[0,71,0,0],[0,198.6000000089407,0,0],[0,64.5,0,0],[0,134.59999999403954,0,0],[0,62.79999999701977,0,0],[0,65.79999999701977,0,0]],"response":[[0,1,0,0],[0,1,0,0],[0,1,0,0],[0,1,0,0],[0,1,0,0],[0,1,0,0],[0,1,0,0],[0,1,0,0],[0,1,0,0],[0,1,0,0],[0,1,0,0],[0,1,0,0],[0,1,0,0],[0,1,0,0],[0,1,0,0],[0,1,0,0],[0,1,0,0],[0,1,0,0],[0,1,0,0],[0,1,0,0]],"framerate":[32.36976814198062,32.23640026863667,28.169014084507044,32.25406277160681,32.34065489787206,32.07464645033791,32.1888412018311,31.842724629129734,33.060453401124235,32.234432234432234,32.280701754385966,32.30616302139026,32.26258942388617,32.22774271505835,32.243880990907364,31.090660365280474,32.07464645033791,32.2537293370671,32.262795131673926,32.21555132494945]}
