{"practice":[0,0,0,0,0,0,0,0,0,0,0,0,0,0,0,0,0,0,0,0],"center_interval":[50,0,50,0,100,0,75,100,25,100,25,100,75,100,75,25,50,100,100,75],"image_pair":[4,1,3,1,4,3,1,3,1,4,2,3,1,4,4,4,4,4,1,4],"feature_space":[1,2,1,1,2,2,1,2,2,2,2,2,2,1,2,2,1,2,1,2],"left_img":[2,1,2,2,2,2,1,1,2,2,1,2,2,2,2,1,2,2,2,2],"img1Sample":[3,3,2,3,2,1,3,3,1,3,2,1,3,3,3,3,3,1,1,2],"img2Sample":[3,3,2,3,1,2,3,1,3,2,2,2,1,2,2,3,2,2,2,2],"key":[50,49,49,50,49,50,50,50,50,50,50,50,49,50,49,49,49,49,49,49],"correct":[true,true,false,true,true,true,true,true,true,false,false,false,true,false,true,true,false,true,true,true],"right_img":[1,2,1,1,1,1,2,2,1,1,2,1,1,1,1,2,1,1,1,1],"img_choice":[1,1,2,1,2,1,2,2,1,1,2,1,2,1,2,1,2,2,2,2],"center_sample":[1,2,2,1,2,2,1,3,2,3,2,3,1,3,3,1,2,3,1,1],"left_sample":[3,3,2,3,1,2,3,3,3,2,2,2,1,2,2,3,2,2,2,2],"right_sample":[3,3,2,3,2,1,3,1,1,3,2,1,3,3,3,3,3,1,1,2],"RT":[[0,87.70000000298023,0,0],[0,122.20000000298023,0,0],[0,64.29999999701977,0,0],[0,63.5,0,0],[0,108.90000000596046,0,0],[0,69,0,0],[0,22.200000002980232,0,0],[0,99,0,0],[0,180.20000000298023,0,0],[0,80.90000000596046,0,0],[0,127.79999999701977,0,0],[0,259.80000001192093,0,0],[0,10.700000002980232,0,0],[0,26.099999994039536,0,0],[0,232,0,0],[0,89.90000000596046,0,0],[0,110.5,0,0],[0,122.5,0,0],[0,89.70000000298023,0,0],[0,87.59999999403954,0,0]],"response":[[0,1,0,0],[0,1,0,0],[0,1,0,0],[0,1,0,0],[0,1,0,0],[0,1,0,0],[0,1,0,0],[0,1,0,0],[0,1,0,0],[0,1,0,0],[0,1,0,0],[0,1,0,0],[0,1,0,0],[0,1,0,0],[0,1,0,0],[0,1,0,0],[0,1,0,0],[0,1,0,0],[0,1,0,0],[0,1,0,0]],"framerate":[32.55024058832292,32.266738370659,32.14964197003626,32.362459547067445,32.29429935397887,30.7062436025983,32.312663487134785,32.253540877452856,32.25806451612903,32.25806451612903,32.279757901815735,29.8713235297186,32.29452607720817,32.41240932287358,32.26191898650699,32.25806451612903,32.25806451612903,32.25806451612903,32.30790841450886,30.756326016543206]}
