{"practice":[0,0,0,0,0,0,0,0,0,0,0,0,0,0,0,0,0,0,0,0],"center_interval":[25,75,100,25,0,50,75,25,0,50,75,75,75,50,50,75,50,50,0,0],"image_pair":[2,4,3,2,3,3,3,2,1,1,3,2,3,4,1,1,4,2,4,1],"feature_space":[1,2,1,2,1,2,2,2,2,1,1,2,2,2,1,1,1,1,1,2],"left_img":[2,2,2,2,1,1,1,2,1,1,1,2,2,2,1,1,1,2,1,2],"img1Sample":[2,3,1,2,1,2,3,2,3,3,2,2,1,3,1,2,1,1,2,2],"img2Sample":[3,3,2,1,1,2,2,2,2,1,3,1,1,3,2,1,2,2,2,3],"key":[50,50,49,50,50,50,50,50,50,50,50,50,50,50,50,50,50,50,49,49],"correct":[true,false,true,true,false,false,true,true,false,false,true,false,false,true,false,true,false,true,true,false],"right_img":[1,1,1,1,2,2,2,1,2,2,2,1,1,1,2,2,2,1,2,1],"img_choice":[1,1,2,1,2,2,2,1,2,2,2,1,1,1,2,2,2,1,1,2],"center_sample":[2,2,1,3,3,1,3,2,1,2,1,1,3,3,2,1,1,2,1,1],"left_sample":[3,3,2,1,1,2,3,2,3,3,2,1,1,3,1,2,1,2,2,3],"right_sample":[2,3,1,2,1,2,2,2,2,1,3,2,1,3,2,1,2,1,2,2],"RT":[[0,108.90000000596046,0,0],[0,93.8999999910593,0,0],[0,152.6000000089407,0,0],[0,151.40000000596046,0,0],[0,12.299999997019768,0,0],[0,144.79999999701977,0,0],[0,124.79999999701977,0,0],[0,70.6000000089407,0,0],[0,158.70000000298023,0,0],[0,109.1000000089407,0,0],[0,154.5,0,0],[0,67.09999999403954,0,0],[0,113.40000000596046,0,0],[0,95.29999999701977,0,0],[0,141.69999998807907,0,0],[0,65.3999999910593,0,0],[0,27.900000005960464,0,0],[0,63.1000000089407,0,0],[0,193.29999999701977,0,0],[0,11.299999997019768,0,0]],"response":[[0,1,0,0],[0,1,0,0],[0,1,0,0],[0,1,0,0],[0,1,0,0],[0,1,0,0],[0,1,0,0],[0,1,0,0],[0,1,0,0],[0,1,0,0],[0,1,0,0],[0,1,0,0],[0,1,0,0],[0,1,0,0],[0,1,0,0],[0,1,0,0],[0,1,0,0],[0,1,0,0],[0,1,0,0],[0,1,0,0]],"framerate":[32.02450570858335,32.20386446360127,32.262227383930444,32.26222738455084,32.242463324352876,32.23207091016898,32.245062474937654,32.26279513096891,32.341526520051744,32.30337078651686,30.967741935483872,32.291207984876316,31.093686629589477,32.27164304810538,32.37118964095907,32.40058910162003,32.24815724800966,32.215551325652406,29.8879202988792,32.273680813141546]}
