{"practice":[0,0,0,0,0,0,0,0,0,0,0,0,0,0,0,0,0,0,0,0],"center_interval":[75,100,0,0,50,0,100,75,100,75,25,50,25,100,100,25,0,75,100,25],"image_pair":[1,4,3,2,1,4,2,2,3,2,4,1,3,3,1,4,1,1,1,3],"feature_space":[1,1,1,2,2,2,1,1,2,1,2,2,1,2,2,2,2,1,1,1],"left_img":[1,2,1,1,1,2,2,2,2,1,1,2,2,2,1,2,1,2,2,1],"img1Sample":[2,1,3,3,1,2,3,2,3,1,2,2,2,1,3,2,3,3,1,3],"img2Sample":[1,2,2,3,2,1,2,3,2,2,2,1,1,3,3,1,1,3,1,2],"key":[49,50,49,49,49,50,50,50,49,50,50,50,50,50,50,50,50,50,50,50],"correct":[false,false,true,true,true,true,false,false,true,true,false,true,true,false,true,true,false,false,false,false],"right_img":[2,1,2,2,2,1,1,1,1,2,2,1,1,1,2,1,2,1,1,2],"img_choice":[1,1,1,1,1,1,1,1,2,2,2,1,1,1,2,1,2,1,1,2],"center_sample":[1,1,1,2,3,3,1,1,3,3,1,3,2,1,2,3,1,2,3,2],"left_sample":[2,2,3,3,1,1,2,3,2,1,2,1,1,3,3,1,3,3,1,3],"right_sample":[1,1,2,3,2,2,3,2,3,2,2,2,2,1,3,2,1,3,1,2],"RT":[[0,60.20000000298023,0,0],[0,124,0,0],[0,161.30000001192093,0,0],[0,17.599999994039536,0,0],[0,11.699999988079071,0,0],[0,174.59999999403954,0,0],[0,13.600000008940697,0,0],[0,83.6000000089407,0,0],[0,236.5,0,0],[0,127.3999999910593,0,0],[0,107.09999999403954,0,0],[0,96.20000000298023,0,0],[0,24.899999991059303,0,0],[0,143.20000000298023,0,0],[0,156.70000000298023,0,0],[0,80.6000000089407,0,0],[0,92,0,0],[0,153.6000000089407,0,0],[0,77.69999998807907,0,0],[0,137.20000000298023,0,0]],"response":[[0,1,0,0],[0,1,0,0],[0,1,0,0],[0,1,0,0],[0,1,0,0],[0,1,0,0],[0,1,0,0],[0,1,0,0],[0,1,0,0],[0,1,0,0],[0,1,0,0],[0,1,0,0],[0,1,0,0],[0,1,0,0],[0,1,0,0],[0,1,0,0],[0,1,0,0],[0,1,0,0],[0,1,0,0],[0,1,0,0]],"framerate":[32.25806451612903,32.25806451612903,31.003746285651474,32.268473701349095,32.31017770597738,29.597220435177473,32.26326826876544,32.326071679550246,24.23263327964971,32.249395323708534,30.89887640449438,30.307204848903922,28.297437510090653,28.390760097858788,30.840400925093917,30.841533265201566,29.453015427769987,30.895983522260654,30.82342580307142,32.04272363150868]}
