{"practice":[1,1,1,1,1],"center_interval":[25,75,75,100,0],"image_pair":[4,1,1,2,3],"feature_space":[1,2,1,2,1],"left_img":[2,2,2,2,1],"img1Sample":[2,3,1,3,2],"img2Sample":[2,1,2,1,1],"key":[50,49,50,49,50],"correct":[true,true,false,true,false],"right_img":[1,1,1,1,2],"img_choice":[1,2,1,2,2],"center_sample":[2,1,3,3,1],"left_sample":[2,1,2,1,2],"right_sample":[2,3,1,3,1],"RT":[[0,2210.3999999910593,0,0],[0,70.8999999910593,0,0],[0,401.29999999701977,0,0],[0,276.1000000089407,0,0],[0,69.79999999701977,0,0]],"response":[[0,1,0,0],[0,1,0,0],[0,1,0,0],[0,1,0,0],[0,1,0,0]],"framerate":[30.862007804185886,32.25806451612903,30.386198784463286,32.268832758856874,32.28646903405864]}
