{"practice":[0,0,0,0,0,0,0,0,0,0,0,0,0,0,0,0,0,0,0,0],"center_interval":[75,0,75,75,75,100,75,25,100,0,50,25,0,75,75,75,100,100,100,0],"image_pair":[4,4,3,1,3,3,1,4,4,3,2,2,4,2,1,2,3,1,3,3],"feature_space":[2,2,2,2,1,2,2,2,1,1,1,2,1,1,1,2,2,2,2,2],"left_img":[1,1,2,2,2,2,1,2,2,1,2,2,1,2,1,1,2,2,2,1],"img1Sample":[2,3,3,3,3,2,3,3,1,1,3,1,2,3,2,3,3,2,3,2],"img2Sample":[1,3,2,2,3,3,2,1,2,2,2,3,1,1,1,3,3,1,1,1],"key":[49,49,50,49,49,50,50,49,49,49,49,50,49,49,50,50,50,49,49,49],"correct":[false,true,false,true,true,false,true,false,true,true,false,true,true,true,true,true,false,true,true,true],"right_img":[2,2,1,1,1,1,2,1,1,2,1,1,2,1,2,2,1,1,1,2],"img_choice":[1,1,1,2,2,1,2,2,2,1,2,1,1,2,2,2,1,2,2,1],"center_sample":[1,1,2,2,1,2,1,1,3,2,2,1,3,3,1,1,2,2,3,1],"left_sample":[2,3,2,2,3,3,3,1,2,1,2,3,2,1,2,3,3,1,1,2],"right_sample":[1,3,3,3,3,2,2,3,1,2,3,1,1,3,1,3,3,2,3,1],"RT":[[0,0,0,1689,0,0],[0,0,0,1562,0,0],[0,0,0,1244,0,0],[0,0,0,1418,0,0],[0,0,0,1825,0,0],[0,0,0,1781,0,0],[0,0,0,1977,0,0],[0,0,0,1245,0,0],[0,0,0,1300,0,0],[0,0,0,1827,0,0],[0,0,0,1691,0,0],[0,0,0,1531,0,0],[0,0,0,1661,0,0],[0,0,0,1566,0,0],[0,0,0,1311,0,0],[0,0,0,1284,0,0],[0,0,0,1568,0,0],[0,0,0,1693,0,0],[0,0,0,1792,0,0],[0,0,0,1112,0,0]],"response":[[0,0,0,1,0,0],[0,0,0,1,0,0],[0,0,0,1,0,0],[0,0,0,1,0,0],[0,0,0,1,0,0],[0,0,0,1,0,0],[0,0,0,1,0,0],[0,0,0,1,0,0],[0,0,0,1,0,0],[0,0,0,1,0,0],[0,0,0,1,0,0],[0,0,0,1,0,0],[0,0,0,1,0,0],[0,0,0,1,0,0],[0,0,0,1,0,0],[0,0,0,1,0,0],[0,0,0,1,0,0],[0,0,0,1,0,0],[0,0,0,1,0,0],[0,0,0,1,0,0]],"framerate":[28.975890289758905,29.53296703296703,29.95335133808004,29.952830188679247,30.09458297506449,30.349013657056144,30.429345560650273,30.392156862745097,29.978064830611746,20.79272254710851,29.52192112800176,30.21217712177122,30.187835420393558,30.684680558735973,30.6615161757605,30.739204684069286,30.247896292926995,20.570670205706705,29.73735619709138,29.987293519695044]}
