{"practice":[0,0,0,0,0,0,0,0,0,0,0,0,0,0,0,0,0,0,0,0],"center_interval":[25,25,25,100,50,75,100,100,75,100,0,50,0,25,25,25,0,0,75,25],"image_pair":[3,4,3,2,3,4,2,3,3,3,4,2,1,4,1,2,3,1,3,2],"feature_space":[2,1,1,1,2,2,1,2,1,1,1,1,2,2,2,1,1,1,2,2],"left_img":[2,2,2,1,1,1,1,2,2,2,2,2,1,1,1,1,1,1,2,1],"img1Sample":[3,1,3,1,3,2,1,3,3,2,3,1,1,2,3,3,2,3,3,3],"img2Sample":[3,1,3,2,2,3,3,1,2,2,2,1,3,3,2,1,2,3,2,2],"key":[50,50,50,50,49,50,50,49,49,50,49,50,49,49,50,49,49,49,50,50],"correct":[true,true,true,true,true,true,true,true,true,false,false,true,true,true,false,true,true,true,false,false],"right_img":[1,1,1,2,2,2,2,1,1,1,1,1,2,2,2,2,2,2,1,2],"img_choice":[1,1,1,2,1,2,2,2,2,1,2,1,1,1,2,1,1,1,1,2],"center_sample":[1,1,1,1,1,1,1,3,1,1,2,1,2,1,1,2,1,2,2,1],"left_sample":[3,1,3,1,3,2,1,1,2,2,2,1,1,2,3,3,2,3,2,3],"right_sample":[3,1,3,2,2,3,3,3,3,2,3,1,3,3,2,1,2,3,3,2],"RT":[[0,0,0,1959,0,0],[0,0,0,1725,0,0],[0,0,0,1610,0,0],[0,0,0,2048,0,0],[0,0,0,1889,0,0],[0,0,0,1849,0,0],[0,0,0,1635,0,0],[0,0,0,1783,0,0],[0,0,0,2135,0,0],[0,0,0,1612,0,0],[0,0,0,2005,0,0],[0,0,0,1367,0,0],[0,0,0,1565,0,0],[0,0,0,2047,0,0],[0,0,0,1897,0,0],[0,0,0,1444,0,0],[0,0,0,1555,0,0],[0,0,0,1495,0,0],[0,0,0,1304,0,0],[0,0,0,1715,0,0]],"response":[[0,0,0,1,0,0],[0,0,0,1,0,0],[0,0,0,1,0,0],[0,0,0,1,0,0],[0,0,0,1,0,0],[0,0,0,1,0,0],[0,0,0,1,0,0],[0,0,0,1,0,0],[0,0,0,1,0,0],[0,0,0,1,0,0],[0,0,0,1,0,0],[0,0,0,1,0,0],[0,0,0,1,0,0],[0,0,0,1,0,0],[0,0,0,1,0,0],[0,0,0,1,0,0],[0,0,0,1,0,0],[0,0,0,1,0,0],[0,0,0,1,0,0],[0,0,0,1,0,0]],"framerate":[29.116045245077505,29.683377308707122,29.857498303551232,29.96715927750411,29.879211697393515,29.713552800342026,29.642937345609703,30.375352571056627,30.187160394445563,29.172320217096335,24.213576158940395,30.252501191043354,30.489192263936292,30.209617755856968,29.654734166490154,29.542790152403285,30.102622576966933,30.289017341040463,30.970239535446407,28.969482529854048]}
