{"practice":[0,0,0,0,0,0,0,0,0,0,0,0,0,0,0,0,0,0,0,0],"center_interval":[0,75,75,75,25,100,0,75,0,0,100,25,50,0,0,100,50,100,25,75],"image_pair":[4,1,1,4,1,3,3,3,1,4,1,3,1,3,4,4,1,4,2,2],"feature_space":[1,2,2,1,2,2,2,2,1,2,1,2,2,2,2,2,2,2,2,2],"left_img":[2,2,2,1,2,1,2,1,2,2,2,1,1,2,1,2,2,1,1,1],"img1Sample":[2,3,2,1,3,1,2,1,2,3,2,3,3,2,1,1,3,1,2,3],"img2Sample":[2,1,3,1,3,3,3,3,3,2,2,2,3,3,3,2,2,2,3,3],"key":[50,50,50,49,50,49,50,49,49,50,50,49,49,50,49,50,50,50,50,50],"correct":[true,false,false,false,true,false,true,false,false,true,false,true,true,true,true,false,true,true,false,true],"right_img":[1,1,1,2,1,2,1,2,1,1,1,2,2,1,2,1,1,2,2,2],"img_choice":[1,1,1,1,1,1,1,1,2,1,1,1,1,1,1,1,1,2,2,2],"center_sample":[1,2,3,2,2,1,3,1,1,1,1,2,3,3,3,1,2,3,1,1],"left_sample":[2,1,3,1,3,1,3,1,3,2,2,3,3,3,1,2,2,1,2,3],"right_sample":[2,3,2,1,3,3,2,3,2,3,2,2,3,2,3,1,3,2,3,3],"RT":[[0,0,0,1786,0,0],[0,0,0,1631,0,0],[0,0,0,1371,0,0],[0,0,0,1937,0,0],[0,0,0,1171,0,0],[0,0,0,1780,0,0],[0,0,0,1432,0,0],[0,0,0,1728,0,0],[0,0,0,1246,0,0],[0,0,0,1270,0,0],[0,0,0,1654,0,0],[0,0,0,2239,0,0],[0,0,0,1514,0,0],[0,0,0,1463,0,0],[0,0,0,1625,0,0],[0,0,0,1112,0,0],[0,0,0,1565,0,0],[0,0,0,1872,0,0],[0,0,0,1428,0,0],[0,0,0,1331,0,0]],"response":[[0,0,0,1,0,0],[0,0,0,1,0,0],[0,0,0,1,0,0],[0,0,0,1,0,0],[0,0,0,1,0,0],[0,0,0,1,0,0],[0,0,0,1,0,0],[0,0,0,1,0,0],[0,0,0,1,0,0],[0,0,0,1,0,0],[0,0,0,1,0,0],[0,0,0,1,0,0],[0,0,0,1,0,0],[0,0,0,1,0,0],[0,0,0,1,0,0],[0,0,0,1,0,0],[0,0,0,1,0,0],[0,0,0,1,0,0],[0,0,0,1,0,0],[0,0,0,1,0,0]],"framerate":[29.653679653679657,21.57829839704069,30.07877775125328,29.16491817037348,30.250000000000004,29.730902777777775,29.016277423920737,23.81482305809036,27.240143369175627,29.799706888128974,29.66101694915254,29.81243830207305,30.233094853450265,30.45923149015933,30.309833857207003,30.1174068402246,29.58579881656805,29.48717948717949,29.591357444809773,29.11453320500481]}
