{"practice":[1,1,1,1,1],"center_interval":[75,75,100,100,50],"image_pair":[2,3,4,3,2],"feature_space":[2,1,2,2,1],"left_img":[2,2,2,2,2],"img1Sample":[1,1,1,3,3],"img2Sample":[1,2,2,1,3],"key":[49,50,49,49,49],"correct":[true,false,true,true,false],"right_img":[1,1,1,1,1],"img_choice":[2,1,2,2,2],"center_sample":[3,2,1,3,2],"left_sample":[1,2,2,1,3],"right_sample":[1,1,1,3,3],"RT":[[0,0,0,2528,0,0],[0,0,0,2290,0,0],[0,0,0,1637,0,0],[0,0,0,1798,0,0],[0,0,0,1525,0,0]],"response":[[0,0,0,1,0,0],[0,0,0,1,0,0],[0,0,0,1,0,0],[0,0,0,1,0,0],[0,0,0,1,0,0]],"framerate":[28.571428571428573,29.68170279242335,29.550033579583612,29.67937608318891,30.05085529357374]}
