{"practice":[0,0,0,0,0,0,0,0,0,0,0,0,0,0,0,0,0,0,0,0],"center_interval":[0,0,50,75,75,75,25,25,50,50,75,50,0,50,25,0,75,100,75,50],"image_pair":[2,1,2,1,2,1,1,1,3,1,4,3,3,1,2,1,1,4,3,2],"feature_space":[2,1,1,2,1,2,1,2,1,1,1,2,2,2,2,2,1,2,2,1],"left_img":[2,2,1,1,2,1,1,2,1,1,1,2,2,2,1,1,2,2,2,1],"img1Sample":[1,1,2,1,2,2,3,2,3,3,3,3,3,1,3,2,3,3,2,1],"img2Sample":[2,2,1,3,3,2,2,1,2,1,3,1,3,3,2,2,2,1,3,2],"key":[50,49,50,49,50,49,50,50,49,50,49,50,50,50,50,49,49,50,49,49],"correct":[true,false,false,false,false,false,false,true,true,false,false,true,true,true,false,true,true,false,true,true],"right_img":[1,1,2,2,1,2,2,1,2,2,2,1,1,1,2,2,1,1,1,2],"img_choice":[1,2,2,1,1,1,2,1,1,2,1,1,1,1,2,1,2,1,2,1],"center_sample":[2,2,2,3,2,3,3,3,2,1,1,3,1,1,3,3,3,3,3,1],"left_sample":[2,2,2,1,3,2,3,1,3,3,3,1,3,3,3,2,2,1,3,1],"right_sample":[1,1,1,3,2,2,2,2,2,1,3,3,3,1,2,2,3,3,2,2],"RT":[[0,0,0,1433,0,0],[0,0,0,1438,0,0],[0,0,0,1380,0,0],[0,0,0,1877,0,0],[0,0,0,1469,0,0],[0,0,0,1879,0,0],[0,0,0,1462,0,0],[0,0,0,1507,0,0],[0,0,0,1995,0,0],[0,0,0,1313,0,0],[0,0,0,2006,0,0],[0,0,0,1184,0,0],[0,0,0,1240,0,0],[0,0,0,1432,0,0],[0,0,0,1593,0,0],[0,0,0,1303,0,0],[0,0,0,1334,0,0],[0,0,0,1402,0,0],[0,0,0,1504,0,0],[0,0,0,1212,0,0]],"response":[[0,0,0,1,0,0],[0,0,0,1,0,0],[0,0,0,1,0,0],[0,0,0,1,0,0],[0,0,0,1,0,0],[0,0,0,1,0,0],[0,0,0,1,0,0],[0,0,0,1,0,0],[0,0,0,1,0,0],[0,0,0,1,0,0],[0,0,0,1,0,0],[0,0,0,1,0,0],[0,0,0,1,0,0],[0,0,0,1,0,0],[0,0,0,1,0,0],[0,0,0,1,0,0],[0,0,0,1,0,0],[0,0,0,1,0,0],[0,0,0,1,0,0],[0,0,0,1,0,0]],"framerate":[16.04136285297627,28.866463271532506,29.950083194675543,29.942662985771925,30.54325017486594,30.303030303030305,29.997656433091166,29.533917858790954,29.900332225913623,30.193236714975846,30.42848271579383,30.74231442139465,30.235988200589972,30.0187617260788,30.040964952207556,30.251694094869315,30.303030303030305,29.766123316796598,30.002307869836145,30.340711265854264]}
