{"practice":[1,1,1,1,1],"center_interval":[25,0,75,100,50],"image_pair":[2,1,1,1,4],"feature_space":[2,1,2,2,2],"left_img":[1,2,1,2,1],"img1Sample":[3,1,2,3,3],"img2Sample":[2,2,1,1,1],"key":[49,50,49,49,50],"correct":[true,true,false,true,false],"right_img":[2,1,2,1,2],"img_choice":[1,1,1,2,2],"center_sample":[3,2,3,3,3],"left_sample":[3,2,2,1,3],"right_sample":[2,1,1,3,1],"RT":[[0,0,0,24.800000000745058,0,0],[0,0,0,23.699999999254942,0,0],[0,0,0,29.199999999254942,0,0],[0,0,0,114.10000000149012,0,0],[0,0,0,106.59999999776483,0,0]],"response":[[0,0,0,1,0,0],[0,0,0,1,0,0],[0,0,0,1,0,0],[0,0,0,1,0,0],[0,0,0,1,0,0]],"framerate":[36.38675945880069,28.422049896502457,27.86006488925042,27.602658033736585,27.762544557191546]}
