{"practice":[1,1,1,1,1],"center_interval":[0,75,75,50,0],"image_pair":[4,4,4,1,4],"feature_space":[1,1,1,1,2],"left_img":[2,2,1,2,2],"img1Sample":[1,3,3,2,1],"img2Sample":[1,1,3,1,3],"key":[null,49,49,50,49],"correct":[null,true,false,true,false],"right_img":[1,1,2,1,1],"img_choice":[null,2,1,1,2],"center_sample":[3,1,1,1,3],"left_sample":[1,1,3,1,3],"right_sample":[1,3,3,2,1],"RT":[[0,0,0,0,0,0],[0,0,0,3114,0,0],[0,0,0,282,0,0],[0,0,0,407,0,0],[0,0,0,62,0,0]],"response":[[0,0,0,1,0,0],[0,0,0,1,0,0],[0,0,0,1,0,0],[0,0,0,1,0,0],[0,0,0,1,0,0]],"framerate":[31.878120599155036,31.81818181818182,32.00775945683802,32.00745804847732,32.011134307585245]}
