{"practice":[0,0,0,0,0,0,0,0,0,0,0,0,0,0,0,0,0,0,0,0],"center_interval":[100,25,25,0,25,100,50,50,25,75,50,25,75,75,75,0,50,100,0,75],"image_pair":[4,4,1,1,1,3,4,3,3,1,3,2,4,4,1,3,4,3,4,2],"feature_space":[2,2,1,2,1,1,1,1,2,1,1,1,1,1,1,1,1,1,2,2],"left_img":[2,2,1,1,2,2,2,2,2,2,2,1,2,1,2,1,1,1,2,2],"img1Sample":[2,2,3,2,1,2,1,3,2,2,2,3,3,3,2,3,3,1,1,2],"img2Sample":[3,3,3,2,2,2,3,2,2,3,2,1,1,2,2,3,2,3,2,3],"key":[49,50,50,49,49,49,49,50,50,49,49,49,49,49,49,50,49,49,50,49],"correct":[true,true,false,true,false,true,false,true,true,true,false,true,true,false,true,false,true,false,true,true],"right_img":[1,1,2,2,1,1,1,1,1,1,1,2,1,2,1,2,2,2,1,1],"img_choice":[2,1,2,1,2,2,2,1,1,2,2,1,2,1,2,2,1,1,1,2],"center_sample":[1,3,2,3,3,3,2,1,1,2,1,1,3,3,1,1,2,1,2,3],"left_sample":[3,3,3,2,2,2,3,2,2,3,2,3,1,3,2,3,3,1,2,3],"right_sample":[2,2,3,2,1,2,1,3,2,2,2,1,3,2,2,3,2,3,1,2],"RT":[[0,0,0,1872,0,0],[0,0,0,2257,0,0],[0,0,0,1954,0,0],[0,0,0,1743,0,0],[0,0,0,2256,0,0],[0,0,0,1507,0,0],[0,0,0,1578,0,0],[0,0,0,2398,0,0],[0,0,0,2706,0,0],[0,0,0,1628,0,0],[0,0,0,1240,0,0],[0,0,0,2025,0,0],[0,0,0,1955,0,0],[0,0,0,1490,0,0],[0,0,0,1715,0,0],[0,0,0,1873,0,0],[0,0,0,2434,0,0],[0,0,0,1195,0,0],[0,0,0,1301,0,0],[0,0,0,2904,0,0]],"response":[[0,0,0,1,0,0],[0,0,0,1,0,0],[0,0,0,1,0,0],[0,0,0,1,0,0],[0,0,0,1,0,0],[0,0,0,1,0,0],[0,0,0,1,0,0],[0,0,0,1,0,0],[0,0,0,1,0,0],[0,0,0,1,0,0],[0,0,0,1,0,0],[0,0,0,1,0,0],[0,0,0,1,0,0],[0,0,0,1,0,0],[0,0,0,1,0,0],[0,0,0,1,0,0],[0,0,0,1,0,0],[0,0,0,1,0,0],[0,0,0,1,0,0],[0,0,0,1,0,0]],"framerate":[30.94323516858728,29.818325434439178,31.374189500104578,31.345900920648837,31.009283033774445,31.300718757245534,31.320926009986383,31.23203678865683,29.831856807087323,30.207394048692517,31.226948610769607,31.19190249948358,30.328383183434426,30.61934585942937,30.136383633963924,31.189916684469132,31.08907114247568,31.5,31.757575757575758,30.949466689980763]}
