{"practice":[0,0,0,0,0,0,0,0,0,0,0,0,0,0,0,0,0,0,0,0],"center_interval":[100,50,75,0,75,0,50,100,50,75,50,75,100,0,50,25,50,75,50,25],"image_pair":[4,3,1,2,1,1,1,2,2,4,3,2,1,1,3,2,2,3,1,4],"feature_space":[1,2,2,1,1,2,1,2,1,2,2,1,1,2,1,2,2,2,2,1],"left_img":[2,1,2,1,1,1,2,1,2,2,1,2,2,1,1,2,1,1,2,2],"img1Sample":[1,2,2,2,2,2,2,2,1,3,2,3,1,2,2,1,1,3,3,1],"img2Sample":[3,1,2,3,1,2,1,1,1,1,3,1,3,3,3,2,1,3,2,1],"key":[49,49,50,49,50,49,49,50,50,50,49,49,49,49,49,50,49,null,50,49],"correct":[true,true,false,true,true,true,false,true,true,false,true,true,true,true,true,true,true,null,true,false],"right_img":[1,2,1,2,2,2,1,2,1,1,2,1,1,2,2,1,2,2,1,1],"img_choice":[2,1,1,1,2,1,2,2,1,1,1,2,2,1,1,1,1,null,1,2],"center_sample":[1,1,3,3,3,3,2,2,2,1,1,3,2,1,2,1,1,2,1,3],"left_sample":[3,2,2,2,2,2,1,2,1,1,2,1,3,2,2,2,1,3,2,1],"right_sample":[1,1,2,3,1,2,2,1,1,3,3,3,1,3,3,1,1,3,3,1],"RT":[[0,0,0,1452,0,0],[0,0,0,2087,0,0],[0,0,0,1864,0,0],[0,0,0,1027,0,0],[0,0,0,2625,0,0],[0,0,0,1540,0,0],[0,0,0,2018,0,0],[0,0,0,2062,0,0],[0,0,0,2630,0,0],[0,0,0,1349,0,0],[0,0,0,1814,0,0],[0,0,0,1515,0,0],[0,0,0,1797,0,0],[0,0,0,2974,0,0],[0,0,0,1256,0,0],[0,0,0,1745,0,0],[0,0,0,1541,0,0],[0,0,0,0,0,0],[0,0,0,1844,0,0],[0,0,0,1674,0,0]],"response":[[0,0,0,1,0,0],[0,0,0,1,0,0],[0,0,0,1,0,0],[0,0,0,1,0,0],[0,0,0,1,0,0],[0,0,0,1,0,0],[0,0,0,1,0,0],[0,0,0,1,0,0],[0,0,0,1,0,0],[0,0,0,1,0,0],[0,0,0,1,0,0],[0,0,0,1,0,0],[0,0,0,1,0,0],[0,0,0,1,0,0],[0,0,0,1,0,0],[0,0,0,1,0,0],[0,0,0,1,0,0],[0,0,0,1,0,0],[0,0,0,1,0,0],[0,0,0,1,0,0]],"framerate":[30.82671648762261,30.976156511106584,30.303030303030305,31.209362808842656,30.531543130402795,31.775270550310843,32.00495560602932,31.384615384615383,31.439602868174294,29.836381135707413,31.560743623000434,31.510658016682115,31.17557912968175,31.293222683264176,32.01970443349754,31.33216476774759,31.782588668816214,30.71017274472169,31.793770139634802,31.777777777777775]}
