{"practice":[0,0,0,0,0,0,0,0,0,0,0,0,0,0,0,0,0,0,0,0],"center_interval":[100,0,50,25,75,25,75,0,75,75,25,50,0,100,25,100,0,50,75,25],"image_pair":[2,3,4,2,3,4,3,3,2,1,4,4,3,1,2,1,1,2,4,2],"feature_space":[1,1,2,1,2,1,1,2,2,1,2,2,2,2,1,1,1,2,2,2],"left_img":[1,1,2,2,1,1,2,1,2,1,1,2,2,2,2,1,2,1,1,1],"img1Sample":[1,2,3,1,3,3,1,3,1,3,2,2,2,1,1,1,2,1,3,3],"img2Sample":[1,1,2,3,1,2,3,2,3,1,3,2,3,3,3,3,2,1,2,1],"key":[50,50,50,50,49,49,50,49,49,50,50,49,50,49,50,50,49,50,49,49],"correct":[true,false,true,true,false,true,false,true,true,true,false,false,true,true,true,true,false,false,false,true],"right_img":[2,2,1,1,2,2,1,2,1,2,2,1,1,1,1,2,1,2,2,2],"img_choice":[2,2,1,1,1,1,1,1,2,2,2,2,1,2,1,2,2,2,1,1],"center_sample":[3,1,1,2,3,3,3,1,2,1,3,3,1,1,3,1,1,1,2,2],"left_sample":[1,2,2,3,3,3,3,3,3,3,2,2,3,3,3,1,2,1,3,3],"right_sample":[1,1,3,1,1,2,1,2,1,1,3,2,2,1,1,3,2,1,2,1],"RT":[[0,0,0,1739,0,0],[0,0,0,1248,0,0],[0,0,0,1303,0,0],[0,0,0,1474,0,0],[0,0,0,1476,0,0],[0,0,0,1764,0,0],[0,0,0,1434,0,0],[0,0,0,1915,0,0],[0,0,0,2031,0,0],[0,0,0,1778,0,0],[0,0,0,2250,0,0],[0,0,0,2166,0,0],[0,0,0,1806,0,0],[0,0,0,1590,0,0],[0,0,0,2794,0,0],[0,0,0,1766,0,0],[0,0,0,1602,0,0],[0,0,0,1714,0,0],[0,0,0,1697,0,0],[0,0,0,1254,0,0]],"response":[[0,0,0,1,0,0],[0,0,0,1,0,0],[0,0,0,1,0,0],[0,0,0,1,0,0],[0,0,0,1,0,0],[0,0,0,1,0,0],[0,0,0,1,0,0],[0,0,0,1,0,0],[0,0,0,1,0,0],[0,0,0,1,0,0],[0,0,0,1,0,0],[0,0,0,1,0,0],[0,0,0,1,0,0],[0,0,0,1,0,0],[0,0,0,1,0,0],[0,0,0,1,0,0],[0,0,0,1,0,0],[0,0,0,1,0,0],[0,0,0,1,0,0],[0,0,0,1,0,0]],"framerate":[30.907496711968435,31.757754800590842,31.757575757575758,31.51996264300724,31.549427436316897,31.549173194081813,31.301482701812194,31.15727002967359,31.798472021474293,31.77366702937976,31.169855987374238,31.042128603104214,30.69606571552097,30.63308373042886,29.983937176512583,29.45026178010471,31.32803632236095,30.884623869402166,31.111111111111107,31.765574981531643]}
