{"practice":[0,0,0,0,0,0,0,0,0,0,0,0,0,0,0,0,0,0,0,0],"center_interval":[50,100,25,0,100,75,75,25,50,50,75,50,0,50,75,50,75,75,50,25],"image_pair":[1,3,2,3,1,2,3,2,4,1,4,3,3,3,4,2,2,3,1,3],"feature_space":[1,1,1,2,2,1,2,2,1,2,2,1,2,1,2,2,2,1,1,1],"left_img":[1,2,2,1,2,2,2,2,2,2,2,1,2,1,2,2,1,1,2,2],"img1Sample":[1,3,1,3,2,3,1,1,1,2,3,1,1,2,3,2,3,3,3,3],"img2Sample":[1,2,1,2,2,2,2,1,1,3,1,3,2,2,3,2,1,2,2,3],"stim_time":[250,250,250,250,250,250,250,250,250,250,250,250,250,250,250,250,250,250,250,250],"key":[50,49,49,50,49,50,50,50,49,50,50,50,50,49,50,50,49,49,50,49],"correct":[false,true,false,false,true,false,false,true,false,true,false,false,true,true,false,true,false,false,true,false],"right_img":[2,1,1,2,1,1,1,1,1,1,1,2,1,2,1,1,2,2,1,1],"img_choice":[2,2,2,2,2,1,1,1,2,1,1,2,1,1,1,1,1,1,1,2],"center_sample":[2,3,1,1,3,2,3,1,1,3,1,2,3,2,2,2,3,2,1,1],"left_sample":[1,2,1,3,2,2,2,1,1,3,1,1,2,2,3,2,3,3,2,3],"right_sample":[1,3,1,2,2,3,1,1,1,2,3,3,1,2,3,2,1,2,3,3],"exact_match":[0,0,0,0,0,0,0,0,0,0,0,0,0,0,0,0,0,0,0,0],"RT":[[0,0,0,1430,0,0],[0,0,0,224,0,0],[0,0,0,254,0,0],[0,0,0,246,0,0],[0,0,0,74,0,0],[0,0,0,208,0,0],[0,0,0,36,0,0],[0,0,0,104,0,0],[0,0,0,142,0,0],[0,0,0,320,0,0],[0,0,0,91,0,0],[0,0,0,56,0,0],[0,0,0,189,0,0],[0,0,0,351,0,0],[0,0,0,3735,0,0],[0,0,0,257,0,0],[0,0,0,4205,0,0],[0,0,0,248,0,0],[0,0,0,193,0,0],[0,0,0,32,0,0]],"response":[[0,0,0,1,0,0],[0,0,0,1,0,0],[0,0,0,1,0,0],[0,0,0,1,0,0],[0,0,0,1,0,0],[0,0,0,1,0,0],[0,0,0,1,0,0],[0,0,0,1,0,0],[0,0,0,1,0,0],[0,0,0,1,0,0],[0,0,0,1,0,0],[0,0,0,1,0,0],[0,0,0,1,0,0],[0,0,0,1,0,0],[0,0,0,1,0,0],[0,0,0,1,0,0],[0,0,0,1,0,0],[0,0,0,1,0,0],[0,0,0,1,0,0],[0,0,0,1,0,0]],"framerate":[9.512485136741974,10.115606936416185,9.841029523088569,9.873060648801127,9.532062391681109,9.62962962962963,9.98003992015968,8.517887563884157,8.984105044920526,10.385756676557863,7.867132867132867,9.7799511002445,10.327022375215147,6.699147381242387,9.511993382961125,7.246376811594203,8.526413345690454,9.745127436281859,11.419249592169658,10.436432637571158]}
