{"practice":[1,1,1,1,1],"center_interval":[25,100,100,100,0],"image_pair":[2,4,1,3,3],"feature_space":[2,2,1,2,2],"left_img":[2,2,2,1,2],"img1Sample":[3,2,1,3,1],"img2Sample":[3,1,1,2,3],"stim_time":[2000,2000,2000,2000,2000],"key":[null,null,null,null,49],"correct":[null,null,null,null,false],"right_img":[1,1,1,2,1],"img_choice":[null,null,null,null,2],"center_sample":[2,2,2,2,2],"left_sample":[3,1,1,3,3],"right_sample":[3,2,1,2,1],"exact_match":[0,0,0,1,0],"RT":[[0,0,0,0,0,0],[0,0,0,0,0,0],[0,0,0,0,0,0],[0,0,0,0,0,0],[0,0,0,186,0,0]],"response":[[0,0,0,1,0,0],[0,0,0,1,0,0],[0,0,0,1,0,0],[0,0,0,1,0,0],[0,0,0,1,0,0]],"framerate":[4.1931977015064446,0.2264321835610235,0.12501562695336918,0.2101635072086083,6.903353057199211]}
