{"practice":[0,0,0,0,0,0,0,0,0,0,0,0,0,0,0,0,0,0,0,0],"center_interval":[0,25,50,25,100,75,75,100,25,50,75,0,25,100,50,100,100,50,100,25],"image_pair":[1,2,4,4,1,4,2,2,1,1,4,2,2,3,1,1,4,2,4,2],"feature_space":[1,1,2,1,1,2,1,2,1,2,1,1,2,1,1,1,2,2,2,1],"left_img":[1,2,1,1,1,1,2,1,2,1,2,2,1,1,2,2,1,1,2,2],"img1Sample":[1,1,3,3,2,2,2,3,1,2,2,1,2,3,2,3,3,1,1,1],"img2Sample":[1,1,1,2,2,2,3,3,3,2,1,1,1,3,1,3,1,1,2,2],"stim_time":[2000,2000,2000,2000,2000,2000,2000,2000,2000,2000,2000,2000,2000,2000,2000,2000,2000,2000,2000,2000],"key":[49,null,null,null,null,null,null,null,null,null,null,50,50,50,49,49,49,49,50,49],"correct":[true,null,null,null,null,null,null,null,null,null,null,true,false,true,false,true,false,true,false,false],"right_img":[2,1,2,2,2,2,1,2,1,2,1,1,2,2,1,1,2,2,1,1],"img_choice":[1,null,null,null,null,null,null,null,null,null,null,1,2,2,2,2,1,1,1,2],"center_sample":[1,3,3,3,3,3,3,3,1,3,2,3,3,1,2,2,3,1,1,3],"left_sample":[1,1,3,3,2,2,3,3,3,2,1,1,2,3,1,3,3,1,2,2],"right_sample":[1,1,1,2,2,2,2,3,1,2,2,1,1,3,2,3,1,1,1,1],"exact_match":[1,0,0,0,0,0,0,1,0,0,0,0,0,0,0,0,0,0,0,0],"RT":[[0,0,0,101,0,0],[0,0,0,0,0,0],[0,0,0,0,0,0],[0,0,0,0,0,0],[0,0,0,0,0,0],[0,0,0,0,0,0],[0,0,0,0,0,0],[0,0,0,0,0,0],[0,0,0,0,0,0],[0,0,0,0,0,0],[0,0,0,0,0,0],[0,0,0,734,0,0],[0,0,0,274,0,0],[0,0,0,806,0,0],[0,0,0,602,0,0],[0,0,0,249,0,0],[0,0,0,726,0,0],[0,0,0,1291,0,0],[0,0,0,1535,0,0],[0,0,0,1158,0,0]],"response":[[0,0,0,1,0,0],[0,0,0,1,0,0],[0,0,0,1,0,0],[0,0,0,1,0,0],[0,0,0,1,0,0],[0,0,0,1,0,0],[0,0,0,1,0,0],[0,0,0,1,0,0],[0,0,0,1,0,0],[0,0,0,1,0,0],[0,0,0,1,0,0],[0,0,0,1,0,0],[0,0,0,1,0,0],[0,0,0,1,0,0],[0,0,0,1,0,0],[0,0,0,1,0,0],[0,0,0,1,0,0],[0,0,0,1,0,0],[0,0,0,1,0,0],[0,0,0,1,0,0]],"framerate":[9.887487214456188,8.86749429946795,9.543198880264665,9.554140127388534,9.051504334523202,9.099064462386261,9.395632300660234,9.44962329204444,9.25104549486757,9.162472577106724,9.217171717171718,10.28349082823791,9.759271307742354,9.88511888859204,8.936292879792447,9.875756610385473,10.552624271035825,9.361497839654344,9.885057471264368,9.935419771485344]}
