{"practice":[0,0,0,0,0,0,0,0,0,0,0,0,0,0,0,0,0,0,0,0],"center_interval":[0,75,0,100,50,50,0,75,25,0,25,100,75,0,0,50,75,0,25,100],"image_pair":[1,1,4,3,2,3,3,4,1,1,1,4,4,3,2,2,4,1,1,1],"feature_space":[2,2,2,2,1,2,1,2,1,2,2,1,1,2,2,2,2,2,1,1],"left_img":[2,2,1,1,1,2,2,1,2,1,1,2,2,2,1,1,1,2,1,1],"img1Sample":[1,3,1,3,3,3,3,2,1,1,2,2,2,3,3,3,2,3,3,2],"img2Sample":[3,3,1,2,1,1,3,2,1,3,3,1,2,3,3,2,2,1,3,1],"stim_time":[2000,2000,2000,2000,2000,2000,2000,2000,2000,2000,2000,2000,2000,2000,2000,2000,2000,2000,2000,2000],"key":[49,50,null,null,null,null,null,null,null,null,null,null,null,null,null,null,null,null,null,null],"correct":[false,false,null,null,null,null,null,null,null,null,null,null,null,null,null,null,null,null,null,null],"right_img":[1,1,2,2,2,1,1,2,1,2,2,1,1,1,2,2,2,1,2,2],"img_choice":[2,1,null,null,null,null,null,null,null,null,null,null,null,null,null,null,null,null,null,null],"center_sample":[3,2,2,2,2,3,2,2,1,2,1,3,2,1,1,2,2,3,3,3],"left_sample":[3,3,1,3,3,1,3,2,1,1,2,1,2,3,3,3,2,1,3,2],"right_sample":[1,3,1,2,1,3,3,2,1,3,3,2,2,3,3,2,2,3,3,1],"exact_match":[0,0,0,1,0,0,0,0,0,0,0,0,0,0,0,0,0,1,0,0],"RT":[[0,0,0,453,0,0],[0,0,0,233,0,0],[0,0,0,0,0,0],[0,0,0,0,0,0],[0,0,0,0,0,0],[0,0,0,0,0,0],[0,0,0,0,0,0],[0,0,0,0,0,0],[0,0,0,0,0,0],[0,0,0,0,0,0],[0,0,0,0,0,0],[0,0,0,0,0,0],[0,0,0,0,0,0],[0,0,0,0,0,0],[0,0,0,0,0,0],[0,0,0,0,0,0],[0,0,0,0,0,0],[0,0,0,0,0,0],[0,0,0,0,0,0],[0,0,0,0,0,0]],"response":[[0,0,0,1,0,0],[0,0,0,1,0,0],[0,0,0,1,0,0],[0,0,0,1,0,0],[0,0,0,1,0,0],[0,0,0,1,0,0],[0,0,0,1,0,0],[0,0,0,1,0,0],[0,0,0,1,0,0],[0,0,0,1,0,0],[0,0,0,1,0,0],[0,0,0,1,0,0],[0,0,0,1,0,0],[0,0,0,1,0,0],[0,0,0,1,0,0],[0,0,0,1,0,0],[0,0,0,1,0,0],[0,0,0,1,0,0],[0,0,0,1,0,0],[0,0,0,1,0,0]],"framerate":[10.32493167324628,10.803940260565618,9.337539432176657,9.279267827634422,9.391483339765855,9.862182323934757,9.709978280311741,9.537131230925738,9.448416751787539,9.605662285136502,9.483531974881455,9.442388669133598,9.046890927624872,9.22722029988466,9.5565749235474,9.41116622154394,9.659379766141331,9.182617692705639,9.023894255210982,9.348187988218722]}
