{"practice":[0,0,0,0,0,0,0,0,0,0,0,0,0,0,0,0,0,0,0,0],"center_interval":[50,50,75,0,75,75,25,0,100,25,25,75,25,50,0,0,0,100,0,50],"image_pair":[3,4,3,2,1,3,2,4,2,2,3,3,4,4,3,2,4,3,1,1],"feature_space":[1,2,1,2,1,1,2,1,1,1,1,2,1,1,1,2,1,2,2,1],"left_img":[1,2,2,2,2,2,2,1,1,1,1,1,1,1,2,2,1,2,2,1],"img1Sample":[3,1,2,3,2,3,1,1,3,3,2,1,3,2,1,3,2,1,3,3],"img2Sample":[3,1,2,1,2,2,3,1,3,3,1,3,3,1,1,1,1,1,2,3],"stim_time":[250,250,250,250,250,250,250,250,250,250,250,250,250,250,250,250,250,250,250,250],"key":[null,null,null,null,50,49,49,49,50,49,49,50,49,50,50,50,49,49,49,49],"correct":[null,null,null,null,false,true,false,true,true,true,true,true,true,false,true,true,true,true,false,true],"right_img":[2,1,1,1,1,1,1,2,2,2,2,2,2,2,1,1,2,1,1,2],"img_choice":[null,null,null,null,1,2,2,1,2,1,1,2,1,2,1,1,1,2,2,1],"center_sample":[1,1,2,1,2,2,3,3,1,3,3,3,1,2,3,3,1,1,1,2],"left_sample":[3,1,2,1,2,2,3,1,3,3,2,1,3,2,1,1,2,1,2,3],"right_sample":[3,1,2,3,2,3,1,1,3,3,1,3,3,1,1,3,1,1,3,3],"exact_match":[0,0,0,0,0,0,0,0,0,0,0,0,0,0,0,1,0,1,0,0],"RT":[[0,0,0,0,0,0],[0,0,0,0,0,0],[0,0,0,0,0,0],[0,0,0,0,0,0],[0,0,0,4813,0,0],[0,0,0,169,0,0],[0,0,0,68,0,0],[0,0,0,215,0,0],[0,0,0,50,0,0],[0,0,0,233,0,0],[0,0,0,29,0,0],[0,0,0,84,0,0],[0,0,0,287,0,0],[0,0,0,122,0,0],[0,0,0,186,0,0],[0,0,0,230,0,0],[0,0,0,284,0,0],[0,0,0,107,0,0],[0,0,0,97,0,0],[0,0,0,185,0,0]],"response":[[0,0,0,1,0,0],[0,0,0,1,0,0],[0,0,0,1,0,0],[0,0,0,1,0,0],[0,0,0,1,0,0],[0,0,0,1,0,0],[0,0,0,1,0,0],[0,0,0,1,0,0],[0,0,0,1,0,0],[0,0,0,1,0,0],[0,0,0,1,0,0],[0,0,0,1,0,0],[0,0,0,1,0,0],[0,0,0,1,0,0],[0,0,0,1,0,0],[0,0,0,1,0,0],[0,0,0,1,0,0],[0,0,0,1,0,0],[0,0,0,1,0,0],[0,0,0,1,0,0]],"framerate":[8.65871589609541,8.786472148541113,9.101251422070535,9.965691880411699,9.617006917496203,11.608623548922058,11.139674378748929,12.096774193548386,10.938924339106654,11.389521640091116,11.363636363636363,9.499136442141625,10.768126346015794,10.824313072439633,11.31770412287793,9.572901325478645,9.880028228652083,10.638297872340425,9.870918754745635,10.622154779969652]}
