{"practice":[1,1,1,1,1],"center_interval":[75,75,100,50,50],"image_pair":[1,2,4,3,3],"feature_space":[1,1,2,2,1],"left_img":[2,2,1,2,1],"img1Sample":[2,2,1,2,1],"img2Sample":[3,2,3,1,2],"key":[49,50,50,49,50],"correct":[true,false,true,false,false],"right_img":[1,1,2,1,2],"img_choice":[2,1,2,2,2],"center_sample":[2,3,1,3,3],"left_sample":[3,2,1,1,1],"right_sample":[2,2,3,2,2],"RT":[[0,0,0,4013.800000011921,0,0],[0,0,0,45.5,0,0],[0,0,0,84.5,0,0],[0,0,0,73.29999995231628,0,0],[0,0,0,90.5,0,0]],"response":[[0,0,0,1,0,0],[0,0,0,1,0,0],[0,0,0,1,0,0],[0,0,0,1,0,0],[0,0,0,1,0,0]],"framerate":[59.86442468548101,59.642844612598324,59.99999999999999,60.00901869694777,59.99586235333396]}
