{"practice":[0,0,0,0,0,0,0,0,0,0,0,0,0,0,0,0,0,0,0,0],"center_interval":[50,100,100,75,75,100,0,100,25,75,75,75,50,25,0,50,50,75,25,25],"image_pair":[3,2,4,1,1,1,4,2,2,3,2,1,4,3,4,1,4,3,3,2],"feature_space":[1,1,2,1,2,2,2,2,1,2,2,1,2,2,2,1,1,2,1,1],"left_img":[1,2,2,1,1,2,1,1,2,1,2,1,1,2,1,1,2,1,1,1],"img1Sample":[3,1,2,1,2,2,3,3,3,3,2,1,1,1,2,2,3,2,1,3],"img2Sample":[2,1,1,2,1,2,1,1,1,1,2,1,3,2,3,3,1,1,1,1],"key":[50,49,50,50,50,49,50,50,49,49,49,49,49,49,49,49,49,49,49,49],"correct":[false,true,false,true,true,true,false,true,false,false,true,false,true,false,true,true,false,false,true,true],"right_img":[2,1,1,2,2,1,2,2,1,2,1,2,2,1,2,2,1,2,2,2],"img_choice":[2,2,1,2,2,2,2,2,2,1,2,1,1,2,1,1,2,1,1,1],"center_sample":[3,2,2,3,3,3,2,2,3,2,1,3,3,3,3,1,2,1,1,3],"left_sample":[3,1,1,1,2,2,3,3,1,3,2,1,1,2,2,2,1,2,1,3],"right_sample":[2,1,2,2,1,2,1,1,3,1,2,1,3,1,3,3,3,1,1,1],"RT":[[0,0,0,55.200000047683716,0,0],[0,0,0,99.89999997615814,0,0],[0,0,0,123.59999996423721,0,0],[0,0,0,24.30000001192093,0,0],[0,0,0,29.5,0,0],[0,0,0,15.699999988079071,0,0],[0,0,0,95.19999998807907,0,0],[0,0,0,43.5,0,0],[0,0,0,58.09999996423721,0,0],[0,0,0,1258.699999988079,0,0],[0,0,0,382.5,0,0],[0,0,0,1340.699999988079,0,0],[0,0,0,414,0,0],[0,0,0,502,0,0],[0,0,0,2282.899999976158,0,0],[0,0,0,1120.800000011921,0,0],[0,0,0,1437.4000000357628,0,0],[0,0,0,937.9000000357628,0,0],[0,0,0,662.6999999880791,0,0],[0,0,0,713.1000000238419,0,0]],"response":[[0,0,0,1,0,0],[0,0,0,1,0,0],[0,0,0,1,0,0],[0,0,0,1,0,0],[0,0,0,1,0,0],[0,0,0,1,0,0],[0,0,0,1,0,0],[0,0,0,1,0,0],[0,0,0,1,0,0],[0,0,0,1,0,0],[0,0,0,1,0,0],[0,0,0,1,0,0],[0,0,0,1,0,0],[0,0,0,1,0,0],[0,0,0,1,0,0],[0,0,0,1,0,0],[0,0,0,1,0,0],[0,0,0,1,0,0],[0,0,0,1,0,0],[0,0,0,1,0,0]],"framerate":[59.98674711500729,60.00342876735813,59.99250093640772,60.002823662542454,60.004941584181964,60.01420454545455,59.997931105330686,59.99578976938994,60.00767540009233,60.00983767830791,59.9836693677266,57.119444712397794,59.97886754903506,60.019302689880874,60.003934684241585,60.000508478703566,59.97883100082324,60.036822584709476,59.99596181067537,60.00625657631166]}
