{"practice":[0,0,0,0,0,0,0,0,0,0,0,0,0,0,0,0,0,0,0,0],"center_interval":[0,100,50,75,75,25,50,75,100,0,50,25,75,25,25,100,50,75,100,100],"image_pair":[2,1,3,2,1,1,4,1,4,3,3,1,3,1,4,4,4,2,3,3],"feature_space":[1,2,1,2,1,2,2,2,1,1,1,2,1,2,2,1,2,1,1,1],"left_img":[1,2,1,1,2,1,2,1,1,1,1,1,1,1,2,2,2,2,1,1],"img1Sample":[3,1,2,1,3,2,2,1,2,3,1,2,2,1,3,3,3,1,2,1],"img2Sample":[2,2,2,1,1,3,1,1,3,2,1,1,3,1,3,1,1,3,2,3],"key":[49,49,49,49,49,49,49,49,49,49,49,49,49,49,49,49,49,49,49,49],"correct":[true,true,true,false,true,true,false,false,false,true,true,true,false,true,false,true,false,true,false,false],"right_img":[2,1,2,2,1,2,1,2,2,2,2,2,2,2,1,1,1,1,2,2],"img_choice":[1,2,1,1,2,1,2,1,1,1,1,1,1,1,2,2,2,2,1,1],"center_sample":[1,3,3,2,2,1,1,2,2,1,3,3,3,1,3,2,1,2,3,1],"left_sample":[3,2,2,1,1,2,1,1,2,3,1,2,2,1,3,1,1,3,2,1],"right_sample":[2,1,2,1,3,3,2,1,3,2,1,1,3,1,3,3,3,1,2,3],"RT":[[0,0,0,1223.699999988079,0,0],[0,0,0,2004.7000000476837,0,0],[0,0,0,928.3000000119209,0,0],[0,0,0,1259.699999988079,0,0],[0,0,0,881.6000000238419,0,0],[0,0,0,1086,0,0],[0,0,0,730.3999999761581,0,0],[0,0,0,455.5999999642372,0,0],[0,0,0,1265.800000011921,0,0],[0,0,0,3663.7000000476837,0,0],[0,0,0,1580.2999999523163,0,0],[0,0,0,756.6999999880791,0,0],[0,0,0,799.6000000238419,0,0],[0,0,0,647.5999999642372,0,0],[0,0,0,1022.8999999761581,0,0],[0,0,0,1254.6000000238419,0,0],[0,0,0,2298.300000011921,0,0],[0,0,0,904.3000000119209,0,0],[0,0,0,706.2000000476837,0,0],[0,0,0,677.3000000119209,0,0]],"response":[[0,0,0,1,0,0],[0,0,0,1,0,0],[0,0,0,1,0,0],[0,0,0,1,0,0],[0,0,0,1,0,0],[0,0,0,1,0,0],[0,0,0,1,0,0],[0,0,0,1,0,0],[0,0,0,1,0,0],[0,0,0,1,0,0],[0,0,0,1,0,0],[0,0,0,1,0,0],[0,0,0,1,0,0],[0,0,0,1,0,0],[0,0,0,1,0,0],[0,0,0,1,0,0],[0,0,0,1,0,0],[0,0,0,1,0,0],[0,0,0,1,0,0],[0,0,0,1,0,0]],"framerate":[59.99305865419327,60.019521921070485,60.002142933867795,59.986232667560685,59.98425752498031,60.0384862091084,60.00056604287345,59.99387817569635,60.00688603627842,60.005258193060115,60.00319408605083,59.98766608774744,60.01667129758266,54.77625782461194,60.005217845029996,59.99360723910048,60.00705965365611,60.01237923556361,59.98919625829041,60.00401940758789]}
