{"practice":[0,0,0,0,0,0,0,0,0,0,0,0,0,0,0,0,0,0,0,0],"center_interval":[25,100,100,0,0,50,0,0,100,75,100,25,50,50,0,0,0,25,0,0],"image_pair":[2,1,2,4,1,3,1,3,2,2,4,3,2,3,2,4,1,3,3,4],"feature_space":[2,2,1,2,2,1,1,2,2,1,1,2,2,2,1,2,2,2,2,2],"left_img":[1,2,1,1,1,2,1,1,1,1,2,2,1,2,2,1,1,1,1,2],"img1Sample":[2,1,3,3,3,2,1,3,2,2,2,1,1,2,1,1,2,1,3,3],"img2Sample":[1,1,3,1,2,1,2,3,3,1,2,2,1,3,2,1,2,3,1,1],"key":[49,49,50,50,49,50,49,50,50,49,49,50,49,49,50,50,49,49,49,49],"correct":[true,true,true,false,true,true,true,false,true,false,true,true,true,false,true,false,true,true,true,false],"right_img":[2,1,2,2,2,1,2,2,2,2,1,1,2,1,1,2,2,2,2,1],"img_choice":[1,2,2,2,1,1,1,2,2,1,2,1,1,2,1,2,1,1,1,2],"center_sample":[3,3,1,2,2,1,2,1,1,3,1,2,3,3,2,3,3,1,1,2],"left_sample":[2,1,3,3,3,1,1,3,2,2,2,2,1,3,2,1,2,1,3,1],"right_sample":[1,1,3,1,2,2,2,3,3,1,2,1,1,2,1,1,2,3,1,3],"RT":[[0,1173.300000000745,0,0],[0,809,0,0],[0,150.39999999850988,0,0],[0,829.6000000014901,0,0],[0,213.80000000074506,0,0],[0,258.29999999701977,0,0],[0,401.5,0,0],[0,136.89999999850988,0,0],[0,664.0999999977648,0,0],[0,105.10000000149012,0,0],[0,615.1000000014901,0,0],[0,207.5,0,0],[0,301.29999999701977,0,0],[0,1206,0,0],[0,28.199999999254942,0,0],[0,438.4000000022352,0,0],[0,169.30000000074506,0,0],[0,821.0999999977648,0,0],[0,837.5999999977648,0,0],[0,587.6999999992549,0,0]],"response":[[0,1,0,0],[0,1,0,0],[0,1,0,0],[0,1,0,0],[0,1,0,0],[0,1,0,0],[0,1,0,0],[0,1,0,0],[0,1,0,0],[0,1,0,0],[0,1,0,0],[0,1,0,0],[0,1,0,0],[0,1,0,0],[0,1,0,0],[0,1,0,0],[0,1,0,0],[0,1,0,0],[0,1,0,0],[0,1,0,0]],"framerate":[22.64943100210854,23.454157782515992,28.140189306701245,24.849865396575215,35.48268689584432,27.362900467519278,27.35008103729779,30.352851903262355,24.342363564978406,28.993510976234166,24.674223147463064,34.23401393819662,30.7658499065533,22.56218357914198,34.90955252304984,29.509757258448357,35.705177250735275,24.461839530319942,23.40147291620049,28.255630349941168]}
