{"practice":[0,0,0,0,0,0,0,0,0,0,0,0,0,0,0,0,0,0,0,0],"center_interval":[0,75,25,0,100,0,50,100,0,25,75,0,25,50,100,0,25,100,100,25],"image_pair":[2,1,4,4,4,4,1,3,2,3,1,3,2,2,3,4,4,1,4,4],"feature_space":[2,2,2,2,1,1,1,1,1,2,2,2,2,1,1,2,1,1,1,1],"left_img":[2,2,1,2,1,2,1,1,2,1,1,2,1,2,2,1,1,2,2,2],"img1Sample":[1,3,1,3,2,3,3,2,1,1,1,3,2,3,1,1,1,2,1,3],"img2Sample":[3,1,1,2,3,2,2,1,2,3,1,1,3,3,2,1,2,1,2,2],"key":[null,49,50,49,50,50,50,50,50,50,49,50,49,49,50,49,49,50,49,49],"correct":[null,true,false,false,true,true,false,true,true,false,false,true,true,false,false,true,true,false,true,false],"right_img":[1,1,2,1,2,1,2,2,1,2,2,1,2,1,1,2,2,1,1,1],"img_choice":[null,2,2,2,2,1,2,2,1,2,1,1,1,2,1,1,1,1,2,2],"center_sample":[2,2,1,2,2,1,1,3,2,2,1,1,3,3,3,2,2,3,3,1],"left_sample":[3,1,1,2,2,2,3,2,2,1,1,1,2,3,2,1,1,1,2,2],"right_sample":[1,3,1,3,3,3,2,1,1,3,1,3,3,3,1,1,2,2,1,3],"RT":[[0,0,0,0],[0,4561,0,0],[0,25.399999998509884,0,0],[0,137.80000000074506,0,0],[0,98.19999999925494,0,0],[0,4749.300000000745,0,0],[0,486.8999999985099,0,0],[0,1296.199999999255,0,0],[0,584.9000000022352,0,0],[0,677,0,0],[0,516.3999999985099,0,0],[0,246.5,0,0],[0,321.5999999977648,0,0],[0,812.5,0,0],[0,161.80000000074506,0,0],[0,1645.3999999985099,0,0],[0,277.5,0,0],[0,438.5999999977648,0,0],[0,1449.5,0,0],[0,2170.199999999255,0,0]],"response":[[0,1,0,0],[0,1,0,0],[0,1,0,0],[0,1,0,0],[0,1,0,0],[0,1,0,0],[0,1,0,0],[0,1,0,0],[0,1,0,0],[0,1,0,0],[0,1,0,0],[0,1,0,0],[0,1,0,0],[0,1,0,0],[0,1,0,0],[0,1,0,0],[0,1,0,0],[0,1,0,0],[0,1,0,0],[0,1,0,0]],"framerate":[15.677611302138754,17.219029930159003,38.065027755749405,33.916700583298685,35.491198182925736,15.468913075886563,28.461255967702172,21.589173819160564,26.945099360104603,21.893814997225007,29.144219729734424,28.053769725306836,31.16269073723367,25.13264451266673,28.792042926402768,19.545999733450703,33.142857142857146,28.677946659080487,20.7900207900133,18.290714772437102]}
