{"practice":[0,0,0,0,0,0,0,0,0,0,0,0,0,0,0,0,0,0,0,0],"center_interval":[50,100,25,100,0,100,0,0,50,0,75,75,75,25,50,25,0,50,50,100],"image_pair":[3,2,4,2,2,3,4,1,2,3,1,2,2,4,2,4,1,3,2,1],"feature_space":[2,1,1,2,1,2,2,2,1,1,2,1,1,2,1,2,1,1,1,1],"left_img":[2,1,2,1,2,1,2,1,1,2,1,2,1,1,1,2,2,2,2,1],"img1Sample":[1,1,1,2,2,1,1,1,2,2,2,3,2,3,3,1,2,1,2,1],"img2Sample":[3,3,2,2,3,1,3,2,1,2,1,1,3,3,3,2,3,1,1,2],"key":[49,49,49,50,50,50,49,50,49,50,50,49,49,50,49,50,50,50,50,50],"correct":[false,false,false,true,true,true,false,false,true,true,true,true,false,false,true,true,true,true,true,true],"right_img":[1,2,1,2,1,2,1,2,2,1,2,1,2,2,2,1,1,1,1,2],"img_choice":[2,1,2,2,1,2,2,2,1,1,2,2,1,2,1,1,1,1,1,2],"center_sample":[1,2,2,1,3,3,2,2,2,1,1,1,3,1,1,1,3,2,1,3],"left_sample":[3,1,2,2,3,1,3,1,2,2,2,1,2,3,3,2,3,1,1,1],"right_sample":[1,3,1,2,2,1,1,2,1,2,1,3,3,3,3,1,2,1,2,2],"RT":[[0,0,0,910.7000000476837,0,0],[0,0,0,559,0,0],[0,0,0,577.7999999523163,0,0],[0,0,0,1461.8999998569489,0,0],[0,0,0,811.7999999523163,0,0],[0,0,0,1164.4000000953674,0,0],[0,0,0,1042.9000000953674,0,0],[0,0,0,976.5999999046326,0,0],[0,0,0,767.2000000476837,0,0],[0,0,0,747.9000000953674,0,0],[0,0,0,760,0,0],[0,0,0,709.2000000476837,0,0],[0,0,0,914.2000000476837,0,0],[0,0,0,678,0,0],[0,0,0,565.7999999523163,0,0],[0,0,0,709.0999999046326,0,0],[0,0,0,625.2000000476837,0,0],[0,0,0,543.5999999046326,0,0],[0,0,0,632.2000000476837,0,0],[0,0,0,524,0,0]],"response":[[0,0,0,1,0,0],[0,0,0,1,0,0],[0,0,0,1,0,0],[0,0,0,1,0,0],[0,0,0,1,0,0],[0,0,0,1,0,0],[0,0,0,1,0,0],[0,0,0,1,0,0],[0,0,0,1,0,0],[0,0,0,1,0,0],[0,0,0,1,0,0],[0,0,0,1,0,0],[0,0,0,1,0,0],[0,0,0,1,0,0],[0,0,0,1,0,0],[0,0,0,1,0,0],[0,0,0,1,0,0],[0,0,0,1,0,0],[0,0,0,1,0,0],[0,0,0,1,0,0]],"framerate":[59.75988851737895,59.768064228367535,59.76331360946746,59.7609561752988,59.765916827342835,59.774964839687705,59.758885883548615,59.76622415204676,59.75984361910081,59.774372788432245,59.764309764309765,59.7592555720381,59.76900088922543,59.75981152429216,59.768618515593104,59.76265687940724,59.72323379461035,59.81040102703311,59.76211198143313,59.76334915095493]}
