{"practice":[0,0,0,0,0,0,0,0,0,0,0,0,0,0,0,0,0,0,0,0],"center_interval":[50,100,25,25,75,100,100,50,100,100,50,75,100,75,75,75,25,100,50,100],"image_pair":[2,4,1,3,1,1,4,4,4,3,1,1,4,4,3,4,1,1,3,3],"feature_space":[2,1,2,1,2,1,2,1,1,2,1,1,2,2,1,1,1,1,2,1],"left_img":[2,1,1,2,1,2,1,1,2,1,1,2,1,1,1,1,2,1,1,1],"img1Sample":[2,1,1,1,2,3,1,1,2,3,1,3,2,3,2,2,1,1,1,3],"img2Sample":[1,3,1,3,3,3,3,1,2,3,1,2,2,2,2,1,1,3,1,2],"key":[49,49,49,49,49,49,50,49,50,50,49,49,49,50,49,49,49,50,49,50],"correct":[false,false,true,false,false,true,true,true,false,true,true,true,false,true,false,false,false,true,true,true],"right_img":[1,2,2,1,2,1,2,2,1,2,2,1,2,2,2,2,1,2,2,2],"img_choice":[2,1,1,2,1,2,2,1,1,2,1,2,1,2,1,1,2,2,1,2],"center_sample":[2,2,3,3,1,1,1,1,3,2,1,1,3,2,1,2,1,2,3,3],"left_sample":[1,1,1,3,2,3,1,1,2,3,1,2,2,3,2,2,1,1,1,3],"right_sample":[2,3,1,1,3,3,3,1,2,3,1,3,2,2,2,1,1,3,1,2],"RT":[[0,0,0,108.29999995231628,0,0],[0,0,0,61,0,0],[0,0,0,121.09999990463257,0,0],[0,0,0,95,0,0],[0,0,0,31.300000190734863,0,0],[0,0,0,92.5,0,0],[0,0,0,60.09999990463257,0,0],[0,0,0,4.800000190734863,0,0],[0,0,0,27.90000009536743,0,0],[0,0,0,30.399999856948853,0,0],[0,0,0,21.40000009536743,0,0],[0,0,0,104.39999985694885,0,0],[0,0,0,79.59999990463257,0,0],[0,0,0,20.40000009536743,0,0],[0,0,0,76.90000009536743,0,0],[0,0,0,31,0,0],[0,0,0,21.700000047683716,0,0],[0,0,0,24.699999809265137,0,0],[0,0,0,50.5,0,0],[0,0,0,109.40000009536743,0,0]],"response":[[0,0,0,1,0,0],[0,0,0,1,0,0],[0,0,0,1,0,0],[0,0,0,1,0,0],[0,0,0,1,0,0],[0,0,0,1,0,0],[0,0,0,1,0,0],[0,0,0,1,0,0],[0,0,0,1,0,0],[0,0,0,1,0,0],[0,0,0,1,0,0],[0,0,0,1,0,0],[0,0,0,1,0,0],[0,0,0,1,0,0],[0,0,0,1,0,0],[0,0,0,1,0,0],[0,0,0,1,0,0],[0,0,0,1,0,0],[0,0,0,1,0,0],[0,0,0,1,0,0]],"framerate":[59.763008758371974,59.76513350941919,59.767759562841526,59.77122049790446,59.75395430579965,59.766461689248864,59.75886772671676,59.76733430371061,59.768660128274085,59.74765402693881,59.78068623983021,59.763008758371974,59.76439700043189,59.763773959562116,59.7720322510774,59.75815522658959,59.77222890590312,59.75743431683873,59.763044770855814,59.76095617725624]}
