{"practice":[0,0,0,0,0,0,0,0,0,0,0,0,0,0,0,0,0,0,0,0],"center_interval":[75,50,25,50,100,0,50,0,0,75,25,50,75,50,100,75,100,75,25,75],"image_pair":[1,1,2,1,1,2,4,1,4,1,3,3,3,1,4,1,4,4,4,2],"feature_space":[2,2,1,2,2,1,1,1,1,2,1,2,1,1,1,1,1,1,2,1],"left_img":[1,1,2,1,2,2,2,2,2,1,1,1,2,2,1,1,2,2,2,2],"img1Sample":[2,3,3,2,3,3,1,2,2,2,1,2,1,2,3,3,2,1,2,3],"img2Sample":[3,2,3,3,3,3,3,3,2,3,1,1,3,3,3,1,3,1,3,3],"key":[49,49,50,49,50,50,49,49,49,49,49,49,49,49,49,50,50,49,49,49],"correct":[false,true,true,true,false,true,false,false,false,false,true,true,true,false,false,true,false,true,false,true],"right_img":[2,2,1,2,1,1,1,1,1,2,2,2,1,1,2,2,1,1,1,1],"img_choice":[1,1,1,1,1,1,2,2,2,1,1,1,2,2,1,2,1,2,2,2],"center_sample":[1,2,2,3,2,1,2,1,3,3,1,2,2,2,2,3,1,3,2,3],"left_sample":[2,3,3,2,3,3,3,3,2,2,1,2,3,3,3,3,3,1,3,3],"right_sample":[3,2,3,3,3,3,1,2,2,3,1,1,1,2,3,1,2,1,2,3],"RT":[[0,0,0,585.6000001430511,0,0],[0,0,0,682.0999999046326,0,0],[0,0,0,936.7000000476837,0,0],[0,0,0,643.5,0,0],[0,0,0,1278.4000000953674,0,0],[0,0,0,1010.4000000953674,0,0],[0,0,0,682.5,0,0],[0,0,0,555.5999999046326,0,0],[0,0,0,542.4000000953674,0,0],[0,0,0,348,0,0],[0,0,0,329.09999990463257,0,0],[0,0,0,375.2000000476837,0,0],[0,0,0,396.89999985694885,0,0],[0,0,0,480.09999990463257,0,0],[0,0,0,430.90000009536743,0,0],[0,0,0,708,0,0],[0,0,0,630.4000000953674,0,0],[0,0,0,370.90000009536743,0,0],[0,0,0,581.2000000476837,0,0],[0,0,0,311.59999990463257,0,0]],"response":[[0,0,0,1,0,0],[0,0,0,1,0,0],[0,0,0,1,0,0],[0,0,0,1,0,0],[0,0,0,1,0,0],[0,0,0,1,0,0],[0,0,0,1,0,0],[0,0,0,1,0,0],[0,0,0,1,0,0],[0,0,0,1,0,0],[0,0,0,1,0,0],[0,0,0,1,0,0],[0,0,0,1,0,0],[0,0,0,1,0,0],[0,0,0,1,0,0],[0,0,0,1,0,0],[0,0,0,1,0,0],[0,0,0,1,0,0],[0,0,0,1,0,0],[0,0,0,1,0,0]],"framerate":[59.74805744980368,59.760386584750975,59.765208110992525,59.760378290649875,59.77315597154636,59.76252260902713,59.763804292542595,59.76273303090706,59.774649573672505,59.755287866926324,59.77172288902494,59.75970308684055,59.76467658771699,59.76397779414791,59.76402451910005,59.76435767626211,59.7638457728105,59.71838069075157,59.809669722666946,59.76287632574017]}
