{"practice":[0,0,0,0,0,0,0,0,0,0,0,0,0,0,0,0,0,0,0,0],"center_interval":[50,25,0,0,100,100,75,25,0,0,100,50,0,75,100,50,75,100,25,75],"image_pair":[2,4,2,4,4,2,2,3,4,1,2,2,2,1,3,1,2,2,2,3],"feature_space":[2,1,1,2,1,1,2,1,2,2,2,2,2,1,1,1,2,1,1,1],"left_img":[2,2,2,1,2,1,2,2,2,1,2,2,1,1,2,2,1,1,1,1],"img1Sample":[2,2,2,1,3,1,3,3,2,3,1,1,2,3,3,3,2,1,1,1],"img2Sample":[2,2,2,1,1,2,3,1,3,2,2,2,3,3,1,2,1,2,1,3],"key":[null,null,null,null,null,null,null,49,50,50,50,49,50,49,49,49,49,50,49,49],"correct":[null,null,null,null,null,null,null,false,true,false,false,false,false,false,true,false,false,true,true,false],"right_img":[1,1,1,2,1,2,1,1,1,2,1,1,2,2,1,1,2,2,2,2],"img_choice":[null,null,null,null,null,null,null,2,1,2,1,2,2,1,2,2,1,2,1,1],"center_sample":[2,1,1,2,2,1,2,3,1,2,1,1,3,2,3,2,3,1,3,3],"left_sample":[2,2,2,1,1,1,3,1,3,3,2,2,2,3,1,2,2,1,1,1],"right_sample":[2,2,2,1,3,2,3,3,2,2,1,1,3,3,3,3,1,2,1,3],"RT":[[0,0,0,0,0,0],[0,0,0,0,0,0],[0,0,0,0,0,0],[0,0,0,0,0,0],[0,0,0,0,0,0],[0,0,0,0,0,0],[0,0,0,0,0,0],[0,0,0,1545.6000001430511,0,0],[0,0,0,1498.7000000476837,0,0],[0,0,0,1957.5,0,0],[0,0,0,926.2000000476837,0,0],[0,0,0,794,0,0],[0,0,0,1332.4000000953674,0,0],[0,0,0,1111.1000001430511,0,0],[0,0,0,1159.6999998092651,0,0],[0,0,0,709,0,0],[0,0,0,636.3000001907349,0,0],[0,0,0,699.2000000476837,0,0],[0,0,0,406.7999999523163,0,0],[0,0,0,364.5,0,0]],"response":[[0,0,0,1,0,0],[0,0,0,1,0,0],[0,0,0,1,0,0],[0,0,0,1,0,0],[0,0,0,1,0,0],[0,0,0,1,0,0],[0,0,0,1,0,0],[0,0,0,1,0,0],[0,0,0,1,0,0],[0,0,0,1,0,0],[0,0,0,1,0,0],[0,0,0,1,0,0],[0,0,0,1,0,0],[0,0,0,1,0,0],[0,0,0,1,0,0],[0,0,0,1,0,0],[0,0,0,1,0,0],[0,0,0,1,0,0],[0,0,0,1,0,0],[0,0,0,1,0,0]],"framerate":[59.75917181685163,59.636549782441776,59.7622307823925,59.64189266873463,58.35754232948312,59.766819816111465,59.75917181685163,59.76461934731276,59.763272327186726,59.772236321742476,59.7406772403688,59.793642405414474,59.75420940722339,59.774695378228145,59.76246312054626,59.76605856992633,59.758644696318896,59.70658478658822,58.86243386243386,55.35379568730115]}
