{"practice":[1,1,1,1,1],"center_interval":[50,0,100,100,0],"image_pair":[2,2,4,3,2],"feature_space":[1,2,2,2,2],"left_img":[1,1,2,1,2],"img1Sample":[1,1,3,1,2],"img2Sample":[1,3,2,1,3],"key":[50,50,50,50,49],"correct":[false,false,false,true,false],"right_img":[2,2,1,2,1],"img_choice":[2,2,1,2,2],"center_sample":[3,3,1,2,1],"left_sample":[1,1,2,1,3],"right_sample":[1,3,3,1,2],"RT":[[0,0,0,222.70000000298023,0,0],[0,0,0,148.19999999925494,0,0],[0,0,0,109.40000000223517,0,0],[0,0,0,181.5,0,0],[0,0,0,116.90000000223517,0,0]],"response":[[0,0,0,1,0,0],[0,0,0,1,0,0],[0,0,0,1,0,0],[0,0,0,1,0,0],[0,0,0,1,0,0]],"framerate":[27.69991755976917,25.14782845101697,24.578411961506326,25.999133362208344,25.253387025244944]}
