{"practice":[0,0,0,0,0,0,0,0,0,0,0,0,0,0,0,0,0,0,0,0],"center_interval":[100,100,100,75,100,25,75,25,0,0,50,50,75,50,50,50,25,50,100,50],"image_pair":[3,2,2,4,3,1,3,4,4,1,1,2,3,4,4,2,4,4,2,4],"feature_space":[2,2,1,1,2,1,1,1,2,1,2,1,1,2,2,1,2,1,1,1],"left_img":[1,1,2,2,2,1,1,2,2,2,1,2,1,2,1,2,1,1,1,2],"img1Sample":[2,2,3,2,2,2,2,2,3,1,2,2,1,2,1,2,1,1,3,1],"img2Sample":[1,3,2,1,2,2,1,1,1,1,3,3,3,1,2,3,1,1,3,2],"key":[50,50,49,50,50,49,49,50,50,49,50,49,49,50,49,49,49,49,49,50],"correct":[true,true,true,false,false,true,false,true,true,false,false,false,false,true,true,false,true,true,false,true],"right_img":[2,2,1,1,1,2,2,1,1,1,2,1,2,1,2,1,2,2,2,1],"img_choice":[2,2,2,1,1,1,1,1,1,2,2,2,1,1,1,2,1,1,1,1],"center_sample":[2,2,3,1,1,3,1,1,2,3,2,2,3,3,3,1,3,3,1,2],"left_sample":[2,2,2,1,2,2,2,1,1,1,2,3,1,1,1,3,1,1,3,2],"right_sample":[1,3,3,2,2,2,1,2,3,1,3,2,3,2,2,2,1,1,3,1],"RT":[[0,0,0,1355.8999999761581,0,0],[0,0,0,1228.7999999523163,0,0],[0,0,0,1789,0,0],[0,0,0,1005.8999999761581,0,0],[0,0,0,1411.3999999761581,0,0],[0,0,0,923.3000000715256,0,0],[0,0,0,783.8000000715256,0,0],[0,0,0,1039.7999999523163,0,0],[0,0,0,863.8999999761581,0,0],[0,0,0,1560.1999999284744,0,0],[0,0,0,944.2000000476837,0,0],[0,0,0,1172.7999999523163,0,0],[0,0,0,757.3999999761581,0,0],[0,0,0,914.3000000715256,0,0],[0,0,0,939.6000000238419,0,0],[0,0,0,853.6000000238419,0,0],[0,0,0,822.8000000715256,0,0],[0,0,0,1019.5999999046326,0,0],[0,0,0,1273.6000000238419,0,0],[0,0,0,727.6000000238419,0,0]],"response":[[0,0,0,1,0,0],[0,0,0,1,0,0],[0,0,0,1,0,0],[0,0,0,1,0,0],[0,0,0,1,0,0],[0,0,0,1,0,0],[0,0,0,1,0,0],[0,0,0,1,0,0],[0,0,0,1,0,0],[0,0,0,1,0,0],[0,0,0,1,0,0],[0,0,0,1,0,0],[0,0,0,1,0,0],[0,0,0,1,0,0],[0,0,0,1,0,0],[0,0,0,1,0,0],[0,0,0,1,0,0],[0,0,0,1,0,0],[0,0,0,1,0,0],[0,0,0,1,0,0]],"framerate":[59.99808006212463,60.04068873085112,59.99999999999999,60.00733714278393,59.98530004437008,60.00696509454598,60.00166671336164,60.007793219898694,59.98636673483299,60.013285383131766,59.9952003847321,60.00200843471051,59.74084254261074,59.98332302152939,59.99200106652446,59.94744333852178,60.010460538205315,60.034976899211365,59.76437161786922,60.00905796979955]}
