{"practice":[1,1,1,1,1],"center_interval":[0,75,0,0,100],"image_pair":[3,3,3,1,1],"feature_space":[1,2,1,1,1],"left_img":[1,2,2,1,2],"img1Sample":[1,1,1,1,2],"img2Sample":[2,3,2,2,3],"key":[50,49,50,50,49],"correct":[false,true,true,false,true],"right_img":[2,1,1,2,1],"img_choice":[2,2,1,2,2],"center_sample":[3,1,2,3,1],"left_sample":[1,3,2,1,3],"right_sample":[2,1,1,2,2],"RT":[[0,0,0,1560.6000000238419,0,0],[0,0,0,603.6999999284744,0,0],[0,0,0,740.2999999523163,0,0],[0,0,0,721,0,0],[0,0,0,747.6000000238419,0,0]],"response":[[0,0,0,1,0,0],[0,0,0,1,0,0],[0,0,0,1,0,0],[0,0,0,1,0,0],[0,0,0,1,0,0]],"framerate":[59.96521102359449,60.029282576866756,60.00338047093026,59.99377423219036,59.711581794001695]}
