{"practice":[0,0,0,0,0,0,0,0,0,0,0,0,0,0,0,0,0,0,0,0],"center_interval":[25,25,50,100,0,75,0,50,0,25,25,25,25,25,25,50,25,100,0,75],"image_pair":[4,2,4,3,2,1,4,4,4,3,2,3,3,2,4,1,3,2,3,1],"feature_space":[1,2,1,2,2,2,1,1,1,2,1,1,1,2,2,1,2,1,1,2],"left_img":[2,1,2,1,1,1,1,2,1,1,1,1,2,1,2,1,2,2,2,1],"img1Sample":[1,3,1,3,2,2,2,1,3,3,1,3,1,2,2,3,2,1,1,3],"img2Sample":[1,3,2,2,1,1,2,2,1,1,3,1,2,2,1,3,1,2,1,1],"key":[50,50,50,49,50,49,49,50,49,50,49,50,50,50,49,49,49,50,50,49],"correct":[true,false,true,false,false,false,true,true,true,false,true,false,true,false,false,true,false,false,true,false],"right_img":[1,2,1,2,2,2,2,1,2,2,2,2,1,2,1,2,1,1,1,2],"img_choice":[1,2,1,1,2,1,1,1,1,2,1,2,1,2,2,1,2,1,1,1],"center_sample":[1,1,2,3,1,1,1,1,1,2,1,1,3,2,2,3,3,3,2,1],"left_sample":[1,3,2,3,2,2,2,2,3,3,1,3,2,2,1,3,1,2,1,3],"right_sample":[1,3,1,2,1,1,2,1,1,1,3,1,1,2,2,3,2,1,1,1],"RT":[[0,0,0,697.6000000238419,0,0],[0,0,0,846.7999999523163,0,0],[0,0,0,714.2000000476837,0,0],[0,0,0,923.3000000715256,0,0],[0,0,0,896.8000000715256,0,0],[0,0,0,1394.8000000715256,0,0],[0,0,0,939.8999999761581,0,0],[0,0,0,763.3000000715256,0,0],[0,0,0,741.1000000238419,0,0],[0,0,0,1662.5,0,0],[0,0,0,929.7999999523163,0,0],[0,0,0,1092.7999999523163,0,0],[0,0,0,1378.2999999523163,0,0],[0,0,0,1706.2000000476837,0,0],[0,0,0,1241.5,0,0],[0,0,0,1389.7000000476837,0,0],[0,0,0,1190.6000000238419,0,0],[0,0,0,1122.8000000715256,0,0],[0,0,0,1198.5,0,0],[0,0,0,1271.5,0,0]],"response":[[0,0,0,1,0,0],[0,0,0,1,0,0],[0,0,0,1,0,0],[0,0,0,1,0,0],[0,0,0,1,0,0],[0,0,0,1,0,0],[0,0,0,1,0,0],[0,0,0,1,0,0],[0,0,0,1,0,0],[0,0,0,1,0,0],[0,0,0,1,0,0],[0,0,0,1,0,0],[0,0,0,1,0,0],[0,0,0,1,0,0],[0,0,0,1,0,0],[0,0,0,1,0,0],[0,0,0,1,0,0],[0,0,0,1,0,0],[0,0,0,1,0,0],[0,0,0,1,0,0]],"framerate":[59.95888533413713,60.03783205973469,59.9840800541761,60.0150037513211,59.967585089141,60.02572531016573,60.00320017143879,59.97757847533632,60.00507085025178,60.0089565606807,60.00696509454598,59.99538497112037,59.523809523131014,59.995572282488375,60.02519576189072,59.978579078900395,60.0075009376172,59.97915978273819,60.02400960419945,59.99314363967603]}
