{"practice":[0,0,0,0,0,0,0,0,0,0,0,0,0,0,0,0,0,0,0,0],"center_interval":[50,0,25,50,50,25,100,25,50,50,75,0,0,0,25,75,25,100,75,50],"image_pair":[2,3,3,1,3,4,2,3,2,1,1,2,2,1,4,1,4,3,4,4],"feature_space":[2,2,2,2,2,2,1,1,2,2,2,1,1,1,2,2,1,1,2,2],"left_img":[2,1,1,1,2,2,1,1,1,1,1,2,2,2,1,1,2,1,1,1],"img1Sample":[1,1,1,1,1,2,3,3,1,1,2,1,3,3,3,3,3,1,1,1],"img2Sample":[1,2,3,3,3,2,2,3,1,2,2,1,2,3,2,2,2,2,2,1],"key":[49,49,49,49,49,49,49,50,50,49,49,50,50,50,49,49,50,49,49,49],"correct":[false,true,true,true,false,false,false,false,false,true,false,true,true,true,true,false,true,false,false,true],"right_img":[1,2,2,2,1,1,2,2,2,2,2,1,1,1,2,2,1,2,2,2],"img_choice":[2,1,1,1,2,2,1,2,2,1,1,1,1,1,1,1,1,1,1,1],"center_sample":[3,2,2,3,3,2,1,2,2,3,1,3,1,1,3,2,1,3,3,2],"left_sample":[1,1,1,1,3,2,3,3,1,1,2,1,2,3,3,3,2,1,1,1],"right_sample":[1,2,3,3,1,2,2,3,1,2,2,1,3,3,2,2,3,2,2,1],"RT":[[0,0,0,985.1000000238419,0,0],[0,0,0,3384.3000000715256,0,0],[0,0,0,1320.6000000238419,0,0],[0,0,0,1394.5,0,0],[0,0,0,905.1999999284744,0,0],[0,0,0,1633.5999999046326,0,0],[0,0,0,936.1000000238419,0,0],[0,0,0,981.5,0,0],[0,0,0,887.8000000715256,0,0],[0,0,0,673.2000000476837,0,0],[0,0,0,604.4000000953674,0,0],[0,0,0,1028.8999999761581,0,0],[0,0,0,1072.3999999761581,0,0],[0,0,0,1300.2999999523163,0,0],[0,0,0,681,0,0],[0,0,0,1121.3000000715256,0,0],[0,0,0,890.3000000715256,0,0],[0,0,0,679.1000000238419,0,0],[0,0,0,921.3999999761581,0,0],[0,0,0,744.9000000953674,0,0]],"response":[[0,0,0,1,0,0],[0,0,0,1,0,0],[0,0,0,1,0,0],[0,0,0,1,0,0],[0,0,0,1,0,0],[0,0,0,1,0,0],[0,0,0,1,0,0],[0,0,0,1,0,0],[0,0,0,1,0,0],[0,0,0,1,0,0],[0,0,0,1,0,0],[0,0,0,1,0,0],[0,0,0,1,0,0],[0,0,0,1,0,0],[0,0,0,1,0,0],[0,0,0,1,0,0],[0,0,0,1,0,0],[0,0,0,1,0,0],[0,0,0,1,0,0],[0,0,0,1,0,0]],"framerate":[58.39530742714583,57.647590749883214,57.02873093092048,59.04621318506517,59.53182663115554,57.98404315091583,58.071076856092496,59.945072357361994,60.07468744964883,59.936908517350155,60.05214283537994,59.99582637692237,60.00206015767709,60.00534460454974,59.93862743452037,60.057003256964606,60.00486526050542,59.98851894374282,60.01500374940427,60.00845189463304]}
