{"practice":[0,0,0,0,0,0,0,0,0,0,0,0,0,0,0,0,0,0,0,0],"center_interval":[100,25,0,0,25,50,25,0,25,75,75,50,0,50,75,75,50,0,50,100],"image_pair":[3,1,3,4,1,4,1,2,1,3,4,4,2,4,3,1,1,2,1,4],"feature_space":[1,1,2,1,1,2,1,1,2,1,1,2,1,1,2,1,2,1,2,1],"left_img":[2,1,1,2,1,2,1,2,2,1,2,2,2,2,2,2,1,1,2,1],"img1Sample":[2,2,1,3,1,1,3,2,2,3,3,3,1,1,2,2,1,1,3,2],"img2Sample":[1,2,2,1,2,2,2,1,1,1,1,3,2,2,2,2,3,2,2,3],"key":[50,49,49,50,50,50,49,50,49,49,49,50,49,50,50,50,49,49,50,50],"correct":[false,true,true,true,false,true,true,true,false,false,true,true,false,true,false,false,true,true,true,true],"right_img":[1,2,2,1,2,1,2,1,1,2,1,1,1,1,1,1,2,2,1,2],"img_choice":[1,1,1,1,2,1,1,1,2,1,2,1,2,1,1,1,1,1,1,2],"center_sample":[2,3,3,1,3,3,1,1,3,1,2,1,3,2,3,1,3,2,3,2],"left_sample":[1,2,1,1,1,2,3,1,1,3,1,3,2,2,2,2,1,1,2,2],"right_sample":[2,2,2,3,2,1,2,2,2,1,3,3,1,1,2,2,3,2,3,3],"RT":[[0,0,0,1371.3000000715256,0,0],[0,0,0,1082.1000000238419,0,0],[0,0,0,989.0999999046326,0,0],[0,0,0,823.1000000238419,0,0],[0,0,0,1494.1999999284744,0,0],[0,0,0,882.3000000715256,0,0],[0,0,0,837,0,0],[0,0,0,1181.7999999523163,0,0],[0,0,0,1089.7000000476837,0,0],[0,0,0,966.8999999761581,0,0],[0,0,0,845.6000000238419,0,0],[0,0,0,697.8999999761581,0,0],[0,0,0,1028.7000000476837,0,0],[0,0,0,704.8999999761581,0,0],[0,0,0,1456.7999999523163,0,0],[0,0,0,1528.3999999761581,0,0],[0,0,0,678.5,0,0],[0,0,0,1257.2999999523163,0,0],[0,0,0,1146.8999999761581,0,0],[0,0,0,724.5,0,0]],"response":[[0,0,0,1,0,0],[0,0,0,1,0,0],[0,0,0,1,0,0],[0,0,0,1,0,0],[0,0,0,1,0,0],[0,0,0,1,0,0],[0,0,0,1,0,0],[0,0,0,1,0,0],[0,0,0,1,0,0],[0,0,0,1,0,0],[0,0,0,1,0,0],[0,0,0,1,0,0],[0,0,0,1,0,0],[0,0,0,1,0,0],[0,0,0,1,0,0],[0,0,0,1,0,0],[0,0,0,1,0,0],[0,0,0,1,0,0],[0,0,0,1,0,0],[0,0,0,1,0,0]],"framerate":[59.87163521375911,60.01846722141733,59.99526353257921,59.985691485647365,60.00697755552971,60.00217202354986,59.95400788514532,60.01255492780917,60.02924501643591,60.00528680941052,60.00164388104621,60.00342876817567,59.74744312140642,59.99772520554507,60.00093751431338,60.00184620999236,60.005742176284805,59.99213218044133,60.00607656435319,59.99377423016648]}
