{"practice":[0,0,0,0,0,0,0,0,0,0,0,0,0,0,0,0,0,0,0,0],"center_interval":[25,25,75,25,50,0,25,0,25,0,25,0,0,75,100,50,0,0,75,25],"image_pair":[3,2,1,3,1,2,4,3,2,1,3,4,1,2,3,3,3,3,3,2],"feature_space":[2,2,1,2,2,2,2,1,1,1,2,2,1,2,1,1,1,2,1,1],"left_img":[2,1,1,1,2,2,1,2,1,2,1,2,2,1,1,1,2,1,2,1],"img1Sample":[2,1,3,3,3,3,1,1,2,3,2,1,3,1,3,3,3,2,1,1],"img2Sample":[2,3,3,2,2,1,2,2,2,2,1,2,1,1,1,2,1,1,2,2],"key":[49,49,50,50,49,50,50,49,50,50,50,50,49,49,49,50,49,50,50,49],"correct":[false,true,true,false,false,true,false,false,false,true,false,true,false,false,false,false,false,false,false,true],"right_img":[1,2,2,2,1,1,2,1,2,1,2,1,1,2,2,2,1,2,1,2],"img_choice":[2,1,2,2,2,1,2,2,2,1,2,1,2,1,1,2,2,2,1,1],"center_sample":[2,1,3,2,3,1,2,3,2,2,3,2,2,1,3,1,2,1,1,1],"left_sample":[2,1,3,3,2,1,1,2,2,2,2,2,1,1,3,3,1,2,2,1],"right_sample":[2,3,3,2,3,3,2,1,2,3,1,1,3,1,1,2,3,1,1,2],"RT":[[0,0,0,2177.5,0,0],[0,0,0,2350.100000023842,0,0],[0,0,0,2136.5,0,0],[0,0,0,2201.7000000476837,0,0],[0,0,0,1658.8999999761581,0,0],[0,0,0,1945.6000000238419,0,0],[0,0,0,3405.1999999284744,0,0],[0,0,0,1840.2999999523163,0,0],[0,0,0,1087.2000000476837,0,0],[0,0,0,1928.5,0,0],[0,0,0,2086.2000000476837,0,0],[0,0,0,2635.9000000953674,0,0],[0,0,0,1714.2999999523163,0,0],[0,0,0,3407.2000000476837,0,0],[0,0,0,3151.899999976158,0,0],[0,0,0,1331.3999999761581,0,0],[0,0,0,830.7999999523163,0,0],[0,0,0,2597.600000023842,0,0],[0,0,0,1688,0,0],[0,0,0,2365.2999999523163,0,0]],"response":[[0,0,0,1,0,0],[0,0,0,1,0,0],[0,0,0,1,0,0],[0,0,0,1,0,0],[0,0,0,1,0,0],[0,0,0,1,0,0],[0,0,0,1,0,0],[0,0,0,1,0,0],[0,0,0,1,0,0],[0,0,0,1,0,0],[0,0,0,1,0,0],[0,0,0,1,0,0],[0,0,0,1,0,0],[0,0,0,1,0,0],[0,0,0,1,0,0],[0,0,0,1,0,0],[0,0,0,1,0,0],[0,0,0,1,0,0],[0,0,0,1,0,0],[0,0,0,1,0,0]],"framerate":[59.99558560851158,60.024009603564444,60.016974497548624,60.011563690869146,60.02642954669692,60.01642554894871,60.01898723947062,56.99537584686526,60.01846722141733,60.00549345945983,59.210257667283955,60.013213919186185,60.02214839424142,60.011262167162734,60.016764459346184,60.02226632356525,60.010460540174606,60.017783045768425,60.00933478604705,60.021685254581406]}
