{"practice":[0,0,0,0,0,0,0,0,0,0,0,0,0,0,0,0,0,0,0,0],"center_interval":[75,75,75,25,75,75,75,25,100,75,75,0,25,75,0,25,100,25,100,50],"image_pair":[2,1,2,2,2,4,2,3,2,3,1,4,2,2,3,3,4,3,4,1],"feature_space":[1,1,1,2,1,1,1,1,1,2,2,1,2,1,1,2,2,2,2,1],"left_img":[2,1,2,2,1,2,1,1,2,1,2,1,1,2,1,2,1,2,1,2],"img1Sample":[3,2,1,1,3,1,1,1,1,2,2,1,2,3,1,3,2,2,2,3],"img2Sample":[3,2,1,3,2,1,1,1,3,2,2,2,2,1,1,3,3,2,3,1],"key":[49,50,49,50,50,50,50,50,49,49,49,50,49,50,49,49,50,49,50,50],"correct":[true,true,true,true,true,false,true,false,true,false,true,false,true,false,true,false,true,false,true,true],"right_img":[1,2,1,1,2,1,2,2,1,2,1,2,2,1,2,1,2,1,2,1],"img_choice":[2,2,2,1,2,1,2,2,2,1,2,2,1,1,1,2,2,2,2,1],"center_sample":[1,2,3,1,2,2,3,1,2,3,2,2,3,2,2,2,1,1,1,3],"left_sample":[3,2,1,3,3,1,1,1,3,2,2,1,2,1,1,3,2,2,2,1],"right_sample":[3,2,1,1,2,1,1,1,1,2,2,2,2,3,1,3,3,2,3,3],"RT":[[0,0,0,1243.7000000476837,0,0],[0,0,0,754.1000000238419,0,0],[0,0,0,1044.7999999523163,0,0],[0,0,0,1973.6000000238419,0,0],[0,0,0,968,0,0],[0,0,0,1455.9000000953674,0,0],[0,0,0,1582,0,0],[0,0,0,783.3999999761581,0,0],[0,0,0,663.3999999761581,0,0],[0,0,0,904.7999999523163,0,0],[0,0,0,1729.5999999046326,0,0],[0,0,0,677.8999999761581,0,0],[0,0,0,1396,0,0],[0,0,0,1260.7999999523163,0,0],[0,0,0,1308.5,0,0],[0,0,0,2958.5,0,0],[0,0,0,1507.8999999761581,0,0],[0,0,0,1367.6000000238419,0,0],[0,0,0,1321.7000000476837,0,0],[0,0,0,1187.8000000715256,0,0]],"response":[[0,0,0,1,0,0],[0,0,0,1,0,0],[0,0,0,1,0,0],[0,0,0,1,0,0],[0,0,0,1,0,0],[0,0,0,1,0,0],[0,0,0,1,0,0],[0,0,0,1,0,0],[0,0,0,1,0,0],[0,0,0,1,0,0],[0,0,0,1,0,0],[0,0,0,1,0,0],[0,0,0,1,0,0],[0,0,0,1,0,0],[0,0,0,1,0,0],[0,0,0,1,0,0],[0,0,0,1,0,0],[0,0,0,1,0,0],[0,0,0,1,0,0],[0,0,0,1,0,0]],"framerate":[60.01630072223972,60.016266092013545,60.01091107362578,60.00794530375982,60.030676469411134,60.00515669214732,60.01773251285444,60.03001500670823,60.00115386793096,60.01237923556361,60.02824858693892,60.016080864182996,60.01285989820894,60.02164715248772,60.00680238985925,60.01318208648677,60.02178396759494,54.98183209120592,60.017908569146215,60.0135030378258]}
