{"practice":[0,0,0,0,0,0,0,0,0,0,0,0,0,0,0,0,0,0,0,0],"center_interval":[25,0,0,100,100,75,100,25,50,75,75,100,75,25,25,0,0,50,25,75],"image_pair":[2,3,4,4,4,3,2,4,4,4,1,4,3,3,4,1,3,1,3,1],"feature_space":[2,1,1,2,1,2,1,2,2,2,2,2,2,2,2,1,1,2,2,2],"left_img":[2,1,2,2,1,2,1,2,2,2,2,2,1,2,1,1,2,1,2,2],"img1Sample":[2,3,1,1,1,3,3,3,2,2,1,3,2,2,2,3,3,3,1,2],"img2Sample":[3,1,3,3,1,2,2,1,3,2,1,2,2,2,1,1,3,2,3,3],"key":[50,50,50,50,50,50,49,50,49,49,49,50,50,50,50,49,50,49,50,49],"correct":[true,false,true,false,true,false,false,true,false,true,true,false,true,true,false,true,true,true,true,true],"right_img":[1,2,1,1,2,1,2,1,1,1,1,1,2,1,2,2,1,2,1,1],"img_choice":[1,2,1,1,2,1,1,1,2,2,2,1,2,1,2,1,1,1,1,2],"center_sample":[2,1,2,2,3,3,3,3,2,2,3,3,1,1,2,1,2,1,3,3],"left_sample":[3,3,3,3,1,2,3,1,3,2,1,2,2,2,2,3,3,3,3,3],"right_sample":[2,1,1,1,1,3,2,3,2,2,1,3,2,2,1,1,3,2,1,2],"RT":[[0,0,0,1742.1000000238419,0,0],[0,0,0,1175.1000000238419,0,0],[0,0,0,1858.5,0,0],[0,0,0,1680.7000000476837,0,0],[0,0,0,1182,0,0],[0,0,0,1925.7999999523163,0,0],[0,0,0,2338.399999976158,0,0],[0,0,0,1845.6999999284744,0,0],[0,0,0,1366.3999999761581,0,0],[0,0,0,2840.399999976158,0,0],[0,0,0,1853.6000000238419,0,0],[0,0,0,1759.1999999284744,0,0],[0,0,0,3001.4000000953674,0,0],[0,0,0,2103.1999999284744,0,0],[0,0,0,1645.2000000476837,0,0],[0,0,0,1445,0,0],[0,0,0,1603.3999999761581,0,0],[0,0,0,2675.7999999523163,0,0],[0,0,0,1602.3000000715256,0,0],[0,0,0,1522,0,0]],"response":[[0,0,0,1,0,0],[0,0,0,1,0,0],[0,0,0,1,0,0],[0,0,0,1,0,0],[0,0,0,1,0,0],[0,0,0,1,0,0],[0,0,0,1,0,0],[0,0,0,1,0,0],[0,0,0,1,0,0],[0,0,0,1,0,0],[0,0,0,1,0,0],[0,0,0,1,0,0],[0,0,0,1,0,0],[0,0,0,1,0,0],[0,0,0,1,0,0],[0,0,0,1,0,0],[0,0,0,1,0,0],[0,0,0,1,0,0],[0,0,0,1,0,0],[0,0,0,1,0,0]],"framerate":[60.017147755872706,60.01255492780917,60.01886307217116,60.00713839468813,60.03001500750375,59.99915494178191,60.01514945464646,60.04261088606851,60.00478125747071,59.995752513349565,60.03945449836362,60.012703418345126,60.017196904557174,59.987392481096975,60.04182688935528,60.02259674263983,60.0131349512631,56.17055422756048,60.02536921329669,60.018467220683284]}
