{"practice":[0,0,0,0,0,0,0,0,0,0,0,0,0,0,0,0,0,0,0,0],"center_interval":[75,25,25,25,50,0,50,0,75,50,0,75,50,25,50,25,50,25,100,0],"image_pair":[4,3,1,2,3,4,1,3,1,3,2,1,3,2,4,3,4,2,1,1],"feature_space":[1,1,2,2,2,1,1,1,2,2,1,2,2,2,1,2,2,1,1,1],"left_img":[1,1,2,1,1,2,2,1,1,2,1,2,2,1,2,1,2,1,1,2],"img1Sample":[2,1,1,2,1,3,1,2,3,1,2,2,2,1,3,3,2,3,1,2],"img2Sample":[1,1,2,2,3,3,1,2,1,3,1,1,2,2,3,1,2,3,2,2],"key":[50,49,49,50,49,50,50,50,50,50,49,49,49,49,50,49,50,50,50,49],"correct":[true,true,false,false,true,true,true,false,true,true,true,true,false,true,true,true,true,false,true,false],"right_img":[2,2,1,2,2,1,1,2,2,1,2,1,1,2,1,2,1,2,2,1],"img_choice":[2,1,2,2,1,1,1,2,2,1,1,2,2,1,1,1,1,2,2,2],"center_sample":[1,2,1,3,1,1,3,1,1,1,3,1,3,2,2,3,2,1,3,3],"left_sample":[2,1,2,2,1,3,1,2,3,3,2,1,2,1,3,3,2,3,1,2],"right_sample":[1,1,1,2,3,3,1,2,1,1,1,2,2,2,3,1,2,3,2,2],"RT":[[0,0,0,1772.7000000476837,0,0],[0,0,0,1319.5,0,0],[0,0,0,1522.3000000715256,0,0],[0,0,0,1510.5,0,0],[0,0,0,1490.8000000715256,0,0],[0,0,0,1375.8999999761581,0,0],[0,0,0,1241.6000000238419,0,0],[0,0,0,864.1000000238419,0,0],[0,0,0,2028.7000000476837,0,0],[0,0,0,2060.4000000953674,0,0],[0,0,0,1109.6000000238419,0,0],[0,0,0,1369.3999999761581,0,0],[0,0,0,1475.2999999523163,0,0],[0,0,0,1736.6999999284744,0,0],[0,0,0,1715,0,0],[0,0,0,1537.5,0,0],[0,0,0,1570.4000000953674,0,0],[0,0,0,2334,0,0],[0,0,0,1039.5,0,0],[0,0,0,3093.399999976158,0,0]],"response":[[0,0,0,1,0,0],[0,0,0,1,0,0],[0,0,0,1,0,0],[0,0,0,1,0,0],[0,0,0,1,0,0],[0,0,0,1,0,0],[0,0,0,1,0,0],[0,0,0,1,0,0],[0,0,0,1,0,0],[0,0,0,1,0,0],[0,0,0,1,0,0],[0,0,0,1,0,0],[0,0,0,1,0,0],[0,0,0,1,0,0],[0,0,0,1,0,0],[0,0,0,1,0,0],[0,0,0,1,0,0],[0,0,0,1,0,0],[0,0,0,1,0,0],[0,0,0,1,0,0]],"framerate":[60.02794027703171,60.00338728764594,60.01985272084559,60.02039303028666,60.01674885914843,60.01625938603909,60.01481847369721,60.01091107474086,60.02028271563591,60.013153567611226,60.01787766568766,60.01912960306073,60.00466962409526,60.01714775744559,60.02081902916192,55.42650812968389,60.00319408605083,60.01398384145077,60.01247012291863,60.01627560040535]}
