{"practice":[1,1,1,1,1],"center_interval":[25,25,0,0,50],"image_pair":[1,4,3,3,1],"feature_space":[2,1,1,2,2],"left_img":[2,2,1,2,2],"img1Sample":[3,3,1,2,2],"img2Sample":[3,1,2,3,1],"key":[49,50,50,50,49],"correct":[false,true,false,true,false],"right_img":[1,1,2,1,1],"img_choice":[2,1,2,1,2],"center_sample":[3,1,3,1,1],"left_sample":[3,1,1,3,1],"right_sample":[3,3,2,2,2],"RT":[[0,0,0,4529.700000047684,0,0],[0,0,0,1222.7999999523163,0,0],[0,0,0,1524.5,0,0],[0,0,0,1519.8999999761581,0,0],[0,0,0,2220.600000023842,0,0]],"response":[[0,0,0,1,0,0],[0,0,0,1,0,0],[0,0,0,1,0,0],[0,0,0,1,0,0],[0,0,0,1,0,0]],"framerate":[60.017147756696595,60.00049587080268,60.01985272084559,60.01569641389886,60.01470558982714]}
