{"practice":[0,0,0,0,0,0,0,0,0,0,0,0,0,0,0,0,0,0,0,0],"center_interval":[100,100,25,25,75,75,100,75,100,50,50,75,25,50,50,100,25,25,25,75],"image_pair":[2,1,3,4,4,1,1,1,4,1,3,3,1,3,4,3,1,1,1,1],"feature_space":[2,1,2,2,1,2,1,2,2,1,2,2,1,2,1,2,2,1,1,2],"left_img":[2,1,2,1,2,1,2,2,1,2,2,2,1,1,2,2,1,2,2,1],"img1Sample":[2,3,1,1,2,3,3,1,1,3,1,3,2,1,2,3,1,3,2,1],"img2Sample":[1,3,1,1,2,3,1,3,2,3,1,1,3,1,1,1,1,1,3,3],"key":[49,50,50,49,49,50,49,50,50,49,50,49,50,50,50,49,49,49,49,50],"correct":[true,true,true,true,true,true,true,false,true,false,true,true,false,false,true,true,true,false,false,true],"right_img":[1,2,1,2,1,2,1,1,2,1,1,1,2,2,1,1,2,1,1,2],"img_choice":[2,2,1,1,2,2,2,1,2,2,1,2,2,2,1,2,1,2,2,2],"center_sample":[3,1,1,2,2,1,2,2,1,2,1,3,3,3,3,2,3,1,1,3],"left_sample":[1,3,1,1,2,3,1,3,1,3,1,1,2,1,1,1,1,1,3,1],"right_sample":[2,3,1,1,2,3,3,1,2,3,1,3,3,1,2,3,1,3,2,3],"RT":[[0,0,0,933,0,0],[0,0,0,802.9000000953674,0,0],[0,0,0,626.5,0,0],[0,0,0,715.5,0,0],[0,0,0,827.8000001907349,0,0],[0,0,0,1128.6999998092651,0,0],[0,0,0,1055.0999999046326,0,0],[0,0,0,1031.5,0,0],[0,0,0,907.8999996185303,0,0],[0,0,0,1001.4000000953674,0,0],[0,0,0,924.5999999046326,0,0],[0,0,0,936.7000002861023,0,0],[0,0,0,820.5999999046326,0,0],[0,0,0,758,0,0],[0,0,0,784.7999997138977,0,0],[0,0,0,797.0999999046326,0,0],[0,0,0,875.7000002861023,0,0],[0,0,0,951.6999998092651,0,0],[0,0,0,859.1000003814697,0,0],[0,0,0,726.0999999046326,0,0]],"response":[[0,0,0,1,0,0],[0,0,0,1,0,0],[0,0,0,1,0,0],[0,0,0,1,0,0],[0,0,0,1,0,0],[0,0,0,1,0,0],[0,0,0,1,0,0],[0,0,0,1,0,0],[0,0,0,1,0,0],[0,0,0,1,0,0],[0,0,0,1,0,0],[0,0,0,1,0,0],[0,0,0,1,0,0],[0,0,0,1,0,0],[0,0,0,1,0,0],[0,0,0,1,0,0],[0,0,0,1,0,0],[0,0,0,1,0,0],[0,0,0,1,0,0],[0,0,0,1,0,0]],"framerate":[59.97964975556139,59.96960066325826,59.998834980744384,59.992607539482705,59.97083986842708,59.99288220478013,59.98552073045747,59.978616322382464,59.99300530136972,59.97747570931089,60.00696509262967,59.98080613745984,59.982390497160864,59.98598458304135,59.95371015229064,53.373893805309734,59.96635372629167,60.004248086840896,59.98636673483299,59.9666223484746]}
