{"practice":[0,0,0,0,0,0,0,0,0,0,0,0,0,0,0,0,0,0,0,0],"center_interval":[75,100,25,100,25,50,0,50,0,0,75,25,0,50,50,0,0,100,0,50],"image_pair":[3,4,4,3,1,4,3,1,2,3,3,3,2,2,1,2,1,2,2,2],"feature_space":[1,2,1,2,2,2,2,1,2,1,1,1,1,1,1,2,2,1,2,1],"left_img":[1,2,1,2,2,1,2,1,2,1,1,1,2,1,2,1,2,1,1,1],"img1Sample":[1,1,1,3,1,3,1,3,2,2,3,2,2,2,3,2,2,2,1,2],"img2Sample":[2,2,2,3,3,3,1,3,2,2,3,2,3,3,3,2,1,3,3,3],"key":[49,49,50,49,50,50,50,49,50,49,50,50,50,50,50,50,49,49,50,50],"correct":[false,true,false,true,true,false,true,true,true,true,true,false,true,false,true,false,false,false,false,false],"right_img":[2,1,2,1,1,2,1,2,1,2,2,2,1,2,1,2,1,2,2,2],"img_choice":[1,2,2,2,1,2,1,1,1,1,2,2,1,2,1,2,2,1,2,2],"center_sample":[2,3,2,1,3,2,2,3,1,1,1,3,1,3,3,1,1,1,2,3],"left_sample":[1,2,1,3,3,3,1,3,2,2,3,2,3,2,3,2,1,2,1,2],"right_sample":[2,1,2,3,1,3,1,3,2,2,3,2,2,3,3,2,2,3,3,3],"RT":[[0,0,0,726.2999997138977,0,0],[0,0,0,960.9000000953674,0,0],[0,0,0,634,0,0],[0,0,0,509.5,0,0],[0,0,0,1072.2000002861023,0,0],[0,0,0,1164.5999999046326,0,0],[0,0,0,757.1999998092651,0,0],[0,0,0,742.6999998092651,0,0],[0,0,0,1063.2999997138977,0,0],[0,0,0,1139.5,0,0],[0,0,0,925.5,0,0],[0,0,0,862.5999999046326,0,0],[0,0,0,1003.3000001907349,0,0],[0,0,0,1003.5,0,0],[0,0,0,1159.5999999046326,0,0],[0,0,0,1310.0999999046326,0,0],[0,0,0,755.7999997138977,0,0],[0,0,0,1498.4000000953674,0,0],[0,0,0,769.5,0,0],[0,0,0,1336.5,0,0]],"response":[[0,0,0,1,0,0],[0,0,0,1,0,0],[0,0,0,1,0,0],[0,0,0,1,0,0],[0,0,0,1,0,0],[0,0,0,1,0,0],[0,0,0,1,0,0],[0,0,0,1,0,0],[0,0,0,1,0,0],[0,0,0,1,0,0],[0,0,0,1,0,0],[0,0,0,1,0,0],[0,0,0,1,0,0],[0,0,0,1,0,0],[0,0,0,1,0,0],[0,0,0,1,0,0],[0,0,0,1,0,0],[0,0,0,1,0,0],[0,0,0,1,0,0],[0,0,0,1,0,0]],"framerate":[59.98358939211698,59.975585163059144,59.98956703347854,59.99035330484644,59.97425997425997,59.99495840685657,59.97085528367917,60.00507085428207,59.977766863762554,59.99696217478475,59.97483199627262,59.98636673483299,59.99004531699311,59.45209785012299,59.21782078277204,59.51802545776016,52.6876296199903,59.979077066139716,60.0055819145967,59.97398718352543]}
