{"practice":[0,0,0,0,0,0,0,0,0,0,0,0,0,0,0,0,0,0,0,0],"center_interval":[100,75,100,100,50,25,0,0,75,75,50,50,100,100,100,100,50,75,50,100],"image_pair":[2,4,4,2,2,4,2,1,1,2,2,3,3,2,4,1,4,1,2,4],"feature_space":[2,2,1,1,2,2,1,2,1,2,2,1,2,1,1,1,1,2,2,1],"left_img":[2,2,2,1,1,2,1,1,1,1,1,2,2,2,1,2,2,2,1,1],"img1Sample":[1,3,3,3,3,3,3,1,3,3,3,1,1,2,2,2,2,3,3,1],"img2Sample":[3,2,2,1,2,2,2,1,3,3,2,1,2,2,3,2,1,2,1,1],"key":[49,49,49,50,50,50,50,49,50,50,50,50,50,49,49,50,50,50,49,50],"correct":[true,true,true,true,false,true,false,true,true,true,false,true,false,true,false,false,true,false,true,true],"right_img":[1,1,1,2,2,1,2,2,2,2,2,1,1,1,2,1,1,1,2,2],"img_choice":[2,2,2,2,2,1,2,1,2,2,2,1,1,2,1,1,1,1,1,2],"center_sample":[2,2,3,3,1,1,2,3,2,2,3,3,3,3,2,1,1,3,2,3],"left_sample":[3,2,2,3,3,2,3,1,3,3,3,1,2,2,2,2,1,2,3,1],"right_sample":[1,3,3,1,2,3,2,1,3,3,2,1,1,2,3,2,2,3,1,1],"RT":[[0,0,0,411.59999990463257,0,0],[0,0,0,955.5,0,0],[0,0,0,1051,0,0],[0,0,0,1199.4000000953674,0,0],[0,0,0,663.8000001907349,0,0],[0,0,0,778.2000002861023,0,0],[0,0,0,540.0999999046326,0,0],[0,0,0,547,0,0],[0,0,0,869.8000001907349,0,0],[0,0,0,808.3000001907349,0,0],[0,0,0,633.9000000953674,0,0],[0,0,0,755.5999999046326,0,0],[0,0,0,553.1999998092651,0,0],[0,0,0,525.6999998092651,0,0],[0,0,0,623.5999999046326,0,0],[0,0,0,573,0,0],[0,0,0,909.8000001907349,0,0],[0,0,0,654.6000003814697,0,0],[0,0,0,643.1999998092651,0,0],[0,0,0,794.2000002861023,0,0]],"response":[[0,0,0,1,0,0],[0,0,0,1,0,0],[0,0,0,1,0,0],[0,0,0,1,0,0],[0,0,0,1,0,0],[0,0,0,1,0,0],[0,0,0,1,0,0],[0,0,0,1,0,0],[0,0,0,1,0,0],[0,0,0,1,0,0],[0,0,0,1,0,0],[0,0,0,1,0,0],[0,0,0,1,0,0],[0,0,0,1,0,0],[0,0,0,1,0,0],[0,0,0,1,0,0],[0,0,0,1,0,0],[0,0,0,1,0,0],[0,0,0,1,0,0],[0,0,0,1,0,0]],"framerate":[59.980731582012126,59.99150563055916,59.98086816988024,59.99100135122762,59.987310375001194,59.975451904865146,59.98746530917173,59.66943134692374,59.98914223669924,59.987836566119064,59.98311155611371,59.9977570899844,59.986933537530206,59.99160118098378,57.914496087285926,59.97754534571896,60.01076426264801,59.959642548284805,60.012176388591776,59.976675735625086]}
