{"practice":[1,1,1,1,1],"center_interval":[75,50,50,25,50],"image_pair":[3,4,4,2,4],"feature_space":[1,1,2,2,1],"left_img":[1,1,2,1,2],"img1Sample":[2,3,2,1,1],"img2Sample":[1,3,2,1,2],"key":[50,50,49,49,50],"correct":[true,false,false,true,true],"right_img":[2,2,1,2,1],"img_choice":[2,2,2,1,1],"center_sample":[2,3,1,2,2],"left_sample":[2,3,2,1,2],"right_sample":[1,3,2,1,1],"RT":[[0,0,0,792.6999998092651,0,0],[0,0,0,504.69999980926514,0,0],[0,0,0,121.5,0,0],[0,0,0,507.5,0,0],[0,0,0,431.7000002861023,0,0]],"response":[[0,0,0,1,0,0],[0,0,0,1,0,0],[0,0,0,1,0,0],[0,0,0,1,0,0],[0,0,0,1,0,0]],"framerate":[59.99333408034819,59.977696734163196,59.99659110277825,59.9722741193544,60.000618568387196]}
