{"practice":[0,0,0,0,0,0,0,0,0,0,0,0,0,0,0,0,0,0,0,0],"center_interval":[100,0,0,75,25,100,75,75,50,100,25,0,0,100,100,0,50,75,25,100],"image_pair":[3,3,1,2,4,4,2,4,2,4,2,1,4,3,2,1,3,3,2,2],"feature_space":[1,2,1,1,2,2,1,2,2,2,2,2,1,2,1,2,1,2,2,2],"left_img":[2,1,2,1,1,2,2,2,1,1,1,2,2,2,1,2,1,2,1,2],"img1Sample":[2,2,2,3,1,1,1,3,1,1,2,1,3,3,1,2,1,2,1,1],"img2Sample":[2,2,3,1,1,3,3,1,1,2,3,1,2,2,1,1,3,2,1,1],"key":[49,49,50,50,50,49,49,49,50,49,49,50,49,49,50,50,49,50,50,49],"correct":[true,true,true,true,false,true,true,true,false,false,true,true,false,true,true,true,true,false,false,true],"right_img":[1,2,1,2,2,1,1,1,2,2,2,1,1,1,2,1,2,1,2,1],"img_choice":[2,1,1,2,2,2,2,2,2,1,1,1,2,2,2,1,1,1,2,2],"center_sample":[3,1,1,2,1,2,3,3,2,1,1,2,2,1,3,1,1,3,2,3],"left_sample":[2,2,3,3,1,3,3,1,1,1,2,1,2,2,1,1,1,2,1,1],"right_sample":[2,2,2,1,1,1,1,3,1,2,3,1,3,3,1,2,3,2,1,1],"RT":[[0,0,0,691.4000000953674,0,0],[0,0,0,672.9000000953674,0,0],[0,0,0,1069.3000001907349,0,0],[0,0,0,655.2999997138977,0,0],[0,0,0,620.8000001907349,0,0],[0,0,0,722.7000002861023,0,0],[0,0,0,789.8000001907349,0,0],[0,0,0,739.8999996185303,0,0],[0,0,0,854.2000002861023,0,0],[0,0,0,659.7000002861023,0,0],[0,0,0,1029.9000000953674,0,0],[0,0,0,1620.8000001907349,0,0],[0,0,0,873.9000000953674,0,0],[0,0,0,924.1000003814697,0,0],[0,0,0,895.2999997138977,0,0],[0,0,0,874.1999998092651,0,0],[0,0,0,768.2000002861023,0,0],[0,0,0,734.5999999046326,0,0],[0,0,0,1003.2999997138977,0,0],[0,0,0,767.6999998092651,0,0]],"response":[[0,0,0,1,0,0],[0,0,0,1,0,0],[0,0,0,1,0,0],[0,0,0,1,0,0],[0,0,0,1,0,0],[0,0,0,1,0,0],[0,0,0,1,0,0],[0,0,0,1,0,0],[0,0,0,1,0,0],[0,0,0,1,0,0],[0,0,0,1,0,0],[0,0,0,1,0,0],[0,0,0,1,0,0],[0,0,0,1,0,0],[0,0,0,1,0,0],[0,0,0,1,0,0],[0,0,0,1,0,0],[0,0,0,1,0,0],[0,0,0,1,0,0],[0,0,0,1,0,0]],"framerate":[59.98628884499501,59.96442302010712,59.97889155184186,59.999423077518685,59.98485819446776,59.99377423421425,59.98333796167731,59.979725158492805,59.99618205958121,59.98385050343768,59.98330899078853,59.98421468034727,59.99239915770779,59.98125585754452,59.97244508815996,53.75468317872231,59.97043317539904,59.98868138087153,59.979046621267685,59.99607502954574]}
