{"practice":[0,0,0,0,0,0,0,0,0,0,0,0,0,0,0,0,0,0,0,0],"center_interval":[25,100,50,0,75,100,0,50,0,0,50,0,75,25,0,100,0,50,25,100],"image_pair":[4,3,2,2,1,3,4,4,3,1,4,2,3,1,3,3,1,1,1,4],"feature_space":[1,2,1,1,2,2,2,1,2,1,2,2,1,1,1,2,1,2,1,2],"left_img":[1,1,2,1,2,1,2,2,2,1,2,1,2,1,1,1,1,1,2,1],"img1Sample":[2,2,2,3,3,1,3,2,2,3,1,3,1,2,1,1,1,2,3,1],"img2Sample":[1,3,1,3,2,1,2,1,3,1,3,1,3,1,1,3,3,1,1,1],"key":[50,49,50,49,50,49,50,49,50,49,50,50,50,49,50,50,50,50,null,49],"correct":[false,false,true,true,false,false,true,false,true,true,true,false,false,true,false,true,false,false,null,false],"right_img":[2,2,1,2,1,2,1,1,1,2,1,2,1,2,2,2,2,2,1,2],"img_choice":[2,1,1,1,1,1,1,2,1,1,1,2,1,1,2,2,2,2,null,1],"center_sample":[2,1,1,2,2,3,2,1,1,1,2,2,2,3,3,1,3,2,1,2],"left_sample":[2,2,1,3,2,1,2,1,3,3,3,3,3,2,1,1,1,2,1,1],"right_sample":[1,3,2,3,3,1,3,2,2,1,1,1,1,1,1,3,3,1,3,1],"RT":[[0,4119.100000000559,0,0],[0,3425.2000000001863,0,0],[0,4613.0999999996275,0,0],[0,3506,0,0],[0,3448.699999999255,0,0],[0,2336.2000000001863,0,0],[0,3261.0999999996275,0,0],[0,3907.800000000745,0,0],[0,3910.0999999996275,0,0],[0,3782.7000000001863,0,0],[0,3528,0,0],[0,4262,0,0],[0,3064,0,0],[0,4045,0,0],[0,3970,0,0],[0,4773.5999999996275,0,0],[0,3427.5,0,0],[0,4846.200000000186,0,0],[0,0,0,0],[0,4302.199999999255,0,0]],"response":[[0,1,0,0],[0,1,0,0],[0,1,0,0],[0,1,0,0],[0,1,0,0],[0,1,0,0],[0,1,0,0],[0,1,0,0],[0,1,0,0],[0,1,0,0],[0,1,0,0],[0,1,0,0],[0,1,0,0],[0,1,0,0],[0,1,0,0],[0,1,0,0],[0,1,0,0],[0,1,0,0],[0,1,0,0],[0,1,0,0]],"framerate":[59.88530799669654,59.88172122832038,59.889405506766,59.883154819863684,59.88171513060621,59.89246580002945,59.884876487448004,59.88950276243094,59.88420913067966,59.88842081293408,59.886023374877965,59.88637995036356,59.88349937394827,57.95732623534273,59.87893092070051,59.88803541205365,59.88616679039841,59.88133606797743,59.88344115916834,59.8948783767311]}
