{"practice":[1,1,1,1,1],"center_interval":[25,0,50,25,0],"image_pair":[3,1,2,1,4],"feature_space":[2,1,1,1,2],"left_img":[2,1,1,2,2],"img1Sample":[3,1,2,2,1],"img2Sample":[3,1,2,3,1],"key":[50,50,49,49,50],"correct":[true,false,true,false,true],"right_img":[1,2,2,1,1],"img_choice":[1,2,1,2,1],"center_sample":[3,2,2,2,3],"left_sample":[3,1,2,3,1],"right_sample":[3,1,2,2,1],"RT":[[0,3859.2999999998137,0,0],[0,3017.699999999255,0,0],[0,2895.5999999996275,0,0],[0,3153.5,0,0],[0,3409.4000000003725,0,0]],"response":[[0,1,0,0],[0,1,0,0],[0,1,0,0],[0,1,0,0],[0,1,0,0]],"framerate":[59.872213037842116,59.9232319885155,59.8785321205459,59.88342692891469,59.88172737663924]}
