{"practice":[0,0,0,0,0,0,0,0,0,0,0,0,0,0,0,0,0,0,0,0],"center_interval":[25,25,25,0,50,100,0,50,25,50,75,75,25,50,75,0,100,25,25,50],"image_pair":[4,1,4,4,3,1,1,4,2,4,2,2,1,4,2,4,3,4,2,3],"feature_space":[2,1,1,1,1,1,1,1,2,1,1,1,1,1,1,1,2,1,2,1],"left_img":[2,1,2,1,2,1,1,1,2,1,1,2,2,1,1,1,2,1,1,1],"img1Sample":[1,2,3,2,3,1,3,3,2,1,1,1,1,2,3,1,1,2,3,2],"img2Sample":[1,2,3,1,1,1,2,1,1,3,2,1,3,1,2,1,1,3,3,3],"key":[50,50,50,49,49,50,49,null,null,50,49,49,49,49,50,50,50,50,50,49],"correct":[true,false,true,true,false,true,true,null,null,false,false,true,false,true,true,false,false,false,false,true],"right_img":[1,2,1,2,1,2,2,2,1,2,2,1,1,2,2,2,1,2,2,2],"img_choice":[1,2,1,1,2,2,1,null,null,2,1,2,2,1,2,2,1,2,2,1],"center_sample":[3,2,1,1,1,3,2,3,3,2,2,3,2,1,1,2,3,3,3,1],"left_sample":[1,2,3,2,1,1,3,3,1,1,1,1,3,2,3,1,1,2,3,2],"right_sample":[1,2,3,1,3,1,2,1,2,3,2,1,1,1,2,1,1,3,3,3],"RT":[[0,3266,0,0],[0,4214.200000000186,0,0],[0,4078.7000000001863,0,0],[0,3716.699999999255,0,0],[0,4212.4000000003725,0,0],[0,3583,0,0],[0,2989.5999999996275,0,0],[0,0,0,0],[0,0,0,0],[0,2.400000000372529,0,0],[0,3065.9000000003725,0,0],[0,2948.7000000001863,0,0],[0,2350.2000000001863,0,0],[0,2699.2000000001863,0,0],[0,2548.2000000001863,0,0],[0,3119.2999999998137,0,0],[0,2463.399999999441,0,0],[0,3513.7999999998137,0,0],[0,3655.2000000001863,0,0],[0,2426.2000000001863,0,0]],"response":[[0,1,0,0],[0,1,0,0],[0,1,0,0],[0,1,0,0],[0,1,0,0],[0,1,0,0],[0,1,0,0],[0,1,0,0],[0,1,0,0],[0,1,0,0],[0,1,0,0],[0,1,0,0],[0,1,0,0],[0,1,0,0],[0,1,0,0],[0,1,0,0],[0,1,0,0],[0,1,0,0],[0,1,0,0],[0,1,0,0]],"framerate":[59.88642230252969,59.883961873186905,59.891725990027524,59.889932016826194,59.885202760113856,59.8859542385444,59.88190730837168,59.88237390839422,59.884508447995145,59.967585089141,59.88675958187242,56.787832785139905,59.89037016985101,59.87661787831473,59.865066041627536,59.901149672292675,59.895833333333336,59.88749878769705,59.88305192213117,59.88023952095075]}
