{"practice":[0,0,0,0,0,0,0,0,0,0,0,0,0,0,0,0,0,0,0,0],"center_interval":[100,75,50,50,50,100,0,100,0,100,100,75,25,0,75,25,0,50,50,100],"image_pair":[4,4,1,4,2,1,2,4,2,2,4,3,1,3,4,1,1,2,3,3],"feature_space":[1,1,1,1,1,2,2,1,2,2,2,2,1,1,1,1,1,2,2,1],"left_img":[2,2,2,1,1,2,2,1,1,2,1,2,1,1,1,1,1,2,1,1],"img1Sample":[2,3,3,3,2,3,2,3,1,3,2,3,3,1,3,2,2,3,3,1],"img2Sample":[2,3,3,2,1,3,3,1,1,3,2,2,1,2,3,1,3,1,1,2],"key":[49,50,50,49,50,50,50,50,49,49,49,50,50,50,49,50,50,49,50,50],"correct":[true,false,true,true,false,false,true,true,true,true,false,false,false,false,false,false,false,false,false,true],"right_img":[1,1,1,2,2,1,1,2,2,1,2,1,2,2,2,2,2,1,2,2],"img_choice":[2,1,1,1,2,1,1,2,1,2,1,1,2,2,1,2,2,2,2,2],"center_sample":[3,1,1,1,3,2,3,2,3,2,1,1,1,2,3,2,1,1,3,3],"left_sample":[2,3,3,3,2,3,3,3,1,3,2,2,3,1,3,2,2,1,3,1],"right_sample":[2,3,3,2,1,3,2,1,1,3,2,3,1,2,3,1,3,3,1,2],"RT":[[0,3194.5999999996275,0,0],[0,3462,0,0],[0,3129.9000000003725,0,0],[0,3427,0,0],[0,3618.7999999998137,0,0],[0,3780.2000000001863,0,0],[0,3537.7999999998137,0,0],[0,2943.2999999998137,0,0],[0,4593.5,0,0],[0,3810.2000000001863,0,0],[0,3420.600000000559,0,0],[0,3025.2000000001863,0,0],[0,3353.600000000559,0,0],[0,3481.7999999998137,0,0],[0,2866.399999999441,0,0],[0,3131.7000000001863,0,0],[0,4092.5999999996275,0,0],[0,4737.699999999255,0,0],[0,4188.5,0,0],[0,3302.600000000559,0,0]],"response":[[0,1,0,0],[0,1,0,0],[0,1,0,0],[0,1,0,0],[0,1,0,0],[0,1,0,0],[0,1,0,0],[0,1,0,0],[0,1,0,0],[0,1,0,0],[0,1,0,0],[0,1,0,0],[0,1,0,0],[0,1,0,0],[0,1,0,0],[0,1,0,0],[0,1,0,0],[0,1,0,0],[0,1,0,0],[0,1,0,0]],"framerate":[59.86923299110131,59.89346817545293,59.878638830236966,59.88468486302406,59.884491573568255,59.88705710903141,59.8932547636846,59.88529014845118,59.864102712164645,59.91544009587227,59.87875173921963,59.88352928249031,59.88780512457111,59.89195003301259,57.28926761859972,59.88664313978009,59.88786952088757,59.889204970812365,59.88523735002609,59.88636945282738]}
