{"practice":[1,1,1,1,1],"center_interval":[75,100,50,100,0],"image_pair":[1,3,1,3,3],"feature_space":[2,1,1,1,1],"left_img":[2,2,2,1,2],"img1Sample":[3,3,1,2,2],"img2Sample":[1,1,1,1,3],"key":[null,49,50,49,49],"correct":[null,true,true,false,false],"right_img":[1,1,1,2,1],"img_choice":[null,2,1,1,2],"center_sample":[1,3,1,3,1],"left_sample":[1,1,1,2,3],"right_sample":[3,3,1,1,2],"RT":[[0,0,0,0],[0,4884,0,0],[0,2112,0,0],[0,3465,0,0],[0,2828,0,0]],"response":[[0,1,0,0],[0,1,0,0],[0,1,0,0],[0,1,0,0],[0,1,0,0]],"framerate":[12.865282117257857,11.602115679918104,11.38450238707308,12.18026796589525,13.372093023255815]}
