{"practice":[0,0,0,0,0,0,0,0,0,0,0,0,0,0,0,0,0,0,0,0],"center_interval":[100,50,0,0,25,100,0,25,75,25,100,50,100,100,75,75,50,75,50,0],"image_pair":[2,2,1,1,2,1,2,4,2,1,1,2,3,2,2,1,3,4,3,3],"feature_space":[2,2,1,2,1,2,1,2,1,2,2,2,2,2,2,1,2,2,1,1],"left_img":[2,2,1,1,1,1,2,2,2,2,1,1,1,1,1,2,2,1,2,2],"img1Sample":[3,3,2,3,1,1,2,3,3,3,2,2,2,1,2,3,2,1,1,2],"img2Sample":[3,1,2,2,3,3,1,3,2,1,1,2,3,1,1,3,2,1,3,1],"key":[49,50,49,50,49,49,50,50,49,50,49,49,50,49,50,50,49,50,49,50],"correct":[true,true,true,false,true,false,true,true,true,true,false,true,true,false,true,false,false,true,false,true],"right_img":[1,1,2,2,2,2,1,1,1,1,2,2,2,2,2,1,1,2,1,1],"img_choice":[2,1,1,2,1,1,1,1,2,1,1,1,2,1,2,1,2,2,2,1],"center_sample":[1,1,3,1,1,2,1,1,1,3,2,1,2,3,2,3,3,1,1,3],"left_sample":[3,1,2,3,1,1,1,3,2,1,2,2,2,1,2,3,2,1,3,1],"right_sample":[3,3,2,2,3,3,2,3,3,3,1,2,3,1,1,3,2,1,1,2],"RT":[[0,1857,0,0],[0,1492,0,0],[0,1194,0,0],[0,1336,0,0],[0,1318,0,0],[0,1667,0,0],[0,2204,0,0],[0,1478,0,0],[0,1047,0,0],[0,2758,0,0],[0,1053,0,0],[0,904,0,0],[0,774,0,0],[0,1517,0,0],[0,1085,0,0],[0,2260,0,0],[0,1451,0,0],[0,1114,0,0],[0,1178,0,0],[0,954,0,0]],"response":[[0,1,0,0],[0,1,0,0],[0,1,0,0],[0,1,0,0],[0,1,0,0],[0,1,0,0],[0,1,0,0],[0,1,0,0],[0,1,0,0],[0,1,0,0],[0,1,0,0],[0,1,0,0],[0,1,0,0],[0,1,0,0],[0,1,0,0],[0,1,0,0],[0,1,0,0],[0,1,0,0],[0,1,0,0],[0,1,0,0]],"framerate":[12.22992254382389,14.445479962721343,11.332973556395034,13.272077590607454,16.546018614270942,13.368983957219251,13.679410733076114,11.650485436893204,16.231884057971016,13.541360023550192,12.63641585295807,16.600265604249667,10.504201680672269,14.720812182741117,15.013404825737265,13.324222753672702,12.615235322658902,16.65741254858412,12.249443207126948,16.22002820874471]}
