{"practice":[0,0,0,0,0,0,0,0,0,0,0,0,0,0,0,0,0,0,0,0],"center_interval":[100,100,75,25,25,0,0,0,75,0,0,50,100,50,75,100,25,0,50,100],"image_pair":[3,1,4,3,3,1,3,4,4,4,2,4,4,4,3,2,2,3,4,3],"feature_space":[1,1,2,1,1,1,2,1,1,1,2,2,2,2,2,1,2,1,2,2],"left_img":[2,1,2,2,1,2,2,2,2,1,1,2,2,2,2,2,1,2,2,1],"img1Sample":[2,1,3,2,1,1,3,1,1,3,3,2,3,3,3,2,2,2,3,1],"img2Sample":[3,3,2,2,1,2,1,2,1,2,3,1,3,3,1,1,2,2,1,3],"key":[49,50,50,50,50,49,50,50,50,49,49,49,50,49,49,50,49,50,50,49],"correct":[true,true,false,true,false,false,true,true,false,true,true,false,false,false,true,false,true,true,true,false],"right_img":[1,2,1,1,2,1,1,1,1,2,2,1,1,1,1,1,2,1,1,2],"img_choice":[2,2,1,1,2,2,1,1,1,1,1,2,1,2,2,1,1,1,1,1],"center_sample":[1,1,3,3,2,2,1,3,2,2,2,3,1,2,2,2,2,3,3,2],"left_sample":[3,1,2,2,1,2,1,2,1,3,3,1,3,3,1,1,2,2,1,1],"right_sample":[2,3,3,2,1,1,3,1,1,2,3,2,3,3,3,2,2,2,3,3],"RT":[[0,2786,0,0],[0,2396,0,0],[0,3229,0,0],[0,2563,0,0],[0,1653,0,0],[0,1759,0,0],[0,1321,0,0],[0,2027,0,0],[0,1643,0,0],[0,1565,0,0],[0,1527,0,0],[0,3939,0,0],[0,1715,0,0],[0,1860,0,0],[0,1305,0,0],[0,1410,0,0],[0,887,0,0],[0,2031,0,0],[0,2038,0,0],[0,3498,0,0]],"response":[[0,1,0,0],[0,1,0,0],[0,1,0,0],[0,1,0,0],[0,1,0,0],[0,1,0,0],[0,1,0,0],[0,1,0,0],[0,1,0,0],[0,1,0,0],[0,1,0,0],[0,1,0,0],[0,1,0,0],[0,1,0,0],[0,1,0,0],[0,1,0,0],[0,1,0,0],[0,1,0,0],[0,1,0,0],[0,1,0,0]],"framerate":[13.994169096209914,13.589658601259531,13.734128012438454,13.49231251961092,12.630662020905923,12.879102617366016,16.324381253291207,13.3630289532294,13.23918799646955,12.430939226519337,15.74074074074074,12.141280353200884,13.208351086493398,15.378043571123452,13.722886232846392,12.652068126520682,16.545334215751158,11.211573236889693,10.03344481605351,9.52632971685631]}
