{"practice":[0,0,0,0,0,0,0,0,0,0,0,0,0,0,0,0,0,0,0,0],"center_interval":[75,50,75,100,100,0,50,25,25,25,75,75,100,25,50,0,75,75,100,0],"image_pair":[2,4,3,3,1,1,1,1,1,1,4,4,1,1,2,3,4,3,3,4],"feature_space":[1,2,1,1,1,1,1,2,1,1,2,2,1,1,2,1,1,1,1,1],"left_img":[1,1,1,1,2,1,1,2,1,1,2,1,2,1,2,1,1,2,2,1],"img1Sample":[2,2,2,1,3,1,1,2,3,2,2,1,1,1,2,1,1,1,1,1],"img2Sample":[3,1,3,3,2,1,1,3,3,2,3,3,2,1,1,2,2,1,3,2],"key":[50,49,50,50,50,49,null,49,50,49,49,50,50,49,null,50,49,49,50,49],"correct":[true,true,true,true,false,true,null,false,false,true,true,true,false,true,null,false,false,true,false,true],"right_img":[2,2,2,2,1,2,2,1,2,2,1,2,1,2,1,2,2,1,1,2],"img_choice":[2,1,2,2,1,1,null,2,2,1,2,2,1,1,null,2,1,2,1,1],"center_sample":[2,2,3,2,3,3,3,3,2,3,3,2,1,3,2,3,2,1,2,3],"left_sample":[2,2,2,1,2,1,1,3,3,2,3,1,2,1,1,1,1,1,3,1],"right_sample":[3,1,3,3,3,1,1,2,3,2,2,3,1,1,2,2,2,1,1,2],"RT":[[0,2833,0,0],[0,3239,0,0],[0,4105,0,0],[0,3646,0,0],[0,2138,0,0],[0,2206,0,0],[0,0,0,0],[0,1161,0,0],[0,1089,0,0],[0,1627,0,0],[0,3220,0,0],[0,4311,0,0],[0,2024,0,0],[0,1476,0,0],[0,0,0,0],[0,1948,0,0],[0,1410,0,0],[0,787,0,0],[0,2538,0,0],[0,1528,0,0]],"response":[[0,1,0,0],[0,1,0,0],[0,1,0,0],[0,1,0,0],[0,1,0,0],[0,1,0,0],[0,1,0,0],[0,1,0,0],[0,1,0,0],[0,1,0,0],[0,1,0,0],[0,1,0,0],[0,1,0,0],[0,1,0,0],[0,1,0,0],[0,1,0,0],[0,1,0,0],[0,1,0,0],[0,1,0,0],[0,1,0,0]],"framerate":[11.105235325224749,13.751946030098598,13.965861228109066,12.930089853166775,12.944983818770227,13.078826440438318,12.818230372084743,15.367103016505407,10.44689495066744,13.805798435342844,12.515644555694617,13.900414937759336,13.57773251866938,11.809163911195087,12.711864406779661,13.188518231186967,14.388489208633093,10.935601458080194,13.560391043834752,12.22378937470616]}
