{"practice":[0,0,0,0,0,0,0,0,0,0,0,0,0,0,0,0,0,0,0,0],"center_interval":[0,50,100,25,25,100,25,100,75,50,50,100,50,25,100,50,75,75,25,25],"image_pair":[3,2,2,1,2,4,1,1,2,2,4,3,4,2,3,3,3,1,2,2],"feature_space":[2,1,2,1,2,2,2,1,1,2,1,2,2,1,1,1,1,1,1,2],"left_img":[2,2,1,1,2,1,2,2,1,1,1,2,2,1,1,2,2,1,1,1],"img1Sample":[3,1,2,2,1,3,1,1,3,3,2,3,2,3,2,2,1,3,1,3],"img2Sample":[2,2,2,3,2,1,2,3,1,2,3,2,1,3,1,3,3,3,2,2],"key":[49,50,49,50,49,50,49,49,49,50,49,50,49,50,49,null,49,50,49,50],"correct":[false,true,false,false,false,true,false,true,false,false,true,false,false,false,false,null,true,true,true,false],"right_img":[1,1,2,2,1,2,1,1,2,2,2,1,1,2,2,1,1,2,2,2],"img_choice":[2,1,1,2,2,2,2,2,1,2,1,1,2,2,1,null,2,2,1,2],"center_sample":[2,3,3,3,1,3,2,2,1,3,1,3,2,3,3,1,3,3,3,1],"left_sample":[2,2,2,2,2,3,2,3,3,3,2,2,1,3,2,3,3,3,1,3],"right_sample":[3,1,2,3,1,1,1,1,1,2,3,3,2,3,1,2,1,3,2,2],"RT":[[0,1038,0,0],[0,1448,0,0],[0,1340,0,0],[0,790,0,0],[0,1396,0,0],[0,912,0,0],[0,1353,0,0],[0,1010,0,0],[0,1254,0,0],[0,743,0,0],[0,918,0,0],[0,1381,0,0],[0,943,0,0],[0,761,0,0],[0,727,0,0],[0,0,0,0],[0,611,0,0],[0,670,0,0],[0,1477,0,0],[0,546,0,0]],"response":[[0,1,0,0],[0,1,0,0],[0,1,0,0],[0,1,0,0],[0,1,0,0],[0,1,0,0],[0,1,0,0],[0,1,0,0],[0,1,0,0],[0,1,0,0],[0,1,0,0],[0,1,0,0],[0,1,0,0],[0,1,0,0],[0,1,0,0],[0,1,0,0],[0,1,0,0],[0,1,0,0],[0,1,0,0],[0,1,0,0]],"framerate":[12.96111665004985,13.102480112306973,16.75977653631285,13.62088535754824,13.170731707317074,16.005121638924457,12.18274111675127,16.666666666666668,13.157894736842104,16.29169899146625,12.598425196850394,13.960703205791106,16.707920792079207,10.057471264367816,17.660044150110377,13.167259786476867,15.987210231814549,11.750881316098708,12.717852096090438,16.9061707523246]}
