{"practice":[0,0,0,0,0,0,0,0,0,0,0,0,0,0,0,0,0,0,0,0],"center_interval":[75,50,0,0,0,0,75,100,50,75,25,100,100,75,25,100,50,100,50,75],"image_pair":[2,2,2,2,2,3,3,1,3,2,2,1,4,2,4,4,1,3,4,4],"feature_space":[1,1,1,1,1,2,1,2,2,2,1,1,2,2,2,2,1,2,2,1],"left_img":[2,2,1,2,1,2,2,1,2,1,1,2,1,2,1,1,1,1,1,2],"img1Sample":[1,2,2,2,1,1,3,1,3,3,2,1,1,2,3,2,1,2,1,1],"img2Sample":[2,2,3,2,2,3,3,2,1,1,2,1,1,1,2,3,2,2,3,2],"key":[null,49,50,49,50,49,50,50,50,49,50,49,50,49,50,49,50,49,49,50],"correct":[null,false,false,false,false,false,false,true,true,false,false,true,true,true,false,false,false,false,true,false],"right_img":[1,1,2,1,2,1,1,2,1,2,2,1,2,1,2,2,2,2,2,1],"img_choice":[null,2,2,2,2,2,1,2,1,1,2,2,2,2,2,1,2,1,1,1],"center_sample":[1,3,3,3,2,2,1,3,3,1,2,2,3,3,3,1,3,1,2,3],"left_sample":[2,2,2,2,1,3,3,1,1,3,2,1,1,1,3,2,1,2,1,2],"right_sample":[1,2,3,2,2,1,3,2,3,1,2,1,1,2,2,3,2,2,3,1],"RT":[[0,0,0,0],[0,1436,0,0],[0,1302,0,0],[0,1260,0,0],[0,1347,0,0],[0,3561,0,0],[0,807,0,0],[0,1782,0,0],[0,1175,0,0],[0,1376,0,0],[0,629,0,0],[0,1451,0,0],[0,1509,0,0],[0,1945,0,0],[0,1328,0,0],[0,1092,0,0],[0,1145,0,0],[0,323,0,0],[0,879,0,0],[0,1009,0,0]],"response":[[0,1,0,0],[0,1,0,0],[0,1,0,0],[0,1,0,0],[0,1,0,0],[0,1,0,0],[0,1,0,0],[0,1,0,0],[0,1,0,0],[0,1,0,0],[0,1,0,0],[0,1,0,0],[0,1,0,0],[0,1,0,0],[0,1,0,0],[0,1,0,0],[0,1,0,0],[0,1,0,0],[0,1,0,0],[0,1,0,0]],"framerate":[12.596573731944911,11.678832116788321,12.960082944530846,16.621983914209114,11.534603811434302,13.796384395813512,11.011699931176876,12.463647694225177,16.565433462175594,12.272950417280313,16.025641025641026,12.339585389930898,12.511584800741428,13.544891640866874,14.948453608247421,12.63641585295807,16.310461192350957,11.023622047244094,16.81759379042691,9.673518742442564]}
