{"practice":[0,0,0,0,0,0,0,0,0,0,0,0,0,0,0,0,0,0,0,0],"center_interval":[0,25,75,75,25,75,75,100,100,25,100,75,75,50,0,0,50,50,75,100],"image_pair":[2,3,2,3,3,2,1,1,3,1,2,3,4,4,3,3,4,3,4,2],"feature_space":[1,1,1,1,1,2,2,1,2,1,2,1,1,1,1,2,2,2,1,1],"left_img":[1,2,2,2,2,2,1,2,1,2,1,1,2,1,1,2,1,2,2,1],"img1Sample":[2,2,1,1,2,3,3,1,2,3,1,3,1,2,2,2,2,1,1,1],"img2Sample":[3,3,1,3,2,1,2,3,2,2,1,3,1,1,3,2,1,2,1,3],"stim_time":[250,250,250,250,250,250,250,250,250,250,250,250,250,250,250,250,250,250,250,250],"key":[49,50,49,50,49,49,49,49,50,49,49,49,49,49,50,50,50,49,49,50],"correct":[true,true,true,false,false,true,false,true,true,false,false,false,true,true,false,true,false,false,true,true],"right_img":[2,1,1,1,1,1,2,1,2,1,2,2,1,2,2,1,2,1,1,2],"img_choice":[1,1,2,1,2,2,1,2,2,2,1,1,2,1,2,1,2,2,2,2],"center_sample":[1,2,3,2,3,3,2,1,1,2,3,2,3,2,1,3,3,1,1,3],"left_sample":[2,3,1,3,2,1,3,3,2,2,1,3,1,2,2,2,2,2,1,1],"right_sample":[3,2,1,1,2,3,2,1,2,3,1,3,1,1,3,2,1,1,1,3],"exact_match":[0,0,0,0,0,0,0,0,0,0,0,0,0,0,0,0,0,0,0,1],"RT":[[0,0,0,1222.7000000476837,0,0],[0,0,0,1289.6999999284744,0,0],[0,0,0,1392.1000000238419,0,0],[0,0,0,1164.3999999761581,0,0],[0,0,0,1427.6000000238419,0,0],[0,0,0,1356.5,0,0],[0,0,0,1897.9000000953674,0,0],[0,0,0,1283.6999999284744,0,0],[0,0,0,1763,0,0],[0,0,0,1233.8999999761581,0,0],[0,0,0,1030.6000000238419,0,0],[0,0,0,1132.6999999284744,0,0],[0,0,0,1288.2999999523163,0,0],[0,0,0,2114.7999999523163,0,0],[0,0,0,1428.4000000953674,0,0],[0,0,0,1101.5,0,0],[0,0,0,1497.7999999523163,0,0],[0,0,0,1438.1999999284744,0,0],[0,0,0,939.1000000238419,0,0],[0,0,0,1237.3999999761581,0,0]],"response":[[0,0,0,1,0,0],[0,0,0,1,0,0],[0,0,0,1,0,0],[0,0,0,1,0,0],[0,0,0,1,0,0],[0,0,0,1,0,0],[0,0,0,1,0,0],[0,0,0,1,0,0],[0,0,0,1,0,0],[0,0,0,1,0,0],[0,0,0,1,0,0],[0,0,0,1,0,0],[0,0,0,1,0,0],[0,0,0,1,0,0],[0,0,0,1,0,0],[0,0,0,1,0,0],[0,0,0,1,0,0],[0,0,0,1,0,0],[0,0,0,1,0,0],[0,0,0,1,0,0]],"framerate":[60.00087592644903,59.96427660178177,59.91929237994303,59.953119365952666,59.988726951791804,59.96443488630344,59.92078269454911,59.98543210995765,59.973739307385095,59.971983891363095,59.86876766197011,59.9761926550408,59.99744691958717,59.97285439177114,59.90190560481956,59.976931949250286,59.9882376004705,59.964021587047775,59.89817310286896,59.96089506843363]}
