{"practice":[0,0,0,0,0,0,0,0,0,0,0,0,0,0,0,0,0,0,0,0],"center_interval":[75,75,50,50,25,100,75,100,100,0,100,75,100,25,0,0,75,50,100,25],"image_pair":[3,4,1,3,4,1,4,3,3,1,3,4,4,2,2,4,1,4,2,2],"feature_space":[1,2,1,1,1,1,2,1,1,2,1,1,1,1,2,2,1,2,1,1],"left_img":[2,2,2,1,2,2,2,2,1,2,1,2,1,1,2,2,2,2,2,1],"img1Sample":[1,1,1,1,1,2,3,2,3,1,3,1,2,2,2,2,3,2,3,2],"img2Sample":[1,2,2,2,2,3,3,1,2,3,1,1,1,2,2,1,3,3,3,2],"stim_time":[2000,2000,2000,2000,2000,2000,2000,2000,2000,2000,2000,2000,2000,2000,2000,2000,2000,2000,2000,2000],"key":[50,49,49,49,49,50,49,50,49,50,49,49,50,49,50,50,49,50,50,49],"correct":[false,true,false,true,false,false,true,false,false,true,false,true,true,true,true,true,true,true,false,true],"right_img":[1,1,1,2,1,1,1,1,2,1,2,1,2,2,1,1,1,1,1,2],"img_choice":[1,2,2,1,2,1,2,1,1,1,1,2,2,1,1,1,2,1,1,1],"center_sample":[2,2,2,2,2,2,1,3,2,3,3,3,3,1,1,2,1,1,2,3],"left_sample":[1,2,2,1,2,3,3,1,3,3,3,1,2,2,2,1,3,3,3,2],"right_sample":[1,1,1,2,1,2,3,2,2,1,1,1,1,2,2,2,3,2,3,2],"exact_match":[0,0,0,0,0,0,0,0,1,0,0,0,0,0,0,1,0,0,0,0],"RT":[[0,0,0,1410.7000000476837,0,0],[0,0,0,1113.4000000953674,0,0],[0,0,0,1444.5,0,0],[0,0,0,1180.9000000953674,0,0],[0,0,0,2165.600000023842,0,0],[0,0,0,1242.2000000476837,0,0],[0,0,0,716.5,0,0],[0,0,0,1514.7000000476837,0,0],[0,0,0,1325.2000000476837,0,0],[0,0,0,1222.6000000238419,0,0],[0,0,0,1483.2999999523163,0,0],[0,0,0,1501.3000000715256,0,0],[0,0,0,1201.6000000238419,0,0],[0,0,0,1487.7999999523163,0,0],[0,0,0,1580.2999999523163,0,0],[0,0,0,1194.8000000715256,0,0],[0,0,0,2060.7999999523163,0,0],[0,0,0,2254.600000023842,0,0],[0,0,0,1589.1000000238419,0,0],[0,0,0,1603.3999999761581,0,0]],"response":[[0,0,0,1,0,0],[0,0,0,1,0,0],[0,0,0,1,0,0],[0,0,0,1,0,0],[0,0,0,1,0,0],[0,0,0,1,0,0],[0,0,0,1,0,0],[0,0,0,1,0,0],[0,0,0,1,0,0],[0,0,0,1,0,0],[0,0,0,1,0,0],[0,0,0,1,0,0],[0,0,0,1,0,0],[0,0,0,1,0,0],[0,0,0,1,0,0],[0,0,0,1,0,0],[0,0,0,1,0,0],[0,0,0,1,0,0],[0,0,0,1,0,0],[0,0,0,1,0,0]],"framerate":[59.98103366524419,59.926048705852345,59.97883100082324,59.97340091806231,59.936845069576826,59.979266425008625,59.932965973332855,59.97313944300702,59.97001499284949,59.9351115727127,59.97526312071365,59.9414525357296,59.96964192329371,59.93309793785026,59.971724356793146,59.985003749062734,59.936779014503465,59.980664128575675,59.92373342985548,59.97917703977638]}
