{"practice":[0,0,0,0,0,0,0,0,0,0,0,0,0,0,0,0,0,0,0,0],"center_interval":[75,100,25,25,25,100,100,75,25,25,0,100,0,0,100,0,50,50,50,100],"image_pair":[2,1,1,3,2,2,4,3,1,1,1,3,2,1,4,1,4,1,1,1],"feature_space":[2,2,2,1,2,1,1,2,2,2,1,2,1,2,2,1,1,1,2,2],"left_img":[1,2,1,1,2,1,1,2,2,2,1,2,2,1,1,2,2,1,1,2],"img1Sample":[1,2,2,2,2,3,2,3,3,1,2,3,3,3,1,2,1,2,3,3],"img2Sample":[1,3,3,2,1,2,3,1,2,3,2,3,1,2,3,2,3,3,3,3],"stim_time":[250,250,250,250,250,250,250,250,250,250,250,250,250,250,250,250,250,250,250,250],"key":[50,49,50,49,50,49,50,50,49,49,49,50,50,50,49,50,50,49,49,50],"correct":[true,true,false,true,true,false,true,false,false,false,true,false,true,false,false,true,true,true,true,false],"right_img":[2,1,2,2,1,2,2,1,1,1,2,1,1,2,2,1,1,2,2,1],"img_choice":[2,2,2,1,1,1,2,1,2,2,1,1,1,2,1,1,1,1,1,1],"center_sample":[2,2,1,2,2,1,2,1,3,2,2,2,2,2,1,3,1,2,1,1],"left_sample":[1,3,2,2,1,3,2,1,2,3,2,3,1,3,1,2,3,2,3,3],"right_sample":[1,2,3,2,2,2,3,3,3,1,2,3,3,2,3,2,1,3,3,3],"exact_match":[0,0,0,0,0,0,0,0,0,0,1,0,0,0,0,0,0,0,0,0],"RT":[[0,0,0,1158.6000000238419,0,0],[0,0,0,1372.8999999761581,0,0],[0,0,0,1492.8000000715256,0,0],[0,0,0,955.2000000476837,0,0],[0,0,0,1457.3999999761581,0,0],[0,0,0,984.5,0,0],[0,0,0,1380.7000000476837,0,0],[0,0,0,1325.8999999761581,0,0],[0,0,0,1404.1000000238419,0,0],[0,0,0,1070.7000000476837,0,0],[0,0,0,1232.2000000476837,0,0],[0,0,0,1316.6000000238419,0,0],[0,0,0,1192,0,0],[0,0,0,1248.7000000476837,0,0],[0,0,0,1172.3000000715256,0,0],[0,0,0,1215.5,0,0],[0,0,0,1540.9000000953674,0,0],[0,0,0,960.3000000715256,0,0],[0,0,0,1285.9000000953674,0,0],[0,0,0,1099.6999999284744,0,0]],"response":[[0,0,0,1,0,0],[0,0,0,1,0,0],[0,0,0,1,0,0],[0,0,0,1,0,0],[0,0,0,1,0,0],[0,0,0,1,0,0],[0,0,0,1,0,0],[0,0,0,1,0,0],[0,0,0,1,0,0],[0,0,0,1,0,0],[0,0,0,1,0,0],[0,0,0,1,0,0],[0,0,0,1,0,0],[0,0,0,1,0,0],[0,0,0,1,0,0],[0,0,0,1,0,0],[0,0,0,1,0,0],[0,0,0,1,0,0],[0,0,0,1,0,0],[0,0,0,1,0,0]],"framerate":[59.891025354295365,59.981101844036786,59.95062889329206,60.001983535936446,59.918257214282875,59.94202328684352,59.981101844036786,59.98070550971863,59.98702983022844,59.866126143785856,59.97131806465177,59.98141421028557,59.99466713942727,59.89323379999654,59.95257483142478,59.97265952160351,59.99999999999999,59.88616679039841,59.95152855199173,59.997209431454145]}
