{"practice":[0,0,0,0,0,0,0,0,0,0,0,0,0,0,0,0,0,0,0,0],"center_interval":[25,25,0,100,100,75,50,25,75,0,75,75,75,100,25,50,25,0,50,50],"image_pair":[2,3,3,4,3,3,3,3,4,2,1,1,1,1,1,3,4,2,2,4],"feature_space":[1,1,1,2,1,2,1,2,1,2,1,2,2,2,1,2,2,1,1,2],"left_img":[1,1,2,2,1,1,1,1,2,2,2,2,2,2,2,1,1,1,2,2],"img1Sample":[3,3,2,3,1,1,1,1,2,1,2,1,2,3,2,3,2,2,2,1],"img2Sample":[3,1,1,1,3,1,3,2,3,3,1,2,3,2,2,3,3,2,1,1],"stim_time":[2000,2000,2000,2000,2000,2000,2000,2000,2000,2000,2000,2000,2000,2000,2000,2000,2000,2000,2000,2000],"key":[50,50,50,49,49,49,49,50,50,49,49,50,50,49,50,50,50,50,50,50],"correct":[false,false,true,true,false,false,true,false,false,false,true,false,false,true,true,false,false,false,true,true],"right_img":[2,2,1,1,2,2,2,2,1,1,1,1,1,1,1,2,2,2,1,1],"img_choice":[2,2,1,2,1,1,1,2,1,2,2,1,1,2,1,2,2,2,1,1],"center_sample":[1,1,1,3,2,1,2,3,1,2,3,1,3,3,2,1,3,1,1,1],"left_sample":[3,3,1,1,1,1,1,1,3,3,1,2,3,2,2,3,2,2,1,1],"right_sample":[3,1,2,3,3,1,3,2,2,1,2,1,2,3,2,3,3,2,2,1],"exact_match":[0,0,0,0,0,0,0,0,0,0,0,0,0,0,0,0,0,0,0,0],"RT":[[0,0,0,1600.1000000238419,0,0],[0,0,0,1529.8000000715256,0,0],[0,0,0,1922.1000000238419,0,0],[0,0,0,1472.2000000476837,0,0],[0,0,0,2557,0,0],[0,0,0,2031.6000000238419,0,0],[0,0,0,1158.1000000238419,0,0],[0,0,0,1246.5,0,0],[0,0,0,1318.5,0,0],[0,0,0,1594.2000000476837,0,0],[0,0,0,1614.1000000238419,0,0],[0,0,0,1220.6999999284744,0,0],[0,0,0,921.3000000715256,0,0],[0,0,0,1422.2999999523163,0,0],[0,0,0,2004.6000000238419,0,0],[0,0,0,2478.600000023842,0,0],[0,0,0,1790.3999999761581,0,0],[0,0,0,1729.5,0,0],[0,0,0,1813,0,0],[0,0,0,1205.4000000953674,0,0]],"response":[[0,0,0,1,0,0],[0,0,0,1,0,0],[0,0,0,1,0,0],[0,0,0,1,0,0],[0,0,0,1,0,0],[0,0,0,1,0,0],[0,0,0,1,0,0],[0,0,0,1,0,0],[0,0,0,1,0,0],[0,0,0,1,0,0],[0,0,0,1,0,0],[0,0,0,1,0,0],[0,0,0,1,0,0],[0,0,0,1,0,0],[0,0,0,1,0,0],[0,0,0,1,0,0],[0,0,0,1,0,0],[0,0,0,1,0,0],[0,0,0,1,0,0],[0,0,0,1,0,0]],"framerate":[59.95911878264819,59.98246666326072,59.939638251318236,59.97246400552114,59.935969027144104,59.98303927795722,59.92094463642807,59.9837081283034,59.93836297930769,59.97546458169618,59.98053462024857,59.921927445805565,59.98607466238833,59.92827482102417,59.97219282290162,59.954986477570564,59.95828988467609,59.98588567427448,59.93335929786184,59.983075313781086]}
