{"practice":[0,0,0,0,0,0,0,0,0,0,0,0,0,0,0,0,0,0,0,0],"center_interval":[0,75,100,100,0,75,25,0,0,50,50,25,75,50,75,25,25,0,0,100],"image_pair":[1,1,2,1,3,1,3,1,2,1,2,1,2,2,1,2,3,2,4,3],"feature_space":[2,2,2,2,2,1,2,1,1,1,1,1,1,2,1,1,1,1,2,2],"left_img":[2,1,2,2,2,2,1,1,1,2,1,1,2,1,1,1,1,2,1,1],"img1Sample":[2,1,2,2,3,3,3,3,2,1,3,2,3,3,2,2,3,3,2,2],"img2Sample":[3,1,1,2,3,3,1,1,3,2,2,2,2,2,1,3,2,3,1,1],"stim_time":[250,250,250,250,250,250,250,250,250,250,250,250,250,250,250,250,250,250,250,250],"key":[49,50,49,49,50,49,50,49,50,50,49,50,50,49,49,50,49,50,49,49],"correct":[false,true,true,true,true,true,false,true,false,true,true,false,false,true,false,false,true,true,true,false],"right_img":[1,2,1,1,1,1,2,2,2,1,2,2,1,2,2,2,2,1,2,2],"img_choice":[2,2,2,2,1,2,2,1,2,1,1,2,1,1,1,2,1,1,1,1],"center_sample":[1,3,2,1,3,1,1,2,3,1,2,1,2,3,3,3,1,3,1,2],"left_sample":[3,1,1,2,3,3,3,3,2,2,3,2,2,3,2,2,3,3,2,2],"right_sample":[2,1,2,2,3,3,1,1,3,1,2,2,3,2,1,3,2,3,1,1],"exact_match":[0,0,0,0,1,0,0,0,0,0,0,0,0,0,0,0,0,1,0,0],"RT":[[0,0,0,1281.2999999523163,0,0],[0,0,0,1084.1999999284744,0,0],[0,0,0,1476.6999999284744,0,0],[0,0,0,1408.5,0,0],[0,0,0,1482.7999999523163,0,0],[0,0,0,1328.3000000715256,0,0],[0,0,0,1306.5,0,0],[0,0,0,1085.1000000238419,0,0],[0,0,0,1527.3999999761581,0,0],[0,0,0,1649.8999999761581,0,0],[0,0,0,1113.5,0,0],[0,0,0,1496.5,0,0],[0,0,0,1239.1000000238419,0,0],[0,0,0,1369.3999999761581,0,0],[0,0,0,1325.3000000715256,0,0],[0,0,0,961.2999999523163,0,0],[0,0,0,1455.3000000715256,0,0],[0,0,0,1372.5,0,0],[0,0,0,1301,0,0],[0,0,0,1431.6000000238419,0,0]],"response":[[0,0,0,1,0,0],[0,0,0,1,0,0],[0,0,0,1,0,0],[0,0,0,1,0,0],[0,0,0,1,0,0],[0,0,0,1,0,0],[0,0,0,1,0,0],[0,0,0,1,0,0],[0,0,0,1,0,0],[0,0,0,1,0,0],[0,0,0,1,0,0],[0,0,0,1,0,0],[0,0,0,1,0,0],[0,0,0,1,0,0],[0,0,0,1,0,0],[0,0,0,1,0,0],[0,0,0,1,0,0],[0,0,0,1,0,0],[0,0,0,1,0,0],[0,0,0,1,0,0]],"framerate":[59.99057290874552,59.97768272403754,59.90619950453496,59.95300980254825,60.01882943556334,59.92038550178085,59.9231970309685,59.972105997210605,59.9729154575353,59.98222748656315,59.9658655848654,59.9271473888885,59.984351907576226,59.96385740219291,59.96812882603802,59.86542648143772,59.996821358752655,59.99096026802436,59.94897959183673,59.89708956366455]}
