{"practice":[0,0,0,0,0,0,0,0,0,0,0,0,0,0,0,0,0,0,0,0],"center_interval":[75,100,25,0,25,100,75,0,0,75,0,100,0,75,50,75,75,50,75,50],"image_pair":[3,4,4,1,1,3,3,3,3,1,1,4,1,3,1,3,3,4,3,1],"feature_space":[1,1,1,1,2,2,2,2,1,1,2,2,1,1,2,1,1,1,1,2],"left_img":[2,2,2,1,1,2,2,2,1,2,1,1,1,2,2,2,1,1,1,1],"img1Sample":[2,3,1,2,2,2,2,2,3,1,2,1,3,2,1,3,3,3,3,1],"img2Sample":[2,1,2,1,2,1,1,3,1,1,1,1,2,1,1,3,1,3,1,3],"stim_time":[250,250,250,250,250,250,250,250,250,250,250,250,250,250,250,250,250,250,250,250],"key":[49,49,49,49,49,49,49,49,49,49,49,49,49,49,49,49,49,49,50,50],"correct":[true,true,false,true,true,true,true,false,true,true,true,false,true,true,false,true,false,true,true,false],"right_img":[1,1,1,2,2,1,1,1,2,1,2,2,2,1,1,1,2,2,2,2],"img_choice":[2,2,2,1,1,2,2,2,1,2,1,1,1,2,2,2,1,1,2,2],"center_sample":[1,2,2,1,1,2,1,2,2,2,1,1,2,3,2,3,2,2,2,2],"left_sample":[2,1,2,2,2,1,1,3,3,1,2,1,3,1,1,3,3,3,3,1],"right_sample":[2,3,1,1,2,2,2,2,1,1,1,1,2,2,1,3,1,3,1,3],"exact_match":[0,0,0,0,0,0,0,1,0,0,0,1,0,0,0,0,0,0,0,0],"RT":[[0,0,0,596.6999999992549,0,0],[0,0,0,1096.4000000003725,0,0],[0,0,0,862.6999999992549,0,0],[0,0,0,836,0,0],[0,0,0,853.8000000007451,0,0],[0,0,0,2491.4000000003725,0,0],[0,0,0,159,0,0],[0,0,0,649.5,0,0],[0,0,0,2360,0,0],[0,0,0,240.30000000074506,0,0],[0,0,0,1414.5999999996275,0,0],[0,0,0,2019.2999999988824,0,0],[0,0,0,415.80000000074506,0,0],[0,0,0,1883.5999999996275,0,0],[0,0,0,1.900000000372529,0,0],[0,0,0,4147.299999998882,0,0],[0,0,0,1919.800000000745,0,0],[0,0,0,1523,0,0],[0,0,0,2675,0,0],[0,0,0,1516.2000000011176,0,0]],"response":[[0,0,0,1,0,0],[0,0,0,1,0,0],[0,0,0,1,0,0],[0,0,0,1,0,0],[0,0,0,1,0,0],[0,0,0,1,0,0],[0,0,0,1,0,0],[0,0,0,1,0,0],[0,0,0,1,0,0],[0,0,0,1,0,0],[0,0,0,1,0,0],[0,0,0,1,0,0],[0,0,0,1,0,0],[0,0,0,1,0,0],[0,0,0,1,0,0],[0,0,0,1,0,0],[0,0,0,1,0,0],[0,0,0,1,0,0],[0,0,0,1,0,0],[0,0,0,1,0,0]],"framerate":[26.973565905430767,23.113207547169814,24.147447269846744,25.55366269166678,21.073758153537383,21.35582083013691,27.30485062638089,25.753585016095993,22.845092698364386,26.548037597740066,22.19621453651603,21.64222494992696,24.85723883103796,22.04211739970558,25.416548997485084,20.331050885163567,20.357762648509016,22.006022700956063,20.025098122976818,21.844939255748443]}
