{"practice":[0,0,0,0,0,0,0,0,0,0,0,0,0,0,0,0,0,0,0,0],"center_interval":[100,50,100,50,25,100,25,25,75,25,75,0,50,100,25,0,0,50,75,75],"image_pair":[1,4,3,2,2,3,3,4,3,1,1,4,4,4,3,4,1,2,3,2],"feature_space":[2,2,1,2,1,1,2,2,1,1,2,2,2,1,2,2,2,2,1,1],"left_img":[2,2,1,1,2,1,1,1,1,1,2,2,2,1,1,2,1,2,2,1],"img1Sample":[1,1,3,3,3,1,1,3,1,1,1,1,3,1,1,1,2,3,2,1],"img2Sample":[3,3,2,2,1,1,2,2,3,3,1,3,3,2,1,1,2,2,3,1],"stim_time":[250,250,250,250,250,250,250,250,250,250,250,250,250,250,250,250,250,250,250,250],"key":[50,50,50,49,49,49,49,49,49,49,49,49,49,49,49,49,49,49,49,50],"correct":[false,true,true,true,false,false,true,true,false,true,true,false,false,false,true,false,true,false,true,true],"right_img":[1,1,2,2,1,2,2,2,2,2,1,1,1,2,2,1,2,1,1,2],"img_choice":[1,1,2,1,2,1,1,1,1,1,2,2,2,1,1,2,1,2,2,2],"center_sample":[3,3,1,1,2,1,1,2,1,3,1,1,3,3,3,2,1,1,2,2],"left_sample":[3,3,3,3,1,1,1,3,1,1,1,3,3,1,1,1,2,2,3,1],"right_sample":[1,1,2,2,3,1,2,2,3,3,1,1,3,2,1,1,2,3,2,1],"exact_match":[1,0,0,0,0,1,0,0,0,0,0,1,0,0,0,0,0,0,0,0],"RT":[[0,0,0,308.5,0,0],[0,0,0,2117,0,0],[0,0,0,3777.7999999988824,0,0],[0,0,0,3091.199999999255,0,0],[0,0,0,1246.2999999988824,0,0],[0,0,0,584.1999999992549,0,0],[0,0,0,886.6999999992549,0,0],[0,0,0,258.6000000014901,0,0],[0,0,0,621.0999999996275,0,0],[0,0,0,2007,0,0],[0,0,0,31,0,0],[0,0,0,2679.0999999996275,0,0],[0,0,0,154.90000000037253,0,0],[0,0,0,1817.4000000003725,0,0],[0,0,0,1301.800000000745,0,0],[0,0,0,352.19999999925494,0,0],[0,0,0,647,0,0],[0,0,0,1463.300000000745,0,0],[0,0,0,1316.300000000745,0,0],[0,0,0,611.3000000007451,0,0]],"response":[[0,0,0,1,0,0],[0,0,0,1,0,0],[0,0,0,1,0,0],[0,0,0,1,0,0],[0,0,0,1,0,0],[0,0,0,1,0,0],[0,0,0,1,0,0],[0,0,0,1,0,0],[0,0,0,1,0,0],[0,0,0,1,0,0],[0,0,0,1,0,0],[0,0,0,1,0,0],[0,0,0,1,0,0],[0,0,0,1,0,0],[0,0,0,1,0,0],[0,0,0,1,0,0],[0,0,0,1,0,0],[0,0,0,1,0,0],[0,0,0,1,0,0],[0,0,0,1,0,0]],"framerate":[27.81740370898716,22.29199372056515,20.450320181780626,21.11536025150371,24.171270718243704,24.691358024691358,22.345233863169316,27.214058004828658,22.77771288401879,21.140961425879098,27.680383834636814,20.24399339406933,23.927392739273927,21.282438555532135,23.50274898225438,24.752475247524753,23.895558922941017,22.026431718058447,22.646257076955337,18.006122081511737]}
