{"practice":[1,1,1,1,1],"center_interval":[100,100,75,0,25],"image_pair":[2,3,4,2,2],"feature_space":[2,2,1,2,1],"left_img":[1,2,1,1,1],"img1Sample":[3,3,2,1,1],"img2Sample":[1,2,2,1,2],"stim_time":[2000,2000,2000,2000,2000],"key":[32,97,107,null,49],"correct":[null,null,null,null,true],"right_img":[2,1,2,2,2],"img_choice":[null,null,null,null,1],"center_sample":[2,1,1,3,3],"left_sample":[3,2,2,1,1],"right_sample":[1,3,2,1,2],"exact_match":[0,0,0,0,0],"RT":[[0,0,0,4396.5,0,0],[0,0,0,3079.699999999255,0,0],[0,0,0,616.7000000011176,0,0],[0,0,0,0,0,0],[0,0,0,1864.199999999255,0,0]],"response":[[0,0,0,1,0,0],[0,0,0,1,0,0],[0,0,0,1,0,0],[0,0,0,1,0,0],[0,0,0,1,0,0]],"framerate":[21.563823814624598,21.61235868842499,21.468551128375804,20.87815559318249,21.588480386867303]}
