{"practice":[0,0,0,0,0,0,0,0,0,0,0,0,0,0,0,0,0,0,0,0],"center_interval":[75,100,25,25,75,100,75,75,0,75,0,50,25,25,50,50,0,75,0,75],"image_pair":[3,1,4,4,4,1,4,4,4,2,3,1,3,1,2,4,3,3,3,4],"feature_space":[1,1,1,1,1,1,2,2,1,2,1,2,2,1,2,1,2,2,1,2],"left_img":[1,2,1,1,2,2,2,2,1,2,1,1,2,2,2,2,2,1,1,2],"img1Sample":[3,2,3,1,2,2,1,3,2,1,1,2,3,3,2,2,1,3,1,2],"img2Sample":[2,1,1,2,1,3,1,1,3,1,2,1,2,3,1,1,1,1,1,1],"stim_time":[250,250,250,250,250,250,250,250,250,250,250,250,250,250,250,250,250,250,250,250],"key":[49,49,50,49,50,49,50,50,50,49,49,50,50,50,49,49,49,50,50,50],"correct":[false,true,false,true,false,true,false,false,false,true,true,false,true,true,false,false,false,true,false,false],"right_img":[2,1,2,2,1,1,1,1,2,1,2,2,1,1,1,1,1,2,2,1],"img_choice":[1,2,2,1,1,2,1,1,2,2,1,2,1,1,2,2,2,2,2,1],"center_sample":[2,2,1,1,3,3,3,1,1,3,2,1,3,3,3,1,2,3,1,3],"left_sample":[3,1,3,1,1,3,1,1,2,1,1,2,2,3,1,1,1,3,1,1],"right_sample":[2,2,1,2,2,2,1,3,3,1,2,1,3,3,2,2,1,1,1,2],"exact_match":[0,0,0,0,0,1,0,0,0,0,0,0,0,0,0,0,0,0,1,0],"RT":[[0,0,0,2342,0,0],[0,0,0,695.3999999985099,0,0],[0,0,0,65.30000000074506,0,0],[0,0,0,225.80000000074506,0,0],[0,0,0,108.70000000111759,0,0],[0,0,0,51.30000000074506,0,0],[0,0,0,35.19999999925494,0,0],[0,0,0,195.69999999925494,0,0],[0,0,0,486.69999999925494,0,0],[0,0,0,108.09999999962747,0,0],[0,0,0,89.90000000037253,0,0],[0,0,0,16.90000000037253,0,0],[0,0,0,279.5,0,0],[0,0,0,6.599999999627471,0,0],[0,0,0,133.5,0,0],[0,0,0,139.5,0,0],[0,0,0,99,0,0],[0,0,0,93.5,0,0],[0,0,0,52.69999999925494,0,0],[0,0,0,115.10000000149012,0,0]],"response":[[0,0,0,1,0,0],[0,0,0,1,0,0],[0,0,0,1,0,0],[0,0,0,1,0,0],[0,0,0,1,0,0],[0,0,0,1,0,0],[0,0,0,1,0,0],[0,0,0,1,0,0],[0,0,0,1,0,0],[0,0,0,1,0,0],[0,0,0,1,0,0],[0,0,0,1,0,0],[0,0,0,1,0,0],[0,0,0,1,0,0],[0,0,0,1,0,0],[0,0,0,1,0,0],[0,0,0,1,0,0],[0,0,0,1,0,0],[0,0,0,1,0,0],[0,0,0,1,0,0]],"framerate":[17.150893561550173,11.981985704257072,17.429193899782135,18.114574684876782,16.668055671300767,18.148820326672308,17.064846416387418,16.465422612508913,18.722835172183217,17.131287961386672,16.300617707623605,20.115205266505914,16.62636033858252,19.113149847087996,15.547009246383922,17.119100024466256,19.643009650689795,16.3160154572778,17.63046544428194,17.787565644593112]}
