{"practice":[0,0,0,0,0,0,0,0,0,0,0,0,0,0,0,0,0,0,0,0],"center_interval":[50,25,50,75,100,50,0,50,50,50,100,25,75,0,100,25,75,100,0,75],"image_pair":[3,2,4,3,3,1,1,3,4,2,4,4,3,1,1,3,2,3,2,4],"feature_space":[2,2,1,1,2,1,2,2,2,1,1,1,1,1,1,2,2,1,1,1],"left_img":[2,1,1,2,2,1,2,1,2,1,1,2,2,1,2,1,2,2,2,2],"img1Sample":[3,1,1,2,2,1,2,1,1,2,2,2,3,2,1,1,2,1,1,1],"img2Sample":[3,2,2,2,1,2,3,2,2,3,2,3,2,1,1,1,2,2,1,1],"stim_time":[2000,2000,2000,2000,2000,2000,2000,2000,2000,2000,2000,2000,2000,2000,2000,2000,2000,2000,2000,2000],"key":[49,49,49,49,49,49,49,49,49,49,49,49,49,49,50,50,49,49,49,50],"correct":[false,true,true,true,true,true,false,true,false,true,false,false,true,true,false,false,true,true,false,false],"right_img":[1,2,2,1,1,2,1,2,1,2,2,1,1,2,1,2,1,1,1,1],"img_choice":[2,1,1,2,2,1,2,1,2,1,1,2,2,1,1,2,2,2,2,1],"center_sample":[2,3,2,2,3,2,3,1,1,1,1,1,2,1,3,3,2,2,2,2],"left_sample":[3,1,1,2,1,1,3,1,2,2,2,3,2,2,1,1,2,2,1,1],"right_sample":[3,2,2,2,2,2,2,2,1,3,2,2,3,1,1,1,2,1,1,1],"exact_match":[0,0,0,0,0,0,0,0,0,0,0,0,0,0,0,0,0,1,0,0],"RT":[[0,0,0,174.09999999962747,0,0],[0,0,0,924,0,0],[0,0,0,1701.6000000014901,0,0],[0,0,0,1377.0999999996275,0,0],[0,0,0,1520.3999999985099,0,0],[0,0,0,205.10000000149012,0,0],[0,0,0,688.3000000007451,0,0],[0,0,0,93.29999999888241,0,0],[0,0,0,3504.800000000745,0,0],[0,0,0,2445.0999999996275,0,0],[0,0,0,1480.800000000745,0,0],[0,0,0,580.5999999996275,0,0],[0,0,0,4449.5999999996275,0,0],[0,0,0,453.80000000074506,0,0],[0,0,0,25.09999999962747,0,0],[0,0,0,3095.9000000003725,0,0],[0,0,0,820.4000000003725,0,0],[0,0,0,204.30000000074506,0,0],[0,0,0,1683.0999999996275,0,0],[0,0,0,499.7999999988824,0,0]],"response":[[0,0,0,1,0,0],[0,0,0,1,0,0],[0,0,0,1,0,0],[0,0,0,1,0,0],[0,0,0,1,0,0],[0,0,0,1,0,0],[0,0,0,1,0,0],[0,0,0,1,0,0],[0,0,0,1,0,0],[0,0,0,1,0,0],[0,0,0,1,0,0],[0,0,0,1,0,0],[0,0,0,1,0,0],[0,0,0,1,0,0],[0,0,0,1,0,0],[0,0,0,1,0,0],[0,0,0,1,0,0],[0,0,0,1,0,0],[0,0,0,1,0,0],[0,0,0,1,0,0]],"framerate":[26.674770394384772,21.568366395952605,23.592254618295126,23.44609789941685,22.28101935663749,26.495698537833196,24.591804638131357,25.618833304483296,21.290017347421543,21.956390066621644,22.985303336353596,24.697165706226745,20.9101414185848,23.779037863550307,25.070621468926557,20.978902668038735,23.655618209324714,23.815036549474616,21.01212067592155,25.476561563373085]}
