{"practice":[0,0,0,0,0,0,0,0,0,0,0,0,0,0,0,0,0,0,0,0],"center_interval":[0,25,0,0,100,75,100,25,75,25,100,50,75,100,75,75,100,50,25,0],"image_pair":[2,4,2,1,2,2,3,4,2,3,2,1,2,1,2,3,1,3,2,4],"feature_space":[2,1,2,2,1,2,2,1,2,1,1,1,2,2,2,2,1,2,2,2],"left_img":[1,2,1,2,2,2,2,2,2,1,1,2,2,2,2,2,1,2,2,2],"img1Sample":[2,1,3,2,2,2,3,1,1,2,1,2,2,1,2,2,1,3,3,1],"img2Sample":[2,1,2,3,2,2,3,1,2,3,3,1,1,2,3,1,1,1,2,2],"key":[49,50,49,49,50,49,50,50,49,49,49,50,49,49,null,49,49,49,49,50],"correct":[true,true,true,false,false,true,false,true,true,true,false,true,true,true,null,true,false,false,false,true],"right_img":[2,1,2,1,1,1,1,1,1,2,2,1,1,1,1,1,2,1,1,1],"img_choice":[1,1,1,2,1,2,1,1,2,1,1,1,2,2,null,2,1,2,2,1],"center_sample":[3,3,1,3,1,2,1,1,1,2,1,2,2,1,2,2,3,2,2,2],"left_sample":[2,1,3,3,2,2,3,1,2,2,1,1,1,2,3,1,1,1,2,2],"right_sample":[2,1,2,2,2,2,3,1,1,3,3,2,2,1,2,2,1,3,3,1],"RT":[[0,0,0,1340,0,0],[0,0,0,1308,0,0],[0,0,0,1599,0,0],[0,0,0,1938,0,0],[0,0,0,1359,0,0],[0,0,0,245,0,0],[0,0,0,1611,0,0],[0,0,0,216,0,0],[0,0,0,649,0,0],[0,0,0,849,0,0],[0,0,0,1067,0,0],[0,0,0,881,0,0],[0,0,0,547,0,0],[0,0,0,2567,0,0],[0,0,0,0,0,0],[0,0,0,163,0,0],[0,0,0,1066,0,0],[0,0,0,838,0,0],[0,0,0,569,0,0],[0,0,0,947,0,0]],"response":[[0,0,0,1,0,0],[0,0,0,1,0,0],[0,0,0,1,0,0],[0,0,0,1,0,0],[0,0,0,1,0,0],[0,0,0,1,0,0],[0,0,0,1,0,0],[0,0,0,1,0,0],[0,0,0,1,0,0],[0,0,0,1,0,0],[0,0,0,1,0,0],[0,0,0,1,0,0],[0,0,0,1,0,0],[0,0,0,1,0,0],[0,0,0,1,0,0],[0,0,0,1,0,0],[0,0,0,1,0,0],[0,0,0,1,0,0],[0,0,0,1,0,0],[0,0,0,1,0,0]],"framerate":[29.829203752706277,30.060606060606062,29.952348536419336,29.696714406065713,30.794939126283122,31.32137030995106,29.99548940009021,31.322123310253875,29.997115661955583,30.63160748170236,28.39442436757873,31.173759826511247,31.426030240142307,29.953488372093027,28.414181492384486,30.63973063973064,27.096774193548388,30.087527352297595,31.12033195020747,30.92508664356172]}
