{"practice":[0,0,0,0,0,0,0,0,0,0,0,0,0,0,0,0,0,0,0,0],"center_interval":[75,75,25,0,100,75,100,50,25,25,75,75,25,100,50,100,100,25,50,75],"image_pair":[4,2,1,3,2,4,3,2,3,3,3,2,3,1,1,1,3,2,4,4],"feature_space":[2,1,2,1,1,1,1,2,2,1,1,2,1,1,2,1,2,2,2,2],"left_img":[1,2,2,1,2,1,1,2,1,1,2,1,2,1,2,2,1,1,2,2],"img1Sample":[1,1,1,3,3,3,3,3,2,3,1,3,3,1,2,1,2,2,1,1],"img2Sample":[3,3,1,1,1,1,2,1,3,2,3,2,3,1,2,3,1,2,1,2],"key":[49,49,49,50,49,50,49,49,49,49,50,50,49,50,50,50,49,49,50,49],"correct":[false,true,false,false,true,true,false,false,true,true,false,true,false,true,true,false,false,true,true,true],"right_img":[2,1,1,2,1,2,2,1,2,2,1,2,1,2,1,1,2,2,1,1],"img_choice":[1,2,2,2,2,2,1,2,1,1,1,2,2,2,1,1,1,1,1,2],"center_sample":[2,3,1,1,3,2,1,2,1,3,3,1,3,2,3,1,2,1,1,2],"left_sample":[1,3,1,3,1,3,3,1,2,3,3,3,3,1,2,3,2,2,1,2],"right_sample":[3,1,1,1,3,1,2,3,3,2,1,2,3,1,2,1,1,2,1,1],"RT":[[0,0,0,917,0,0],[0,0,0,1074,0,0],[0,0,0,1321,0,0],[0,0,0,987,0,0],[0,0,0,839,0,0],[0,0,0,1396,0,0],[0,0,0,1121,0,0],[0,0,0,1292,0,0],[0,0,0,1214,0,0],[0,0,0,1041,0,0],[0,0,0,912,0,0],[0,0,0,1204,0,0],[0,0,0,1011,0,0],[0,0,0,1184,0,0],[0,0,0,1125,0,0],[0,0,0,1125,0,0],[0,0,0,1128,0,0],[0,0,0,1054,0,0],[0,0,0,1137,0,0],[0,0,0,1387,0,0]],"response":[[0,0,0,1,0,0],[0,0,0,1,0,0],[0,0,0,1,0,0],[0,0,0,1,0,0],[0,0,0,1,0,0],[0,0,0,1,0,0],[0,0,0,1,0,0],[0,0,0,1,0,0],[0,0,0,1,0,0],[0,0,0,1,0,0],[0,0,0,1,0,0],[0,0,0,1,0,0],[0,0,0,1,0,0],[0,0,0,1,0,0],[0,0,0,1,0,0],[0,0,0,1,0,0],[0,0,0,1,0,0],[0,0,0,1,0,0],[0,0,0,1,0,0],[0,0,0,1,0,0]],"framerate":[29.846732992739984,29.419354838709676,29.825412221144518,30.42223970626803,26.531728665207876,30.346135609293505,30.21071337903021,29.56266796970437,30.257936507936506,30.69719042663892,31.199569661108125,30.50595238095238,30.69254984260231,30.749999999999996,29.45657694261046,31.25,30.726256983240223,30.709677419354836,29.23387096774194,30.33175355450237]}
