{"practice":[0,0,0,0,0,0,0,0,0,0,0,0,0,0,0,0,0,0,0,0],"center_interval":[25,0,0,50,25,100,100,75,50,25,100,100,50,75,75,75,50,75,25,25],"image_pair":[4,1,2,1,3,1,2,4,1,1,1,2,2,1,1,2,1,1,4,4],"feature_space":[1,1,1,1,1,1,1,2,2,1,1,2,1,2,2,2,1,1,1,2],"left_img":[1,2,1,2,2,1,2,1,1,2,1,2,1,2,2,2,1,1,2,1],"img1Sample":[3,2,3,3,1,1,2,3,3,3,2,2,3,3,1,1,1,1,3,1],"img2Sample":[3,3,3,3,2,3,3,2,3,2,3,3,3,2,2,3,2,1,1,2],"key":[49,49,50,50,50,49,50,50,49,49,49,49,49,49,50,50,49,49,50,49],"correct":[true,false,false,true,true,false,false,true,true,false,false,true,true,true,false,false,true,false,true,true],"right_img":[2,1,2,1,1,2,1,2,2,1,2,1,2,1,1,1,2,2,1,2],"img_choice":[1,2,2,1,1,1,1,2,1,2,1,2,1,2,1,1,1,1,1,1],"center_sample":[2,1,1,3,2,1,2,1,2,3,1,1,1,3,3,2,3,2,1,3],"left_sample":[3,3,3,3,2,1,3,3,3,2,2,3,3,2,2,3,1,1,1,1],"right_sample":[3,2,3,3,1,3,2,2,3,3,3,2,3,3,1,1,2,1,3,2],"RT":[[0,0,0,897,0,0],[0,0,0,970,0,0],[0,0,0,1225,0,0],[0,0,0,845,0,0],[0,0,0,909,0,0],[0,0,0,1114,0,0],[0,0,0,1045,0,0],[0,0,0,940,0,0],[0,0,0,1005,0,0],[0,0,0,914,0,0],[0,0,0,956,0,0],[0,0,0,1417,0,0],[0,0,0,1230,0,0],[0,0,0,1280,0,0],[0,0,0,1603,0,0],[0,0,0,1812,0,0],[0,0,0,1163,0,0],[0,0,0,943,0,0],[0,0,0,1258,0,0],[0,0,0,2047,0,0]],"response":[[0,0,0,1,0,0],[0,0,0,1,0,0],[0,0,0,1,0,0],[0,0,0,1,0,0],[0,0,0,1,0,0],[0,0,0,1,0,0],[0,0,0,1,0,0],[0,0,0,1,0,0],[0,0,0,1,0,0],[0,0,0,1,0,0],[0,0,0,1,0,0],[0,0,0,1,0,0],[0,0,0,1,0,0],[0,0,0,1,0,0],[0,0,0,1,0,0],[0,0,0,1,0,0],[0,0,0,1,0,0],[0,0,0,1,0,0],[0,0,0,1,0,0],[0,0,0,1,0,0]],"framerate":[30.76092822450081,29.62179317640836,30.257936507936506,30.103995621237,30.645161290322584,30.726256983240223,30.451612903225804,29.49774116396492,30.263157894736846,30.12372243141474,30.68783068783069,29.647058823529413,29.265873015873016,29.54822954822955,28.38328792007266,28.602383531961,29.707832064817087,29.86666666666667,30.519320698990892,29.527152591368985]}
