{"practice":[1,1,1,1,1],"center_interval":[25,75,75,0,50],"image_pair":[3,3,3,3,3],"feature_space":[2,1,1,1,1],"left_img":[1,2,1,1,1],"img1Sample":[1,1,3,3,3],"img2Sample":[3,1,1,1,3],"key":[49,49,50,49,49],"correct":[true,true,true,true,true],"right_img":[2,1,2,2,2],"img_choice":[1,2,2,1,1],"center_sample":[3,2,1,2,2],"left_sample":[1,1,3,3,3],"right_sample":[3,1,1,1,3],"RT":[[0,2147,0,0],[0,183,0,0],[0,233,0,0],[0,36,0,0],[0,185,0,0]],"response":[[0,1,0,0],[0,1,0,0],[0,1,0,0],[0,1,0,0],[0,1,0,0]],"framerate":[21.88733405095084,22.69861286254729,20.97902097902098,25.954198473282442,23.427866831072752]}
