{"practice":[0,0,0,0,0,0,0,0,0,0,0,0,0,0,0,0,0,0,0,0],"center_interval":[25,100,25,50,50,100,0,75,100,25,75,25,75,25,75,75,75,25,75,0],"image_pair":[1,2,3,2,4,3,3,2,4,3,2,3,1,1,3,3,1,3,2,3],"feature_space":[1,1,1,2,1,1,1,1,1,1,2,1,1,1,2,2,2,1,1,2],"left_img":[2,2,2,1,2,2,1,1,1,1,1,2,2,2,2,2,1,2,1,2],"img1Sample":[1,1,2,2,2,3,3,3,2,2,3,2,3,3,3,1,1,3,2,2],"img2Sample":[1,3,1,3,2,2,2,1,1,1,3,1,1,3,3,2,1,1,2,3],"key":[49,50,50,49,50,50,49,49,50,49,49,49,49,49,49,49,50,49,49,50],"correct":[false,false,true,true,true,false,true,false,true,true,false,false,true,false,true,true,true,false,false,true],"right_img":[1,1,1,2,1,1,2,2,2,2,2,1,1,1,1,1,2,1,2,1],"img_choice":[2,1,1,1,1,1,1,1,2,1,1,2,2,2,2,2,2,2,1,1],"center_sample":[2,2,2,2,3,3,2,2,3,2,2,3,1,1,1,3,1,1,2,3],"left_sample":[1,3,1,2,2,2,3,3,2,2,3,1,1,3,3,2,1,1,2,3],"right_sample":[1,1,2,3,2,3,2,1,1,1,3,2,3,3,3,1,1,3,2,2],"RT":[[0,0,0,40.700000047683716,0,0],[0,0,0,116.39999985694885,0,0],[0,0,0,91.89999985694885,0,0],[0,0,0,86.79999995231628,0,0],[0,0,0,137.20000004768372,0,0],[0,0,0,38.19999980926514,0,0],[0,0,0,96.69999980926514,0,0],[0,0,0,73.29999995231628,0,0],[0,0,0,292.2999999523163,0,0],[0,0,0,54.90000009536743,0,0],[0,0,0,88.59999990463257,0,0],[0,0,0,38.40000009536743,0,0],[0,0,0,108.79999995231628,0,0],[0,0,0,86.30000019073486,0,0],[0,0,0,87.19999980926514,0,0],[0,0,0,79.70000004768372,0,0],[0,0,0,83.90000009536743,0,0],[0,0,0,12.299999952316284,0,0],[0,0,0,99.09999990463257,0,0],[0,0,0,36.5,0,0]],"response":[[0,0,0,1,0,0],[0,0,0,1,0,0],[0,0,0,1,0,0],[0,0,0,1,0,0],[0,0,0,1,0,0],[0,0,0,1,0,0],[0,0,0,1,0,0],[0,0,0,1,0,0],[0,0,0,1,0,0],[0,0,0,1,0,0],[0,0,0,1,0,0],[0,0,0,1,0,0],[0,0,0,1,0,0],[0,0,0,1,0,0],[0,0,0,1,0,0],[0,0,0,1,0,0],[0,0,0,1,0,0],[0,0,0,1,0,0],[0,0,0,1,0,0],[0,0,0,1,0,0]],"framerate":[59.94531304975,59.93561202919992,59.95245150496459,59.942124841038634,59.94919559695174,58.5205172271654,59.9483204134367,59.95494714954081,59.93426564229047,59.951202509585215,59.93593055895971,59.96633468628901,59.95203836930456,59.93417633812575,59.944189891184635,59.957025025499725,59.93417633812575,59.91420569260931,59.977250010589046,59.96002664689567]}
