{"practice":[1,1,1,1,1],"center_interval":[0,50,75,0,0],"image_pair":[2,2,1,3,2],"feature_space":[2,2,2,2,1],"left_img":[2,2,2,1,2],"img1Sample":[3,2,1,1,2],"img2Sample":[2,2,2,1,2],"key":[null,49,50,49,49],"correct":[null,false,false,true,false],"right_img":[1,1,1,2,1],"img_choice":[null,2,1,1,2],"center_sample":[1,3,1,2,1],"left_sample":[2,2,2,1,2],"right_sample":[3,2,1,1,2],"RT":[[0,0,0,0,0,0],[0,0,0,740.7000000476837,0,0],[0,0,0,14.900000095367432,0,0],[0,0,0,122.29999995231628,0,0],[0,0,0,4.099999904632568,0,0]],"response":[[0,0,0,1,0,0],[0,0,0,1,0,0],[0,0,0,1,0,0],[0,0,0,1,0,0],[0,0,0,1,0,0]],"framerate":[59.43536404196779,59.9409033347404,59.956717634775266,59.947545900260764,59.94821041872383]}
