{"practice":[0,0,0,0,0,0,0,0,0,0,0,0,0,0,0,0,0,0,0,0],"center_interval":[75,25,100,25,0,75,50,75,0,50,75,50,25,25,100,100,100,100,75,25],"image_pair":[4,2,1,1,3,1,2,4,1,3,3,4,3,3,1,4,2,3,2,1],"feature_space":[1,1,1,2,1,1,1,2,2,1,2,2,2,1,1,1,2,1,1,1],"left_img":[1,2,2,2,1,2,1,1,1,2,2,2,1,1,2,1,1,1,1,1],"img1Sample":[2,1,2,3,2,3,1,3,2,3,2,3,2,3,1,3,2,1,2,3],"img2Sample":[3,3,3,2,1,2,3,3,1,3,3,2,2,1,1,1,1,2,2,2],"key":[50,50,49,50,50,49,49,50,49,49,50,50,50,49,50,49,50,50,49,49],"correct":[true,true,true,true,false,true,true,true,true,false,false,true,false,true,false,false,true,true,false,true],"right_img":[2,1,1,1,2,1,2,2,2,1,1,1,2,2,1,2,2,2,2,2],"img_choice":[2,1,2,1,2,2,1,2,1,2,1,1,2,1,1,1,2,2,1,1],"center_sample":[1,2,1,3,1,1,2,2,1,1,2,3,3,1,2,3,2,1,1,3],"left_sample":[2,3,3,2,2,2,1,3,2,3,3,2,2,3,1,3,2,1,2,3],"right_sample":[3,1,2,3,1,3,3,3,1,3,2,3,2,1,1,1,1,2,2,2],"RT":[[0,0,0,37.09999990463257,0,0],[0,0,0,118.5,0,0],[0,0,0,38.40000009536743,0,0],[0,0,0,8.799999952316284,0,0],[0,0,0,77.09999990463257,0,0],[0,0,0,87.60000014305115,0,0],[0,0,0,80.40000009536743,0,0],[0,0,0,38.700000047683716,0,0],[0,0,0,127,0,0],[0,0,0,119.5,0,0],[0,0,0,6.799999952316284,0,0],[0,0,0,155.79999995231628,0,0],[0,0,0,37.200000047683716,0,0],[0,0,0,86.10000014305115,0,0],[0,0,0,30.800000190734863,0,0],[0,0,0,106,0,0],[0,0,0,67.70000004768372,0,0],[0,0,0,140.79999995231628,0,0],[0,0,0,157.20000004768372,0,0],[0,0,0,194.5,0,0]],"response":[[0,0,0,1,0,0],[0,0,0,1,0,0],[0,0,0,1,0,0],[0,0,0,1,0,0],[0,0,0,1,0,0],[0,0,0,1,0,0],[0,0,0,1,0,0],[0,0,0,1,0,0],[0,0,0,1,0,0],[0,0,0,1,0,0],[0,0,0,1,0,0],[0,0,0,1,0,0],[0,0,0,1,0,0],[0,0,0,1,0,0],[0,0,0,1,0,0],[0,0,0,1,0,0],[0,0,0,1,0,0],[0,0,0,1,0,0],[0,0,0,1,0,0],[0,0,0,1,0,0]],"framerate":[59.92220625754028,59.95203836930456,59.95371993448608,59.9397056215641,59.94663709563154,59.94418989610826,59.94455994455995,59.95161798848829,59.94142088802973,59.94958784268871,59.943957721015266,59.9508268518128,59.936908517350155,59.95245150496459,59.943582510578274,59.94587743245513,59.940756229308235,59.94919559695174,59.95688493763775,56.26394113836839]}
