{"practice":[0,0,0,0,0,0,0,0,0,0,0,0,0,0,0,0,0,0,0,0],"center_interval":[75,25,50,75,50,100,25,100,25,0,50,50,75,50,25,100,0,25,0,100],"image_pair":[4,3,4,2,2,3,3,3,3,1,3,2,3,3,1,1,2,1,3,3],"feature_space":[1,1,2,1,2,1,1,1,1,1,2,2,2,2,2,2,1,2,1,1],"left_img":[2,1,2,1,2,2,2,2,2,2,1,1,1,2,2,1,2,2,1,2],"img1Sample":[2,3,2,3,3,2,2,3,1,2,3,2,2,2,3,1,3,1,2,1],"img2Sample":[3,1,1,2,3,2,2,1,3,2,3,3,3,3,3,2,2,1,3,3],"key":[50,49,50,50,49,49,50,49,50,50,50,50,49,50,50,50,50,50,49,49],"correct":[false,true,true,true,false,true,true,true,true,true,false,false,false,true,true,true,true,true,true,true],"right_img":[1,2,1,2,1,1,1,1,1,1,2,2,2,1,1,2,1,1,2,1],"img_choice":[1,1,1,2,2,2,1,2,1,1,2,2,1,1,1,2,1,1,1,2],"center_sample":[2,3,1,3,3,1,3,2,2,1,2,3,1,3,2,3,1,2,3,1],"left_sample":[3,3,1,3,3,2,2,1,3,2,3,2,2,3,3,1,2,1,2,3],"right_sample":[2,1,2,2,3,2,2,3,1,2,3,3,3,2,3,2,3,1,3,1],"RT":[[0,0,0,41.200000047683716,0,0],[0,0,0,109.29999995231628,0,0],[0,0,0,117.59999990463257,0,0],[0,0,0,39.40000009536743,0,0],[0,0,0,90.30000019073486,0,0],[0,0,0,90.60000014305115,0,0],[0,0,0,59.40000009536743,0,0],[0,0,0,54.59999990463257,0,0],[0,0,0,145,0,0],[0,0,0,40.90000009536743,0,0],[0,0,0,36.30000019073486,0,0],[0,0,0,479.09999990463257,0,0],[0,0,0,312.5,0,0],[0,0,0,176.69999980926514,0,0],[0,0,0,29.40000009536743,0,0],[0,0,0,121.90000009536743,0,0],[0,0,0,89.79999995231628,0,0],[0,0,0,146.39999985694885,0,0],[0,0,0,36.40000009536743,0,0],[0,0,0,69.79999995231628,0,0]],"response":[[0,0,0,1,0,0],[0,0,0,1,0,0],[0,0,0,1,0,0],[0,0,0,1,0,0],[0,0,0,1,0,0],[0,0,0,1,0,0],[0,0,0,1,0,0],[0,0,0,1,0,0],[0,0,0,1,0,0],[0,0,0,1,0,0],[0,0,0,1,0,0],[0,0,0,1,0,0],[0,0,0,1,0,0],[0,0,0,1,0,0],[0,0,0,1,0,0],[0,0,0,1,0,0],[0,0,0,1,0,0],[0,0,0,1,0,0],[0,0,0,1,0,0],[0,0,0,1,0,0]],"framerate":[59.93900943200756,59.94177085117315,59.925350136238556,59.964231860693864,59.94005993809076,59.95451726178111,59.9449343055304,59.9449343055304,59.947165212259364,59.95161798848829,59.93060666696727,59.95130858186245,59.94934761095714,59.952439962870095,55.690670052275586,59.94346241320971,59.93386608274714,59.95934959349593,59.93900942699841,59.95494714954081]}
