{"practice":[0,0,0,0,0,0,0,0,0,0,0,0,0,0,0,0,0,0,0,0],"center_interval":[0,75,25,50,25,100,25,75,0,100,25,0,0,75,0,100,75,0,25,50],"image_pair":[3,1,2,1,1,1,3,3,2,3,1,4,4,1,1,1,4,1,4,1],"feature_space":[1,1,2,1,1,2,1,1,1,2,1,1,1,1,2,1,1,2,2,1],"left_img":[1,1,2,2,1,1,2,2,1,1,2,2,1,2,1,1,1,1,1,2],"img1Sample":[3,3,3,1,3,3,3,3,2,1,2,3,3,3,2,2,3,2,1,1],"img2Sample":[2,2,1,1,2,1,2,3,3,2,2,2,2,1,2,3,2,2,1,3],"key":[49,49,50,49,50,49,50,49,50,49,49,50,50,49,49,49,50,50,49,49],"correct":[true,false,true,false,false,false,true,true,false,false,false,true,false,true,true,false,true,false,true,false],"right_img":[2,2,1,1,2,2,1,1,2,2,1,1,2,1,2,2,2,2,2,1],"img_choice":[1,1,1,2,2,1,1,2,2,1,2,1,2,2,1,1,2,2,1,2],"center_sample":[1,1,1,2,1,3,2,1,1,1,3,1,2,2,3,1,2,1,2,2],"left_sample":[3,3,1,1,3,3,2,3,2,1,2,2,3,1,2,2,3,2,1,3],"right_sample":[2,2,3,1,2,1,3,3,3,2,2,3,2,3,2,3,2,2,1,1],"RT":[[0,100,0,0],[0,733,0,0],[0,591,0,0],[0,999,0,0],[0,533,0,0],[0,588,0,0],[0,491,0,0],[0,790,0,0],[0,764,0,0],[0,590,0,0],[0,677,0,0],[0,303,0,0],[0,644,0,0],[0,552,0,0],[0,718,0,0],[0,626,0,0],[0,443,0,0],[0,620,0,0],[0,272,0,0],[0,777,0,0]],"response":[[0,1,0,0],[0,1,0,0],[0,1,0,0],[0,1,0,0],[0,1,0,0],[0,1,0,0],[0,1,0,0],[0,1,0,0],[0,1,0,0],[0,1,0,0],[0,1,0,0],[0,1,0,0],[0,1,0,0],[0,1,0,0],[0,1,0,0],[0,1,0,0],[0,1,0,0],[0,1,0,0],[0,1,0,0],[0,1,0,0]],"framerate":[30.985915492957744,24.3531202435312,23.25581395348837,22.12661339889367,25.043177892918827,25.3592561284869,21.49437052200614,12.795905310300704,22.8734810578985,27.891714520098443,21.42310635042081,21.86421173762946,23.86451116243264,24.513947590870668,23.862788963460105,23.181454836131092,23.54048964218456,25.326797385620914,23.67531003382187,23.47762289068232]}
