{"practice":[0,0,0,0,0,0,0,0,0,0,0,0,0,0,0,0,0,0,0,0],"center_interval":[100,100,75,25,100,25,0,50,0,50,50,50,75,100,50,50,25,75,100,50],"image_pair":[1,3,1,3,3,1,2,1,1,4,3,4,3,2,3,4,2,1,2,2],"feature_space":[1,2,1,1,1,1,1,1,2,2,1,2,1,2,1,1,2,2,1,2],"left_img":[1,1,1,2,1,2,2,1,1,1,1,2,2,1,2,1,2,1,2,2],"img1Sample":[1,3,3,3,2,3,3,2,1,1,1,2,3,2,1,2,2,1,3,2],"img2Sample":[2,1,2,3,3,3,3,1,2,1,1,2,2,2,3,2,3,1,3,3],"key":[50,49,50,49,49,49,49,50,49,49,49,49,49,49,49,50,49,50,49,50],"correct":[true,false,true,false,false,false,false,false,true,true,true,false,true,false,false,false,false,true,true,true],"right_img":[2,2,2,1,2,1,1,2,2,2,2,1,1,2,1,2,1,2,1,1],"img_choice":[2,1,2,2,1,2,2,2,1,1,1,2,2,1,2,2,2,2,2,1],"center_sample":[3,2,3,2,2,3,2,1,3,2,3,3,3,3,2,3,1,3,2,2],"left_sample":[1,3,3,3,2,3,3,2,1,1,1,2,2,2,3,2,3,1,3,3],"right_sample":[2,1,2,3,3,3,3,1,2,1,1,2,3,2,1,2,2,1,3,2],"RT":[[0,4444,0,0],[0,434,0,0],[0,186,0,0],[0,229,0,0],[0,125,0,0],[0,110,0,0],[0,257,0,0],[0,384,0,0],[0,97,0,0],[0,38,0,0],[0,849,0,0],[0,449,0,0],[0,317,0,0],[0,440,0,0],[0,23,0,0],[0,532,0,0],[0,722,0,0],[0,87,0,0],[0,866,0,0],[0,685,0,0]],"response":[[0,1,0,0],[0,1,0,0],[0,1,0,0],[0,1,0,0],[0,1,0,0],[0,1,0,0],[0,1,0,0],[0,1,0,0],[0,1,0,0],[0,1,0,0],[0,1,0,0],[0,1,0,0],[0,1,0,0],[0,1,0,0],[0,1,0,0],[0,1,0,0],[0,1,0,0],[0,1,0,0],[0,1,0,0],[0,1,0,0]],"framerate":[18.9498618239242,22.831050228310502,24.203821656050955,23.307436182019977,23.09782608695652,19.718309859154928,19.97780244173141,24.76780185758514,25.423728813559322,24.495677233429397,23.192360163710777,21.616541353383457,27.027027027027028,24.20856610800745,27.027027027027028,23.21428571428571,20.348837209302324,21.42857142857143,18.6046511627907,23.520485584218513]}
