{"practice":[0,0,0,0,0,0,0,0,0,0,0,0,0,0,0,0,0,0,0,0],"center_interval":[75,50,100,0,50,50,50,100,0,100,75,100,50,50,75,25,75,25,100,0],"image_pair":[2,4,3,4,4,4,1,3,3,4,3,2,2,2,1,1,4,1,2,2],"feature_space":[1,1,2,1,1,1,2,1,1,2,2,2,2,1,2,1,2,2,2,2],"left_img":[2,1,2,1,2,1,2,2,1,2,1,1,1,2,1,1,1,1,2,2],"img1Sample":[2,2,3,3,3,3,2,2,3,2,3,3,3,1,3,2,3,1,1,1],"img2Sample":[2,1,3,1,1,1,1,3,3,1,1,1,2,3,1,3,3,3,1,3],"key":[49,50,49,50,50,50,50,50,49,50,49,49,49,49,50,50,49,49,50,49],"correct":[true,false,true,false,true,false,true,false,true,false,false,false,true,false,true,false,false,true,false,false],"right_img":[1,2,1,2,1,2,1,1,2,1,2,2,2,1,2,2,2,2,1,1],"img_choice":[2,2,2,2,1,2,1,1,1,1,1,1,1,2,2,2,1,1,1,2],"center_sample":[3,3,1,2,1,1,3,2,1,3,1,2,2,3,1,2,1,2,3,2],"left_sample":[2,2,3,3,1,3,1,3,3,1,3,3,3,3,3,2,3,1,1,3],"right_sample":[2,1,3,1,3,1,2,2,3,2,1,1,2,1,1,3,3,3,1,1],"RT":[[0,1467,0,0],[0,122,0,0],[0,32,0,0],[0,131,0,0],[0,278,0,0],[0,93,0,0],[0,105,0,0],[0,107,0,0],[0,105,0,0],[0,140,0,0],[0,242,0,0],[0,9,0,0],[0,120,0,0],[0,113,0,0],[0,156,0,0],[0,133,0,0],[0,81,0,0],[0,13,0,0],[0,168,0,0],[0,123,0,0]],"response":[[0,1,0,0],[0,1,0,0],[0,1,0,0],[0,1,0,0],[0,1,0,0],[0,1,0,0],[0,1,0,0],[0,1,0,0],[0,1,0,0],[0,1,0,0],[0,1,0,0],[0,1,0,0],[0,1,0,0],[0,1,0,0],[0,1,0,0],[0,1,0,0],[0,1,0,0],[0,1,0,0],[0,1,0,0],[0,1,0,0]],"framerate":[20.60373742213704,23.383768913342504,23.547880690737834,21.794871794871796,22.573363431151243,23.448275862068964,24.489795918367346,23.709902370990235,23.383768913342504,21.62849872773537,23.501762632197416,23.734177215189874,24.725274725274726,23.351648351648354,23.778071334214,24.111675126903553,24.06015037593985,25.31645569620253,23.312883435582823,23.415977961432507]}
