{"practice":[0,0,0,0,0,0,0,0,0,0,0,0,0,0,0,0,0,0,0,0],"center_interval":[50,50,25,50,0,75,0,100,25,25,0,100,25,25,25,100,100,50,25,50],"image_pair":[2,3,4,2,1,2,3,4,4,3,2,1,2,1,3,4,3,3,4,4],"feature_space":[1,2,2,2,1,1,2,1,2,2,1,1,2,2,1,1,1,2,1,1],"left_img":[2,1,1,1,1,2,1,1,1,2,1,2,2,2,1,2,1,2,2,2],"img1Sample":[3,3,2,1,3,3,2,3,2,1,3,3,2,2,3,3,3,2,2,1],"img2Sample":[2,1,1,1,2,3,2,2,3,2,2,2,1,2,3,2,3,2,3,1],"key":[49,50,50,49,50,50,50,50,50,49,49,49,49,50,49,50,49,50,49,50],"correct":[false,false,false,true,false,false,false,true,false,false,true,true,false,true,true,false,false,true,false,true],"right_img":[1,2,2,2,2,1,2,2,2,1,2,1,1,1,2,1,2,1,1,1],"img_choice":[2,2,2,1,2,1,2,2,2,2,1,2,2,1,1,1,1,1,2,1],"center_sample":[1,2,2,2,1,3,3,3,3,3,2,3,2,3,3,1,2,2,3,3],"left_sample":[2,3,2,1,3,3,2,3,2,2,3,2,1,2,3,2,3,2,3,1],"right_sample":[3,1,1,1,2,3,2,2,3,1,2,3,2,2,3,3,3,2,2,1],"RT":[[0,1018,0,0],[0,144,0,0],[0,117,0,0],[0,128,0,0],[0,95,0,0],[0,91,0,0],[0,51,0,0],[0,73,0,0],[0,93,0,0],[0,37,0,0],[0,165,0,0],[0,119,0,0],[0,136,0,0],[0,132,0,0],[0,154,0,0],[0,90,0,0],[0,88,0,0],[0,149,0,0],[0,125,0,0],[0,126,0,0]],"response":[[0,1,0,0],[0,1,0,0],[0,1,0,0],[0,1,0,0],[0,1,0,0],[0,1,0,0],[0,1,0,0],[0,1,0,0],[0,1,0,0],[0,1,0,0],[0,1,0,0],[0,1,0,0],[0,1,0,0],[0,1,0,0],[0,1,0,0],[0,1,0,0],[0,1,0,0],[0,1,0,0],[0,1,0,0],[0,1,0,0]],"framerate":[21.25075895567699,22.606382978723406,20.51983584131327,21.947873799725652,26.27939142461964,24.82758620689655,26.275115919629055,25.280898876404493,24.82758620689655,25.449101796407184,24.050632911392405,23.715415019762847,23.87267904509284,23.351648351648354,22.486772486772487,24.93074792243767,25.75107296137339,21.73913043478261,23.448275862068964,23.448275862068964]}
