{"practice":[0,0,0,0,0,0,0,0,0,0,0,0,0,0,0,0,0,0,0,0],"center_interval":[50,0,0,100,50,0,50,25,25,75,100,25,50,50,25,50,50,100,100,25],"image_pair":[4,3,1,4,2,1,2,2,2,2,2,3,4,3,1,3,1,3,1,4],"feature_space":[1,2,1,1,2,1,2,1,1,1,1,1,2,2,1,1,1,1,2,1],"left_img":[2,2,2,1,1,2,2,2,1,2,1,2,1,2,2,1,2,1,2,2],"img1Sample":[3,2,2,1,2,3,1,3,1,3,3,3,3,3,1,1,1,1,2,3],"img2Sample":[1,2,3,1,1,2,3,3,1,1,1,2,1,1,1,1,1,2,3,1],"key":[49,49,49,49,49,49,49,49,50,50,49,49,50,49,50,49,50,50,49,49],"correct":[false,false,false,false,true,false,false,false,false,false,false,false,false,false,true,true,true,true,true,false],"right_img":[1,1,1,2,2,1,1,1,2,1,2,1,2,1,1,2,1,2,1,1],"img_choice":[2,2,2,1,1,2,2,2,2,1,1,2,2,2,1,1,1,2,2,2],"center_sample":[3,1,3,3,2,2,3,3,1,2,3,2,3,3,2,1,2,1,2,1],"left_sample":[1,2,3,1,2,2,3,3,1,1,3,2,3,1,1,1,1,1,3,1],"right_sample":[3,2,2,1,1,3,1,3,1,3,1,3,1,3,1,1,1,2,2,3],"RT":[[0,562,0,0],[0,27,0,0],[0,31,0,0],[0,27,0,0],[0,68,0,0],[0,24,0,0],[0,120,0,0],[0,158,0,0],[0,118,0,0],[0,137,0,0],[0,102,0,0],[0,145,0,0],[0,108,0,0],[0,249,0,0],[0,52,0,0],[0,109,0,0],[0,125,0,0],[0,120,0,0],[0,207,0,0],[0,130,0,0]],"response":[[0,1,0,0],[0,1,0,0],[0,1,0,0],[0,1,0,0],[0,1,0,0],[0,1,0,0],[0,1,0,0],[0,1,0,0],[0,1,0,0],[0,1,0,0],[0,1,0,0],[0,1,0,0],[0,1,0,0],[0,1,0,0],[0,1,0,0],[0,1,0,0],[0,1,0,0],[0,1,0,0],[0,1,0,0],[0,1,0,0]],"framerate":[21.422450728363327,25.356576862123614,23.734177215189874,23.80952380952381,25.974025974025974,26.521060842433698,20.10723860589812,21.573604060913706,23.448275862068964,24.82758620689655,21.978021978021978,23.653088042049934,24.93074792243767,22.352941176470587,22.988505747126435,22.516556291390728,23.778071334214,23.448275862068964,24.42002442002442,22.45706737120211]}
