{"practice":[0,0,0,0,0,0,0,0,0,0,0,0,0,0,0,0,0,0,0,0],"center_interval":[0,0,25,0,75,100,100,50,50,100,0,50,25,0,25,25,75,75,25,100],"image_pair":[4,3,1,1,1,2,4,1,4,3,3,2,3,4,2,2,2,1,3,4],"feature_space":[2,1,1,2,1,1,1,1,2,2,1,2,1,2,1,1,1,1,1,2],"left_img":[2,1,2,2,1,1,1,1,1,1,1,2,1,2,1,1,1,1,1,1],"img1Sample":[2,3,2,3,2,3,3,2,1,3,3,1,1,2,3,2,1,2,2,2],"img2Sample":[1,3,3,3,2,3,2,3,3,3,3,2,1,1,1,1,1,2,1,2],"key":[49,49,50,49,49,49,49,49,50,49,50,50,50,49,50,50,50,49,50,50],"correct":[false,true,true,false,false,false,false,true,false,false,false,true,false,false,false,false,true,false,false,true],"right_img":[1,2,1,1,2,2,2,2,2,2,2,1,2,1,2,2,2,2,2,2],"img_choice":[2,1,1,2,1,1,1,1,2,1,2,1,2,2,2,2,2,1,2,2],"center_sample":[3,1,2,1,1,2,3,3,2,1,1,1,1,1,1,2,3,3,2,1],"left_sample":[1,3,3,3,2,3,3,2,1,3,3,2,1,1,3,2,1,2,2,2],"right_sample":[2,3,2,3,2,3,2,3,3,3,3,1,1,2,1,1,1,2,1,2],"RT":[[0,1623,0,0],[0,309,0,0],[0,119,0,0],[0,127,0,0],[0,37,0,0],[0,24,0,0],[0,29,0,0],[0,134,0,0],[0,24,0,0],[0,161,0,0],[0,121,0,0],[0,94,0,0],[0,22,0,0],[0,17,0,0],[0,38,0,0],[0,145,0,0],[0,123,0,0],[0,23,0,0],[0,24,0,0],[0,127,0,0]],"response":[[0,1,0,0],[0,1,0,0],[0,1,0,0],[0,1,0,0],[0,1,0,0],[0,1,0,0],[0,1,0,0],[0,1,0,0],[0,1,0,0],[0,1,0,0],[0,1,0,0],[0,1,0,0],[0,1,0,0],[0,1,0,0],[0,1,0,0],[0,1,0,0],[0,1,0,0],[0,1,0,0],[0,1,0,0],[0,1,0,0]],"framerate":[19.08566355969818,21.78649237472767,22.606382978723406,23.778071334214,24.132730015082956,23.696682464454973,22.76176024279211,23.715415019762847,24.096385542168676,23.4375,22.911051212938006,23.448275862068964,25.19685039370079,25.477707006369428,23.054755043227665,21.601016518424395,23.448275862068964,25.396825396825395,25.6797583081571,23.287671232876715]}
