{"practice":[1,1,1,1,1],"center_interval":[50,100,0,50,0],"image_pair":[1,3,4,4,3],"feature_space":[2,1,1,1,2],"left_img":[1,2,2,1,2],"img1Sample":[2,2,2,1,2],"img2Sample":[2,2,2,2,2],"key":[49,49,49,50,49],"correct":[true,true,false,false,false],"right_img":[2,1,1,2,1],"img_choice":[1,2,2,2,2],"center_sample":[2,3,1,1,3],"left_sample":[2,2,2,1,2],"right_sample":[2,2,2,2,2],"RT":[[0,3225,0,0],[0,1816,0,0],[0,642,0,0],[0,114,0,0],[0,136,0,0]],"response":[[0,1,0,0],[0,1,0,0],[0,1,0,0],[0,1,0,0],[0,1,0,0]],"framerate":[19.75565375617364,18.722018722018724,21.394611727416798,24.425287356321842,22.900763358778626]}
