{"practice":[0,0,0,0,0,0,0,0,0,0,0,0,0,0,0,0,0,0,0,0],"center_interval":[25,75,75,25,50,100,100,25,0,25,0,75,100,50,0,50,50,25,100,0],"image_pair":[1,1,1,2,2,2,1,1,2,1,3,3,3,2,2,3,1,3,4,4],"feature_space":[1,2,1,2,1,1,2,1,1,1,2,2,2,2,1,2,1,2,2,1],"left_img":[2,2,2,1,1,1,2,2,1,2,1,2,2,2,2,1,1,1,1,2],"img1Sample":[2,3,3,2,3,2,2,1,2,3,3,3,3,2,2,1,1,1,1,1],"img2Sample":[3,3,3,2,2,3,3,2,3,3,3,2,2,1,2,1,3,3,1,3],"stim_time":[250,250,250,250,250,250,250,250,250,250,250,250,250,250,250,250,250,250,250,250],"key":[49,50,49,50,49,49,50,49,49,49,49,50,50,50,50,49,49,49,50,50],"correct":[false,false,true,false,true,false,false,false,true,false,true,false,false,true,true,true,true,true,true,true],"right_img":[1,1,1,2,2,2,1,1,2,1,2,1,1,1,1,2,2,2,2,1],"img_choice":[2,1,2,2,1,1,1,2,1,2,1,1,1,1,1,1,1,1,2,1],"center_sample":[2,1,1,2,3,2,2,2,1,1,3,3,1,1,2,3,1,3,3,2],"left_sample":[3,3,3,2,3,2,3,2,2,3,3,2,2,1,2,1,1,1,1,3],"right_sample":[2,3,3,2,2,3,2,1,3,3,3,3,3,2,2,1,3,3,1,1],"exact_match":[0,0,0,0,0,0,0,0,0,0,1,0,0,0,1,0,0,0,0,0],"RT":[[0,0,0,651.5,0,0],[0,0,0,740.2999999523163,0,0],[0,0,0,472.2000000476837,0,0],[0,0,0,954.7999999523163,0,0],[0,0,0,503.39999985694885,0,0],[0,0,0,579.3999998569489,0,0],[0,0,0,934.2000000476837,0,0],[0,0,0,449.2999999523163,0,0],[0,0,0,696.4000000953674,0,0],[0,0,0,652.7999999523163,0,0],[0,0,0,1368,0,0],[0,0,0,665.5999999046326,0,0],[0,0,0,440.09999990463257,0,0],[0,0,0,1415,0,0],[0,0,0,756.2999999523163,0,0],[0,0,0,484,0,0],[0,0,0,929,0,0],[0,0,0,1073.1000001430511,0,0],[0,0,0,935.7000000476837,0,0],[0,0,0,883.6000001430511,0,0]],"response":[[0,0,0,1,0,0],[0,0,0,1,0,0],[0,0,0,1,0,0],[0,0,0,1,0,0],[0,0,0,1,0,0],[0,0,0,1,0,0],[0,0,0,1,0,0],[0,0,0,1,0,0],[0,0,0,1,0,0],[0,0,0,1,0,0],[0,0,0,1,0,0],[0,0,0,1,0,0],[0,0,0,1,0,0],[0,0,0,1,0,0],[0,0,0,1,0,0],[0,0,0,1,0,0],[0,0,0,1,0,0],[0,0,0,1,0,0],[0,0,0,1,0,0],[0,0,0,1,0,0]],"framerate":[164.98356035235614,164.95764602295884,164.997053603437,163.50947158524426,165.008025682183,164.96994972141098,164.98993963782698,164.97039846196128,165.01084845510067,164.96418928237543,165.0096943098037,164.92546073944374,154.20888294612456,164.97770571544388,165.0110375275938,164.97791632657817,164.98486377396569,165.00564123329838,164.98164075066606,164.98247062060938]}
