{"practice":[0,0,0,0,0,0,0,0,0,0,0,0,0,0,0,0,0,0,0,0],"center_interval":[75,0,0,0,25,50,100,50,75,75,25,25,100,25,0,50,100,50,75,100],"image_pair":[1,4,1,3,4,1,3,3,3,2,2,4,3,3,2,1,4,4,1,3],"feature_space":[2,2,2,1,1,1,1,1,2,1,1,2,2,2,2,2,2,1,1,1],"left_img":[2,1,2,1,1,1,1,1,1,1,2,2,1,1,1,1,2,1,1,2],"img1Sample":[2,3,3,2,1,1,3,2,3,1,3,3,1,1,3,3,1,1,1,3],"img2Sample":[1,3,2,2,1,2,3,1,3,3,1,3,1,2,3,3,3,1,1,2],"stim_time":[250,250,250,250,250,250,250,250,250,250,250,250,250,250,250,250,250,250,250,250],"key":[49,49,50,49,50,49,49,49,50,50,49,49,49,50,50,49,49,50,49,49],"correct":[true,true,true,true,false,true,false,true,true,true,false,false,false,false,false,true,true,false,false,true],"right_img":[1,2,1,2,2,2,2,2,2,2,1,1,2,2,2,2,1,2,2,1],"img_choice":[2,1,1,1,2,1,1,1,2,2,2,2,1,2,2,1,2,2,1,2],"center_sample":[3,1,1,1,2,2,3,1,2,3,3,1,3,2,2,1,1,3,1,2],"left_sample":[1,3,2,2,1,1,3,2,3,1,1,3,1,1,3,3,3,1,1,2],"right_sample":[2,3,3,2,1,2,3,1,3,3,3,3,1,2,3,3,1,1,1,3],"exact_match":[0,0,0,0,0,0,1,0,0,0,0,0,0,0,0,0,0,0,0,1],"RT":[[0,0,0,776.2000000476837,0,0],[0,0,0,656,0,0],[0,0,0,591,0,0],[0,0,0,616.8999998569489,0,0],[0,0,0,595.5,0,0],[0,0,0,931.2000000476837,0,0],[0,0,0,1127.8999998569489,0,0],[0,0,0,565.5999999046326,0,0],[0,0,0,525.5,0,0],[0,0,0,646.0999999046326,0,0],[0,0,0,812.8999998569489,0,0],[0,0,0,712,0,0],[0,0,0,702.5,0,0],[0,0,0,530.8000001907349,0,0],[0,0,0,951,0,0],[0,0,0,471.10000014305115,0,0],[0,0,0,594.0999999046326,0,0],[0,0,0,515.7000000476837,0,0],[0,0,0,501.40000009536743,0,0],[0,0,0,595.8999998569489,0,0]],"response":[[0,0,0,1,0,0],[0,0,0,1,0,0],[0,0,0,1,0,0],[0,0,0,1,0,0],[0,0,0,1,0,0],[0,0,0,1,0,0],[0,0,0,1,0,0],[0,0,0,1,0,0],[0,0,0,1,0,0],[0,0,0,1,0,0],[0,0,0,1,0,0],[0,0,0,1,0,0],[0,0,0,1,0,0],[0,0,0,1,0,0],[0,0,0,1,0,0],[0,0,0,1,0,0],[0,0,0,1,0,0],[0,0,0,1,0,0],[0,0,0,1,0,0],[0,0,0,1,0,0]],"framerate":[164.98224528817263,164.98946875271042,164.9923896499239,164.9829637298111,164.99848346982105,164.98486377396569,164.98625114573787,164.977755798484,162.46747476820013,164.9873313391871,164.99705361982768,164.9846921464265,164.95079916712982,165.02276174531696,164.98853553590507,164.92542218515854,165.05855936905078,164.98917059999192,164.99097706608325,164.9884750554399]}
