{"practice":[0,0,0,0,0,0,0,0,0,0,0,0,0,0,0,0,0,0,0,0],"center_interval":[50,25,50,75,50,50,75,75,50,25,25,50,0,50,100,0,25,25,75,0],"image_pair":[1,3,4,4,1,3,3,1,1,2,1,2,3,4,4,1,4,1,1,1],"feature_space":[1,2,2,1,1,2,1,2,2,1,1,2,1,2,2,2,1,2,1,2],"left_img":[2,1,2,2,1,1,2,2,2,2,2,1,2,2,1,2,1,1,2,1],"img1Sample":[3,1,3,2,3,2,2,3,3,3,1,1,2,3,3,2,3,3,3,1],"img2Sample":[3,2,1,3,2,1,3,3,3,3,3,2,3,1,2,1,3,1,2,2],"stim_time":[250,250,250,250,250,250,250,250,250,250,250,250,250,250,250,250,250,250,250,250],"key":[49,49,50,49,50,50,50,49,49,49,49,50,50,49,49,49,49,50,49,49],"correct":[false,true,true,true,false,false,false,true,false,false,false,false,true,false,false,false,true,false,true,true],"right_img":[1,2,1,1,2,2,1,1,1,1,1,2,1,1,2,1,2,2,1,2],"img_choice":[2,1,1,2,2,2,1,2,2,2,2,2,1,2,1,2,1,2,2,1],"center_sample":[2,1,2,1,1,2,1,2,2,3,3,1,3,3,1,3,3,3,3,2],"left_sample":[3,1,1,3,3,2,3,3,3,3,3,1,3,1,3,1,3,3,2,1],"right_sample":[3,2,3,2,2,1,2,3,3,3,1,2,2,3,2,2,3,1,3,2],"exact_match":[0,0,0,0,0,0,0,0,0,0,0,0,0,0,0,0,0,0,0,0],"RT":[[0,0,0,557.3999998569489,0,0],[0,0,0,1115.8999998569489,0,0],[0,0,0,863.2000000476837,0,0],[0,0,0,708.2999999523163,0,0],[0,0,0,586.7000000476837,0,0],[0,0,0,1003.8999998569489,0,0],[0,0,0,722,0,0],[0,0,0,834.1000001430511,0,0],[0,0,0,1375.0999999046326,0,0],[0,0,0,798.8000001907349,0,0],[0,0,0,1004.2000000476837,0,0],[0,0,0,961.7000000476837,0,0],[0,0,0,555.5999999046326,0,0],[0,0,0,1235.7000000476837,0,0],[0,0,0,1022.2999999523163,0,0],[0,0,0,910,0,0],[0,0,0,802.2000000476837,0,0],[0,0,0,1072.0999999046326,0,0],[0,0,0,631,0,0],[0,0,0,839.5,0,0]],"response":[[0,0,0,1,0,0],[0,0,0,1,0,0],[0,0,0,1,0,0],[0,0,0,1,0,0],[0,0,0,1,0,0],[0,0,0,1,0,0],[0,0,0,1,0,0],[0,0,0,1,0,0],[0,0,0,1,0,0],[0,0,0,1,0,0],[0,0,0,1,0,0],[0,0,0,1,0,0],[0,0,0,1,0,0],[0,0,0,1,0,0],[0,0,0,1,0,0],[0,0,0,1,0,0],[0,0,0,1,0,0],[0,0,0,1,0,0],[0,0,0,1,0,0],[0,0,0,1,0,0]],"framerate":[164.96124031007753,164.99216518013984,164.99582288645175,164.9846921464265,165.00243545072098,164.96350364963504,164.99605811908302,164.9867374005305,165.00020573915478,164.977356053411,165.00365052324167,164.97714171350952,164.9959529392536,164.99345264076823,164.9782923299566,156.854756558139,164.9951472100373,164.9746192782479,164.98516320474778,165.00951978414867]}
