{"practice":[1,1,1,1,1],"center_interval":[50,100,100,50,100],"image_pair":[4,3,1,1,4],"feature_space":[1,1,2,2,1],"left_img":[1,1,2,1,2],"img1Sample":[3,3,2,1,1],"img2Sample":[3,3,1,2,2],"stim_time":[2000,2000,2000,2000,2000],"key":[50,49,49,50,49],"correct":[false,false,true,false,true],"right_img":[2,2,1,2,1],"img_choice":[2,1,2,2,2],"center_sample":[1,1,1,3,1],"left_sample":[3,3,1,1,2],"right_sample":[3,3,2,2,1],"exact_match":[0,0,1,0,0],"RT":[[0,0,0,1603.2000000476837,0,0],[0,0,0,990.7999999523163,0,0],[0,0,0,967.0999999046326,0,0],[0,0,0,1273.2999999523163,0,0],[0,0,0,798.2999999523163,0,0]],"response":[[0,0,0,1,0,0],[0,0,0,1,0,0],[0,0,0,1,0,0],[0,0,0,1,0,0],[0,0,0,1,0,0]],"framerate":[164.98354703279244,164.99736425935689,164.9867374005305,164.25191831915478,164.99083384037905]}
