{"practice":[0,0,0,0,0,0,0,0,0,0,0,0,0,0,0,0,0,0,0,0],"center_interval":[0,25,25,75,75,0,50,25,100,0,100,25,50,100,25,0,75,50,25,50],"image_pair":[2,3,4,1,4,3,2,1,3,3,3,4,3,3,1,3,4,2,2,3],"feature_space":[1,1,1,2,1,2,2,2,2,2,2,2,2,2,2,1,2,1,1,2],"left_img":[1,1,1,1,2,2,2,2,1,2,1,1,2,2,2,1,2,2,2,2],"img1Sample":[2,2,1,1,2,3,3,3,3,3,1,1,2,3,1,2,3,3,2,3],"img2Sample":[1,2,1,2,1,1,1,2,3,3,3,2,3,3,3,3,1,1,2,2],"key":[null,49,49,null,null,null,null,null,49,50,49,50,50,null,null,null,null,null,null,49],"correct":[null,true,true,null,null,null,null,null,false,true,false,false,true,null,null,null,null,null,null,false],"right_img":[2,2,2,2,1,1,1,1,2,1,2,2,1,1,1,2,1,1,1,1],"img_choice":[null,1,1,null,null,null,null,null,1,1,1,2,1,null,null,null,null,null,null,2],"center_sample":[3,1,3,1,3,1,3,1,2,2,2,1,1,1,2,3,2,2,1,1],"left_sample":[2,2,1,1,1,1,1,2,3,3,1,1,3,3,3,2,1,1,2,2],"right_sample":[1,2,1,2,2,3,3,3,3,3,3,2,2,3,1,3,3,3,2,3],"RT":[[0,0,0,0,0,0],[0,0,0,3736,0,0],[0,0,0,1055,0,0],[0,0,0,0,0,0],[0,0,0,0,0,0],[0,0,0,0,0,0],[0,0,0,0,0,0],[0,0,0,0,0,0],[0,0,0,1126,0,0],[0,0,0,1943,0,0],[0,0,0,467,0,0],[0,0,0,763,0,0],[0,0,0,2582,0,0],[0,0,0,0,0,0],[0,0,0,0,0,0],[0,0,0,0,0,0],[0,0,0,0,0,0],[0,0,0,0,0,0],[0,0,0,0,0,0],[0,0,0,1555,0,0]],"response":[[0,0,0,1,0,0],[0,0,0,1,0,0],[0,0,0,1,0,0],[0,0,0,1,0,0],[0,0,0,1,0,0],[0,0,0,1,0,0],[0,0,0,1,0,0],[0,0,0,1,0,0],[0,0,0,1,0,0],[0,0,0,1,0,0],[0,0,0,1,0,0],[0,0,0,1,0,0],[0,0,0,1,0,0],[0,0,0,1,0,0],[0,0,0,1,0,0],[0,0,0,1,0,0],[0,0,0,1,0,0],[0,0,0,1,0,0],[0,0,0,1,0,0],[0,0,0,1,0,0]],"framerate":[26.352641629535327,21.80542848429399,22.79202279202279,20.457741976729316,21.129466000768343,20.499679692504806,20.556690500510726,20.281404487260744,21.772540983606557,19.83712674879933,20.8078335373317,24.98611882287618,23.15243563622893,23.39555100997187,23.51437699680511,22.270854788877447,23.276407337128397,23.428498271668158,24.287357791128724,25.834476451760406]}
