{"practice":[1,1,1,1,1],"center_interval":[100,50,0,75,50],"image_pair":[1,3,3,2,2],"feature_space":[2,1,1,2,1],"left_img":[1,2,1,2,1],"img1Sample":[2,3,3,3,3],"img2Sample":[2,2,1,2,3],"key":[null,null,null,null,32],"correct":[null,null,null,null,null],"right_img":[2,1,2,1,2],"img_choice":[null,null,null,null,null],"center_sample":[3,3,2,2,1],"left_sample":[2,2,3,2,3],"right_sample":[2,3,1,3,3],"RT":[[0,0,0,0,0,0],[0,0,0,0,0,0],[0,0,0,0,0,0],[0,0,0,0,0,0],[0,0,0,3411,0,0]],"response":[[0,0,0,1,0,0],[0,0,0,1,0,0],[0,0,0,1,0,0],[0,0,0,1,0,0],[0,0,0,1,0,0]],"framerate":[21.41106668386431,20.17766497461929,20.782863700114753,23.687580025608195,22.80297207276454]}
