{"practice":[0,0,0,0,0,0,0,0,0,0,0,0,0,0,0,0,0,0,0,0],"center_interval":[75,100,0,50,0,0,75,25,75,25,75,100,100,25,75,50,25,75,75,0],"image_pair":[3,2,4,3,1,1,2,4,3,2,4,3,4,4,3,4,2,2,4,3],"feature_space":[1,2,1,1,2,2,2,1,1,2,1,2,1,1,1,2,1,1,2,1],"left_img":[1,2,2,1,1,2,2,2,2,1,1,2,1,2,1,1,2,1,2,1],"img1Sample":[2,1,1,2,2,3,2,1,1,2,3,3,3,3,3,1,3,3,1,2],"img2Sample":[2,1,3,1,3,3,1,3,2,1,1,3,3,3,3,1,2,1,2,2],"key":[null,32,null,49,49,49,50,50,50,49,50,50,null,null,null,49,null,null,49,49],"correct":[null,null,null,true,true,false,false,true,false,true,true,false,null,null,null,true,null,null,true,true],"right_img":[2,1,1,2,2,1,1,1,1,2,2,1,2,1,2,2,1,2,1,2],"img_choice":[null,null,null,1,1,2,1,1,1,1,2,1,null,null,null,1,null,null,2,1],"center_sample":[2,2,3,1,3,1,2,2,1,1,2,2,1,3,2,3,2,3,1,3],"left_sample":[2,1,3,2,2,3,1,3,2,2,3,3,3,3,3,1,2,3,2,2],"right_sample":[2,1,1,1,3,3,2,1,1,1,1,3,3,3,3,1,3,1,1,2],"RT":[[0,0,0,0,0,0],[0,0,0,1006,0,0],[0,0,0,0,0,0],[0,0,0,474,0,0],[0,0,0,963,0,0],[0,0,0,118,0,0],[0,0,0,269,0,0],[0,0,0,269,0,0],[0,0,0,1081,0,0],[0,0,0,53,0,0],[0,0,0,184,0,0],[0,0,0,215,0,0],[0,0,0,0,0,0],[0,0,0,0,0,0],[0,0,0,0,0,0],[0,0,0,2900,0,0],[0,0,0,0,0,0],[0,0,0,0,0,0],[0,0,0,1161,0,0],[0,0,0,109,0,0]],"response":[[0,0,0,1,0,0],[0,0,0,1,0,0],[0,0,0,1,0,0],[0,0,0,1,0,0],[0,0,0,1,0,0],[0,0,0,1,0,0],[0,0,0,1,0,0],[0,0,0,1,0,0],[0,0,0,1,0,0],[0,0,0,1,0,0],[0,0,0,1,0,0],[0,0,0,1,0,0],[0,0,0,1,0,0],[0,0,0,1,0,0],[0,0,0,1,0,0],[0,0,0,1,0,0],[0,0,0,1,0,0],[0,0,0,1,0,0],[0,0,0,1,0,0],[0,0,0,1,0,0]],"framerate":[24.94729444834856,5.756909839363645,23.8553289726818,22.021116138763198,23.991563406274718,21.169354838709676,24.057217165149545,21.021992238033633,22.02304737516005,20.89864158829676,21.60904255319149,20.182291666666668,20.958466453674124,19.892197125256672,19.675482304842212,21.81120223346711,22.021384928716905,21.233051931440265,22.755688922230558,23.521505376344088]}
