{"practice":[0,0,0,0,0,0,0,0,0,0,0,0,0,0,0,0,0,0,0,0],"center_interval":[100,75,0,0,50,50,50,75,75,0,75,50,100,50,0,0,0,25,100,25],"image_pair":[1,2,4,4,1,2,1,1,4,3,1,2,2,3,2,2,1,1,1,4],"feature_space":[2,1,1,1,2,1,1,2,2,1,2,1,2,1,2,1,1,2,1,1],"left_img":[2,1,1,1,1,2,2,2,1,1,1,1,2,2,2,2,1,2,1,2],"img1Sample":[1,2,1,1,3,1,2,3,3,3,2,2,3,3,1,2,3,3,3,1],"img2Sample":[3,2,1,3,3,1,2,2,2,3,3,3,2,3,2,1,1,3,1,3],"key":[32,null,null,32,null,32,null,null,32,null,32,49,49,50,50,50,50,49,49,50],"correct":[null,null,null,null,null,null,null,null,null,null,null,true,true,true,true,true,false,false,false,true],"right_img":[1,2,2,2,2,1,1,1,2,2,2,2,1,1,1,1,2,1,2,1],"img_choice":[null,null,null,null,null,null,null,null,null,null,null,1,2,1,1,1,2,2,1,1],"center_sample":[2,3,3,2,3,3,2,2,3,2,3,1,1,2,3,3,2,3,2,3],"left_sample":[3,2,1,1,3,1,2,2,3,3,2,2,2,3,2,1,3,3,3,3],"right_sample":[1,2,1,3,3,1,2,3,2,3,3,3,3,3,1,2,1,3,1,1],"RT":[[0,0,0,1302,0,0],[0,0,0,0,0,0],[0,0,0,0,0,0],[0,0,0,2032,0,0],[0,0,0,0,0,0],[0,0,0,804,0,0],[0,0,0,0,0,0],[0,0,0,0,0,0],[0,0,0,2589,0,0],[0,0,0,0,0,0],[0,0,0,3510,0,0],[0,0,0,1338,0,0],[0,0,0,2086,0,0],[0,0,0,1250,0,0],[0,0,0,1552,0,0],[0,0,0,1512,0,0],[0,0,0,2173,0,0],[0,0,0,2709,0,0],[0,0,0,1268,0,0],[0,0,0,1450,0,0]],"response":[[0,0,0,1,0,0],[0,0,0,1,0,0],[0,0,0,1,0,0],[0,0,0,1,0,0],[0,0,0,1,0,0],[0,0,0,1,0,0],[0,0,0,1,0,0],[0,0,0,1,0,0],[0,0,0,1,0,0],[0,0,0,1,0,0],[0,0,0,1,0,0],[0,0,0,1,0,0],[0,0,0,1,0,0],[0,0,0,1,0,0],[0,0,0,1,0,0],[0,0,0,1,0,0],[0,0,0,1,0,0],[0,0,0,1,0,0],[0,0,0,1,0,0],[0,0,0,1,0,0]],"framerate":[24.18426103646833,26.12704918032787,24.82723317123112,22.75051124744376,23.715415019762847,25.44757033248082,24.874983972304143,25.237793278376664,22.634271099744243,20.283448186191652,23.71392722710163,23.351982486013135,22.0380105135463,22.76707530647986,20.899591094956836,22.170900692840647,20.59773828756058,19.220405963714747,20.260492040520987,17.68675820339772]}
