{"practice":[0,0,0,0,0,0,0,0,0,0,0,0,0,0,0,0,0,0,0,0],"center_interval":[75,25,0,50,50,50,25,50,75,25,100,100,25,0,0,100,75,50,100,25],"image_pair":[1,4,2,4,4,1,3,1,3,2,2,1,3,3,3,2,3,1,4,4],"feature_space":[1,1,2,2,2,2,1,2,2,2,1,1,1,1,1,1,1,1,1,1],"left_img":[1,1,1,2,1,1,2,1,2,1,1,1,2,1,1,2,1,2,2,2],"img1Sample":[2,3,3,3,1,3,1,2,3,3,2,2,2,2,2,1,3,2,3,3],"img2Sample":[3,3,1,1,1,2,1,2,3,2,2,3,3,1,1,2,3,1,3,1],"key":[49,50,49,50,49,50,49,50,49,50,49,50,50,50,49,49,50,50,50,50],"correct":[false,false,true,true,true,false,false,false,true,false,false,true,true,false,true,true,true,true,false,true],"right_img":[2,2,2,1,2,2,1,2,1,2,2,2,1,2,2,1,2,1,1,1],"img_choice":[1,2,1,1,1,2,2,2,2,2,1,2,1,2,1,2,2,1,1,1],"center_sample":[2,2,2,3,3,1,2,2,3,3,3,1,1,3,3,1,1,1,1,2],"left_sample":[2,3,3,1,1,3,1,2,3,3,2,2,3,2,2,2,3,1,3,1],"right_sample":[3,3,1,3,1,2,1,2,3,2,2,3,2,1,1,1,3,2,3,3],"RT":[[0,1286,0,0],[0,1003.3999999994412,0,0],[0,1040.1000000005588,0,0],[0,991,0,0],[0,1002.2000000001863,0,0],[0,1108.5999999996275,0,0],[0,928.6000000005588,0,0],[0,775.4000000003725,0,0],[0,824.5,0,0],[0,1052.6000000005588,0,0],[0,1041.5,0,0],[0,986.2000000001863,0,0],[0,956.1999999992549,0,0],[0,1113.9000000003725,0,0],[0,901.7000000001863,0,0],[0,1010.4000000003725,0,0],[0,1607.4000000003725,0,0],[0,1350.4000000003725,0,0],[0,936.2999999998137,0,0],[0,1078.5999999996275,0,0]],"response":[[0,1,0,0],[0,1,0,0],[0,1,0,0],[0,1,0,0],[0,1,0,0],[0,1,0,0],[0,1,0,0],[0,1,0,0],[0,1,0,0],[0,1,0,0],[0,1,0,0],[0,1,0,0],[0,1,0,0],[0,1,0,0],[0,1,0,0],[0,1,0,0],[0,1,0,0],[0,1,0,0],[0,1,0,0],[0,1,0,0]],"framerate":[60.02211341020964,59.98763141620284,59.981823689790964,59.99250093737585,60.009898539986104,59.98485819111669,60.01304631441617,60.00578368998614,59.98465508826441,60.00960153623239,59.97818974919565,60.0375234521576,59.98723675813656,60.00582580833091,60.01055130570934,59.969088098918085,59.94278189002422,48.350977198678734,59.9922590633755,60.00831798465122]}
