{"practice":[0,0,0,0,0,0,0,0,0,0,0,0,0,0,0,0,0,0,0,0],"center_interval":[75,0,0,25,0,100,50,75,25,75,75,50,0,0,75,25,0,75,25,0],"image_pair":[1,3,4,1,2,3,3,2,2,4,4,4,1,4,1,3,1,1,1,4],"feature_space":[2,2,2,2,2,2,1,1,2,2,1,1,1,1,2,1,2,2,1,1],"left_img":[2,1,2,2,1,1,2,1,2,1,1,2,1,2,2,1,2,1,2,1],"img1Sample":[3,1,3,3,1,2,1,3,2,2,2,3,3,3,3,3,1,1,1,1],"img2Sample":[1,2,2,1,3,3,1,2,1,3,3,1,1,3,2,3,3,2,1,2],"key":[49,49,50,49,50,50,50,50,50,50,50,50,49,49,50,49,50,49,49,50],"correct":[true,true,true,false,false,true,true,true,true,true,true,true,true,false,false,true,true,false,false,false],"right_img":[1,2,1,1,2,2,1,2,1,2,2,1,2,1,1,2,1,2,1,2],"img_choice":[2,1,1,2,2,2,1,2,1,2,2,1,1,2,1,1,1,1,2,2],"center_sample":[3,3,2,2,2,2,2,3,1,2,2,3,2,1,1,2,3,3,1,2],"left_sample":[1,1,2,1,1,2,1,3,1,2,2,1,3,3,2,3,3,1,1,1],"right_sample":[3,2,3,3,3,3,1,2,2,3,3,3,1,3,3,3,1,2,1,2],"RT":[[0,1328.7999999998137,0,0],[0,1456.199999999255,0,0],[0,1368.0999999996275,0,0],[0,1815.5999999996275,0,0],[0,1092.5999999996275,0,0],[0,2063.9000000003725,0,0],[0,1039.7000000001863,0,0],[0,1411.2000000001863,0,0],[0,1910.7999999998137,0,0],[0,1450.9000000003725,0,0],[0,1818.1000000005588,0,0],[0,1595.4000000003725,0,0],[0,835.5,0,0],[0,1135.7999999998137,0,0],[0,953.3999999994412,0,0],[0,1090.9000000003725,0,0],[0,1144.4000000003725,0,0],[0,1238.5,0,0],[0,1351,0,0],[0,1758.7000000001863,0,0]],"response":[[0,1,0,0],[0,1,0,0],[0,1,0,0],[0,1,0,0],[0,1,0,0],[0,1,0,0],[0,1,0,0],[0,1,0,0],[0,1,0,0],[0,1,0,0],[0,1,0,0],[0,1,0,0],[0,1,0,0],[0,1,0,0],[0,1,0,0],[0,1,0,0],[0,1,0,0],[0,1,0,0],[0,1,0,0],[0,1,0,0]],"framerate":[59.9483204134367,60.04551837684488,59.9858856739647,59.994207455822604,60.038848666804135,59.98125585754452,59.96365838885524,60.01686424282847,60.015898251192375,59.96711480801392,59.96443488690391,60.02455549996202,60.02897950735609,59.95546165706113,60.002553300119025,60.02118394729525,59.99657162445944,60.022711296172155,59.983733224882485,59.561525788878086]}
