{"practice":[0,0,0,0,0,0,0,0,0,0,0,0,0,0,0,0,0,0,0,0],"center_interval":[25,50,25,75,25,0,75,100,25,100,100,0,25,0,0,100,100,50,100,0],"image_pair":[2,1,4,4,4,1,2,3,2,1,4,4,3,1,3,2,1,3,2,3],"feature_space":[2,1,2,1,1,2,1,1,2,1,2,2,2,1,2,1,2,1,1,1],"left_img":[2,2,1,2,2,2,1,2,2,1,1,2,2,1,1,2,2,2,2,2],"img1Sample":[3,3,3,3,3,1,2,1,2,2,1,1,1,2,2,3,2,3,1,3],"img2Sample":[3,2,3,3,3,1,1,1,3,2,2,2,3,2,2,3,1,3,2,1],"key":[50,50,49,50,50,49,50,50,50,49,50,50,50,49,49,50,49,50,50,49],"correct":[true,true,true,false,true,false,true,false,true,false,true,true,true,true,true,false,true,true,false,false],"right_img":[1,1,2,1,1,1,2,1,1,2,2,1,1,2,2,1,1,1,1,1],"img_choice":[1,1,1,1,1,2,2,1,1,1,2,1,1,1,1,1,2,1,1,2],"center_sample":[2,3,2,3,3,2,3,2,1,1,1,3,3,3,1,2,3,1,1,1],"left_sample":[3,2,3,3,3,1,2,1,3,2,1,2,3,2,2,3,1,3,2,1],"right_sample":[3,3,3,3,3,1,1,1,2,2,2,1,1,2,2,3,2,3,1,3],"RT":[[0,1625.8999999994412,0,0],[0,1352.7999999998137,0,0],[0,938.5999999996275,0,0],[0,952.4000000003725,0,0],[0,1853.5,0,0],[0,991.5999999996275,0,0],[0,948.9000000003725,0,0],[0,1178.5999999996275,0,0],[0,1536.8999999994412,0,0],[0,1184,0,0],[0,1710.7000000001863,0,0],[0,1508.5,0,0],[0,1529.2999999998137,0,0],[0,1217.7999999998137,0,0],[0,1020,0,0],[0,1185.2999999998137,0,0],[0,1199.5,0,0],[0,945.7000000001863,0,0],[0,1385.9000000003725,0,0],[0,939.0999999996275,0,0]],"response":[[0,1,0,0],[0,1,0,0],[0,1,0,0],[0,1,0,0],[0,1,0,0],[0,1,0,0],[0,1,0,0],[0,1,0,0],[0,1,0,0],[0,1,0,0],[0,1,0,0],[0,1,0,0],[0,1,0,0],[0,1,0,0],[0,1,0,0],[0,1,0,0],[0,1,0,0],[0,1,0,0],[0,1,0,0],[0,1,0,0]],"framerate":[60.01164405032811,59.97458703939009,60.01936108422072,59.991065160493754,60.018654446665934,59.966268973688344,60.00387121751954,60.031418312375244,57.705211362111385,59.99439304737874,59.11542610571737,60.02741409462061,59.998125058607634,59.984731159316894,60.02327433089038,59.99666685182294,60.022026431718054,59.94199162101192,60.03301816000477,59.969048233141166]}
