{"practice":[0,0,0,0,0,0,0,0,0,0,0,0,0,0,0,0,0,0,0,0],"center_interval":[100,0,50,100,75,50,100,100,25,50,100,25,100,25,0,25,100,50,0,100],"image_pair":[1,1,2,2,4,1,2,1,3,2,2,4,1,2,1,3,2,1,3,2],"feature_space":[1,1,1,2,1,2,2,1,1,1,1,2,1,1,2,1,2,1,2,1],"left_img":[1,1,2,1,1,2,2,2,1,1,1,1,1,2,1,1,2,1,1,2],"img1Sample":[2,2,2,1,3,2,2,3,1,2,1,3,3,2,1,1,2,3,2,2],"img2Sample":[3,3,2,2,1,2,1,1,2,3,2,3,2,3,1,3,2,2,2,1],"key":[49,49,50,49,49,50,49,49,49,50,49,50,49,50,50,50,49,50,49,49],"correct":[false,true,true,false,false,true,true,true,true,false,false,false,false,true,false,false,true,false,true,true],"right_img":[2,2,1,2,2,1,1,1,2,2,2,2,2,1,2,2,1,2,2,1],"img_choice":[1,1,1,1,1,1,2,2,1,2,1,2,1,1,2,2,2,2,1,2],"center_sample":[1,3,2,1,3,1,3,3,2,1,3,1,3,2,3,3,3,2,1,2],"left_sample":[2,2,2,1,3,2,1,1,1,2,1,3,3,3,1,1,2,3,2,1],"right_sample":[3,3,2,2,1,2,2,3,2,3,2,3,2,2,1,3,2,2,2,2],"RT":[[0,3586.9000000003725,0,0],[0,960,0,0],[0,1169.1000000005588,0,0],[0,960.5999999996275,0,0],[0,1258.5999999996275,0,0],[0,870.0999999996275,0,0],[0,985.0999999996275,0,0],[0,903.7000000001863,0,0],[0,652.6000000005588,0,0],[0,1201.8999999994412,0,0],[0,2536.5,0,0],[0,826.2999999998137,0,0],[0,779.4000000003725,0,0],[0,1385.300000000745,0,0],[0,1766.2000000001863,0,0],[0,972.7000000001863,0,0],[0,1206.7999999998137,0,0],[0,886.4000000003725,0,0],[0,934,0,0],[0,1035.7999999998137,0,0]],"response":[[0,1,0,0],[0,1,0,0],[0,1,0,0],[0,1,0,0],[0,1,0,0],[0,1,0,0],[0,1,0,0],[0,1,0,0],[0,1,0,0],[0,1,0,0],[0,1,0,0],[0,1,0,0],[0,1,0,0],[0,1,0,0],[0,1,0,0],[0,1,0,0],[0,1,0,0],[0,1,0,0],[0,1,0,0],[0,1,0,0]],"framerate":[59.987145611662626,59.99872343140922,60.024683047246924,59.971928033672114,59.9989285905549,59.97708740483422,60.0375234521576,59.986816084377054,59.97001499246849,60.01872143605659,60.003809765702954,60.02233389168843,60.0014458179392,59.99999999999999,59.995804489196566,59.98989643850869,59.985691486446726,59.984004265514294,60.00387121748348,60.01091107476796]}
