{"practice":[0,0,0,0,0,0,0,0,0,0,0,0,0,0,0,0,0,0,0,0],"center_interval":[25,50,75,100,75,0,75,0,25,75,75,75,0,0,25,25,50,0,75,100],"image_pair":[1,2,1,4,2,4,1,3,3,4,3,4,2,1,1,2,2,1,1,3],"feature_space":[2,2,2,1,2,2,1,1,2,1,2,1,1,1,1,2,1,1,2,1],"left_img":[2,1,1,1,1,2,1,1,1,2,1,1,1,2,1,1,2,1,1,1],"img1Sample":[2,1,1,3,1,3,2,3,2,3,3,3,1,2,3,1,2,2,1,3],"img2Sample":[1,2,3,1,1,1,1,3,3,1,3,3,2,2,3,3,2,3,3,1],"key":[49,50,49,50,49,null,50,50,49,50,50,49,50,50,49,49,50,49,49,49],"correct":[false,false,false,true,false,null,true,false,true,false,true,false,false,true,true,true,true,true,false,false],"right_img":[1,2,2,2,2,1,2,2,2,1,2,2,2,1,2,2,1,2,2,2],"img_choice":[2,2,1,2,1,null,2,2,1,1,2,1,2,1,1,1,1,1,1,1],"center_sample":[1,1,3,2,1,2,1,1,2,3,3,1,3,1,2,2,2,3,2,2],"left_sample":[1,1,1,3,1,1,2,3,2,1,3,3,1,2,3,1,2,2,1,3],"right_sample":[2,2,3,1,1,3,1,3,3,3,3,3,2,2,3,3,2,3,3,1],"RT":[[0,1497.7999999998137,0,0],[0,1580.1000000005588,0,0],[0,832.9000000003725,0,0],[0,777.7999999998137,0,0],[0,1507.8999999994412,0,0],[0,0,0,0],[0,4668.600000000559,0,0],[0,1056.1000000005588,0,0],[0,1528,0,0],[0,1025.2999999998137,0,0],[0,1343.9000000003725,0,0],[0,2026.5,0,0],[0,997.2999999998137,0,0],[0,1423.5,0,0],[0,1039.800000000745,0,0],[0,1322.9000000003725,0,0],[0,1201,0,0],[0,952.3000000007451,0,0],[0,1097.2000000001863,0,0],[0,888.7999999998137,0,0]],"response":[[0,1,0,0],[0,1,0,0],[0,1,0,0],[0,1,0,0],[0,1,0,0],[0,1,0,0],[0,1,0,0],[0,1,0,0],[0,1,0,0],[0,1,0,0],[0,1,0,0],[0,1,0,0],[0,1,0,0],[0,1,0,0],[0,1,0,0],[0,1,0,0],[0,1,0,0],[0,1,0,0],[0,1,0,0],[0,1,0,0]],"framerate":[59.99142979572218,59.99816799488574,60.00139538129573,59.984100599832935,59.99338655580218,60.0007121746292,60.00151423379559,59.97720866071563,60.00937646507267,60.008572653215644,60.01231021749198,59.99164673272917,59.98875210898655,60.01574183392915,59.96729056876713,60.01345129082391,59.99559665343202,60.02554278416347,59.97883100083638,59.984004265514294]}
