{"practice":[0,0,0,0,0,0,0,0,0,0,0,0,0,0,0,0,0,0,0,0],"center_interval":[100,100,50,100,50,50,25,25,50,75,75,50,0,75,50,50,75,50,0,25],"image_pair":[4,4,2,3,4,4,4,3,2,1,1,2,4,1,2,1,1,2,1,4],"feature_space":[1,1,2,1,1,2,2,1,2,1,1,1,1,1,1,1,1,1,2,2],"left_img":[2,2,1,1,2,1,1,1,2,2,1,1,1,1,1,2,2,2,1,1],"img1Sample":[1,3,3,1,1,3,1,3,1,1,3,1,3,2,1,1,2,1,1,3],"img2Sample":[3,2,2,2,1,3,2,1,2,3,1,3,3,2,1,1,3,2,2,1],"key":[49,50,49,null,49,49,50,49,50,50,null,null,null,null,49,null,null,null,49,null],"correct":[true,false,true,null,false,true,false,true,true,false,null,null,null,null,true,null,null,null,true,null],"right_img":[1,1,2,2,1,2,2,2,1,1,2,2,2,2,2,1,1,1,2,2],"img_choice":[2,1,1,null,2,1,2,1,1,1,null,null,null,null,1,null,null,null,1,null],"center_sample":[2,3,3,1,1,3,2,2,3,2,2,2,2,2,3,1,3,1,2,2],"left_sample":[3,2,3,1,1,3,1,3,2,3,3,1,3,2,1,1,3,2,1,3],"right_sample":[1,3,2,2,1,3,2,1,1,1,1,3,3,2,1,1,2,1,2,1],"RT":[[0,0,0,1248,0,0],[0,0,0,1499,0,0],[0,0,0,1765,0,0],[0,0,0,0,0,0],[0,0,0,1698,0,0],[0,0,0,1417,0,0],[0,0,0,1965,0,0],[0,0,0,1750,0,0],[0,0,0,1333,0,0],[0,0,0,2353,0,0],[0,0,0,0,0,0],[0,0,0,0,0,0],[0,0,0,0,0,0],[0,0,0,0,0,0],[0,0,0,3348,0,0],[0,0,0,0,0,0],[0,0,0,0,0,0],[0,0,0,0,0,0],[0,0,0,931,0,0],[0,0,0,0,0,0]],"response":[[0,0,0,1,0,0],[0,0,0,1,0,0],[0,0,0,1,0,0],[0,0,0,1,0,0],[0,0,0,1,0,0],[0,0,0,1,0,0],[0,0,0,1,0,0],[0,0,0,1,0,0],[0,0,0,1,0,0],[0,0,0,1,0,0],[0,0,0,1,0,0],[0,0,0,1,0,0],[0,0,0,1,0,0],[0,0,0,1,0,0],[0,0,0,1,0,0],[0,0,0,1,0,0],[0,0,0,1,0,0],[0,0,0,1,0,0],[0,0,0,1,0,0],[0,0,0,1,0,0]],"framerate":[11.72161172161172,11.431184270690443,11.099020674646356,10.945653557337407,12.57445400397088,11.334120425029516,8.575512148642211,5.171776874769117,7.513500821789153,7.074569789674952,4.579570029258364,6.832848285461218,6.65983606557377,7.034147589205781,7.133798351299936,6.862371330537552,7.024586051179127,7.07031752153233,6.706008583690987,6.850168140490721]}
