{"practice":[0,0,0,0,0,0,0,0,0,0,0,0,0,0,0,0,0,0,0,0],"center_interval":[25,50,75,25,50,25,100,100,0,100,0,25,0,50,25,75,100,25,50,25],"image_pair":[1,3,2,3,1,4,2,1,2,1,3,3,2,2,3,2,1,3,1,4],"feature_space":[2,2,2,2,2,2,2,1,1,2,2,1,1,1,2,1,2,1,2,1],"left_img":[1,1,2,2,1,2,1,1,1,2,2,2,2,1,2,1,1,2,1,2],"img1Sample":[3,3,1,1,3,3,1,1,3,2,2,1,1,3,3,1,1,3,3,1],"img2Sample":[1,3,2,2,1,1,2,3,1,3,2,2,1,1,1,2,2,3,1,2],"key":[50,49,null,null,null,null,null,null,null,null,null,null,null,null,null,null,null,null,null,null],"correct":[false,true,null,null,null,null,null,null,null,null,null,null,null,null,null,null,null,null,null,null],"right_img":[2,2,1,1,2,1,2,2,2,1,1,1,1,2,1,2,2,1,2,1],"img_choice":[2,1,null,null,null,null,null,null,null,null,null,null,null,null,null,null,null,null,null,null],"center_sample":[2,1,1,3,1,3,1,2,2,1,1,1,3,2,1,1,3,2,1,1],"left_sample":[3,3,2,2,3,1,1,1,3,3,2,2,1,3,1,1,1,3,3,2],"right_sample":[1,3,1,1,1,3,2,3,1,2,2,1,1,1,3,2,2,3,1,1],"RT":[[0,0,0,1808,0,0],[0,0,0,532,0,0],[0,0,0,0,0,0],[0,0,0,0,0,0],[0,0,0,0,0,0],[0,0,0,0,0,0],[0,0,0,0,0,0],[0,0,0,0,0,0],[0,0,0,0,0,0],[0,0,0,0,0,0],[0,0,0,0,0,0],[0,0,0,0,0,0],[0,0,0,0,0,0],[0,0,0,0,0,0],[0,0,0,0,0,0],[0,0,0,0,0,0],[0,0,0,0,0,0],[0,0,0,0,0,0],[0,0,0,0,0,0],[0,0,0,0,0,0]],"response":[[0,0,0,1,0,0],[0,0,0,1,0,0],[0,0,0,1,0,0],[0,0,0,1,0,0],[0,0,0,1,0,0],[0,0,0,1,0,0],[0,0,0,1,0,0],[0,0,0,1,0,0],[0,0,0,1,0,0],[0,0,0,1,0,0],[0,0,0,1,0,0],[0,0,0,1,0,0],[0,0,0,1,0,0],[0,0,0,1,0,0],[0,0,0,1,0,0],[0,0,0,1,0,0],[0,0,0,1,0,0],[0,0,0,1,0,0],[0,0,0,1,0,0],[0,0,0,1,0,0]],"framerate":[10.857994464551842,11.117788461538462,11.041211965592503,11.178861788617887,11.739185912976904,11.73469387755102,11.43728555089592,11.605662543042978,11.408290024084168,11.108273748723187,10.60702875399361,11.89410410538432,9.540770894288258,11.115419413209255,11.600050435001892,11.60418260647794,11.008704557091654,9.947710751179697,7.9634464751958225,8.118910816887334]}
