{"practice":[0,0,0,0,0,0,0,0,0,0,0,0,0,0,0,0,0,0,0,0],"center_interval":[100,50,75,75,50,25,75,0,25,75,25,25,50,25,0,0,50,75,75,50],"image_pair":[1,1,3,1,2,2,1,4,1,4,2,2,1,1,2,2,1,2,3,1],"feature_space":[2,1,2,2,2,1,1,1,1,2,2,1,2,2,2,2,1,1,1,2],"left_img":[2,2,2,1,1,1,1,1,1,2,2,1,2,1,1,2,1,1,1,1],"img1Sample":[3,1,2,2,3,2,1,1,3,2,2,1,3,3,1,1,1,2,3,2],"img2Sample":[1,3,3,3,1,2,1,3,1,3,1,1,2,1,2,1,1,3,2,2],"key":[50,50,50,50,50,50,50,49,49,49,49,49,50,49,49,49,49,50,49,49],"correct":[false,true,false,true,false,false,true,true,true,true,false,true,true,true,true,false,true,true,false,true],"right_img":[1,1,1,2,2,2,2,2,2,1,1,2,1,2,2,1,2,2,2,2],"img_choice":[1,1,1,2,2,2,2,1,1,2,2,1,1,1,1,2,1,2,1,1],"center_sample":[3,2,2,1,3,3,2,3,1,2,2,3,3,1,3,2,1,2,2,2],"left_sample":[1,3,3,2,3,2,1,1,3,3,1,1,2,3,1,1,1,2,3,2],"right_sample":[3,1,2,3,1,2,1,3,1,2,2,1,3,1,2,1,1,3,2,2],"RT":[[0,3189,0,0],[0,1583.1000003814697,0,0],[0,2669,0,0],[0,1367,0,0],[0,315.80000019073486,0,0],[0,460.30000019073486,0,0],[0,323.90000009536743,0,0],[0,1371.6999998092651,0,0],[0,1568.1999998092651,0,0],[0,669,0,0],[0,871.5,0,0],[0,1262.2999997138977,0,0],[0,926.5,0,0],[0,990,0,0],[0,798.3999996185303,0,0],[0,876.0999999046326,0,0],[0,725.0999999046326,0,0],[0,1091.1999998092651,0,0],[0,787.4000000953674,0,0],[0,610.3999996185303,0,0]],"response":[[0,1,0,0],[0,1,0,0],[0,1,0,0],[0,1,0,0],[0,1,0,0],[0,1,0,0],[0,1,0,0],[0,1,0,0],[0,1,0,0],[0,1,0,0],[0,1,0,0],[0,1,0,0],[0,1,0,0],[0,1,0,0],[0,1,0,0],[0,1,0,0],[0,1,0,0],[0,1,0,0],[0,1,0,0],[0,1,0,0]],"framerate":[12.893718916280482,15.084335147816022,13.065937405044059,16.05458559254574,21.31287297311109,20.478451080791253,21.208907741251327,15.567719582410467,15.236160486886266,17.670559312911184,18.09045226130653,14.985282312014984,16.319357265460077,17.453094810816786,17.685342383456124,16.937669376693766,18.05461521489917,16.362786346025345,18.624641833810887,19.77424405023617]}
