{"practice":[1,1,1,1,1],"center_interval":[100,25,100,75,50],"image_pair":[2,4,4,4,3],"feature_space":[2,1,2,2,1],"left_img":[1,1,2,1,2],"img1Sample":[1,1,3,2,2],"img2Sample":[2,1,1,1,1],"key":[null,49,50,49,49],"correct":[null,true,false,false,false],"right_img":[2,2,1,2,1],"img_choice":[null,1,1,1,2],"center_sample":[1,2,3,2,3],"left_sample":[1,1,1,2,1],"right_sample":[2,1,3,1,2],"RT":[[0,0,0,0],[0,141.09999990463257,0,0],[0,3574.0999999046326,0,0],[0,2126.9000000953674,0,0],[0,3246.5999999046326,0,0]],"response":[[0,1,0,0],[0,1,0,0],[0,1,0,0],[0,1,0,0],[0,1,0,0]],"framerate":[11.030458298312666,25.74333890789667,12.168643077273387,12.814879904925904,13.178635108149372]}
