{"practice":[0,0,0,0,0,0,0,0,0,0,0,0,0,0,0,0,0,0,0,0],"center_interval":[25,50,25,75,0,75,25,100,25,0,100,50,100,75,0,100,75,0,25,75],"image_pair":[3,2,3,3,1,2,1,1,4,4,3,4,3,2,1,2,1,3,1,1],"feature_space":[2,1,2,1,2,1,2,1,1,1,2,1,2,2,2,2,2,2,2,2],"left_img":[2,2,1,1,2,1,1,1,2,2,2,2,1,1,2,1,1,1,1,2],"img1Sample":[3,2,1,1,3,1,2,1,1,2,1,2,2,2,2,2,1,3,1,2],"img2Sample":[2,2,2,3,3,1,3,3,2,1,2,1,1,1,3,1,3,1,2,3],"key":[49,50,50,49,50,49,50,49,49,50,49,50,50,50,50,50,50,50,49,49],"correct":[false,true,false,false,true,false,false,false,false,true,true,true,true,true,true,true,true,false,true,true],"right_img":[1,1,2,2,1,2,2,2,1,1,1,1,2,2,1,2,2,2,2,1],"img_choice":[2,1,2,1,1,1,2,1,2,1,2,1,2,2,1,2,2,2,1,2],"center_sample":[3,2,2,1,2,1,3,1,2,1,1,3,3,1,3,2,3,1,3,1],"left_sample":[2,2,1,1,3,1,2,1,2,1,2,1,2,2,3,2,1,3,1,3],"right_sample":[3,2,2,3,3,1,3,3,1,2,1,2,1,1,2,1,3,1,2,2],"RT":[[0,429,0,0],[0,769,0,0],[0,114,0,0],[0,254,0,0],[0,39,0,0],[0,12,0,0],[0,236,0,0],[0,168,0,0],[0,525,0,0],[0,421,0,0],[0,522,0,0],[0,105,0,0],[0,1173,0,0],[0,752,0,0],[0,289,0,0],[0,164,0,0],[0,220,0,0],[0,312,0,0],[0,130,0,0],[0,78,0,0]],"response":[[0,1,0,0],[0,1,0,0],[0,1,0,0],[0,1,0,0],[0,1,0,0],[0,1,0,0],[0,1,0,0],[0,1,0,0],[0,1,0,0],[0,1,0,0],[0,1,0,0],[0,1,0,0],[0,1,0,0],[0,1,0,0],[0,1,0,0],[0,1,0,0],[0,1,0,0],[0,1,0,0],[0,1,0,0],[0,1,0,0]],"framerate":[25.169409486931265,22.95552367288379,26.731470230862698,28.634361233480178,30.53435114503817,31.545741324921135,28.639618138424822,26.992287917737787,24.22145328719723,26.97495183044316,23.957409050576754,24.251069900142653,18.046709129511676,24.65554749818709,24.336283185840706,30.45685279187817,28.67383512544803,26.680896478121667,28.985507246376812,30.65693430656934]}
