{"practice":[0,0,0,0,0,0,0,0,0,0,0,0,0,0,0,0,0,0,0,0],"center_interval":[50,75,0,100,100,100,50,50,25,75,100,0,25,100,75,100,0,0,75,0],"image_pair":[1,3,1,1,3,4,2,1,1,1,1,4,3,1,2,3,2,2,1,1],"feature_space":[1,2,2,1,2,2,1,2,1,1,2,2,2,1,1,1,1,1,2,1],"left_img":[2,1,1,2,1,2,2,2,2,2,1,2,1,1,1,1,1,2,2,1],"img1Sample":[3,3,1,3,1,2,3,2,2,2,3,2,1,2,3,3,2,3,1,3],"img2Sample":[2,1,1,1,2,1,2,2,3,3,3,1,2,2,2,1,1,3,1,2],"key":[50,50,49,50,49,49,49,49,49,50,50,50,50,50,50,50,50,49,49,49],"correct":[true,true,true,false,false,true,false,false,false,false,true,true,false,true,true,true,false,false,true,true],"right_img":[1,2,2,1,2,1,1,1,1,1,2,1,2,2,2,2,2,1,1,2],"img_choice":[1,2,1,1,1,2,2,2,2,1,2,1,2,2,2,2,2,2,2,1],"center_sample":[1,2,3,3,3,2,3,2,2,3,1,3,1,3,2,2,1,2,3,1],"left_sample":[2,3,1,1,1,1,2,2,3,3,3,1,1,2,3,3,2,3,1,3],"right_sample":[3,1,1,3,2,2,3,2,2,2,3,2,2,2,2,1,1,3,1,2],"RT":[[0,136,0,0],[0,683,0,0],[0,394,0,0],[0,187,0,0],[0,165,0,0],[0,231,0,0],[0,1073,0,0],[0,561,0,0],[0,417,0,0],[0,299,0,0],[0,221,0,0],[0,216,0,0],[0,357,0,0],[0,190,0,0],[0,137,0,0],[0,201,0,0],[0,610,0,0],[0,848,0,0],[0,125,0,0],[0,588,0,0]],"response":[[0,1,0,0],[0,1,0,0],[0,1,0,0],[0,1,0,0],[0,1,0,0],[0,1,0,0],[0,1,0,0],[0,1,0,0],[0,1,0,0],[0,1,0,0],[0,1,0,0],[0,1,0,0],[0,1,0,0],[0,1,0,0],[0,1,0,0],[0,1,0,0],[0,1,0,0],[0,1,0,0],[0,1,0,0],[0,1,0,0]],"framerate":[26.666666666666668,22.88329519450801,24.8015873015873,27.29528535980149,26.92307692307692,24.793388429752063,22.941176470588236,23.850085178875638,26.21359223300971,27.59381898454746,23.227383863080682,30.463576158940395,25.665399239543728,27.060270602706026,27.96271637816245,27.63157894736842,22.900763358778626,24.65753424657534,27.96271637816245,25.472473294987676]}
