{"practice":[0,0,0,0,0,0,0,0,0,0,0,0,0,0,0,0,0,0,0,0],"center_interval":[0,50,75,50,0,0,50,100,100,75,0,25,75,100,25,75,25,25,75,75],"image_pair":[2,2,3,2,1,3,4,3,2,1,3,3,3,3,1,1,1,2,4,3],"feature_space":[1,1,2,1,2,1,1,1,2,1,1,1,2,1,2,2,1,1,2,2],"left_img":[1,2,1,2,2,1,1,1,2,1,2,2,2,1,2,2,1,1,1,1],"img1Sample":[3,3,2,2,2,2,3,3,3,3,2,2,1,2,2,2,3,1,3,2],"img2Sample":[3,3,1,3,1,1,2,2,1,3,2,3,2,3,1,2,1,2,2,1],"stim_time":[250,250,250,250,250,250,250,250,250,250,250,250,250,250,250,250,250,250,250,250],"key":[49,49,49,49,49,49,49,49,49,49,49,49,49,49,49,49,49,49,49,49],"correct":[true,false,false,false,false,true,true,false,true,false,false,false,true,false,false,true,true,true,false,false],"right_img":[2,1,2,1,1,2,2,2,1,2,1,1,1,2,1,1,2,2,2,2],"img_choice":[1,2,1,2,2,1,1,1,2,1,2,2,2,1,2,2,1,1,1,1],"center_sample":[2,1,2,2,2,3,3,3,2,2,3,1,3,2,2,1,2,3,2,1],"left_sample":[3,3,2,3,1,2,3,3,1,3,2,3,2,2,1,2,3,1,3,2],"right_sample":[3,3,1,2,2,1,2,2,3,3,2,2,1,3,2,2,1,2,2,1],"exact_match":[0,0,0,0,1,0,0,0,0,0,0,0,0,0,0,0,0,0,0,0],"RT":[[0,0,0,1481.3999999985099,0,0],[0,0,0,104.79999999701977,0,0],[0,0,0,122.10000000149012,0,0],[0,0,0,38,0,0],[0,0,0,24.799999997019768,0,0],[0,0,0,4.299999997019768,0,0],[0,0,0,16.899999998509884,0,0],[0,0,0,2.399999998509884,0,0],[0,0,0,74.10000000149012,0,0],[0,0,0,109.20000000298023,0,0],[0,0,0,120.89999999850988,0,0],[0,0,0,100.60000000149012,0,0],[0,0,0,106.30000000447035,0,0],[0,0,0,105.80000000447035,0,0],[0,0,0,62.5,0,0],[0,0,0,158.39999999850988,0,0],[0,0,0,164.89999999850988,0,0],[0,0,0,150.30000000447035,0,0],[0,0,0,142,0,0],[0,0,0,51.70000000298023,0,0]],"response":[[0,0,0,1,0,0],[0,0,0,1,0,0],[0,0,0,1,0,0],[0,0,0,1,0,0],[0,0,0,1,0,0],[0,0,0,1,0,0],[0,0,0,1,0,0],[0,0,0,1,0,0],[0,0,0,1,0,0],[0,0,0,1,0,0],[0,0,0,1,0,0],[0,0,0,1,0,0],[0,0,0,1,0,0],[0,0,0,1,0,0],[0,0,0,1,0,0],[0,0,0,1,0,0],[0,0,0,1,0,0],[0,0,0,1,0,0],[0,0,0,1,0,0],[0,0,0,1,0,0]],"framerate":[24.980015987222632,59.760956175221686,59.57446808510639,59.67682702925705,59.775611550159745,59.68169761306909,59.69592388761407,59.67604433060732,59.68577196539794,59.57446808510639,59.81372297678597,59.57520290128331,59.75245411865131,59.69890984576322,58.83926183494965,59.66001961418037,59.645395865747915,59.711394924310056,59.68664511330339,59.32051051582923]}
