{"practice":[1,1,1,1,1],"center_interval":[100,50,100,50,25],"image_pair":[2,1,3,3,1],"feature_space":[1,1,1,1,1],"left_img":[2,2,1,2,1],"img1Sample":[3,1,3,2,2],"img2Sample":[3,2,3,1,3],"key":[49,49,49,49,50],"correct":[true,false,false,false,false],"right_img":[1,1,2,1,2],"img_choice":[2,2,1,2,2],"center_sample":[2,3,2,3,2],"left_sample":[3,2,3,1,2],"right_sample":[3,1,3,2,3],"RT":[[0,0,0,3154.199999988079,0,0],[0,0,0,2212.199999988079,0,0],[0,0,0,2464.699999988079,0,0],[0,0,0,1090.300000011921,0,0],[0,0,0,1944.3999999761581,0,0]],"response":[[0,0,0,1,0,0],[0,0,0,1,0,0],[0,0,0,1,0,0],[0,0,0,1,0,0],[0,0,0,1,0,0]],"framerate":[47.29639071533738,60.060060059917674,60.05266448192091,60.05389452072373,60.04930363847545]}
