{"practice":[0,0,0,0,0,0,0,0,0,0,0,0,0,0,0,0,0,0,0,0],"center_interval":[75,0,75,0,25,0,0,100,100,0,75,100,25,100,100,50,0,50,100,50],"image_pair":[4,1,4,1,4,3,4,4,3,3,3,3,1,4,4,4,1,4,2,4],"feature_space":[1,2,2,2,2,1,1,2,2,1,1,2,1,2,2,2,1,1,2,1],"left_img":[1,1,2,1,1,2,1,1,1,2,1,2,1,2,1,2,1,1,1,1],"img1Sample":[1,2,2,1,1,1,3,3,3,2,1,2,1,2,2,3,3,2,3,3],"img2Sample":[3,3,1,3,1,2,2,3,3,3,3,2,3,1,3,3,3,3,1,1],"key":[50,49,49,50,50,50,49,50,50,49,49,49,50,49,49,49,49,49,49,49],"correct":[true,true,true,false,false,true,true,true,true,false,false,true,false,true,false,false,true,true,false,true],"right_img":[2,2,1,2,2,1,2,2,2,1,2,1,2,1,2,1,2,2,2,2],"img_choice":[2,1,2,2,2,1,1,2,2,2,1,2,2,2,1,2,1,1,1,1],"center_sample":[3,3,3,2,1,2,2,2,1,3,2,1,2,2,1,3,1,2,2,2],"left_sample":[1,2,1,1,1,2,3,3,3,3,1,2,1,1,2,3,3,2,3,3],"right_sample":[3,3,2,3,1,1,2,3,3,2,3,2,3,2,3,3,3,3,1,1],"RT":[[0,0,0,1390.4000000357628,0,0],[0,0,0,1516.699999988079,0,0],[0,0,0,1458.2999999523163,0,0],[0,0,0,1866.199999988079,0,0],[0,0,0,1458.199999988079,0,0],[0,0,0,1380.300000011921,0,0],[0,0,0,1835.2000000476837,0,0],[0,0,0,3301,0,0],[0,0,0,1785,0,0],[0,0,0,4308.199999988079,0,0],[0,0,0,3889.5,0,0],[0,0,0,1518.1000000238419,0,0],[0,0,0,2816.599999964237,0,0],[0,0,0,1394.6000000238419,0,0],[0,0,0,2978.399999976158,0,0],[0,0,0,1446.800000011921,0,0],[0,0,0,1876.3999999761581,0,0],[0,0,0,2184.5,0,0],[0,0,0,1757.6000000238419,0,0],[0,0,0,1614.7000000476837,0,0]],"response":[[0,0,0,1,0,0],[0,0,0,1,0,0],[0,0,0,1,0,0],[0,0,0,1,0,0],[0,0,0,1,0,0],[0,0,0,1,0,0],[0,0,0,1,0,0],[0,0,0,1,0,0],[0,0,0,1,0,0],[0,0,0,1,0,0],[0,0,0,1,0,0],[0,0,0,1,0,0],[0,0,0,1,0,0],[0,0,0,1,0,0],[0,0,0,1,0,0],[0,0,0,1,0,0],[0,0,0,1,0,0],[0,0,0,1,0,0],[0,0,0,1,0,0],[0,0,0,1,0,0]],"framerate":[60.05004170141785,60.053123917311474,60.05019821223248,60.05300051306118,55.32762864845856,60.08870236999468,60.0503648225711,60.05170664624348,60.05221932114883,60.05372487789322,60.05019120480278,60.057285410864814,60.05152349649107,60.05004170141785,60.05384137490235,60.048789641751696,60.05428394318741,60.04683653292517,60.04952990375692,60.043791337023386]}
