{"practice":[0,0,0,0,0,0,0,0,0,0,0,0,0,0,0,0,0,0,0,0],"center_interval":[0,100,75,75,50,100,50,75,100,75,0,25,50,50,25,75,75,0,50,75],"image_pair":[4,4,4,3,1,4,3,3,3,4,3,3,3,3,1,3,2,3,1,4],"feature_space":[2,1,2,1,2,2,1,2,1,2,2,2,1,1,1,1,2,2,2,1],"left_img":[1,1,2,1,1,1,1,2,2,2,2,2,1,2,1,1,2,1,1,1],"img1Sample":[3,1,1,2,2,1,1,2,1,2,1,2,2,2,3,1,2,2,3,1],"img2Sample":[1,1,3,3,1,1,3,2,3,2,2,3,2,3,1,2,1,1,3,1],"stim_time":[2000,2000,2000,2000,2000,2000,2000,2000,2000,2000,2000,2000,2000,2000,2000,2000,2000,2000,2000,2000],"key":[null,null,null,null,null,null,null,null,null,null,null,null,null,null,null,null,null,null,null,null],"correct":[null,null,null,null,null,null,null,null,null,null,null,null,null,null,null,null,null,null,null,null],"right_img":[2,2,1,2,2,2,2,1,1,1,1,1,2,1,2,2,1,2,2,2],"img_choice":[null,null,null,null,null,null,null,null,null,null,null,null,null,null,null,null,null,null,null,null],"center_sample":[2,3,3,3,3,2,2,3,1,1,2,2,3,2,3,3,3,3,1,1],"left_sample":[3,1,3,2,2,1,1,2,3,2,2,3,2,3,3,1,1,2,3,1],"right_sample":[1,1,1,3,1,1,3,2,1,2,1,2,2,2,1,2,2,1,3,1],"exact_match":[0,0,0,0,0,0,0,0,0,0,0,0,0,0,0,0,0,0,0,0],"RT":[[0,0,0,0,0,0],[0,0,0,0,0,0],[0,0,0,0,0,0],[0,0,0,0,0,0],[0,0,0,0,0,0],[0,0,0,0,0,0],[0,0,0,0,0,0],[0,0,0,0,0,0],[0,0,0,0,0,0],[0,0,0,0,0,0],[0,0,0,0,0,0],[0,0,0,0,0,0],[0,0,0,0,0,0],[0,0,0,0,0,0],[0,0,0,0,0,0],[0,0,0,0,0,0],[0,0,0,0,0,0],[0,0,0,0,0,0],[0,0,0,0,0,0],[0,0,0,0,0,0]],"response":[[0,0,0,1,0,0],[0,0,0,1,0,0],[0,0,0,1,0,0],[0,0,0,1,0,0],[0,0,0,1,0,0],[0,0,0,1,0,0],[0,0,0,1,0,0],[0,0,0,1,0,0],[0,0,0,1,0,0],[0,0,0,1,0,0],[0,0,0,1,0,0],[0,0,0,1,0,0],[0,0,0,1,0,0],[0,0,0,1,0,0],[0,0,0,1,0,0],[0,0,0,1,0,0],[0,0,0,1,0,0],[0,0,0,1,0,0],[0,0,0,1,0,0],[0,0,0,1,0,0]],"framerate":[59.70761207987777,59.68084833890297,59.68772815188066,59.68390583777477,59.68314143363058,59.42090232692582,59.690786355671136,59.6877281518237,59.67855542037523,59.688492673463834,57.12163321759494,59.67931970699361,59.688492673463834,59.679319706936674,59.68772815188066,59.68772815188066,59.675498469649284,59.692315575117114,59.661746066270915,59.707612079934776]}
