{"practice":[0,0,0,0,0,0,0,0,0,0,0,0,0,0,0,0,0,0,0,0],"center_interval":[50,100,100,75,75,25,25,75,50,75,25,0,25,25,100,0,0,0,25,75],"image_pair":[4,1,2,2,3,3,2,4,3,1,1,2,3,2,3,4,1,2,1,3],"feature_space":[1,1,2,1,1,1,1,1,2,2,2,2,2,1,2,1,1,2,2,1],"left_img":[1,2,2,1,1,1,2,2,1,1,1,2,1,1,2,2,2,2,2,1],"img1Sample":[3,3,3,2,1,2,1,2,1,2,2,1,1,2,1,3,3,3,3,2],"img2Sample":[1,1,1,3,1,2,1,3,2,3,1,1,3,3,2,1,3,2,3,1],"stim_time":[250,250,250,250,250,250,250,250,250,250,250,250,250,250,250,250,250,250,250,250],"key":[null,null,null,null,null,null,null,null,null,null,null,null,null,null,null,null,null,null,null,null],"correct":[null,null,null,null,null,null,null,null,null,null,null,null,null,null,null,null,null,null,null,null],"right_img":[2,1,1,2,2,2,1,1,2,2,2,1,2,2,1,1,1,1,1,2],"img_choice":[null,null,null,null,null,null,null,null,null,null,null,null,null,null,null,null,null,null,null,null],"center_sample":[1,2,3,3,3,3,1,1,3,2,1,1,2,2,3,2,3,2,3,1],"left_sample":[3,1,1,2,1,2,1,3,1,2,2,1,1,2,2,1,3,2,3,2],"right_sample":[1,3,3,3,1,2,1,2,2,3,1,1,3,3,1,3,3,3,3,1],"exact_match":[0,0,0,0,0,0,0,0,0,0,0,1,0,0,0,0,1,0,0,0],"RT":[[0,0,0,0,0,0],[0,0,0,0,0,0],[0,0,0,0,0,0],[0,0,0,0,0,0],[0,0,0,0,0,0],[0,0,0,0,0,0],[0,0,0,0,0,0],[0,0,0,0,0,0],[0,0,0,0,0,0],[0,0,0,0,0,0],[0,0,0,0,0,0],[0,0,0,0,0,0],[0,0,0,0,0,0],[0,0,0,0,0,0],[0,0,0,0,0,0],[0,0,0,0,0,0],[0,0,0,0,0,0],[0,0,0,0,0,0],[0,0,0,0,0,0],[0,0,0,0,0,0]],"response":[[0,0,0,1,0,0],[0,0,0,1,0,0],[0,0,0,1,0,0],[0,0,0,1,0,0],[0,0,0,1,0,0],[0,0,0,1,0,0],[0,0,0,1,0,0],[0,0,0,1,0,0],[0,0,0,1,0,0],[0,0,0,1,0,0],[0,0,0,1,0,0],[0,0,0,1,0,0],[0,0,0,1,0,0],[0,0,0,1,0,0],[0,0,0,1,0,0],[0,0,0,1,0,0],[0,0,0,1,0,0],[0,0,0,1,0,0],[0,0,0,1,0,0],[0,0,0,1,0,0]],"framerate":[56.3788925339734,59.69066385250652,59.675903793196795,59.69263241212468,59.67393633676759,59.682790912402965,59.53166226912929,59.68180694089523,59.68672712283595,59.682790912402965,57.36515890809797,59.530680562641,59.68574302153486,59.66705126091972,56.21960267084329,59.52675406051611,59.68475895275783,59.69460110151744,59.68574302153486,59.682790912402965]}
