{"practice":[0,0,0,0,0,0,0,0,0,0,0,0,0,0,0,0,0,0,0,0],"center_interval":[75,25,100,75,100,25,25,75,100,100,50,25,75,0,25,50,100,50,75,75],"image_pair":[3,2,3,4,2,2,2,4,4,4,3,4,3,4,3,1,4,1,1,3],"feature_space":[2,1,1,1,2,1,2,2,2,1,2,2,2,2,1,2,1,2,1,2],"left_img":[2,1,2,2,1,2,1,1,2,2,1,1,1,2,2,2,2,1,2,2],"img1Sample":[1,2,3,3,3,3,3,2,3,2,2,2,3,1,3,1,1,3,1,2],"img2Sample":[2,3,1,2,1,2,3,2,2,1,1,1,1,1,3,2,2,2,3,1],"key":[49,49,50,50,49,50,49,49,49,49,49,50,49,50,50,50,49,49,50,50],"correct":[true,true,false,false,false,true,true,false,true,true,true,false,false,true,true,true,true,true,false,false],"right_img":[1,2,1,1,2,1,2,2,1,1,2,2,2,1,1,1,1,2,1,1],"img_choice":[2,1,1,1,1,1,1,1,2,2,1,2,1,1,1,1,2,1,1,1],"center_sample":[1,3,3,1,2,1,3,3,3,2,1,1,1,3,1,2,1,3,3,3],"left_sample":[2,2,1,2,3,2,3,2,2,1,2,2,3,1,3,2,2,3,3,1],"right_sample":[1,3,3,3,1,3,3,2,3,2,1,1,1,1,3,1,1,2,1,2],"RT":[[0,0,0,1756.3999999761581,0,0],[0,0,0,1321.4000000357628,0,0],[0,0,0,1224.300000011921,0,0],[0,0,0,1221.1000000238419,0,0],[0,0,0,1207.1000000238419,0,0],[0,0,0,1425.300000011921,0,0],[0,0,0,1315.800000011921,0,0],[0,0,0,3066.7999999523163,0,0],[0,0,0,1035.300000011921,0,0],[0,0,0,1150.0999999642372,0,0],[0,0,0,1086.5,0,0],[0,0,0,977.2000000476837,0,0],[0,0,0,1118.9000000357628,0,0],[0,0,0,901.7000000476837,0,0],[0,0,0,1296.7000000476837,0,0],[0,0,0,1116.800000011921,0,0],[0,0,0,980.3000000119209,0,0],[0,0,0,1047.300000011921,0,0],[0,0,0,1515.6000000238419,0,0],[0,0,0,1945.6000000238419,0,0]],"response":[[0,0,0,1,0,0],[0,0,0,1,0,0],[0,0,0,1,0,0],[0,0,0,1,0,0],[0,0,0,1,0,0],[0,0,0,1,0,0],[0,0,0,1,0,0],[0,0,0,1,0,0],[0,0,0,1,0,0],[0,0,0,1,0,0],[0,0,0,1,0,0],[0,0,0,1,0,0],[0,0,0,1,0,0],[0,0,0,1,0,0],[0,0,0,1,0,0],[0,0,0,1,0,0],[0,0,0,1,0,0],[0,0,0,1,0,0],[0,0,0,1,0,0],[0,0,0,1,0,0]],"framerate":[60.05084597161483,60.05133420487291,60.051117894099534,60.05409832015185,60.042852159869504,60.06006005972147,60.049880142723,60.054440285811495,60.04991161466261,60.05096762780616,60.056977132886004,60.049732817611925,60.0554749728264,60.04631374852824,56.16474993346278,60.05241863697085,60.05056889993788,60.044515761500136,60.062834965644974,60.052493438320205]}
