{"practice":[0,0,0,0,0,0,0,0,0,0,0,0,0,0,0,0,0,0,0,0],"center_interval":[25,100,0,25,100,100,0,100,0,25,50,75,0,50,50,25,0,0,50,50],"image_pair":[3,3,3,3,1,2,3,2,3,2,2,2,4,4,1,3,2,2,4,1],"feature_space":[2,2,2,2,2,2,1,2,1,1,2,1,1,2,1,2,1,2,2,1],"left_img":[1,1,2,1,2,1,1,2,2,2,1,2,1,1,2,2,1,1,1,1],"img1Sample":[2,1,3,1,3,2,2,3,3,3,1,3,3,1,3,3,2,1,3,1],"img2Sample":[3,1,2,1,1,1,1,1,3,3,3,3,1,2,3,3,2,3,1,2],"stim_time":[2000,2000,2000,2000,2000,2000,2000,2000,2000,2000,2000,2000,2000,2000,2000,2000,2000,2000,2000,2000],"key":[50,49,49,50,50,49,49,49,50,50,50,49,49,49,49,50,49,49,49,49],"correct":[false,false,false,false,false,false,true,true,true,true,false,true,true,true,false,true,true,true,true,true],"right_img":[2,2,1,2,1,2,2,1,1,1,2,1,2,2,1,1,2,2,2,2],"img_choice":[2,1,2,2,1,1,1,2,1,1,2,2,1,1,2,1,1,1,1,1],"center_sample":[3,2,3,2,3,3,1,2,3,3,3,3,3,1,3,3,3,1,2,2],"left_sample":[2,1,2,1,1,2,2,1,3,3,1,3,3,1,3,3,2,1,3,1],"right_sample":[3,1,3,1,3,1,1,3,3,3,3,3,1,2,3,3,2,3,1,2],"exact_match":[0,0,1,0,0,0,0,0,1,0,0,0,1,0,0,0,0,1,0,0],"RT":[[0,0,0,940,0,0],[0,0,0,1308,0,0],[0,0,0,928,0,0],[0,0,0,885,0,0],[0,0,0,1044,0,0],[0,0,0,977,0,0],[0,0,0,1158,0,0],[0,0,0,1172,0,0],[0,0,0,1019,0,0],[0,0,0,1287,0,0],[0,0,0,1333,0,0],[0,0,0,1212,0,0],[0,0,0,842,0,0],[0,0,0,1111,0,0],[0,0,0,1159,0,0],[0,0,0,1026,0,0],[0,0,0,1220,0,0],[0,0,0,998,0,0],[0,0,0,1300,0,0],[0,0,0,1209,0,0]],"response":[[0,0,0,1,0,0],[0,0,0,1,0,0],[0,0,0,1,0,0],[0,0,0,1,0,0],[0,0,0,1,0,0],[0,0,0,1,0,0],[0,0,0,1,0,0],[0,0,0,1,0,0],[0,0,0,1,0,0],[0,0,0,1,0,0],[0,0,0,1,0,0],[0,0,0,1,0,0],[0,0,0,1,0,0],[0,0,0,1,0,0],[0,0,0,1,0,0],[0,0,0,1,0,0],[0,0,0,1,0,0],[0,0,0,1,0,0],[0,0,0,1,0,0],[0,0,0,1,0,0]],"framerate":[59.9840042655292,60.024301336573515,59.98928762720943,59.99999999999999,59.99999999999999,60.00528680941052,59.979838709677416,60.005021340697965,60.005217845029996,59.99999999999999,60.004839099927416,59.98008959681433,60.016442861057826,60.010214504596526,59.979838709677416,60.005217845029996,60.0049590875279,59.99999999999999,59.99999999999999,60.00996015936254]}
