{"practice":[0,0,0,0,0,0,0,0,0,0,0,0,0,0,0,0,0,0,0,0],"center_interval":[25,100,50,75,25,50,50,75,0,75,25,75,50,25,100,75,25,75,0,25],"image_pair":[2,4,2,4,3,1,2,4,4,1,4,1,2,2,2,3,4,1,3,3],"feature_space":[1,2,1,1,1,1,2,2,1,1,2,2,2,1,2,2,2,1,1,1],"left_img":[1,1,2,1,2,2,2,2,1,2,1,1,1,2,2,1,1,2,1,2],"img1Sample":[2,1,2,3,1,1,2,3,1,2,3,1,3,3,3,3,1,2,2,2],"img2Sample":[1,1,3,2,2,3,3,1,3,2,1,3,1,1,1,3,2,1,3,1],"stim_time":[250,250,250,250,250,250,250,250,250,250,250,250,250,250,250,250,250,250,250,250],"key":[49,50,50,50,50,49,49,49,49,49,49,49,50,49,49,49,49,49,49,50],"correct":[true,true,true,true,true,false,false,true,true,true,true,false,false,false,true,false,true,true,true,true],"right_img":[2,2,1,2,1,1,1,1,2,1,2,2,2,1,1,2,2,1,2,1],"img_choice":[1,2,1,2,1,2,2,2,1,2,1,1,2,2,2,1,1,2,1,1],"center_sample":[3,1,1,3,2,1,2,1,3,2,2,2,3,2,3,3,1,3,1,3],"left_sample":[2,1,3,3,2,3,3,1,1,2,3,1,3,1,1,3,1,1,2,1],"right_sample":[1,1,2,2,1,1,2,3,3,2,1,3,1,3,3,3,2,2,3,2],"exact_match":[0,1,0,0,0,0,0,0,0,0,0,0,0,0,0,0,0,0,0,0],"RT":[[0,0,0,1216,0,0],[0,0,0,818,0,0],[0,0,0,1409,0,0],[0,0,0,904,0,0],[0,0,0,1050,0,0],[0,0,0,1030,0,0],[0,0,0,1272,0,0],[0,0,0,1402,0,0],[0,0,0,1121,0,0],[0,0,0,1309,0,0],[0,0,0,1011,0,0],[0,0,0,1435,0,0],[0,0,0,1599,0,0],[0,0,0,1544,0,0],[0,0,0,935,0,0],[0,0,0,1457,0,0],[0,0,0,947,0,0],[0,0,0,1073,0,0],[0,0,0,1128,0,0],[0,0,0,1344,0,0]],"response":[[0,0,0,1,0,0],[0,0,0,1,0,0],[0,0,0,1,0,0],[0,0,0,1,0,0],[0,0,0,1,0,0],[0,0,0,1,0,0],[0,0,0,1,0,0],[0,0,0,1,0,0],[0,0,0,1,0,0],[0,0,0,1,0,0],[0,0,0,1,0,0],[0,0,0,1,0,0],[0,0,0,1,0,0],[0,0,0,1,0,0],[0,0,0,1,0,0],[0,0,0,1,0,0],[0,0,0,1,0,0],[0,0,0,1,0,0],[0,0,0,1,0,0],[0,0,0,1,0,0]],"framerate":[60.00876040297854,60.01062134891131,59.99189298743413,59.98983223182511,60.018903591682424,60.009601536245796,59.98286203941731,59.99189298743413,60.00916170407696,59.99155048584706,60.01936108422072,59.97600959616154,60.02265005662514,59.99999999999999,59.97001499250374,60.015898251192375,59.99999999999999,60.00937646507267,59.981684981684985,60.02501042100876]}
