{"practice":[0,0,0,0,0,0,0,0,0,0,0,0,0,0,0,0,0,0,0,0],"center_interval":[50,25,75,50,75,100,25,50,0,25,75,75,50,0,25,75,75,0,0,100],"image_pair":[2,3,1,4,1,4,4,4,1,1,3,1,3,2,4,1,3,1,4,4],"feature_space":[1,2,2,2,1,2,2,2,1,1,2,2,2,1,1,1,2,1,2,1],"left_img":[1,1,1,1,1,1,2,2,2,2,1,1,1,1,2,2,1,1,2,2],"img1Sample":[1,3,2,3,2,2,1,1,1,1,2,3,3,3,2,3,3,2,2,3],"img2Sample":[2,2,3,3,3,1,2,3,1,2,1,3,1,2,2,3,2,2,3,1],"stim_time":[2000,2000,2000,2000,2000,2000,2000,2000,2000,2000,2000,2000,2000,2000,2000,2000,2000,2000,2000,2000],"key":[49,50,49,49,49,50,50,49,49,50,50,50,50,49,50,49,49,49,50,49],"correct":[true,false,false,true,false,true,true,false,false,true,true,true,false,true,true,true,false,true,true,true],"right_img":[2,2,2,2,2,2,1,1,1,1,2,2,2,2,1,1,2,2,1,1],"img_choice":[1,2,1,1,1,2,1,2,2,1,2,2,2,1,1,2,1,1,1,2],"center_sample":[3,2,3,1,2,2,3,3,2,1,3,2,2,2,3,3,1,1,1,3],"left_sample":[1,3,2,3,2,2,2,3,1,2,2,3,3,3,2,3,3,2,3,1],"right_sample":[2,2,3,3,3,1,1,1,1,1,1,3,1,2,2,3,2,2,2,3],"exact_match":[0,0,0,0,0,0,0,0,0,0,0,0,0,0,0,0,0,0,0,0],"RT":[[0,0,0,1581,0,0],[0,0,0,1282,0,0],[0,0,0,1284,0,0],[0,0,0,1047,0,0],[0,0,0,1377,0,0],[0,0,0,1039,0,0],[0,0,0,1135,0,0],[0,0,0,1561,0,0],[0,0,0,1250,0,0],[0,0,0,1512,0,0],[0,0,0,1276,0,0],[0,0,0,1197,0,0],[0,0,0,1281,0,0],[0,0,0,1298,0,0],[0,0,0,1118,0,0],[0,0,0,1227,0,0],[0,0,0,1036,0,0],[0,0,0,1353,0,0],[0,0,0,1240,0,0],[0,0,0,912,0,0]],"response":[[0,0,0,1,0,0],[0,0,0,1,0,0],[0,0,0,1,0,0],[0,0,0,1,0,0],[0,0,0,1,0,0],[0,0,0,1,0,0],[0,0,0,1,0,0],[0,0,0,1,0,0],[0,0,0,1,0,0],[0,0,0,1,0,0],[0,0,0,1,0,0],[0,0,0,1,0,0],[0,0,0,1,0,0],[0,0,0,1,0,0],[0,0,0,1,0,0],[0,0,0,1,0,0],[0,0,0,1,0,0],[0,0,0,1,0,0],[0,0,0,1,0,0],[0,0,0,1,0,0]],"framerate":[59.99087591240876,59.99999999999999,59.99999999999999,60.01558846453624,59.990439770554495,59.99999999999999,59.99999999999999,59.99542019693153,59.99508237029752,60.00926784059315,59.990205680705195,60.01500375093773,59.975520195838435,60.01463771651622,59.98983223182511,60.0049590875279,59.99999999999999,60.009601536245796,59.985188842261174,60.02691790040377]}
