{"practice":[0,0,0,0,0,0,0,0,0,0,0,0,0,0,0,0,0,0,0,0],"center_interval":[75,50,100,50,75,0,100,100,50,0,100,0,100,25,100,25,25,25,0,25],"image_pair":[3,1,4,3,1,1,1,3,1,4,3,1,4,3,2,4,2,4,2,1],"feature_space":[1,2,1,1,1,2,2,1,1,2,1,1,1,1,1,2,1,2,1,2],"left_img":[1,2,1,1,1,1,1,1,1,2,1,2,2,1,1,1,2,1,1,1],"img1Sample":[3,1,1,3,3,1,3,2,3,2,3,2,3,3,2,3,2,2,3,2],"img2Sample":[3,1,3,3,1,2,3,3,1,2,1,3,2,2,2,1,3,2,2,1],"stim_time":[250,250,250,250,250,250,250,250,250,250,250,250,250,250,250,250,250,250,250,250],"key":[49,50,50,50,49,49,49,50,50,50,49,50,49,49,49,50,49,49,49,49],"correct":[false,true,true,false,false,true,false,true,false,true,false,true,true,true,false,false,false,true,true,true],"right_img":[2,1,2,2,2,2,2,2,2,1,2,1,1,2,2,2,1,2,2,2],"img_choice":[1,1,2,2,1,1,1,2,2,1,1,1,2,1,1,2,2,1,1,1],"center_sample":[3,3,3,1,3,3,1,2,3,1,3,2,3,3,3,1,3,2,3,3],"left_sample":[3,1,1,3,3,1,3,2,3,2,3,3,2,3,2,3,3,2,3,2],"right_sample":[3,1,3,3,1,2,3,3,1,2,1,2,3,2,2,1,2,2,2,1],"exact_match":[0,0,1,0,0,0,0,0,0,0,0,1,0,0,0,0,0,0,1,0],"RT":[[0,0,0,2775,0,0],[0,0,0,1252,0,0],[0,0,0,1139,0,0],[0,0,0,1264,0,0],[0,0,0,1072,0,0],[0,0,0,1190,0,0],[0,0,0,786,0,0],[0,0,0,831,0,0],[0,0,0,1136,0,0],[0,0,0,1153,0,0],[0,0,0,1050,0,0],[0,0,0,849,0,0],[0,0,0,819,0,0],[0,0,0,1652,0,0],[0,0,0,1140,0,0],[0,0,0,945,0,0],[0,0,0,1059,0,0],[0,0,0,1358,0,0],[0,0,0,1265,0,0],[0,0,0,1424,0,0]],"response":[[0,0,0,1,0,0],[0,0,0,1,0,0],[0,0,0,1,0,0],[0,0,0,1,0,0],[0,0,0,1,0,0],[0,0,0,1,0,0],[0,0,0,1,0,0],[0,0,0,1,0,0],[0,0,0,1,0,0],[0,0,0,1,0,0],[0,0,0,1,0,0],[0,0,0,1,0,0],[0,0,0,1,0,0],[0,0,0,1,0,0],[0,0,0,1,0,0],[0,0,0,1,0,0],[0,0,0,1,0,0],[0,0,0,1,0,0],[0,0,0,1,0,0],[0,0,0,1,0,0]],"framerate":[59.98956703182055,59.99136814846784,59.99999999999999,59.99136814846784,60.0375234521576,59.97334517992004,59.967585089141,60.04250797024442,59.972739663789184,59.99097880018042,60.047281323877066,59.96843766438716,60.04250797024442,59.97056659308315,59.99999999999999,59.99999999999999,60.018903591682424,59.991725279271826,60.017271157167535,59.98389694041868]}
