{"practice":[0,0,0,0,0,0,0,0,0,0,0,0,0,0,0,0,0,0,0,0],"center_interval":[100,100,75,25,75,100,100,50,0,75,25,75,75,75,0,50,25,75,25,75],"image_pair":[2,1,3,4,2,1,2,1,3,3,4,2,1,4,4,1,4,1,3,3],"feature_space":[2,2,2,1,1,1,2,2,2,2,1,1,1,2,1,1,1,1,2,2],"left_img":[1,2,2,2,2,2,2,2,1,2,2,2,1,1,1,1,2,1,1,1],"img1Sample":[1,2,3,3,1,3,2,3,2,1,3,1,2,3,1,1,3,1,2,3],"img2Sample":[1,3,3,3,3,2,3,3,2,3,1,2,1,1,1,1,3,2,3,3],"key":[49,50,50,50,50,50,50,50,50,50,49,50,50,50,49,50,49,50,50,50],"correct":[false,false,false,true,false,false,false,true,false,false,false,false,true,true,true,false,false,true,false,true],"right_img":[2,1,1,1,1,1,1,1,2,1,1,1,2,2,2,2,1,2,2,2],"img_choice":[1,1,1,1,1,1,1,1,2,1,2,1,2,2,1,2,2,2,2,2],"center_sample":[2,2,1,3,2,1,2,3,3,1,3,2,3,3,2,3,3,1,3,2],"left_sample":[1,3,3,3,3,2,3,3,2,3,1,2,2,3,1,1,3,1,2,3],"right_sample":[1,2,3,3,1,3,2,3,2,1,3,1,1,1,1,1,3,2,3,3],"RT":[[0,2749.7000000476837,0,0],[0,102.90000003576279,0,0],[0,475.80000001192093,0,0],[0,3565,0,0],[0,3762.300000011921,0,0],[0,140.30000001192093,0,0],[0,280.4000000357628,0,0],[0,402.89999997615814,0,0],[0,4793.700000047684,0,0],[0,612.3000000119209,0,0],[0,263.69999998807907,0,0],[0,239.19999998807907,0,0],[0,1248.5999999642372,0,0],[0,1738.5,0,0],[0,250.0999999642372,0,0],[0,300.9000000357628,0,0],[0,254.9000000357628,0,0],[0,191.4000000357628,0,0],[0,482.19999998807907,0,0],[0,248.39999997615814,0,0]],"response":[[0,1,0,0],[0,1,0,0],[0,1,0,0],[0,1,0,0],[0,1,0,0],[0,1,0,0],[0,1,0,0],[0,1,0,0],[0,1,0,0],[0,1,0,0],[0,1,0,0],[0,1,0,0],[0,1,0,0],[0,1,0,0],[0,1,0,0],[0,1,0,0],[0,1,0,0],[0,1,0,0],[0,1,0,0],[0,1,0,0]],"framerate":[27.37687844070823,27.177605651621217,27.520410972373366,26.992165105827127,26.680044694703202,26.40513014115314,26.65186007773459,27.10027100145931,27.302106162535836,26.35993290249099,27.341079972287613,27.894002790173225,26.550552250814555,26.65651180529557,28.56816363766299,27.047495403321136,26.666666666666668,27.06359945753737,26.80221811460259,27.23867892517777]}
