{"practice":[0,0,0,0,0,0,0,0,0,0,0,0,0,0,0,0,0,0,0,0],"center_interval":[75,100,25,0,50,100,0,50,50,50,25,50,75,75,75,25,75,75,75,0],"image_pair":[2,3,4,2,4,1,1,3,1,4,2,3,4,3,4,1,1,2,2,1],"feature_space":[1,1,2,1,2,1,2,2,2,2,1,1,2,1,2,2,2,1,2,1],"left_img":[1,1,2,1,1,2,1,2,2,1,1,2,2,2,1,1,1,1,2,1],"img1Sample":[1,2,3,2,3,1,1,1,3,1,3,1,2,2,1,3,1,2,3,3],"img2Sample":[3,3,3,1,1,1,1,3,2,2,2,3,1,1,3,3,2,2,2,1],"key":[null,null,49,50,49,null,null,null,49,49,50,50,null,50,null,null,null,null,null,50],"correct":[null,null,false,false,true,null,null,null,false,true,false,true,null,false,null,null,null,null,null,false],"right_img":[2,2,1,2,2,1,2,1,1,2,2,1,1,1,2,2,2,2,1,2],"img_choice":[null,null,2,2,1,null,null,null,2,1,2,1,null,1,null,null,null,null,null,2],"center_sample":[1,2,1,3,3,2,3,3,3,2,1,1,3,2,3,3,1,1,2,2],"left_sample":[1,2,3,2,3,1,1,3,2,1,3,3,1,1,1,3,1,2,2,3],"right_sample":[3,3,3,1,1,1,1,1,3,2,2,1,2,2,3,3,2,2,3,1],"RT":[[0,0,0,0],[0,0,0,0],[0,924.3000000119209,0,0],[0,115.89999997615814,0,0],[0,302.89999997615814,0,0],[0,0,0,0],[0,0,0,0],[0,0,0,0],[0,393.5,0,0],[0,337.80000001192093,0,0],[0,2803.5,0,0],[0,4253.099999964237,0,0],[0,0,0,0],[0,16.19999998807907,0,0],[0,0,0,0],[0,0,0,0],[0,0,0,0],[0,0,0,0],[0,0,0,0],[0,1284.5999999642372,0,0]],"response":[[0,1,0,0],[0,1,0,0],[0,1,0,0],[0,1,0,0],[0,1,0,0],[0,1,0,0],[0,1,0,0],[0,1,0,0],[0,1,0,0],[0,1,0,0],[0,1,0,0],[0,1,0,0],[0,1,0,0],[0,1,0,0],[0,1,0,0],[0,1,0,0],[0,1,0,0],[0,1,0,0],[0,1,0,0],[0,1,0,0]],"framerate":[27.195648696323858,27.343400947189703,26.14795918367347,26.923621936121517,27.094396877325284,27.03567998298216,28.560278152334575,28.399449872352253,28.17175053331309,27.47833439053854,27.185828290990138,27.048071800402123,27.249897590022726,26.4797507788162,27.44021952181446,27.364919246834905,27.391899823793054,27.259607675508217,26.98240817987296,27.15688322523306]}
