{"practice":[0,0,0,0,0,0,0,0,0,0,0,0,0,0,0,0,0,0,0,0],"center_interval":[75,25,75,50,75,50,50,75,0,25,25,100,25,75,50,100,100,100,25,75],"image_pair":[2,2,4,3,4,1,3,4,2,3,3,4,4,1,4,2,1,2,1,1],"feature_space":[2,1,2,1,2,2,1,2,1,2,2,1,1,1,2,1,2,2,1,2],"left_img":[1,2,2,1,2,1,1,1,2,1,2,1,1,2,2,1,2,2,2,2],"img1Sample":[1,2,2,2,3,2,1,2,3,1,3,2,2,2,2,1,1,1,3,2],"img2Sample":[1,1,1,3,2,2,3,1,3,3,1,1,3,3,2,2,3,1,2,3],"key":[null,49,49,50,50,50,50,50,49,49,50,50,50,50,50,49,50,50,50,50],"correct":[null,false,true,false,false,false,false,true,false,true,true,true,false,false,true,false,false,false,true,false],"right_img":[2,1,1,2,1,2,2,2,1,2,1,2,2,1,1,2,1,1,1,1],"img_choice":[null,2,2,2,1,2,2,2,2,1,1,2,2,1,1,1,1,1,1,1],"center_sample":[1,2,3,3,1,2,1,1,2,1,2,2,1,1,1,3,1,3,3,1],"left_sample":[1,1,1,2,2,2,1,2,3,1,1,2,2,3,2,1,3,1,2,3],"right_sample":[1,2,2,3,3,2,3,1,3,3,3,1,3,2,2,2,1,1,3,2],"RT":[[0,0,0,0],[0,523.8000000119209,0,0],[0,169.10000002384186,0,0],[0,12.900000035762787,0,0],[0,565.8000000119209,0,0],[0,23.30000001192093,0,0],[0,1250.3999999761581,0,0],[0,145.60000002384186,0,0],[0,296.39999997615814,0,0],[0,159.69999998807907,0,0],[0,340.80000001192093,0,0],[0,466.60000002384186,0,0],[0,104.59999996423721,0,0],[0,694.1000000238419,0,0],[0,225.39999997615814,0,0],[0,156.5999999642372,0,0],[0,255.39999997615814,0,0],[0,4169,0,0],[0,411.5999999642372,0,0],[0,3775.5,0,0]],"response":[[0,1,0,0],[0,1,0,0],[0,1,0,0],[0,1,0,0],[0,1,0,0],[0,1,0,0],[0,1,0,0],[0,1,0,0],[0,1,0,0],[0,1,0,0],[0,1,0,0],[0,1,0,0],[0,1,0,0],[0,1,0,0],[0,1,0,0],[0,1,0,0],[0,1,0,0],[0,1,0,0],[0,1,0,0],[0,1,0,0]],"framerate":[27.365615282096847,26.856103265771335,27.445109779622825,27.87672293686281,27.259562143836714,26.93804250272542,26.88605689020701,25.836455239534924,26.91355366458983,26.495079486433937,27.18527812529044,27.38975623236195,28.097780274887675,28.47248941900731,28.770079118128706,26.798874446845147,28.64066975067039,28.66828492501428,28.381287922941542,28.488080587391956]}
