{"practice":[0,0,0,0,0,0,0,0,0,0,0,0,0,0,0,0,0,0,0,0],"center_interval":[75,75,100,25,25,100,25,0,0,25,75,0,0,75,75,75,50,100,100,0],"image_pair":[2,3,1,1,3,2,3,3,3,3,4,4,4,3,2,2,2,3,4,1],"feature_space":[2,2,1,2,2,2,1,2,2,2,2,2,1,1,1,1,1,1,1,2],"left_img":[1,1,1,2,2,2,1,1,2,1,2,2,1,1,1,2,2,1,2,1],"img1Sample":[2,1,3,2,1,2,1,2,1,3,1,1,1,1,3,3,1,1,3,1],"img2Sample":[1,3,2,3,3,1,3,1,2,3,2,2,1,3,2,3,1,2,1,2],"key":[49,50,50,50,50,49,50,null,null,50,50,49,50,50,50,49,50,50,null,50],"correct":[false,true,true,true,true,true,false,null,null,false,false,false,false,true,true,true,true,true,null,false],"right_img":[2,2,2,1,1,1,2,2,1,2,1,1,2,2,2,1,1,2,1,2],"img_choice":[1,2,2,1,1,2,2,null,null,2,1,2,2,2,2,2,1,2,null,2],"center_sample":[2,2,1,1,2,3,3,1,3,3,1,3,2,1,1,3,1,1,2,2],"left_sample":[2,1,3,3,3,1,1,2,2,3,2,2,1,1,3,3,1,1,1,1],"right_sample":[1,3,2,2,1,2,3,1,1,3,1,1,1,3,2,3,1,2,3,2],"RT":[[0,4236.299999952316,0,0],[0,263.80000001192093,0,0],[0,138.5,0,0],[0,281.2999999523163,0,0],[0,26.399999976158142,0,0],[0,506.30000001192093,0,0],[0,1660.7000000476837,0,0],[0,0,0,0],[0,0,0,0],[0,779.8999999761581,0,0],[0,4610.300000011921,0,0],[0,112.80000001192093,0,0],[0,127.30000001192093,0,0],[0,4448.5,0,0],[0,34.69999998807907,0,0],[0,491.4000000357628,0,0],[0,2868.199999988079,0,0],[0,34.10000002384186,0,0],[0,0,0,0],[0,4978.800000011921,0,0]],"response":[[0,1,0,0],[0,1,0,0],[0,1,0,0],[0,1,0,0],[0,1,0,0],[0,1,0,0],[0,1,0,0],[0,1,0,0],[0,1,0,0],[0,1,0,0],[0,1,0,0],[0,1,0,0],[0,1,0,0],[0,1,0,0],[0,1,0,0],[0,1,0,0],[0,1,0,0],[0,1,0,0],[0,1,0,0],[0,1,0,0]],"framerate":[27.390438247079707,26.987518272437068,27.093278285839304,26.96629213483146,27.894002791461475,27.560455191742047,26.62476539625735,28.271190057255573,27.41237829064591,27.740237570710132,27.250047975436576,26.4445325924696,28.47843775519254,26.798557606857596,26.55258887834941,27.51886373723924,27.2557739205279,26.558350256783,26.971874722739773,27.55165936130244]}
