{"practice":[0,0,0,0,0,0,0,0,0,0,0,0,0,0,0,0,0,0,0,0],"center_interval":[50,100,25,100,75,50,25,0,25,75,25,100,50,0,0,50,25,75,75,50],"image_pair":[3,3,3,2,2,2,4,4,3,2,3,4,2,4,2,1,3,2,4,2],"feature_space":[1,2,1,2,2,2,1,1,2,2,2,1,2,2,1,1,2,2,1,2],"left_img":[2,1,1,2,1,1,2,2,1,2,1,2,1,2,2,2,1,1,2,1],"img1Sample":[3,1,2,3,2,3,3,1,2,2,1,2,1,3,2,1,1,1,1,2],"img2Sample":[3,3,1,1,2,1,1,1,1,2,2,2,2,1,1,2,2,1,2,2],"key":[49,50,50,50,49,50,50,49,50,50,50,49,49,49,50,49,50,50,49,50],"correct":[false,true,false,false,false,false,true,false,false,false,false,true,true,false,true,false,false,true,true,false],"right_img":[1,2,2,1,2,2,1,1,2,1,2,1,2,1,1,1,2,2,1,2],"img_choice":[2,2,2,1,1,2,1,2,2,1,2,2,1,2,1,2,2,2,2,2],"center_sample":[1,1,3,2,1,2,2,2,2,1,1,1,1,1,3,2,3,1,2,2],"left_sample":[3,1,2,1,2,3,1,1,2,2,1,2,1,1,1,2,1,1,2,2],"right_sample":[3,3,1,3,2,1,3,1,1,2,2,2,2,3,2,1,2,1,1,2],"RT":[[0,1211.1000000238419,0,0],[0,166.19999998807907,0,0],[0,10.100000023841858,0,0],[0,137.5,0,0],[0,62.69999998807907,0,0],[0,127.40000003576279,0,0],[0,239.69999998807907,0,0],[0,1537.4000000357628,0,0],[0,1798.8999999761581,0,0],[0,279,0,0],[0,157.19999998807907,0,0],[0,61.5,0,0],[0,271.39999997615814,0,0],[0,271.7000000476837,0,0],[0,35.700000047683716,0,0],[0,318.39999997615814,0,0],[0,56.90000003576279,0,0],[0,296.30000001192093,0,0],[0,811.1000000238419,0,0],[0,285.19999998807907,0,0]],"response":[[0,1,0,0],[0,1,0,0],[0,1,0,0],[0,1,0,0],[0,1,0,0],[0,1,0,0],[0,1,0,0],[0,1,0,0],[0,1,0,0],[0,1,0,0],[0,1,0,0],[0,1,0,0],[0,1,0,0],[0,1,0,0],[0,1,0,0],[0,1,0,0],[0,1,0,0],[0,1,0,0],[0,1,0,0],[0,1,0,0]],"framerate":[26.979407554411196,26.164311879413667,27.68804799160109,27.897893709952765,25.692263773033755,26.409613098752374,27.11624616873762,27.413809125697796,26.86838624351864,26.90582959641256,26.599113362887906,27.00270026906121,27.685492801771872,27.780864541240522,27.25208175624527,26.26107889163019,26.308097048105257,28.251657067981327,26.721046340591815,25.993718184436403]}
