{"practice":[0,0,0,0,0,0,0,0,0,0,0,0,0,0,0,0,0,0,0,0],"center_interval":[0,0,0,75,50,0,25,50,25,50,75,100,0,50,100,50,50,75,100,100],"image_pair":[2,3,4,3,1,1,2,1,4,1,2,4,1,3,3,1,3,3,3,3],"feature_space":[1,2,1,2,2,2,2,1,2,1,2,1,1,2,1,2,1,2,2,1],"left_img":[2,2,1,2,2,1,1,2,1,1,1,1,2,1,1,1,1,2,2,1],"img1Sample":[3,2,1,3,3,2,2,3,3,1,2,1,2,1,2,3,2,1,2,1],"img2Sample":[2,2,2,2,1,3,1,2,1,3,1,2,1,1,2,3,2,3,2,2],"key":[49,50,49,50,50,49,49,49,50,49,49,50,49,50,49,50,49,null,49,49],"correct":[false,true,true,false,true,true,true,false,false,true,false,true,false,false,false,false,true,null,true,false],"right_img":[1,1,2,1,1,2,2,1,2,2,2,2,1,2,2,2,2,1,1,2],"img_choice":[2,1,1,1,1,1,1,2,2,1,1,2,2,2,1,2,1,null,2,1],"center_sample":[2,3,3,3,2,1,2,1,3,3,1,1,3,2,1,2,2,3,3,3],"left_sample":[2,2,1,2,1,2,2,2,3,1,2,1,1,1,2,3,2,3,2,1],"right_sample":[3,2,2,3,3,3,1,3,1,3,1,2,2,1,2,3,2,1,2,2],"RT":[[0,1147,0,0],[0,1041,0,0],[0,794,0,0],[0,2613,0,0],[0,613,0,0],[0,1623,0,0],[0,2588,0,0],[0,2209,0,0],[0,2762,0,0],[0,2444,0,0],[0,2889,0,0],[0,1377,0,0],[0,2138,0,0],[0,1322,0,0],[0,1499,0,0],[0,1165,0,0],[0,539,0,0],[0,0,0,0],[0,1027,0,0],[0,3784,0,0]],"response":[[0,1,0,0],[0,1,0,0],[0,1,0,0],[0,1,0,0],[0,1,0,0],[0,1,0,0],[0,1,0,0],[0,1,0,0],[0,1,0,0],[0,1,0,0],[0,1,0,0],[0,1,0,0],[0,1,0,0],[0,1,0,0],[0,1,0,0],[0,1,0,0],[0,1,0,0],[0,1,0,0],[0,1,0,0],[0,1,0,0]],"framerate":[32,31.985515992757996,29.59830866807611,23.772769373263355,28.782894736842106,26.114362899594774,25.1787379546161,27.382645803698438,27.80242531795327,31.730454694144584,27.13510425592688,25.512756378189096,27.9796511627907,29.44214876033058,29.16274694261524,29.164329781267526,30.355594102341716,25.239957340917172,24.743512371756186,29.271613342409804]}
