{"practice":[0,0,0,0,0,0,0,0,0,0,0,0,0,0,0,0,0,0,0,0],"center_interval":[75,75,0,0,75,25,25,50,25,75,75,0,100,25,0,0,0,100,100,75],"image_pair":[4,3,2,4,2,2,4,2,4,2,4,1,2,4,4,3,1,4,1,1],"feature_space":[1,1,1,1,1,1,2,2,2,2,2,2,1,2,2,2,1,1,2,2],"left_img":[1,1,1,2,1,2,2,1,1,2,1,2,1,1,2,1,1,1,2,1],"img1Sample":[2,1,1,2,1,1,3,2,2,2,2,3,2,2,2,1,1,1,3,2],"img2Sample":[3,3,2,1,2,2,3,2,1,3,1,3,1,3,3,2,2,3,3,1],"key":[50,49,49,49,49,50,50,50,49,49,null,49,50,50,null,50,49,49,50,49],"correct":[true,false,true,false,false,true,true,false,true,true,null,false,true,false,null,false,true,false,false,false],"right_img":[2,2,2,1,2,1,1,2,2,1,2,1,2,2,1,2,2,2,1,2],"img_choice":[2,1,1,2,1,1,1,2,1,2,null,2,2,2,null,2,1,1,1,1],"center_sample":[1,2,2,1,2,2,1,2,3,2,3,1,3,1,1,2,2,1,1,1],"left_sample":[2,1,1,1,1,2,3,2,2,3,2,3,2,2,3,1,1,1,3,2],"right_sample":[3,3,2,2,2,1,3,2,1,2,1,3,1,3,2,2,2,3,3,1],"RT":[[0,1352,0,0],[0,1026,0,0],[0,1803,0,0],[0,688,0,0],[0,1147,0,0],[0,853,0,0],[0,792,0,0],[0,1692,0,0],[0,1258,0,0],[0,904,0,0],[0,0,0,0],[0,17,0,0],[0,1405,0,0],[0,3477,0,0],[0,0,0,0],[0,76,0,0],[0,2234,0,0],[0,1724,0,0],[0,3004,0,0],[0,3231,0,0]],"response":[[0,1,0,0],[0,1,0,0],[0,1,0,0],[0,1,0,0],[0,1,0,0],[0,1,0,0],[0,1,0,0],[0,1,0,0],[0,1,0,0],[0,1,0,0],[0,1,0,0],[0,1,0,0],[0,1,0,0],[0,1,0,0],[0,1,0,0],[0,1,0,0],[0,1,0,0],[0,1,0,0],[0,1,0,0],[0,1,0,0]],"framerate":[26.93089430894309,25.950512975256487,27.027027027027028,28.89733840304182,26.389668725435147,25.88555858310627,27.561837455830386,26.475694444444446,28.266666666666666,26.762402088772845,25.78694646985595,31.948881789137378,27.586206896551722,24.18172936003908,28.8,30.52325581395349,26.657313223430375,26.09067579127459,27.317880794701985,28.355879292403745]}
