{"practice":[1,1,1,1,1],"center_interval":[75,0,0,75,25],"image_pair":[1,1,4,2,1],"feature_space":[1,2,1,2,2],"left_img":[1,2,2,2,1],"img1Sample":[2,2,2,3,3],"img2Sample":[2,3,2,2,2],"key":[null,null,null,null,49],"correct":[null,null,null,null,true],"right_img":[2,1,1,1,2],"img_choice":[null,null,null,null,1],"center_sample":[2,3,3,2,3],"left_sample":[2,3,2,2,3],"right_sample":[2,2,2,3,2],"RT":[[0,0,0,0],[0,0,0,0],[0,0,0,0],[0,0,0,0],[0,3290,0,0]],"response":[[0,1,0,0],[0,1,0,0],[0,1,0,0],[0,1,0,0],[0,1,0,0]],"framerate":[25.604551920341393,29.15037326697476,27.911111111111108,29.333333333333332,26.369687660010243]}
