{"practice":[1,1,1,1,1],"center_interval":[50,100,50,100,25],"image_pair":[3,2,4,1,3],"feature_space":[2,1,1,1,1],"left_img":[1,2,1,1,1],"img1Sample":[1,3,3,1,1],"img2Sample":[2,1,2,3,3],"key":[49,50,49,49,50],"correct":[true,false,true,false,false],"right_img":[2,1,2,2,2],"img_choice":[1,1,1,1,2],"center_sample":[3,2,3,1,2],"left_sample":[1,1,3,1,1],"right_sample":[2,3,2,3,3],"RT":[[0,0,0,1285.300000011921,0,0],[0,0,0,39.90000003576279,0,0],[0,0,0,17.69999998807907,0,0],[0,0,0,40.80000001192093,0,0],[0,0,0,145.70000004768372,0,0]],"response":[[0,0,0,1,0,0],[0,0,0,1,0,0],[0,0,0,1,0,0],[0,0,0,1,0,0],[0,0,0,1,0,0]],"framerate":[58.462437883829516,59.69101123595505,59.68146343211196,59.69101123595505,59.67315386228478]}
