{"practice":[0,0,0,0,0,0,0,0,0,0,0,0,0,0,0,0,0,0,0,0],"center_interval":[100,75,75,50,100,100,75,25,100,25,100,100,50,100,75,50,75,25,75,100],"image_pair":[2,2,1,1,3,3,1,2,2,1,2,2,2,3,4,2,3,1,1,1],"feature_space":[2,2,2,2,2,2,1,1,2,2,2,1,2,1,1,2,1,1,1,2],"left_img":[1,2,1,2,2,1,1,1,2,2,2,1,2,2,1,2,1,1,2,2],"img1Sample":[1,1,1,2,1,1,1,3,1,3,3,3,1,2,1,1,2,1,3,1],"img2Sample":[2,3,2,1,1,2,3,2,1,3,2,2,1,3,2,3,1,1,2,2],"key":[null,49,50,50,49,49,49,49,50,50,49,49,50,50,49,49,50,49,50,49],"correct":[null,true,true,true,true,false,false,true,false,true,true,false,true,false,false,false,true,true,false,true],"right_img":[2,1,2,1,1,2,2,2,1,1,1,2,1,1,2,1,2,2,1,1],"img_choice":[null,2,2,1,2,1,1,1,1,1,2,1,1,1,1,2,2,1,1,2],"center_sample":[3,1,3,1,2,1,2,2,3,3,1,3,2,1,1,3,1,3,2,3],"left_sample":[1,3,1,1,1,1,1,3,1,3,2,3,1,3,1,3,2,1,2,2],"right_sample":[2,1,2,2,1,2,3,2,1,3,3,2,1,2,2,1,1,1,3,1],"RT":[[0,0,0,0,0,0],[0,0,0,4960.600000023842,0,0],[0,0,0,109.60000002384186,0,0],[0,0,0,145.60000002384186,0,0],[0,0,0,125,0,0],[0,0,0,112.80000001192093,0,0],[0,0,0,23.19999998807907,0,0],[0,0,0,124.39999997615814,0,0],[0,0,0,160.39999997615814,0,0],[0,0,0,59,0,0],[0,0,0,42.60000002384186,0,0],[0,0,0,95.09999996423721,0,0],[0,0,0,29.599999964237213,0,0],[0,0,0,59.90000003576279,0,0],[0,0,0,93.69999998807907,0,0],[0,0,0,41.60000002384186,0,0],[0,0,0,7.100000023841858,0,0],[0,0,0,141.4000000357628,0,0],[0,0,0,98.39999997615814,0,0],[0,0,0,96.10000002384186,0,0]],"response":[[0,0,0,1,0,0],[0,0,0,1,0,0],[0,0,0,1,0,0],[0,0,0,1,0,0],[0,0,0,1,0,0],[0,0,0,1,0,0],[0,0,0,1,0,0],[0,0,0,1,0,0],[0,0,0,1,0,0],[0,0,0,1,0,0],[0,0,0,1,0,0],[0,0,0,1,0,0],[0,0,0,1,0,0],[0,0,0,1,0,0],[0,0,0,1,0,0],[0,0,0,1,0,0],[0,0,0,1,0,0],[0,0,0,1,0,0],[0,0,0,1,0,0],[0,0,0,1,0,0]],"framerate":[57.603686635944705,59.58202501663789,59.67896830792192,59.705543116659285,59.53190910400362,59.77738078854177,59.74687124322121,59.655701380603375,59.6964586846543,59.69003071867015,59.67005967005967,59.68604450577885,59.69200338978301,59.70670391061453,59.6634018492667,59.68891541679607,59.68664511340872,59.687319836101175,59.67986753114687,59.69222275919937]}
