{"practice":[0,0,0,0,0,0,0,0,0,0,0,0,0,0,0,0,0,0,0,0],"center_interval":[0,100,100,25,75,0,100,50,0,75,50,75,0,0,0,75,50,75,25,50],"image_pair":[4,3,3,2,2,3,2,1,3,2,4,3,2,4,4,2,4,2,1,3],"feature_space":[1,2,2,2,2,1,1,2,1,2,1,2,1,2,1,1,2,1,1,1],"left_img":[1,2,2,2,2,1,1,1,2,2,2,1,1,2,1,1,1,1,2,2],"img1Sample":[3,2,2,2,3,2,3,3,3,2,3,2,3,3,2,2,3,2,1,2],"img2Sample":[1,2,2,1,3,2,3,1,2,1,2,2,2,3,3,3,2,3,1,2],"key":[50,49,50,49,50,50,49,50,49,49,50,50,50,50,49,49,49,49,49,49],"correct":[false,true,false,false,false,false,false,false,false,true,true,true,false,true,true,false,true,false,false,false],"right_img":[2,1,1,1,1,2,2,2,1,1,1,2,2,1,2,2,2,2,1,1],"img_choice":[2,2,1,2,1,2,1,2,2,2,1,2,2,1,1,1,1,1,2,2],"center_sample":[1,1,1,1,3,1,1,1,1,3,1,3,2,2,3,2,3,2,3,2],"left_sample":[3,2,2,1,3,2,3,3,2,1,2,2,3,3,2,2,3,2,1,2],"right_sample":[1,2,2,2,3,2,3,1,3,2,3,2,2,3,3,3,2,3,1,2],"RT":[[0,0,0,189.5,0,0],[0,0,0,104.30000001192093,0,0],[0,0,0,29.30000001192093,0,0],[0,0,0,177.39999997615814,0,0],[0,0,0,2.5,0,0],[0,0,0,324.30000001192093,0,0],[0,0,0,13,0,0],[0,0,0,6.299999952316284,0,0],[0,0,0,150,0,0],[0,0,0,121.10000002384186,0,0],[0,0,0,52.40000003576279,0,0],[0,0,0,35.30000001192093,0,0],[0,0,0,50.59999996423721,0,0],[0,0,0,171.60000002384186,0,0],[0,0,0,97,0,0],[0,0,0,109.80000001192093,0,0],[0,0,0,144.60000002384186,0,0],[0,0,0,156.89999997615814,0,0],[0,0,0,165.19999998807907,0,0],[0,0,0,143.60000002384186,0,0]],"response":[[0,0,0,1,0,0],[0,0,0,1,0,0],[0,0,0,1,0,0],[0,0,0,1,0,0],[0,0,0,1,0,0],[0,0,0,1,0,0],[0,0,0,1,0,0],[0,0,0,1,0,0],[0,0,0,1,0,0],[0,0,0,1,0,0],[0,0,0,1,0,0],[0,0,0,1,0,0],[0,0,0,1,0,0],[0,0,0,1,0,0],[0,0,0,1,0,0],[0,0,0,1,0,0],[0,0,0,1,0,0],[0,0,0,1,0,0],[0,0,0,1,0,0],[0,0,0,1,0,0]],"framerate":[59.68258202210973,59.697395958661836,59.66671374149929,59.68948056690818,59.665447313531715,59.70244556564451,59.676044329765,59.69724966267914,59.67633175994606,59.682149921803244,59.69003071742824,59.68891541804524,59.68378067033508,59.693484020732825,59.677808823300474,59.68715697060632,59.693393027209055,59.66828478892466,59.69949020731654,59.68124788063751]}
