{"practice":[0,0,0,0,0,0,0,0,0,0,0,0,0,0,0,0,0,0,0,0],"center_interval":[50,0,50,100,25,25,50,25,75,50,50,25,25,50,25,100,75,50,100,50],"image_pair":[2,3,1,2,4,3,4,1,2,1,3,3,2,3,4,3,1,1,2,3],"feature_space":[2,1,1,1,1,2,2,2,2,2,2,1,1,1,1,1,1,2,2,1],"left_img":[2,2,1,2,1,1,1,2,1,2,1,1,1,1,2,2,1,1,2,2],"img1Sample":[2,3,3,1,3,1,2,2,1,3,3,2,2,1,2,1,1,2,2,1],"img2Sample":[3,2,3,1,3,3,1,2,1,1,3,1,2,2,1,2,3,2,1,3],"key":[49,49,50,49,49,49,50,50,49,49,50,49,49,49,50,50,50,49,50,50],"correct":[false,false,false,true,true,true,false,true,false,false,false,true,true,true,true,false,true,true,false,true],"right_img":[1,1,2,1,2,2,2,1,2,1,2,2,2,2,1,1,2,2,1,1],"img_choice":[2,2,2,2,1,1,2,1,1,2,2,1,1,1,1,1,2,1,1,1],"center_sample":[3,1,2,3,2,3,1,1,3,3,1,3,2,1,1,3,1,1,2,2],"left_sample":[3,2,3,1,3,1,2,2,1,1,3,2,2,1,1,2,1,2,1,3],"right_sample":[2,3,3,1,3,3,1,2,1,3,3,1,2,2,2,1,3,2,2,1],"RT":[[0,0,0,1267,0,0],[0,0,0,142.39999997615814,0,0],[0,0,0,145.5,0,0],[0,0,0,93.19999998807907,0,0],[0,0,0,141.20000004768372,0,0],[0,0,0,138.5,0,0],[0,0,0,31.599999964237213,0,0],[0,0,0,7.599999964237213,0,0],[0,0,0,89.40000003576279,0,0],[0,0,0,29.100000023841858,0,0],[0,0,0,140.5999999642372,0,0],[0,0,0,79.19999998807907,0,0],[0,0,0,59.299999952316284,0,0],[0,0,0,97.10000002384186,0,0],[0,0,0,27,0,0],[0,0,0,95.30000001192093,0,0],[0,0,0,12,0,0],[0,0,0,75.69999998807907,0,0],[0,0,0,122.5,0,0],[0,0,0,89.60000002384186,0,0]],"response":[[0,0,0,1,0,0],[0,0,0,1,0,0],[0,0,0,1,0,0],[0,0,0,1,0,0],[0,0,0,1,0,0],[0,0,0,1,0,0],[0,0,0,1,0,0],[0,0,0,1,0,0],[0,0,0,1,0,0],[0,0,0,1,0,0],[0,0,0,1,0,0],[0,0,0,1,0,0],[0,0,0,1,0,0],[0,0,0,1,0,0],[0,0,0,1,0,0],[0,0,0,1,0,0],[0,0,0,1,0,0],[0,0,0,1,0,0],[0,0,0,1,0,0],[0,0,0,1,0,0]],"framerate":[59.68316345327274,59.6691076763405,59.6933930260023,59.68604450577885,59.689344096226904,59.67113070011867,59.69101123595505,59.688765721088934,59.69222275919937,59.675141242937855,59.69541769809327,59.11470389306438,55.04,59.310344827586206,59.74264705857177,59.691252144082334,59.61251862916423,59.73466694376041,59.704547781425134,59.68192637980962]}
