{"practice":[0,0,0,0,0,0,0,0,0,0,0,0,0,0,0,0,0,0,0,0],"center_interval":[100,0,0,50,25,0,25,50,50,25,100,25,50,75,75,100,0,25,50,50],"image_pair":[1,1,3,1,2,3,4,1,1,2,4,3,1,2,4,2,1,2,1,2],"feature_space":[1,1,2,2,1,1,1,1,2,1,1,2,1,1,1,2,2,2,1,2],"left_img":[1,1,1,1,2,2,2,2,1,2,2,2,1,1,1,2,1,2,2,1],"img1Sample":[2,3,1,3,3,1,1,2,1,2,3,2,1,2,2,1,3,3,3,1],"img2Sample":[2,1,1,2,3,3,3,3,1,3,2,3,1,3,1,2,2,1,2,3],"key":[49,50,49,49,49,50,50,49,50,49,49,50,50,50,49,49,50,49,50,50],"correct":[false,false,true,true,false,true,true,false,false,false,true,true,false,true,false,true,false,false,true,false],"right_img":[2,2,2,2,1,1,1,1,2,1,1,1,2,2,2,1,2,1,1,2],"img_choice":[1,2,1,1,2,1,1,2,2,2,2,1,2,2,1,2,2,2,1,2],"center_sample":[3,1,3,3,2,3,1,1,2,3,3,2,3,3,1,3,1,1,1,2],"left_sample":[2,3,1,3,3,3,3,3,1,3,2,3,1,2,2,2,3,1,2,1],"right_sample":[2,1,1,2,3,1,1,2,1,2,3,2,1,3,1,1,2,3,3,3],"RT":[[0,0,0,359.5,0,0],[0,0,0,24.69999998807907,0,0],[0,0,0,73.69999998807907,0,0],[0,0,0,6.699999988079071,0,0],[0,0,0,61.10000002384186,0,0],[0,0,0,11.300000011920929,0,0],[0,0,0,24.80000001192093,0,0],[0,0,0,148.19999998807907,0,0],[0,0,0,3.599999964237213,0,0],[0,0,0,69.69999998807907,0,0],[0,0,0,122.40000003576279,0,0],[0,0,0,74.40000003576279,0,0],[0,0,0,10.699999988079071,0,0],[0,0,0,143.5,0,0],[0,0,0,122.10000002384186,0,0],[0,0,0,93.09999996423721,0,0],[0,0,0,8.399999976158142,0,0],[0,0,0,39.19999998807907,0,0],[0,0,0,130,0,0],[0,0,0,140.5,0,0]],"response":[[0,0,0,1,0,0],[0,0,0,1,0,0],[0,0,0,1,0,0],[0,0,0,1,0,0],[0,0,0,1,0,0],[0,0,0,1,0,0],[0,0,0,1,0,0],[0,0,0,1,0,0],[0,0,0,1,0,0],[0,0,0,1,0,0],[0,0,0,1,0,0],[0,0,0,1,0,0],[0,0,0,1,0,0],[0,0,0,1,0,0],[0,0,0,1,0,0],[0,0,0,1,0,0],[0,0,0,1,0,0],[0,0,0,1,0,0],[0,0,0,1,0,0],[0,0,0,1,0,0]],"framerate":[59.68546706313855,59.68989510093895,59.68284812029063,59.68028419182949,59.677531933211,59.70361420143695,59.66671374024366,59.71162001696353,59.67392462589728,56.50892702374762,59.37755937804248,59.70978268366883,59.66120956050372,59.69744250753397,59.665871121718375,59.716948567483605,59.66968566862013,59.6805336141829,59.70454778021102,59.55805218169604]}
