{"practice":[0,0,0,0,0,0,0,0,0,0,0,0,0,0,0,0,0,0,0,0],"center_interval":[100,100,50,75,25,75,25,0,50,100,100,25,100,50,75,100,100,0,0,0],"image_pair":[4,3,3,3,2,2,3,1,3,2,3,3,1,1,2,2,2,1,4,3],"feature_space":[2,2,1,1,2,1,2,2,2,1,1,2,1,2,1,2,1,2,2,2],"left_img":[2,1,1,2,1,2,2,2,1,1,1,2,2,1,1,1,2,2,2,1],"img1Sample":[3,2,1,1,1,3,3,2,2,1,3,3,3,1,2,3,2,1,2,3],"img2Sample":[3,1,2,3,1,2,1,2,2,3,1,1,2,2,1,1,3,3,2,3],"key":[50,49,50,49,50,49,49,49,50,50,50,50,50,50,49,49,49,50,50,50],"correct":[false,false,false,true,false,true,false,false,false,true,true,true,false,false,false,false,true,true,true,false],"right_img":[1,2,2,1,2,1,1,1,2,2,2,1,1,2,2,2,1,1,1,2],"img_choice":[1,1,2,2,2,2,2,2,2,2,2,1,1,2,1,1,2,1,1,2],"center_sample":[2,2,3,2,1,3,1,3,2,1,3,2,3,3,3,3,1,2,3,2],"left_sample":[3,2,1,3,1,2,1,2,2,1,3,1,2,1,2,3,3,3,2,3],"right_sample":[3,1,2,1,1,3,3,2,2,3,1,3,3,2,1,1,2,1,2,3],"RT":[[0,0,0,125.19999998807907,0,0],[0,0,0,24.69999998807907,0,0],[0,0,0,95.29999995231628,0,0],[0,0,0,45.30000001192093,0,0],[0,0,0,53.5,0,0],[0,0,0,46.200000047683716,0,0],[0,0,0,172.89999997615814,0,0],[0,0,0,123.79999995231628,0,0],[0,0,0,142.39999997615814,0,0],[0,0,0,144.69999998807907,0,0],[0,0,0,12.600000023841858,0,0],[0,0,0,29.100000023841858,0,0],[0,0,0,61.69999998807907,0,0],[0,0,0,75.30000001192093,0,0],[0,0,0,108.30000001192093,0,0],[0,0,0,77.60000002384186,0,0],[0,0,0,131,0,0],[0,0,0,46.80000001192093,0,0],[0,0,0,156.70000004768372,0,0],[0,0,0,104.90000003576279,0,0]],"response":[[0,0,0,1,0,0],[0,0,0,1,0,0],[0,0,0,1,0,0],[0,0,0,1,0,0],[0,0,0,1,0,0],[0,0,0,1,0,0],[0,0,0,1,0,0],[0,0,0,1,0,0],[0,0,0,1,0,0],[0,0,0,1,0,0],[0,0,0,1,0,0],[0,0,0,1,0,0],[0,0,0,1,0,0],[0,0,0,1,0,0],[0,0,0,1,0,0],[0,0,0,1,0,0],[0,0,0,1,0,0],[0,0,0,1,0,0],[0,0,0,1,0,0],[0,0,0,1,0,0]],"framerate":[59.676044330775795,59.69832915251864,59.69634230503795,59.66587112196801,59.68378067157672,59.69310720104822,59.68948056810122,59.6862210095498,59.67720059580712,59.701492537313435,59.67392462716069,59.69832915251864,59.68794722378549,59.676635903376386,59.68715696938594,59.66835495807046,59.69843760587604,59.686819746054184,53.205818966158,59.748643636134524]}
