{"practice":[0,0,0,0,0,0,0,0,0,0,0,0,0,0,0,0,0,0,0,0],"center_interval":[0,75,50,0,100,50,50,0,75,25,75,25,75,75,25,25,50,100,50,75],"image_pair":[4,1,3,1,3,1,1,2,1,2,4,3,2,1,3,1,4,4,2,4],"feature_space":[2,1,1,2,2,1,1,1,2,1,1,2,1,1,2,1,2,1,2,2],"left_img":[1,1,2,2,1,2,2,2,1,1,1,2,2,2,2,1,2,1,1,1],"img1Sample":[2,2,1,1,2,1,3,1,2,3,2,1,2,3,3,2,2,2,2,2],"img2Sample":[1,1,3,1,2,1,3,2,1,3,1,1,2,3,3,3,2,1,1,3],"key":[49,49,50,50,50,49,50,null,50,49,49,50,50,49,50,49,49,50,50,50],"correct":[true,false,true,true,true,false,true,null,true,true,false,true,false,true,true,true,false,true,false,true],"right_img":[2,2,1,1,2,1,1,1,2,2,2,1,1,1,1,2,1,2,2,2],"img_choice":[1,1,1,1,2,2,1,null,2,1,1,1,1,2,1,1,2,2,2,2],"center_sample":[3,3,1,3,3,1,2,2,2,1,2,3,2,3,2,1,3,3,3,2],"left_sample":[2,2,3,1,2,1,3,2,2,3,2,1,2,3,3,2,2,2,2,2],"right_sample":[1,1,1,1,2,1,3,1,1,3,1,1,2,3,3,3,2,1,1,3],"RT":[[0,3402.800000011921,0,0],[0,3425,0,0],[0,2064.5,0,0],[0,2735.699999988079,0,0],[0,5011.900000035763,0,0],[0,1538.199999988079,0,0],[0,4381,0,0],[0,0,0,0],[0,3370.300000011921,0,0],[0,2863.600000023842,0,0],[0,2321.099999964237,0,0],[0,3412.300000011921,0,0],[0,2206.899999976158,0,0],[0,1281.1000000238419,0,0],[0,3320.199999988079,0,0],[0,2935.199999988079,0,0],[0,3007.899999976158,0,0],[0,2627.800000011921,0,0],[0,2347.300000011921,0,0],[0,2265.600000023842,0,0]],"response":[[0,1,0,0],[0,1,0,0],[0,1,0,0],[0,1,0,0],[0,1,0,0],[0,1,0,0],[0,1,0,0],[0,1,0,0],[0,1,0,0],[0,1,0,0],[0,1,0,0],[0,1,0,0],[0,1,0,0],[0,1,0,0],[0,1,0,0],[0,1,0,0],[0,1,0,0],[0,1,0,0],[0,1,0,0],[0,1,0,0]],"framerate":[44.052863436384754,42.6011164426786,44.79368333123259,40.54411375869886,36.315086782376504,31.992472359444836,37.59842519685039,42.66028844798963,31.840746126270083,45.764614454553275,44.31979502149683,39.623941720927434,43.00923640942487,46.64752921849699,42.220922247501925,41.210342102153305,42.29790998576364,36.73633192342854,38.139597677718825,43.38086263985654]}
