{"practice":[1,1,1,1,1],"center_interval":[100,0,25,50,100],"image_pair":[1,2,1,3,4],"feature_space":[2,2,2,2,2],"left_img":[2,2,2,1,1],"img1Sample":[2,3,2,1,1],"img2Sample":[1,1,3,3,1],"key":[null,50,49,49,49],"correct":[null,true,false,true,false],"right_img":[1,1,1,2,2],"img_choice":[null,1,2,1,1],"center_sample":[3,2,1,2,2],"left_sample":[1,1,3,1,1],"right_sample":[2,3,2,3,1],"RT":[[0,0,0,0],[0,4584.399999976158,0,0],[0,2308.699999988079,0,0],[0,3711,0,0],[0,2097.199999988079,0,0]],"response":[[0,1,0,0],[0,1,0,0],[0,1,0,0],[0,1,0,0],[0,1,0,0]],"framerate":[38.75555555555555,39.056487609934734,40.93567251461989,43.3869516048477,44.47244561370858]}
