{"practice":[0,0,0,0,0,0,0,0,0,0,0,0,0,0,0,0,0,0,0,0],"center_interval":[100,100,100,50,75,75,75,100,25,100,25,50,25,25,100,25,0,25,0,0],"image_pair":[2,1,3,2,2,2,2,3,1,4,4,1,2,3,4,4,4,4,1,4],"feature_space":[1,2,1,1,2,2,1,1,1,1,2,2,1,1,2,1,1,1,2,1],"left_img":[2,1,2,1,1,2,1,2,1,2,2,2,1,2,1,1,2,1,1,2],"img1Sample":[3,3,3,1,3,3,3,3,3,2,3,3,3,1,3,3,1,2,2,2],"img2Sample":[3,1,3,3,3,3,3,2,3,2,3,2,2,2,3,1,1,3,2,1],"key":[50,50,49,50,50,49,49,50,50,49,50,49,50,50,49,50,49,50,50,49],"correct":[false,true,true,false,true,true,false,false,false,true,true,false,false,true,false,false,false,false,false,false],"right_img":[1,2,1,2,2,1,2,1,2,1,1,1,2,1,2,2,1,2,2,1],"img_choice":[1,2,2,2,2,2,1,1,2,2,1,2,2,1,1,2,2,2,2,2],"center_sample":[1,2,2,3,1,1,2,1,2,3,1,2,1,1,2,3,3,3,3,1],"left_sample":[3,3,3,1,3,3,3,2,3,2,3,2,3,2,3,3,1,2,2,1],"right_sample":[3,1,3,3,3,3,3,3,3,2,3,3,2,1,3,1,1,3,2,2],"RT":[[0,736.2000000476837,0,0],[0,1147.7999999523163,0,0],[0,1103.3999999761581,0,0],[0,847.1999999880791,0,0],[0,1374.6000000238419,0,0],[0,1498.5999999642372,0,0],[0,1472.6000000238419,0,0],[0,625.1999999880791,0,0],[0,2811.7000000476837,0,0],[0,1365.4000000357628,0,0],[0,1614.8999999761581,0,0],[0,1948.4000000357628,0,0],[0,867.5,0,0],[0,1957,0,0],[0,1724.1000000238419,0,0],[0,2373.5,0,0],[0,914.8000000119209,0,0],[0,856.6999999880791,0,0],[0,983.8999999761581,0,0],[0,1186.699999988079,0,0]],"response":[[0,1,0,0],[0,1,0,0],[0,1,0,0],[0,1,0,0],[0,1,0,0],[0,1,0,0],[0,1,0,0],[0,1,0,0],[0,1,0,0],[0,1,0,0],[0,1,0,0],[0,1,0,0],[0,1,0,0],[0,1,0,0],[0,1,0,0],[0,1,0,0],[0,1,0,0],[0,1,0,0],[0,1,0,0],[0,1,0,0]],"framerate":[48.25896503166574,42.63520616780064,42.20346512633102,46.369991001689854,46.90852837023723,42.25218382121505,37.03525563903469,39.92178588964625,42.730039803175664,43.54430379746835,42.0484220774128,44.648056839124216,44.76397178404715,41.82494915831924,41.554213254296634,42.09179378405286,45.53854276698974,44.336067390431886,11.422312627131904,45.70848146205644]}
