{"practice":[0,0,0,0,0,0,0,0,0,0,0,0,0,0,0,0,0,0,0,0],"center_interval":[75,50,25,100,50,75,0,75,100,50,50,25,25,100,50,50,50,25,75,100],"image_pair":[4,4,2,1,1,3,1,3,1,3,4,2,2,4,2,1,3,4,2,2],"feature_space":[1,2,1,1,2,2,1,1,1,2,1,2,2,1,2,1,1,1,1,1],"left_img":[1,2,1,1,2,1,1,2,2,1,1,1,2,1,1,1,1,1,1,2],"img1Sample":[2,2,3,1,1,1,3,2,2,3,2,1,1,2,2,2,3,2,1,1],"img2Sample":[2,1,3,2,2,3,1,3,2,3,1,3,2,2,2,2,2,3,1,2],"key":[50,50,49,50,49,50,49,50,50,50,49,50,50,50,49,49,49,50,50,49],"correct":[true,true,true,true,false,true,true,false,false,false,true,false,true,true,true,true,true,false,true,true],"right_img":[2,1,2,2,1,2,2,1,1,2,2,2,1,2,2,2,2,2,2,1],"img_choice":[2,1,1,2,2,2,1,1,1,2,1,2,1,2,1,1,1,2,2,2],"center_sample":[2,3,1,1,3,2,1,3,3,3,1,1,3,1,1,2,2,2,3,1],"left_sample":[2,1,3,1,2,1,3,3,2,3,2,1,2,2,2,2,3,2,1,2],"right_sample":[2,2,3,2,1,3,1,2,2,3,1,3,1,2,2,2,2,3,1,1],"RT":[[0,1847.3999999761581,0,0],[0,1258.199999988079,0,0],[0,1345,0,0],[0,1076.1000000238419,0,0],[0,2265.7000000476837,0,0],[0,1126.1000000238419,0,0],[0,1494.8999999761581,0,0],[0,1826.3999999761581,0,0],[0,1099.5,0,0],[0,2272.300000011921,0,0],[0,1135.199999988079,0,0],[0,1664.199999988079,0,0],[0,1596.1000000238419,0,0],[0,1439,0,0],[0,2136.2000000476837,0,0],[0,1613.800000011921,0,0],[0,2599.300000011921,0,0],[0,1422.8999999761581,0,0],[0,2060,0,0],[0,1299.3999999761581,0,0]],"response":[[0,1,0,0],[0,1,0,0],[0,1,0,0],[0,1,0,0],[0,1,0,0],[0,1,0,0],[0,1,0,0],[0,1,0,0],[0,1,0,0],[0,1,0,0],[0,1,0,0],[0,1,0,0],[0,1,0,0],[0,1,0,0],[0,1,0,0],[0,1,0,0],[0,1,0,0],[0,1,0,0],[0,1,0,0],[0,1,0,0]],"framerate":[43.0999430759647,38.122852234165016,47.360943008701476,42.4492644068768,42.714760322561126,43.80150999882179,41.949472097238036,42.12334369294594,41.036463830435444,41.172196657616574,45.25405281579852,16.717515776822353,46.819058111481866,43.55485954705019,41.531238714337306,41.855751861699325,42.39269349506439,39.923111044690344,43.375836667345816,42.53308128597672]}
