{"practice":[0,0,0,0,0,0,0,0,0,0,0,0,0,0,0,0,0,0,0,0],"center_interval":[25,75,50,100,0,75,100,100,50,0,100,0,100,50,0,0,0,25,100,100],"image_pair":[3,2,4,3,2,1,1,3,2,1,3,2,1,2,3,2,4,3,3,1],"feature_space":[2,1,1,1,2,1,1,2,1,2,1,1,1,2,1,1,1,1,1,1],"left_img":[1,1,2,2,2,1,1,2,2,1,2,2,2,2,2,2,1,2,1,1],"img1Sample":[3,1,2,3,3,3,3,3,2,2,1,3,3,3,2,2,3,3,3,1],"img2Sample":[1,2,1,3,3,3,3,3,3,2,1,2,2,2,1,3,1,3,1,1],"key":[50,49,50,50,50,49,50,50,49,50,49,49,50,50,50,50,50,50,49,49],"correct":[false,false,true,false,true,false,true,false,false,false,true,false,false,true,true,true,false,true,false,false],"right_img":[2,2,1,1,1,2,2,1,1,2,1,1,1,1,1,1,2,1,2,2],"img_choice":[2,1,1,1,1,1,2,1,2,2,2,2,1,1,1,1,2,1,1,1],"center_sample":[2,1,1,1,2,3,2,2,3,1,3,2,1,2,1,1,1,3,2,3],"left_sample":[3,1,1,3,3,3,3,3,3,2,1,2,2,2,1,3,3,3,3,1],"right_sample":[1,2,2,3,3,3,3,3,2,2,1,3,3,3,2,2,1,3,1,1],"RT":[[0,991.6999999880791,0,0],[0,1215.300000011921,0,0],[0,2657.399999976158,0,0],[0,1937.5,0,0],[0,2578.800000011921,0,0],[0,1432.199999988079,0,0],[0,2444.900000035763,0,0],[0,1287.300000011921,0,0],[0,1883.2000000476837,0,0],[0,878.0999999642372,0,0],[0,1323.8999999761581,0,0],[0,996.3000000119209,0,0],[0,1042.5,0,0],[0,2267.5,0,0],[0,1237.6000000238419,0,0],[0,1228.5,0,0],[0,1410.1000000238419,0,0],[0,1591,0,0],[0,984.1999999880791,0,0],[0,1313.2999999523163,0,0]],"response":[[0,1,0,0],[0,1,0,0],[0,1,0,0],[0,1,0,0],[0,1,0,0],[0,1,0,0],[0,1,0,0],[0,1,0,0],[0,1,0,0],[0,1,0,0],[0,1,0,0],[0,1,0,0],[0,1,0,0],[0,1,0,0],[0,1,0,0],[0,1,0,0],[0,1,0,0],[0,1,0,0],[0,1,0,0],[0,1,0,0]],"framerate":[47.175745376423215,46.54473770701723,46.17089386833588,39.1558009322736,43.792490966204475,43.53442089627376,43.60759921591503,41.22052983436817,39.40886699507389,45.5039391458657,43.75128680362684,45.30405993950151,36.930652442042614,33.377372922744556,38.561807517086514,41.159038523783,42.97440849831,43.7178377890807,45.91035399365386,44.178924644018295]}
