{"practice":[0,0,0,0,0,0,0,0,0,0,0,0,0,0,0,0,0,0,0,0],"center_interval":[100,0,75,75,0,0,25,75,100,100,25,0,50,25,75,75,0,0,75,25],"image_pair":[3,4,3,1,1,4,4,1,3,1,1,2,3,1,2,4,1,2,4,4],"feature_space":[2,1,2,2,2,1,1,1,1,1,2,1,2,2,2,2,1,2,2,1],"left_img":[1,2,2,2,1,2,1,1,1,2,1,2,1,1,1,2,1,1,1,2],"img1Sample":[3,2,3,1,3,1,2,3,1,3,3,3,1,2,1,3,1,1,2,3],"img2Sample":[2,1,3,3,1,1,2,2,3,3,3,2,2,1,2,3,3,2,3,1],"key":[49,49,50,49,50,49,49,50,49,49,49,49,50,50,49,49,49,50,50,50],"correct":[false,false,false,true,false,false,true,true,false,true,true,false,false,false,false,true,true,false,true,true],"right_img":[2,1,1,1,2,1,2,2,2,1,2,1,2,2,2,1,2,2,2,1],"img_choice":[1,2,1,2,2,2,1,2,1,2,1,2,2,2,1,2,1,2,2,1],"center_sample":[1,1,2,3,2,3,2,2,1,1,1,2,3,3,2,1,3,3,1,3],"left_sample":[3,1,3,3,3,1,2,3,1,3,3,2,1,2,1,3,1,1,2,1],"right_sample":[2,2,3,1,1,1,2,2,3,3,3,3,2,1,2,3,3,2,3,3],"RT":[[0,1789,0,0],[0,1158,0,0],[0,15,0,0],[0,690,0,0],[0,2890,0,0],[0,791,0,0],[0,2653,0,0],[0,3690,0,0],[0,2584,0,0],[0,3500,0,0],[0,14,0,0],[0,31,0,0],[0,830,0,0],[0,14,0,0],[0,2044,0,0],[0,437,0,0],[0,3289,0,0],[0,2353,0,0],[0,3158,0,0],[0,353,0,0]],"response":[[0,1,0,0],[0,1,0,0],[0,1,0,0],[0,1,0,0],[0,1,0,0],[0,1,0,0],[0,1,0,0],[0,1,0,0],[0,1,0,0],[0,1,0,0],[0,1,0,0],[0,1,0,0],[0,1,0,0],[0,1,0,0],[0,1,0,0],[0,1,0,0],[0,1,0,0],[0,1,0,0],[0,1,0,0],[0,1,0,0]],"framerate":[15.582391897156214,20.36067481093659,19.955654101995563,22.74450341167551,15.121255349500712,19.368723098995698,12.198663955852453,12.7639823624971,13.162018176120338,10.83815028901734,26.438569206842924,24.65753424657534,9.036144578313253,27.2,15.430937147158447,20.348837209302324,13.716027432054865,13.481631277384563,13.294336612603031,19.607843137254903]}
