{"practice":[1,1,1,1,1],"center_interval":[75,50,25,100,50],"image_pair":[3,4,3,1,4],"feature_space":[2,2,1,1,2],"left_img":[1,2,2,1,2],"img1Sample":[1,3,2,1,3],"img2Sample":[1,1,3,2,2],"key":[null,49,null,49,50],"correct":[null,false,null,false,true],"right_img":[2,1,1,2,1],"img_choice":[null,2,null,1,1],"center_sample":[3,2,3,3,2],"left_sample":[1,1,3,1,2],"right_sample":[1,3,2,2,3],"RT":[[0,0,0,0],[0,2699,0,0],[0,0,0,0],[0,293,0,0],[0,1146,0,0]],"response":[[0,1,0,0],[0,1,0,0],[0,1,0,0],[0,1,0,0],[0,1,0,0]],"framerate":[18.474170372904553,15.703703703703704,16.361372932598258,22.620169651272384,17.714285714285715]}
