{"practice":[0,0,0,0,0,0,0,0,0,0,0,0,0,0,0,0,0,0,0,0],"center_interval":[0,0,0,100,50,0,75,25,0,75,50,100,0,25,25,25,75,25,50,0],"image_pair":[2,3,1,2,3,1,3,1,1,1,3,4,2,2,1,2,3,2,4,4],"feature_space":[1,1,2,1,2,1,1,1,2,2,2,2,2,2,2,1,2,2,1,2],"left_img":[1,2,1,2,1,1,2,1,1,1,2,1,1,2,2,1,2,1,1,1],"img1Sample":[1,3,2,1,3,2,3,3,1,2,2,3,3,1,3,3,3,1,2,2],"img2Sample":[3,2,1,3,3,2,2,3,1,1,2,3,3,1,3,1,1,2,3,3],"key":[49,50,50,50,49,49,50,49,49,49,49,50,49,49,49,50,49,49,50,49],"correct":[true,true,false,false,true,true,false,true,true,false,false,true,true,false,false,false,true,true,false,true],"right_img":[2,1,2,1,2,2,1,2,2,2,1,2,2,1,1,2,1,2,2,2],"img_choice":[1,1,2,1,1,1,1,1,1,1,2,2,1,2,2,2,2,1,2,1],"center_sample":[2,2,1,1,1,1,2,3,2,1,2,1,2,2,1,1,3,2,3,3],"left_sample":[1,2,2,3,3,2,2,3,1,2,2,3,3,1,3,3,1,1,2,2],"right_sample":[3,3,1,1,3,2,3,3,1,1,2,3,3,1,3,1,3,2,3,3],"RT":[[0,3355,0,0],[0,272,0,0],[0,1380,0,0],[0,31,0,0],[0,2697,0,0],[0,498,0,0],[0,1812,0,0],[0,1041,0,0],[0,2606,0,0],[0,1057,0,0],[0,32,0,0],[0,164,0,0],[0,43,0,0],[0,277,0,0],[0,143,0,0],[0,4979,0,0],[0,4381,0,0],[0,1129,0,0],[0,30,0,0],[0,4604,0,0]],"response":[[0,1,0,0],[0,1,0,0],[0,1,0,0],[0,1,0,0],[0,1,0,0],[0,1,0,0],[0,1,0,0],[0,1,0,0],[0,1,0,0],[0,1,0,0],[0,1,0,0],[0,1,0,0],[0,1,0,0],[0,1,0,0],[0,1,0,0],[0,1,0,0],[0,1,0,0],[0,1,0,0],[0,1,0,0],[0,1,0,0]],"framerate":[9.345794392523365,22.90950744558992,12.96111665004985,29.230769230769234,14.423076923076923,20.33271719038817,15.188834154351396,19.04176904176904,13.788780946411784,15.625,29.41176470588235,16.861219195849547,27.397260273972602,22.026431718061676,23.904382470119522,11.804686102664997,10.804321728691477,17.10376282782212,27.100271002710027,11.7455728225515]}
