{"practice":[0,0,0,0,0,0,0,0,0,0,0,0,0,0,0,0,0,0,0,0],"center_interval":[0,25,75,50,25,100,100,0,100,0,0,75,75,50,75,0,25,75,25,25],"image_pair":[4,4,3,4,1,2,2,3,3,4,3,1,4,4,3,1,2,2,3,3],"feature_space":[1,1,2,2,1,1,1,2,1,2,1,1,1,2,2,2,2,1,2,2],"left_img":[1,2,1,2,2,2,2,1,1,1,2,2,1,2,2,1,2,1,2,1],"img1Sample":[3,2,2,1,3,1,2,1,3,1,3,3,1,2,2,2,1,2,2,1],"img2Sample":[1,1,3,3,2,1,1,2,2,2,1,3,3,1,1,2,3,3,3,3],"key":[49,49,null,50,49,50,49,49,50,49,50,49,49,50,50,50,50,49,49,49],"correct":[true,false,null,true,false,false,true,true,true,true,true,true,false,true,false,false,true,false,false,true],"right_img":[2,1,2,1,1,1,1,2,2,2,1,1,2,1,1,2,1,2,1,2],"img_choice":[1,2,null,1,2,1,2,1,2,1,1,2,1,1,1,2,1,1,2,1],"center_sample":[2,3,2,2,1,2,2,2,3,3,1,3,1,2,3,3,2,2,1,2],"left_sample":[3,1,2,3,2,1,1,1,3,1,1,3,1,1,1,2,3,2,3,1],"right_sample":[1,2,3,1,3,1,2,2,2,2,3,3,3,2,2,2,1,3,2,3],"RT":[[0,2658,0,0],[0,4815,0,0],[0,0,0,0],[0,616,0,0],[0,3736,0,0],[0,1284,0,0],[0,149,0,0],[0,1335,0,0],[0,329,0,0],[0,117,0,0],[0,1178,0,0],[0,3082,0,0],[0,2984,0,0],[0,1394,0,0],[0,142,0,0],[0,135,0,0],[0,276,0,0],[0,2354,0,0],[0,887,0,0],[0,481,0,0]],"response":[[0,1,0,0],[0,1,0,0],[0,1,0,0],[0,1,0,0],[0,1,0,0],[0,1,0,0],[0,1,0,0],[0,1,0,0],[0,1,0,0],[0,1,0,0],[0,1,0,0],[0,1,0,0],[0,1,0,0],[0,1,0,0],[0,1,0,0],[0,1,0,0],[0,1,0,0],[0,1,0,0],[0,1,0,0],[0,1,0,0]],"framerate":[12.71051795360661,12.8686327077748,11.911111111111111,11.31770412287793,12.903225806451612,14.752370916754478,24.358974358974358,15.535991714137754,15.531660692951014,15.037593984962406,12.311135982092893,14.25114278031729,11.354195513708113,12.896825396825397,23.7467018469657,22.941970310391365,23.204419889502763,16.06425702811245,18.906144496961513,12.727272727272728]}
