{"practice":[0,0,0,0,0,0,0,0,0,0,0,0,0,0,0,0,0,0,0,0],"center_interval":[0,75,25,50,75,50,0,100,25,50,100,75,75,100,25,100,0,0,25,100],"image_pair":[3,4,4,2,1,4,4,1,2,1,4,1,4,4,4,2,4,2,4,3],"feature_space":[1,2,2,1,2,1,2,1,2,2,1,1,2,2,1,2,1,2,1,1],"left_img":[2,2,2,2,2,1,1,2,1,1,1,1,1,2,2,2,2,2,2,2],"img1Sample":[1,2,1,2,3,3,2,3,1,1,1,2,3,1,3,2,3,3,3,3],"img2Sample":[1,2,2,1,1,3,3,2,1,2,3,2,1,3,3,2,2,2,2,2],"stim_time":[2000,2000,2000,2000,2000,2000,2000,2000,2000,2000,2000,2000,2000,2000,2000,2000,2000,2000,2000,2000],"key":[49,49,49,49,49,49,49,49,49,null,49,49,49,49,49,49,49,49,49,49],"correct":[false,true,false,false,true,true,true,true,true,null,false,false,false,true,false,true,false,false,false,true],"right_img":[1,1,1,1,1,2,2,1,2,2,2,2,2,1,1,1,1,1,1,1],"img_choice":[2,2,2,2,2,1,1,2,1,null,1,1,1,2,2,2,2,2,2,2],"center_sample":[3,2,3,3,1,1,3,3,3,3,2,3,3,2,1,3,3,2,3,3],"left_sample":[1,2,2,1,1,3,2,2,1,1,1,2,3,3,3,2,2,2,2,2],"right_sample":[1,2,1,2,3,3,3,3,1,2,3,2,1,1,3,2,3,3,3,3],"exact_match":[0,0,0,0,0,0,0,0,0,0,0,0,0,0,0,0,1,0,0,0],"RT":[[0,0,0,2369.3000000044703,0,0],[0,0,0,1195.4000000059605,0,0],[0,0,0,840.7999999970198,0,0],[0,0,0,568.1999999955297,0,0],[0,0,0,979.8999999985099,0,0],[0,0,0,1104.3000000044703,0,0],[0,0,0,964.5,0,0],[0,0,0,1352.8000000044703,0,0],[0,0,0,693.5999999940395,0,0],[0,0,0,0,0,0],[0,0,0,2089.2000000029802,0,0],[0,0,0,1630.6000000014901,0,0],[0,0,0,1813.5,0,0],[0,0,0,1264.7999999970198,0,0],[0,0,0,1198.8999999985099,0,0],[0,0,0,1243.3999999985099,0,0],[0,0,0,1064.7000000029802,0,0],[0,0,0,624.7000000029802,0,0],[0,0,0,860.1000000014901,0,0],[0,0,0,1128.3000000044703,0,0]],"response":[[0,0,0,1,0,0],[0,0,0,1,0,0],[0,0,0,1,0,0],[0,0,0,1,0,0],[0,0,0,1,0,0],[0,0,0,1,0,0],[0,0,0,1,0,0],[0,0,0,1,0,0],[0,0,0,1,0,0],[0,0,0,1,0,0],[0,0,0,1,0,0],[0,0,0,1,0,0],[0,0,0,1,0,0],[0,0,0,1,0,0],[0,0,0,1,0,0],[0,0,0,1,0,0],[0,0,0,1,0,0],[0,0,0,1,0,0],[0,0,0,1,0,0],[0,0,0,1,0,0]],"framerate":[59.68477169131322,59.6903096903097,59.67044396990319,59.69267139479905,59.67942116245185,59.68930949166592,59.68011458579642,59.68568746839091,59.69040955049093,59.681612684252386,55.386376177743784,59.45678122603099,59.685999740553356,59.69782581992384,59.6813664285849,59.65145800983235,59.67296117380359,59.71627486966966,59.66814701788226,59.71438735581872]}
