{"practice":[0,0,0,0,0,0,0,0,0,0,0,0,0,0,0,0,0,0,0,0],"center_interval":[100,50,0,0,50,75,25,75,100,25,75,75,0,50,25,75,25,0,0,75],"image_pair":[4,3,4,3,4,3,2,4,3,4,4,4,4,2,3,1,3,2,3,4],"feature_space":[1,1,2,1,2,1,2,1,2,2,2,2,1,1,2,2,1,2,1,2],"left_img":[2,2,1,2,1,2,2,2,1,2,1,1,1,1,1,1,1,2,1,2],"img1Sample":[1,2,3,2,1,3,1,2,3,1,3,2,1,3,1,2,1,3,1,3],"img2Sample":[1,3,3,3,3,2,3,1,1,2,3,2,3,3,1,1,3,1,1,3],"stim_time":[2000,2000,2000,2000,2000,2000,2000,2000,2000,2000,2000,2000,2000,2000,2000,2000,2000,2000,2000,2000],"key":[49,49,49,49,49,49,49,49,49,49,49,49,49,49,49,49,49,49,49,49],"correct":[true,false,true,false,true,true,false,true,false,false,false,false,true,true,true,false,true,false,true,true],"right_img":[1,1,2,1,2,1,1,1,2,1,2,2,2,2,2,2,2,1,2,1],"img_choice":[2,2,1,2,1,2,2,2,1,2,1,1,1,1,1,1,1,2,1,2],"center_sample":[2,3,2,1,2,1,1,1,3,2,3,2,3,1,1,1,3,2,2,2],"left_sample":[1,3,3,3,1,2,3,1,3,2,3,2,1,3,1,2,1,1,1,3],"right_sample":[1,2,3,2,3,3,1,2,1,1,3,2,3,3,1,1,3,3,1,3],"exact_match":[0,0,0,0,0,0,0,0,0,0,0,0,0,0,0,0,0,0,0,0],"RT":[[0,0,0,1228.7000000029802,0,0],[0,0,0,1168.4000000059605,0,0],[0,0,0,515.3999999985099,0,0],[0,0,0,1499.5,0,0],[0,0,0,606.2000000029802,0,0],[0,0,0,1317.2999999970198,0,0],[0,0,0,1281.2000000029802,0,0],[0,0,0,4347.70000000298,0,0],[0,0,0,132.39999999850988,0,0],[0,0,0,967.5,0,0],[0,0,0,893.6999999955297,0,0],[0,0,0,1181.6000000014901,0,0],[0,0,0,1169.1000000014901,0,0],[0,0,0,1200.4000000059605,0,0],[0,0,0,1025.3999999985099,0,0],[0,0,0,1305.4000000059605,0,0],[0,0,0,1298.1000000014901,0,0],[0,0,0,1480.5,0,0],[0,0,0,1175.2000000029802,0,0],[0,0,0,1000,0,0]],"response":[[0,0,0,1,0,0],[0,0,0,1,0,0],[0,0,0,1,0,0],[0,0,0,1,0,0],[0,0,0,1,0,0],[0,0,0,1,0,0],[0,0,0,1,0,0],[0,0,0,1,0,0],[0,0,0,1,0,0],[0,0,0,1,0,0],[0,0,0,1,0,0],[0,0,0,1,0,0],[0,0,0,1,0,0],[0,0,0,1,0,0],[0,0,0,1,0,0],[0,0,0,1,0,0],[0,0,0,1,0,0],[0,0,0,1,0,0],[0,0,0,1,0,0],[0,0,0,1,0,0]],"framerate":[59.69188091348119,59.68269957189625,59.68709492665055,59.682775597387675,59.680533614130866,59.679767103347885,59.6839684947573,59.68605415075426,59.69541769839498,59.673783317862345,59.684563033308095,59.694005517933284,59.67969379539353,59.68732830523503,59.68204326296586,59.69135203334516,59.68040533963431,59.448873968407845,59.668563692386535,59.120290083602974]}
