{"practice":[0,0,0,0,0,0,0,0,0,0,0,0,0,0,0,0,0,0,0,0],"center_interval":[50,75,50,100,50,50,75,100,50,50,50,25,75,0,75,50,0,75,25,100],"image_pair":[3,2,3,2,4,3,1,1,4,1,3,4,2,4,3,1,2,2,2,2],"feature_space":[2,2,2,1,2,1,2,1,2,1,2,2,2,1,1,1,1,1,1,1],"left_img":[1,2,1,2,2,1,1,1,1,2,1,2,2,2,2,1,2,2,1,2],"img1Sample":[1,2,2,3,3,3,2,3,1,3,3,2,3,1,2,1,3,1,2,1],"img2Sample":[3,1,3,3,2,1,2,1,1,2,3,1,2,1,2,3,3,1,1,3],"stim_time":[250,250,250,250,250,250,250,250,250,250,250,250,250,250,250,250,250,250,250,250],"key":[49,49,49,49,49,49,49,49,49,49,49,49,49,49,49,49,49,49,49,49],"correct":[true,true,true,true,false,true,false,false,true,false,true,false,true,false,true,true,false,true,true,true],"right_img":[2,1,2,1,1,2,2,2,2,1,2,1,1,1,1,2,1,1,2,1],"img_choice":[1,2,1,2,2,1,1,1,1,2,1,2,2,2,2,1,2,2,1,2],"center_sample":[1,1,3,2,3,3,1,1,1,1,2,1,3,2,1,2,3,3,2,2],"left_sample":[1,1,2,3,2,3,2,3,1,2,3,1,2,1,2,1,3,1,2,3],"right_sample":[3,2,3,3,3,1,2,1,1,3,3,2,3,1,2,3,3,1,1,1],"exact_match":[0,0,0,0,0,0,0,1,0,0,0,0,0,0,0,0,1,0,0,0],"RT":[[0,0,0,1025.2999999970198,0,0],[0,0,0,1135.3999999985099,0,0],[0,0,0,1113.3000000044703,0,0],[0,0,0,984.2999999970198,0,0],[0,0,0,1134.2999999970198,0,0],[0,0,0,1240,0,0],[0,0,0,946.2999999970198,0,0],[0,0,0,930.3999999985099,0,0],[0,0,0,1016.2999999970198,0,0],[0,0,0,959.4000000059605,0,0],[0,0,0,1048.5,0,0],[0,0,0,997.5,0,0],[0,0,0,1296.3000000044703,0,0],[0,0,0,1630.8999999985099,0,0],[0,0,0,659.5,0,0],[0,0,0,879.3999999985099,0,0],[0,0,0,894.6000000014901,0,0],[0,0,0,948.2000000029802,0,0],[0,0,0,1062.2000000029802,0,0],[0,0,0,1531.5,0,0]],"response":[[0,0,0,1,0,0],[0,0,0,1,0,0],[0,0,0,1,0,0],[0,0,0,1,0,0],[0,0,0,1,0,0],[0,0,0,1,0,0],[0,0,0,1,0,0],[0,0,0,1,0,0],[0,0,0,1,0,0],[0,0,0,1,0,0],[0,0,0,1,0,0],[0,0,0,1,0,0],[0,0,0,1,0,0],[0,0,0,1,0,0],[0,0,0,1,0,0],[0,0,0,1,0,0],[0,0,0,1,0,0],[0,0,0,1,0,0],[0,0,0,1,0,0],[0,0,0,1,0,0]],"framerate":[50.055349665423705,59.68925137844208,59.671348572436926,59.66937298244698,59.643052267387034,59.723614804520246,59.68664511315593,59.68203019213046,59.695744271048575,59.68961400720699,59.65909090909091,59.65371744511805,59.721866734844305,59.71145644037309,59.67555040556199,59.676921493843615,59.68778696065036,59.62732919254659,59.742214695518356,59.68195294748415]}
