{"practice":[0,0,0,0,0,0,0,0,0,0,0,0,0,0,0,0,0,0,0,0],"center_interval":[75,25,50,100,100,0,75,100,75,0,50,75,100,0,100,0,25,75,50,25],"image_pair":[4,3,4,4,1,2,4,3,1,4,3,3,3,1,4,3,1,2,3,2],"feature_space":[1,2,1,1,2,1,1,2,2,1,2,1,2,1,1,2,1,1,2,2],"left_img":[2,2,2,2,1,2,1,1,2,2,2,2,1,2,1,1,2,2,1,2],"img1Sample":[3,2,1,2,1,2,3,3,2,3,2,1,2,2,3,3,3,3,2,3],"img2Sample":[1,3,1,1,1,3,1,1,3,1,2,3,3,3,2,2,2,2,3,1],"stim_time":[250,250,250,250,250,250,250,250,250,250,250,250,250,250,250,250,250,250,250,250],"key":[49,49,49,49,49,49,49,49,49,49,49,49,49,49,49,49,49,49,49,49],"correct":[true,false,false,true,false,false,false,false,true,false,false,true,false,false,false,true,false,true,true,false],"right_img":[1,1,1,1,2,1,2,2,1,1,1,1,2,1,2,2,1,1,2,1],"img_choice":[2,2,2,2,1,2,1,1,2,2,2,2,1,2,1,1,2,2,1,2],"center_sample":[1,3,1,1,3,1,3,3,2,2,1,2,1,2,1,1,2,2,3,3],"left_sample":[1,3,1,1,1,3,3,3,3,1,2,3,2,3,3,3,2,2,2,1],"right_sample":[3,2,1,2,1,2,1,1,2,3,2,1,3,2,2,2,3,3,3,3],"exact_match":[0,0,0,1,0,0,0,0,0,0,0,0,0,1,0,0,0,0,0,0],"RT":[[0,0,0,1060.8999999985099,0,0],[0,0,0,1245.3000000044703,0,0],[0,0,0,1065.7999999970198,0,0],[0,0,0,916,0,0],[0,0,0,1716.8999999985099,0,0],[0,0,0,1300.3999999985099,0,0],[0,0,0,1163.4000000059605,0,0],[0,0,0,1145.7000000029802,0,0],[0,0,0,1314.7000000029802,0,0],[0,0,0,1366.6000000014901,0,0],[0,0,0,1634.8999999985099,0,0],[0,0,0,1737.6999999955297,0,0],[0,0,0,574.3999999985099,0,0],[0,0,0,1084.5999999940395,0,0],[0,0,0,967.3000000044703,0,0],[0,0,0,912.8999999985099,0,0],[0,0,0,995.7000000029802,0,0],[0,0,0,977.7999999970198,0,0],[0,0,0,994.7999999970198,0,0],[0,0,0,2601.7000000029802,0,0]],"response":[[0,0,0,1,0,0],[0,0,0,1,0,0],[0,0,0,1,0,0],[0,0,0,1,0,0],[0,0,0,1,0,0],[0,0,0,1,0,0],[0,0,0,1,0,0],[0,0,0,1,0,0],[0,0,0,1,0,0],[0,0,0,1,0,0],[0,0,0,1,0,0],[0,0,0,1,0,0],[0,0,0,1,0,0],[0,0,0,1,0,0],[0,0,0,1,0,0],[0,0,0,1,0,0],[0,0,0,1,0,0],[0,0,0,1,0,0],[0,0,0,1,0,0],[0,0,0,1,0,0]],"framerate":[59.67604433081791,59.692388131197355,59.68045112781955,59.683374639578716,59.688612419514236,59.69264637395159,59.69747295663583,59.66371361421484,59.69145403341416,59.69534787978592,59.664986658793694,59.68335656335051,59.695981291211126,59.701492537313435,59.664694280078905,59.680356058983485,59.67687157338852,59.6956500466149,59.68845537915374,59.42321321482622]}
