{"practice":[0,0,0,0,0,0,0,0,0,0,0,0,0,0,0,0,0,0,0,0],"center_interval":[75,50,50,50,75,0,100,100,25,75,75,100,0,0,0,25,75,50,0,50],"image_pair":[3,4,4,3,2,4,2,3,4,2,1,3,2,2,2,1,1,2,1,1],"feature_space":[2,2,1,1,2,1,1,2,1,2,2,1,1,1,2,2,1,2,2,2],"left_img":[2,1,2,2,1,1,2,2,1,2,1,1,2,2,1,1,2,1,2,1],"img1Sample":[2,2,3,3,1,1,2,2,2,3,3,2,2,1,2,2,3,2,1,3],"img2Sample":[3,1,1,1,3,1,2,2,2,1,2,2,3,2,3,1,2,3,2,1],"key":[49,49,49,49,49,49,49,49,49,49,49,49,49,49,49,49,49,49,49,49],"correct":[true,true,false,false,false,true,true,true,true,true,false,false,false,false,true,true,true,true,false,true],"right_img":[1,2,1,1,2,2,1,1,2,1,2,2,1,1,2,2,1,2,1,2],"img_choice":[2,1,2,2,1,1,2,2,1,2,1,1,2,2,1,1,2,1,2,1],"center_sample":[1,2,1,2,3,3,3,1,3,1,1,1,3,3,1,2,2,3,2,2],"left_sample":[3,2,1,1,1,1,2,2,2,1,3,2,3,2,2,2,2,2,2,3],"right_sample":[2,1,3,3,3,1,2,2,2,3,2,2,2,1,3,1,3,3,1,1],"RT":[[0,0,0,569.9000000953674,0,0],[0,0,0,1091.7999997138977,0,0],[0,0,0,685.4000000953674,0,0],[0,0,0,503.40000009536743,0,0],[0,0,0,678.1999998092651,0,0],[0,0,0,879.7000002861023,0,0],[0,0,0,361.40000009536743,0,0],[0,0,0,1639.9000000953674,0,0],[0,0,0,697.8000001907349,0,0],[0,0,0,714.9000000953674,0,0],[0,0,0,641.7999997138977,0,0],[0,0,0,483.7000002861023,0,0],[0,0,0,398.30000019073486,0,0],[0,0,0,339.40000009536743,0,0],[0,0,0,363.2000002861023,0,0],[0,0,0,496.7999997138977,0,0],[0,0,0,371.3999996185303,0,0],[0,0,0,479.19999980926514,0,0],[0,0,0,449.40000009536743,0,0],[0,0,0,573,0,0]],"response":[[0,0,0,1,0,0],[0,0,0,1,0,0],[0,0,0,1,0,0],[0,0,0,1,0,0],[0,0,0,1,0,0],[0,0,0,1,0,0],[0,0,0,1,0,0],[0,0,0,1,0,0],[0,0,0,1,0,0],[0,0,0,1,0,0],[0,0,0,1,0,0],[0,0,0,1,0,0],[0,0,0,1,0,0],[0,0,0,1,0,0],[0,0,0,1,0,0],[0,0,0,1,0,0],[0,0,0,1,0,0],[0,0,0,1,0,0],[0,0,0,1,0,0],[0,0,0,1,0,0]],"framerate":[59.95805888969663,59.94620212629691,59.9472235035762,59.950593479027134,59.93518970081611,59.958219157948385,59.90289425202548,59.96631106120157,59.943481864855976,59.96191991653118,59.939192123932244,55.687420115655684,59.63658953253611,59.91820689761365,59.98421468034727,59.334604785724224,59.95919008005023,59.940363903644,59.926244622003686,59.965143410794475]}
