{"practice":[0,0,0,0,0,0,0,0,0,0,0,0,0,0,0,0,0,0,0,0],"center_interval":[25,50,50,25,100,100,50,100,50,100,25,0,100,25,25,50,75,50,0,0],"image_pair":[4,3,1,3,4,2,2,3,4,2,1,4,2,3,1,3,2,1,2,4],"feature_space":[1,1,2,2,1,2,1,1,1,2,2,1,1,1,1,2,2,1,1,2],"left_img":[1,2,1,2,1,1,1,2,1,1,1,1,1,1,1,1,2,2,1,2],"img1Sample":[1,3,1,1,1,3,2,1,3,3,1,3,1,3,3,1,3,1,3,3],"img2Sample":[3,1,3,3,1,3,3,3,1,1,3,2,3,1,2,3,3,3,1,3],"stim_time":[250,250,250,250,250,250,250,250,250,250,250,250,250,250,250,250,250,250,250,250],"key":[49,50,50,50,49,50,50,49,50,49,50,49,49,50,49,49,49,50,50,49],"correct":[true,true,false,true,false,true,false,true,false,false,false,true,false,false,true,true,true,true,false,false],"right_img":[2,1,2,1,2,2,2,1,2,2,2,2,2,2,2,2,1,1,2,1],"img_choice":[1,1,2,1,1,2,2,2,2,1,2,1,1,2,1,1,2,1,2,2],"center_sample":[1,3,2,1,3,2,2,3,2,2,1,3,3,2,1,2,1,1,2,3],"left_sample":[1,1,1,3,1,3,2,3,3,3,1,3,1,3,3,1,3,3,3,3],"right_sample":[3,3,3,1,1,3,3,1,1,1,3,2,3,1,2,3,3,1,1,3],"exact_match":[0,0,0,0,0,0,0,1,0,0,0,1,1,0,0,0,0,0,0,1],"RT":[[0,0,0,1739.2999999523163,0,0],[0,0,0,1554.4000000953674,0,0],[0,0,0,1346.7999999523163,0,0],[0,0,0,1290.1000001430511,0,0],[0,0,0,1028.2999999523163,0,0],[0,0,0,1007.3000001907349,0,0],[0,0,0,1906.5999999046326,0,0],[0,0,0,951.3000001907349,0,0],[0,0,0,905.2000000476837,0,0],[0,0,0,990.2999999523163,0,0],[0,0,0,904,0,0],[0,0,0,1070.3999998569489,0,0],[0,0,0,967.1999998092651,0,0],[0,0,0,835.7000000476837,0,0],[0,0,0,769.1000001430511,0,0],[0,0,0,1040.2000000476837,0,0],[0,0,0,1041.2999999523163,0,0],[0,0,0,1462.2999999523163,0,0],[0,0,0,815.9000000953674,0,0],[0,0,0,841.1000001430511,0,0]],"response":[[0,0,0,1,0,0],[0,0,0,1,0,0],[0,0,0,1,0,0],[0,0,0,1,0,0],[0,0,0,1,0,0],[0,0,0,1,0,0],[0,0,0,1,0,0],[0,0,0,1,0,0],[0,0,0,1,0,0],[0,0,0,1,0,0],[0,0,0,1,0,0],[0,0,0,1,0,0],[0,0,0,1,0,0],[0,0,0,1,0,0],[0,0,0,1,0,0],[0,0,0,1,0,0],[0,0,0,1,0,0],[0,0,0,1,0,0],[0,0,0,1,0,0],[0,0,0,1,0,0]],"framerate":[60.05147268780725,60.049722700325106,60.05505046411864,60.047179927085566,57.189153125257114,59.996129283365995,60.076276618944505,59.874264044079915,60.253267978257405,59.91524185020509,60.191797589399954,59.95035361609166,60.1577909270217,60.05373228829141,57.25190839694657,60.08010680771274,59.91725711840118,60.19563581867676,59.90265817892904,60.19960922909091]}
