{"practice":[0,0,0,0,0,0,0,0,0,0,0,0,0,0,0,0,0,0,0,0],"center_interval":[100,75,75,25,75,25,50,75,75,0,75,0,50,25,50,0,50,100,0,75],"image_pair":[3,2,3,1,4,2,1,4,3,1,1,2,4,3,2,1,4,3,2,4],"feature_space":[2,2,1,2,1,2,2,1,1,1,1,2,1,2,2,1,1,2,1,2],"left_img":[1,2,2,1,1,2,2,1,2,2,1,2,2,1,1,2,2,1,2,2],"img1Sample":[1,2,3,3,2,3,3,1,3,3,2,2,3,2,2,3,3,2,3,3],"img2Sample":[1,3,2,1,3,3,1,1,3,1,3,1,1,1,3,1,1,3,1,2],"key":[49,49,49,49,49,49,49,49,49,49,49,49,49,49,49,49,49,49,49,49],"correct":[false,true,true,true,false,false,false,false,true,false,false,false,false,true,true,false,false,false,false,true],"right_img":[2,1,1,2,2,1,1,2,1,1,2,1,1,2,2,1,1,2,1,1],"img_choice":[1,2,2,1,1,2,2,1,2,2,1,2,2,1,1,2,2,1,2,2],"center_sample":[2,2,1,1,2,1,2,2,3,2,3,1,1,3,1,1,1,1,1,2],"left_sample":[1,3,2,3,2,3,1,1,3,1,2,1,1,2,2,1,1,2,1,2],"right_sample":[1,2,3,1,3,3,3,1,3,3,3,2,3,1,3,3,3,3,3,3],"RT":[[0,0,0,1992.5,0,0],[0,0,0,891,0,0],[0,0,0,605.5,0,0],[0,0,0,602.3999996185303,0,0],[0,0,0,796.6999998092651,0,0],[0,0,0,361.19999980926514,0,0],[0,0,0,257.2000002861023,0,0],[0,0,0,158.30000019073486,0,0],[0,0,0,738.6000003814697,0,0],[0,0,0,423.90000009536743,0,0],[0,0,0,364.19999980926514,0,0],[0,0,0,604.4000000953674,0,0],[0,0,0,3122.8999996185303,0,0],[0,0,0,1243.4000000953674,0,0],[0,0,0,422,0,0],[0,0,0,337.90000009536743,0,0],[0,0,0,664.4000000953674,0,0],[0,0,0,444,0,0],[0,0,0,72.2000002861023,0,0],[0,0,0,295.40000009536743,0,0]],"response":[[0,0,0,1,0,0],[0,0,0,1,0,0],[0,0,0,1,0,0],[0,0,0,1,0,0],[0,0,0,1,0,0],[0,0,0,1,0,0],[0,0,0,1,0,0],[0,0,0,1,0,0],[0,0,0,1,0,0],[0,0,0,1,0,0],[0,0,0,1,0,0],[0,0,0,1,0,0],[0,0,0,1,0,0],[0,0,0,1,0,0],[0,0,0,1,0,0],[0,0,0,1,0,0],[0,0,0,1,0,0],[0,0,0,1,0,0],[0,0,0,1,0,0],[0,0,0,1,0,0]],"framerate":[59.94629810556505,59.94167836853777,59.94502602157038,59.96120157881274,59.936733444854866,59.94258132045088,59.94461638703372,59.96698446537149,59.94596420450123,59.94685124882082,59.91989655753433,59.969576408343336,59.949817285850415,59.93932068910887,59.9357390067807,59.946714028344985,59.93027343516604,59.97416497332855,59.952869422552524,59.94971958265035]}
