{"practice":[0,0,0,0,0,0,0,0,0,0,0,0,0,0,0,0,0,0,0,0],"center_interval":[75,0,50,50,50,100,75,0,50,0,100,100,75,75,25,100,25,0,25,50],"image_pair":[3,1,4,2,2,2,1,4,2,4,4,3,1,2,3,3,1,3,2,2],"feature_space":[2,2,2,2,1,1,2,2,2,1,1,1,1,1,1,1,2,1,1,1],"left_img":[2,2,2,1,2,1,2,2,1,2,2,1,2,1,2,2,1,2,1,2],"img1Sample":[1,2,2,1,2,2,3,2,3,1,2,1,1,1,3,2,3,3,3,2],"img2Sample":[3,3,2,2,2,3,3,1,1,1,2,3,3,2,3,2,1,1,1,2],"stim_time":[2000,2000,2000,2000,2000,2000,2000,2000,2000,2000,2000,2000,2000,2000,2000,2000,2000,2000,2000,2000],"key":[49,50,49,50,49,50,50,50,49,49,50,49,50,49,50,50,49,49,50,49],"correct":[true,true,false,false,false,true,false,true,true,false,false,false,false,false,true,false,true,false,false,false],"right_img":[1,1,1,2,1,2,1,1,2,1,1,2,1,2,1,1,2,1,2,1],"img_choice":[2,1,2,2,2,2,1,1,1,2,1,1,1,1,1,1,1,2,2,2],"center_sample":[2,3,2,2,2,2,3,1,2,3,1,1,1,1,1,1,2,1,2,3],"left_sample":[3,3,2,1,2,2,3,1,3,1,2,1,3,1,3,2,3,1,3,2],"right_sample":[1,2,2,2,2,3,3,2,1,1,2,3,1,2,3,2,1,3,1,2],"exact_match":[0,0,0,0,0,0,0,0,0,0,0,0,0,0,0,0,0,0,0,0],"RT":[[0,0,0,923.1000001430511,0,0],[0,0,0,813.3999998569489,0,0],[0,0,0,889.8000001907349,0,0],[0,0,0,638.4000000953674,0,0],[0,0,0,687.1999998092651,0,0],[0,0,0,571,0,0],[0,0,0,937.2000000476837,0,0],[0,0,0,808.7999999523163,0,0],[0,0,0,848.4000000953674,0,0],[0,0,0,669.2000000476837,0,0],[0,0,0,435.39999985694885,0,0],[0,0,0,500,0,0],[0,0,0,440.7000000476837,0,0],[0,0,0,578.9000000953674,0,0],[0,0,0,374.30000019073486,0,0],[0,0,0,454,0,0],[0,0,0,609.5,0,0],[0,0,0,422.59999990463257,0,0],[0,0,0,88.5,0,0],[0,0,0,187,0,0]],"response":[[0,0,0,1,0,0],[0,0,0,1,0,0],[0,0,0,1,0,0],[0,0,0,1,0,0],[0,0,0,1,0,0],[0,0,0,1,0,0],[0,0,0,1,0,0],[0,0,0,1,0,0],[0,0,0,1,0,0],[0,0,0,1,0,0],[0,0,0,1,0,0],[0,0,0,1,0,0],[0,0,0,1,0,0],[0,0,0,1,0,0],[0,0,0,1,0,0],[0,0,0,1,0,0],[0,0,0,1,0,0],[0,0,0,1,0,0],[0,0,0,1,0,0],[0,0,0,1,0,0]],"framerate":[60.06006006159582,59.93812838202515,59.623827850518474,59.17674702022504,54.05250815224928,60.01300774298323,60.025610929619766,59.83545250402882,60.035475508254876,60.07128075337307,60.02400960296051,60.03559900185564,60.083192112155295,60.05384137163732,59.73715651314122,60.04350090459305,54.15532331964902,60.04890581343159,60.13894168891211,60.03001500750375]}
