{"practice":[0,0,0,0,0,0,0,0,0,0,0,0,0,0,0,0,0,0,0,0],"center_interval":[50,25,25,25,100,100,100,100,50,100,100,25,0,50,50,75,75,25,25,50],"image_pair":[2,3,2,3,1,3,2,4,3,2,1,1,4,4,2,1,4,2,2,4],"feature_space":[2,1,1,1,2,1,2,2,1,2,1,1,2,2,2,1,2,2,1,2],"left_img":[2,1,1,1,2,2,1,2,1,1,2,1,1,2,1,1,2,2,2,2],"img1Sample":[2,1,2,1,3,1,3,2,2,2,3,2,1,1,1,1,1,2,2,1],"img2Sample":[1,1,2,3,2,3,2,2,3,3,1,3,3,3,2,3,2,1,3,1],"stim_time":[250,250,250,250,250,250,250,250,250,250,250,250,250,250,250,250,250,250,250,250],"key":[50,50,49,49,49,49,50,49,49,50,49,50,49,49,50,49,50,49,50,50],"correct":[true,false,true,true,true,true,true,true,true,true,true,false,true,false,false,false,false,false,true,true],"right_img":[1,2,2,2,1,1,2,1,2,2,1,2,2,1,2,2,1,1,1,1],"img_choice":[1,2,1,1,2,2,2,2,1,2,2,2,1,2,2,1,1,2,1,1],"center_sample":[1,1,3,2,3,2,3,3,2,2,1,3,3,2,3,3,1,1,3,3],"left_sample":[1,1,2,1,2,3,3,2,2,2,1,2,1,3,1,1,2,1,3,1],"right_sample":[2,1,2,3,3,1,2,2,3,3,3,3,3,1,2,3,1,2,2,1],"exact_match":[0,0,0,0,0,0,0,0,0,0,1,0,0,0,0,0,0,0,0,0],"RT":[[0,0,0,790.4000000953674,0,0],[0,0,0,819.2000000476837,0,0],[0,0,0,754.4000000953674,0,0],[0,0,0,940.4000000953674,0,0],[0,0,0,1085.0999999046326,0,0],[0,0,0,984.2000000476837,0,0],[0,0,0,1037.1000001430511,0,0],[0,0,0,938.1000001430511,0,0],[0,0,0,932.8999998569489,0,0],[0,0,0,1239.4000000953674,0,0],[0,0,0,854.2000000476837,0,0],[0,0,0,728,0,0],[0,0,0,752.8999998569489,0,0],[0,0,0,654.3999998569489,0,0],[0,0,0,851.7999999523163,0,0],[0,0,0,569.2999999523163,0,0],[0,0,0,593.7999999523163,0,0],[0,0,0,608,0,0],[0,0,0,620,0,0],[0,0,0,691.5,0,0]],"response":[[0,0,0,1,0,0],[0,0,0,1,0,0],[0,0,0,1,0,0],[0,0,0,1,0,0],[0,0,0,1,0,0],[0,0,0,1,0,0],[0,0,0,1,0,0],[0,0,0,1,0,0],[0,0,0,1,0,0],[0,0,0,1,0,0],[0,0,0,1,0,0],[0,0,0,1,0,0],[0,0,0,1,0,0],[0,0,0,1,0,0],[0,0,0,1,0,0],[0,0,0,1,0,0],[0,0,0,1,0,0],[0,0,0,1,0,0],[0,0,0,1,0,0],[0,0,0,1,0,0]],"framerate":[60.0454397876287,59.966036939385596,60.13793103448276,59.976009590444065,60.064254789521975,60.054147181885305,60.0543348703156,59.535721434280006,54.06758448060075,60.03393222131525,60.08045556957824,60.0550036465939,60.03855687138529,60.08633764854443,60.05535537552404,59.97919088945465,60.10928961748634,60.07449237398123,57.662584708863655,60.06864988558352]}
