{"practice":[0,0,0,0,0,0,0,0,0,0,0,0,0,0,0,0,0,0,0,0],"center_interval":[100,25,25,25,0,75,25,75,75,0,50,100,0,0,25,75,50,25,25,100],"image_pair":[4,3,4,4,1,1,3,1,3,3,4,3,1,1,1,2,4,3,2,1],"feature_space":[2,1,1,1,2,2,2,2,1,2,2,2,2,1,2,1,1,1,1,1],"left_img":[2,2,1,2,1,1,2,2,1,2,1,1,2,2,2,1,2,1,2,2],"img1Sample":[3,3,2,1,2,3,3,1,1,1,2,2,2,1,3,3,2,3,1,1],"img2Sample":[1,2,3,3,3,1,1,2,3,1,3,3,1,1,2,1,1,1,3,3],"key":[49,49,49,49,49,49,49,49,49,49,49,49,49,49,49,49,49,49,49,49],"correct":[true,false,true,false,true,false,false,true,false,false,true,false,false,false,false,false,false,true,false,true],"right_img":[1,1,2,1,2,2,1,1,2,1,2,2,1,1,1,2,1,2,1,1],"img_choice":[2,2,1,2,1,1,2,2,1,2,1,1,2,2,2,1,2,1,2,2],"center_sample":[2,3,1,3,1,1,2,1,1,2,3,1,1,2,1,2,3,3,1,2],"left_sample":[1,2,2,3,2,3,1,2,1,1,2,2,1,1,2,3,1,3,3,3],"right_sample":[3,3,3,1,3,1,3,1,3,1,3,3,2,1,3,1,2,1,1,1],"RT":[[0,0,0,384.2000002861023,0,0],[0,0,0,510.30000019073486,0,0],[0,0,0,181.90000009536743,0,0],[0,0,0,509.2999997138977,0,0],[0,0,0,692.5,0,0],[0,0,0,422.5,0,0],[0,0,0,913.5,0,0],[0,0,0,1593,0,0],[0,0,0,2222.699999809265,0,0],[0,0,0,863.6999998092651,0,0],[0,0,0,1313.1999998092651,0,0],[0,0,0,578,0,0],[0,0,0,574.5999999046326,0,0],[0,0,0,347.6000003814697,0,0],[0,0,0,560.7000002861023,0,0],[0,0,0,951,0,0],[0,0,0,350.59999990463257,0,0],[0,0,0,490.30000019073486,0,0],[0,0,0,504.6000003814697,0,0],[0,0,0,424.40000009536743,0,0]],"response":[[0,0,0,1,0,0],[0,0,0,1,0,0],[0,0,0,1,0,0],[0,0,0,1,0,0],[0,0,0,1,0,0],[0,0,0,1,0,0],[0,0,0,1,0,0],[0,0,0,1,0,0],[0,0,0,1,0,0],[0,0,0,1,0,0],[0,0,0,1,0,0],[0,0,0,1,0,0],[0,0,0,1,0,0],[0,0,0,1,0,0],[0,0,0,1,0,0],[0,0,0,1,0,0],[0,0,0,1,0,0],[0,0,0,1,0,0],[0,0,0,1,0,0],[0,0,0,1,0,0]],"framerate":[59.94601720275997,59.95420582756295,59.94440909739015,59.95239959888079,59.941770857699936,59.946851239987964,59.94784805889484,59.9346167855856,59.95989437187947,59.94387074077455,59.94127211673572,59.63275668486538,59.96691480900325,59.96192893401015,59.93353904411473,55.152936156938246,59.937208644007285,59.93824544235753,59.96504550283815,59.946851239987964]}
