{"practice":[1,1,1,1,1],"center_interval":[100,0,75,75,50],"image_pair":[4,3,1,3,2],"feature_space":[2,2,2,2,2],"left_img":[2,1,2,2,2],"img1Sample":[1,2,2,3,3],"img2Sample":[2,3,1,1,2],"key":[49,51,50,50,49],"correct":[true,null,false,false,false],"right_img":[1,2,1,1,1],"img_choice":[2,null,1,1,2],"center_sample":[1,1,2,2,3],"left_sample":[2,2,1,1,2],"right_sample":[1,3,2,3,3],"RT":[[0,1779,0,0],[0,2358,0,0],[0,2258,0,0],[0,2338,0,0],[0,2484,0,0]],"response":[[0,1,0,0],[0,1,0,0],[0,1,0,0],[0,1,0,0],[0,1,0,0]],"framerate":[15.676567656765677,12.696709585121601,15.927977839335181,14.715719063545151,15.444015444015443]}
