{"practice":[0,0,0,0,0,0,0,0,0,0,0,0,0,0,0,0,0,0,0,0],"center_interval":[75,0,0,50,100,50,0,100,25,25,100,75,25,100,75,75,0,100,0,75],"image_pair":[3,4,1,4,3,3,3,3,2,4,4,4,1,1,3,1,3,4,3,1],"feature_space":[1,2,1,2,1,2,2,2,2,1,2,1,1,1,2,2,1,1,1,1],"left_img":[1,1,2,1,2,1,1,1,1,1,2,1,2,1,2,2,1,1,2,2],"img1Sample":[3,2,1,1,3,2,3,1,1,3,1,2,1,2,3,3,2,3,2,1],"img2Sample":[3,2,1,2,2,3,1,3,3,2,1,1,2,3,1,2,1,1,1,1],"key":[49,49,50,50,49,49,49,49,50,50,50,50,50,50,50,49,50,49,49,50],"correct":[false,true,true,false,true,true,true,false,false,false,false,true,true,true,false,true,false,false,false,false],"right_img":[2,2,1,2,1,2,2,2,2,2,1,2,1,2,1,1,2,2,1,1],"img_choice":[1,1,1,2,2,1,1,1,2,2,1,2,1,2,1,2,2,1,2,1],"center_sample":[1,1,3,2,1,3,1,2,2,2,3,3,2,1,2,2,3,3,3,3],"left_sample":[3,2,1,1,2,2,3,1,1,3,1,2,2,2,1,2,2,3,1,1],"right_sample":[3,2,1,2,3,3,1,3,3,2,1,1,1,3,3,3,1,1,2,1],"RT":[[0,2664,0,0],[0,1376,0,0],[0,1441,0,0],[0,1292,0,0],[0,1771,0,0],[0,1940,0,0],[0,3335,0,0],[0,2219,0,0],[0,1840,0,0],[0,2206,0,0],[0,2403,0,0],[0,2108,0,0],[0,1317,0,0],[0,1831,0,0],[0,2436,0,0],[0,1800,0,0],[0,2057,0,0],[0,2600,0,0],[0,1822,0,0],[0,1465,0,0]],"response":[[0,1,0,0],[0,1,0,0],[0,1,0,0],[0,1,0,0],[0,1,0,0],[0,1,0,0],[0,1,0,0],[0,1,0,0],[0,1,0,0],[0,1,0,0],[0,1,0,0],[0,1,0,0],[0,1,0,0],[0,1,0,0],[0,1,0,0],[0,1,0,0],[0,1,0,0],[0,1,0,0],[0,1,0,0],[0,1,0,0]],"framerate":[13.76421304608019,17.508754377188595,15.965166908563136,13.605442176870747,15.638207945900254,15.55814858031894,14.687262598126107,15.56420233463035,14.98582422033212,14.76274165202109,15.172413793103448,14.685314685314683,13.270142180094785,17.60851760851761,15.062213490504256,12.0381901203819,13.302926643861648,9.068923821039903,16.90721649484536,16.619183285849953]}
