{"practice":[0,0,0,0,0,0,0,0,0,0,0,0,0,0,0,0,0,0,0,0],"center_interval":[75,50,25,50,0,100,100,100,100,100,75,100,100,0,25,0,0,75,100,0],"image_pair":[2,3,1,4,3,1,2,4,4,4,4,1,1,3,4,3,3,1,3,4],"feature_space":[2,2,2,2,2,2,1,2,2,2,2,1,1,1,1,2,2,1,2,2],"left_img":[1,1,2,2,1,2,2,2,2,1,1,2,1,2,1,2,1,1,1,2],"img1Sample":[2,1,2,2,2,2,1,1,1,2,2,1,3,1,3,1,2,2,1,1],"img2Sample":[3,2,3,3,3,2,2,1,3,3,2,3,1,2,1,3,2,1,2,3],"key":[49,49,50,50,50,50,50,50,50,49,50,50,50,50,50,49,50,50,50,49],"correct":[false,true,true,true,false,false,false,false,false,false,true,false,true,true,false,false,false,true,true,false],"right_img":[2,2,1,1,2,1,1,1,1,2,2,1,2,1,2,1,2,2,2,1],"img_choice":[1,1,1,1,2,1,1,1,1,1,2,1,2,1,2,2,2,2,2,2],"center_sample":[2,3,2,2,1,3,1,3,1,2,1,1,3,2,2,3,1,3,1,3],"left_sample":[2,1,3,3,2,2,2,1,3,2,2,3,3,2,3,3,2,2,1,3],"right_sample":[3,2,2,2,3,2,1,1,1,3,2,1,1,1,1,1,2,1,2,1],"RT":[[0,1848,0,0],[0,1757,0,0],[0,1361,0,0],[0,1313,0,0],[0,1861,0,0],[0,1552,0,0],[0,1781,0,0],[0,1617,0,0],[0,1310,0,0],[0,1740,0,0],[0,1564,0,0],[0,1092,0,0],[0,1860,0,0],[0,1597,0,0],[0,2232,0,0],[0,1532,0,0],[0,1504,0,0],[0,2347,0,0],[0,1596,0,0],[0,1217,0,0]],"response":[[0,1,0,0],[0,1,0,0],[0,1,0,0],[0,1,0,0],[0,1,0,0],[0,1,0,0],[0,1,0,0],[0,1,0,0],[0,1,0,0],[0,1,0,0],[0,1,0,0],[0,1,0,0],[0,1,0,0],[0,1,0,0],[0,1,0,0],[0,1,0,0],[0,1,0,0],[0,1,0,0],[0,1,0,0],[0,1,0,0]],"framerate":[12.082158679017319,16.075845012366035,13.238289205702648,16.46937725167267,13.476020610384463,13.33968556455455,13.77075739165654,17.333333333333332,19.082001031459516,16.652433817250213,18.157058556513842,19.90632318501171,14.569000404694457,13.99548532731377,13.023583245336148,16.173752310536045,18.10385898046689,14.695591322603219,15.417558886509635,17.780172413793103]}
