{"practice":[0,0,0,0,0,0,0,0,0,0,0,0,0,0,0,0,0,0,0,0],"center_interval":[100,75,75,25,25,25,75,50,25,25,50,50,50,25,75,0,0,50,50,25],"image_pair":[1,3,4,1,4,1,1,2,4,1,2,1,2,3,2,2,3,3,4,1],"feature_space":[1,1,1,1,2,2,1,1,2,2,2,2,1,2,2,1,2,1,1,1],"left_img":[2,1,1,1,2,1,2,2,2,2,2,2,2,1,2,2,1,1,2,2],"img1Sample":[1,2,3,2,2,1,3,3,3,2,1,2,2,3,3,3,3,3,2,2],"img2Sample":[2,3,2,1,1,1,3,3,1,2,1,1,3,2,2,1,2,3,3,2],"key":[50,49,50,49,50,49,50,49,49,50,50,50,50,50,50,49,50,50,49,49],"correct":[false,false,true,true,true,true,false,false,false,true,true,true,true,false,false,false,false,false,false,false],"right_img":[1,2,2,2,1,2,1,1,1,1,1,1,1,2,1,1,2,2,1,1],"img_choice":[1,1,2,1,1,1,1,2,2,1,1,1,1,2,1,2,2,2,2,2],"center_sample":[1,2,1,3,1,1,1,2,1,3,1,1,2,1,3,1,2,3,1,2],"left_sample":[2,2,3,2,1,1,3,3,1,2,1,1,3,3,2,1,3,3,3,2],"right_sample":[1,3,2,1,2,1,3,3,3,2,1,2,2,2,3,3,2,3,2,2],"RT":[[0,1561,0,0],[0,1484,0,0],[0,1444,0,0],[0,1407,0,0],[0,1938,0,0],[0,2105,0,0],[0,1874,0,0],[0,1784,0,0],[0,1419,0,0],[0,1562,0,0],[0,1768,0,0],[0,2058,0,0],[0,1650,0,0],[0,1625,0,0],[0,1803,0,0],[0,1601,0,0],[0,1238,0,0],[0,1965,0,0],[0,1626,0,0],[0,1733,0,0]],"response":[[0,1,0,0],[0,1,0,0],[0,1,0,0],[0,1,0,0],[0,1,0,0],[0,1,0,0],[0,1,0,0],[0,1,0,0],[0,1,0,0],[0,1,0,0],[0,1,0,0],[0,1,0,0],[0,1,0,0],[0,1,0,0],[0,1,0,0],[0,1,0,0],[0,1,0,0],[0,1,0,0],[0,1,0,0],[0,1,0,0]],"framerate":[16.12160294795025,12.790146849834201,18.61832435080843,19.23076923076923,13.687915526007039,15.920029618659756,16.025641025641026,16.666666666666668,17.1990171990172,17.865322950068713,17.255892255892256,16.778523489932887,15.957446808510639,8.4108012394865,14.026402640264026,15.772870662460567,18.328840970350402,14.722975590856258,17.310252996005328,18.37606837606838]}
