{"practice":[0,0,0,0,0,0,0,0,0,0,0,0,0,0,0,0,0,0,0,0],"center_interval":[75,0,0,75,75,25,25,100,100,0,75,25,25,100,0,0,0,50,50,75],"image_pair":[1,2,2,4,2,2,1,4,4,2,3,2,3,1,2,1,3,3,3,2],"feature_space":[1,1,2,2,1,1,1,2,2,2,1,1,2,2,1,1,2,2,2,2],"left_img":[1,2,2,1,2,1,2,2,1,1,1,1,1,1,1,1,1,1,1,2],"img1Sample":[2,2,2,3,2,2,1,2,1,3,1,1,3,2,1,1,3,1,3,1],"img2Sample":[1,1,3,2,2,2,2,1,2,2,3,1,1,1,3,2,1,3,2,2],"stim_time":[2000,2000,2000,2000,2000,2000,2000,2000,2000,2000,2000,2000,2000,2000,2000,2000,2000,2000,2000,2000],"key":[50,49,50,50,49,50,49,49,50,49,49,49,49,50,49,50,50,49,49,49],"correct":[true,false,true,true,true,false,false,true,true,true,false,true,true,true,true,false,false,true,true,true],"right_img":[2,1,1,2,1,2,1,1,2,2,2,2,2,2,2,2,2,2,2,1],"img_choice":[2,2,1,2,2,2,2,2,2,1,1,1,1,2,1,2,2,1,1,2],"center_sample":[2,1,3,1,1,2,2,3,3,1,2,2,2,2,3,2,1,3,2,3],"left_sample":[2,1,3,3,2,2,2,1,1,3,1,1,3,2,1,1,3,1,3,2],"right_sample":[1,2,2,2,2,2,1,2,2,2,3,1,1,1,3,2,1,3,2,1],"exact_match":[0,0,0,0,0,0,0,0,0,0,0,0,0,0,0,0,0,0,0,0],"RT":[[0,0,0,1262.9000000059605,0,0],[0,0,0,1447.8000000044703,0,0],[0,0,0,1727,0,0],[0,0,0,2408.1999999955297,0,0],[0,0,0,1102.7000000029802,0,0],[0,0,0,1290.9000000059605,0,0],[0,0,0,1202.1000000014901,0,0],[0,0,0,1525.7999999970198,0,0],[0,0,0,1523.1999999955297,0,0],[0,0,0,1851.7000000029802,0,0],[0,0,0,957.7000000029802,0,0],[0,0,0,1377.5,0,0],[0,0,0,3622.7999999970198,0,0],[0,0,0,3050.1999999955297,0,0],[0,0,0,1053.1000000014901,0,0],[0,0,0,1084.7999999970198,0,0],[0,0,0,1666.6999999955297,0,0],[0,0,0,966.2999999970198,0,0],[0,0,0,1987.5,0,0],[0,0,0,1654.1000000014901,0,0]],"response":[[0,0,0,1,0,0],[0,0,0,1,0,0],[0,0,0,1,0,0],[0,0,0,1,0,0],[0,0,0,1,0,0],[0,0,0,1,0,0],[0,0,0,1,0,0],[0,0,0,1,0,0],[0,0,0,1,0,0],[0,0,0,1,0,0],[0,0,0,1,0,0],[0,0,0,1,0,0],[0,0,0,1,0,0],[0,0,0,1,0,0],[0,0,0,1,0,0],[0,0,0,1,0,0],[0,0,0,1,0,0],[0,0,0,1,0,0],[0,0,0,1,0,0],[0,0,0,1,0,0]],"framerate":[59.693426353476745,59.67484259000304,59.661405015119605,59.658545942835225,59.68626450707817,59.64408306347159,48.440660191283726,59.66229757432704,59.67663590317069,59.67073772771348,59.662706830787734,59.6829640946651,59.66809621486041,59.65875193887913,59.68909765660029,59.67538647524813,59.6514745308311,59.68961400716275,59.65666131284519,59.67202817602503]}
