{"practice":[1,1,1,1,1],"center_interval":[100,25,25,25,100],"image_pair":[2,2,2,1,4],"feature_space":[2,2,1,1,1],"left_img":[2,1,2,2,2],"img1Sample":[1,2,2,2,3],"img2Sample":[2,2,3,3,3],"stim_time":[2000,2000,2000,2000,2000],"key":[49,50,49,50,49],"correct":[true,false,false,true,true],"right_img":[1,2,1,1,1],"img_choice":[2,2,2,1,2],"center_sample":[1,3,3,2,1],"left_sample":[2,2,3,3,3],"right_sample":[1,2,2,2,3],"exact_match":[0,0,0,0,0],"RT":[[0,0,0,1362,0,0],[0,0,0,1563.4000000059605,0,0],[0,0,0,1024.2999999970198,0,0],[0,0,0,1576.6000000014901,0,0],[0,0,0,1167.6999999955297,0,0]],"response":[[0,0,0,1,0,0],[0,0,0,1,0,0],[0,0,0,1,0,0],[0,0,0,1,0,0],[0,0,0,1,0,0]],"framerate":[58.70653918954726,58.49824048267024,59.7069406058414,59.65527448259042,59.66316743452856]}
