{"practice":[0,0,0,0,0,0,0,0,0,0,0,0,0,0,0,0,0,0,0,0],"center_interval":[100,0,75,25,0,25,50,75,75,75,75,25,100,0,100,50,0,25,50,25],"image_pair":[3,2,1,3,4,3,4,1,2,3,2,2,4,3,1,4,3,2,2,3],"feature_space":[2,1,2,2,2,2,1,1,1,2,1,1,2,2,2,2,2,2,2,2],"left_img":[1,2,1,1,2,2,2,2,1,2,2,1,2,1,2,2,1,1,2,1],"img1Sample":[1,1,2,1,3,2,1,2,2,1,1,1,3,1,1,1,1,3,2,3],"img2Sample":[2,1,2,1,2,2,3,1,2,3,2,2,3,1,1,3,2,3,3,2],"stim_time":[2000,2000,2000,2000,2000,2000,2000,2000,2000,2000,2000,2000,2000,2000,2000,2000,2000,2000,2000,2000],"key":[49,50,49,50,50,49,49,49,49,49,49,50,49,49,49,50,49,49,49,49],"correct":[false,true,false,false,true,false,false,true,false,true,true,false,true,true,true,true,true,true,false,true],"right_img":[2,1,2,2,1,1,1,1,2,1,1,2,1,2,1,1,2,2,1,2],"img_choice":[1,1,1,2,1,2,2,2,1,2,2,2,2,1,2,1,1,1,2,1],"center_sample":[1,3,3,3,1,2,3,1,1,2,3,2,1,1,1,2,2,1,3,1],"left_sample":[1,1,2,1,2,2,3,1,2,3,2,1,3,1,1,3,1,3,3,3],"right_sample":[2,1,2,1,3,2,1,2,2,1,1,2,3,1,1,1,2,3,2,2],"exact_match":[0,0,0,0,0,0,0,0,0,0,0,0,0,1,1,0,0,0,0,0],"RT":[[0,0,0,1285.6000000014901,0,0],[0,0,0,2306.2999999970198,0,0],[0,0,0,1250.2000000029802,0,0],[0,0,0,1166.8999999985099,0,0],[0,0,0,1398.0999999940395,0,0],[0,0,0,644.7000000029802,0,0],[0,0,0,1066.7000000029802,0,0],[0,0,0,3225.60000000149,0,0],[0,0,0,893.2999999970198,0,0],[0,0,0,380.20000000298023,0,0],[0,0,0,539.8999999985099,0,0],[0,0,0,2693.8000000044703,0,0],[0,0,0,1778.5,0,0],[0,0,0,1393.2000000029802,0,0],[0,0,0,1031.2999999970198,0,0],[0,0,0,1399.8999999985099,0,0],[0,0,0,896.1000000014901,0,0],[0,0,0,1967.6000000014901,0,0],[0,0,0,968.7999999970198,0,0],[0,0,0,1009.2000000029802,0,0]],"response":[[0,0,0,1,0,0],[0,0,0,1,0,0],[0,0,0,1,0,0],[0,0,0,1,0,0],[0,0,0,1,0,0],[0,0,0,1,0,0],[0,0,0,1,0,0],[0,0,0,1,0,0],[0,0,0,1,0,0],[0,0,0,1,0,0],[0,0,0,1,0,0],[0,0,0,1,0,0],[0,0,0,1,0,0],[0,0,0,1,0,0],[0,0,0,1,0,0],[0,0,0,1,0,0],[0,0,0,1,0,0],[0,0,0,1,0,0],[0,0,0,1,0,0],[0,0,0,1,0,0]],"framerate":[59.66645473654922,59.65770171149144,59.68235178064956,59.676688321521105,59.670977558027985,59.63754270158714,49.845041322314046,59.675761694776895,59.65234290654766,59.701492537313435,59.65341366654405,59.66673943103157,59.66509156625945,59.69084423305589,59.660275114654254,59.679490227822974,59.65717370765286,59.67336683417086,59.65479757133977,59.67024339178226]}
