{"practice":[0,0,0,0,0,0,0,0,0,0,0,0,0,0,0,0,0,0,0,0],"center_interval":[100,100,50,25,75,25,75,50,50,25,100,0,75,100,25,50,75,0,50,75],"image_pair":[4,4,4,2,2,4,3,3,1,2,1,3,1,1,3,3,3,2,4,3],"feature_space":[1,1,1,2,2,1,1,1,1,2,1,2,2,2,2,2,2,1,2,1],"left_img":[2,1,1,1,1,2,2,2,1,1,2,1,1,2,1,2,2,1,1,2],"img1Sample":[2,2,3,2,1,3,2,2,2,2,2,1,2,1,3,2,2,3,3,2],"img2Sample":[3,3,2,3,2,1,2,2,3,2,3,1,3,1,1,2,2,1,1,1],"stim_time":[250,250,250,250,250,250,250,250,250,250,250,250,250,250,250,250,250,250,250,250],"key":[50,49,49,50,50,49,50,50,49,49,50,49,49,49,49,49,50,49,49,49],"correct":[false,false,true,false,true,false,false,true,true,true,false,true,false,true,true,false,false,true,true,true],"right_img":[1,2,2,2,2,1,1,1,2,2,1,2,2,1,2,1,1,2,2,1],"img_choice":[1,1,1,2,2,2,1,1,1,1,1,1,1,2,1,2,1,1,1,2],"center_sample":[2,2,1,1,1,3,2,2,1,2,2,3,3,1,3,3,3,2,3,2],"left_sample":[3,2,3,2,1,1,2,2,2,2,3,1,2,1,3,2,2,3,3,1],"right_sample":[2,3,2,3,2,3,2,2,3,2,2,1,3,1,1,2,2,1,1,2],"exact_match":[0,0,0,0,0,0,0,0,0,0,0,0,0,1,0,0,0,0,0,0],"RT":[[0,0,0,1253.7999999970198,0,0],[0,0,0,351.79999999701977,0,0],[0,0,0,860,0,0],[0,0,0,1260.5,0,0],[0,0,0,2122.2999999970198,0,0],[0,0,0,1411,0,0],[0,0,0,663,0,0],[0,0,0,1265.6000000014901,0,0],[0,0,0,730,0,0],[0,0,0,1317.5,0,0],[0,0,0,1192.2000000029802,0,0],[0,0,0,710,0,0],[0,0,0,643.1999999955297,0,0],[0,0,0,795.1000000014901,0,0],[0,0,0,2593.89999999851,0,0],[0,0,0,1017.8000000044703,0,0],[0,0,0,1055.1000000014901,0,0],[0,0,0,1463.5,0,0],[0,0,0,676.6000000014901,0,0],[0,0,0,2102.5,0,0]],"response":[[0,0,0,1,0,0],[0,0,0,1,0,0],[0,0,0,1,0,0],[0,0,0,1,0,0],[0,0,0,1,0,0],[0,0,0,1,0,0],[0,0,0,1,0,0],[0,0,0,1,0,0],[0,0,0,1,0,0],[0,0,0,1,0,0],[0,0,0,1,0,0],[0,0,0,1,0,0],[0,0,0,1,0,0],[0,0,0,1,0,0],[0,0,0,1,0,0],[0,0,0,1,0,0],[0,0,0,1,0,0],[0,0,0,1,0,0],[0,0,0,1,0,0],[0,0,0,1,0,0]],"framerate":[59.66793497048308,59.63367882998094,59.68898895234774,59.10359546882074,48.77162943934798,59.661512236734,59.630637411091136,59.69508267124758,59.66986393030458,59.643817204375736,59.71479500891266,59.64438442483808,59.680533614130866,59.65496856036259,59.685147159479804,59.64119089986587,59.67321809140421,59.670618187498306,59.661723818401825,59.676044330747715]}
