{"practice":[0,0,0,0,0,0,0,0,0,0,0,0,0,0,0,0,0,0,0,0],"center_interval":[100,50,0,75,25,75,0,25,0,25,75,0,0,25,50,75,0,50,0,25],"image_pair":[4,1,3,4,4,1,3,1,4,1,4,2,1,4,3,2,4,4,3,3],"feature_space":[1,1,2,1,2,2,1,2,2,1,2,2,1,2,1,2,2,2,1,2],"left_img":[1,2,1,1,1,2,1,1,2,2,2,2,2,2,1,2,1,1,2,2],"img1Sample":[1,1,1,3,3,2,1,1,2,1,3,1,2,1,2,2,1,3,3,3],"img2Sample":[3,1,3,3,3,2,3,3,1,2,1,1,1,2,2,1,3,3,3,2],"key":[null,null,null,null,null,null,null,null,null,null,null,null,null,null,null,null,null,null,null,null],"correct":[null,null,null,null,null,null,null,null,null,null,null,null,null,null,null,null,null,null,null,null],"right_img":[2,1,2,2,2,1,2,2,1,1,1,1,1,1,2,1,2,2,1,1],"img_choice":[null,null,null,null,null,null,null,null,null,null,null,null,null,null,null,null,null,null,null,null],"center_sample":[2,1,3,3,3,3,2,1,3,2,3,3,3,1,1,1,2,1,1,2],"left_sample":[1,1,1,3,3,2,1,1,1,2,1,1,1,2,2,1,1,3,3,2],"right_sample":[3,1,3,3,3,2,3,3,2,1,3,1,2,1,2,2,3,3,3,3],"RT":[[0,0,0,0],[0,0,0,0],[0,0,0,0],[0,0,0,0],[0,0,0,0],[0,0,0,0],[0,0,0,0],[0,0,0,0],[0,0,0,0],[0,0,0,0],[0,0,0,0],[0,0,0,0],[0,0,0,0],[0,0,0,0],[0,0,0,0],[0,0,0,0],[0,0,0,0],[0,0,0,0],[0,0,0,0],[0,0,0,0]],"response":[[0,1,0,0],[0,1,0,0],[0,1,0,0],[0,1,0,0],[0,1,0,0],[0,1,0,0],[0,1,0,0],[0,1,0,0],[0,1,0,0],[0,1,0,0],[0,1,0,0],[0,1,0,0],[0,1,0,0],[0,1,0,0],[0,1,0,0],[0,1,0,0],[0,1,0,0],[0,1,0,0],[0,1,0,0],[0,1,0,0]],"framerate":[15.109768020620388,16.17059084851177,39.13894325309758,4.907710503981406,16.735805722079153,16.76206779728591,19.248248944101466,18.492253002628175,17.919875093185766,18.536011549400424,17.659020370341857,16.556586138684597,15.86254834515998,16.048215973256074,14.215398830813559,15.910472308593501,14.96499260667638,17.67383736499152,14.637106850755428,16.220455598765348]}
