{"practice":[1,1,1,1,1],"center_interval":[50,100,75,100,0],"image_pair":[2,2,3,1,1],"feature_space":[2,2,2,1,2],"left_img":[1,2,1,1,2],"img1Sample":[3,1,1,3,1],"img2Sample":[2,3,1,1,1],"key":[null,null,null,null,null],"correct":[null,null,null,null,null],"right_img":[2,1,2,2,1],"img_choice":[null,null,null,null,null],"center_sample":[1,1,1,3,3],"left_sample":[3,3,1,3,1],"right_sample":[2,1,1,1,1],"RT":[[0,0,0,0],[0,0,0,0],[0,0,0,0],[0,0,0,0],[0,0,0,0]],"response":[[0,1,0,0],[0,1,0,0],[0,1,0,0],[0,1,0,0],[0,1,0,0]],"framerate":[19.78360586851153,21.963501303571626,21.510728698065304,16.88318612386972,17.627577365328772]}
