{"practice":[0,0,0,0,0,0,0,0,0,0,0,0,0,0,0,0,0,0,0,0],"center_interval":[0,0,100,25,25,25,50,50,75,50,100,0,75,50,75,25,0,75,100,100],"image_pair":[2,2,3,1,2,2,1,2,1,1,3,3,1,3,3,4,3,1,4,4],"feature_space":[1,2,1,1,2,2,1,1,1,1,1,1,1,2,2,1,1,1,1,2],"left_img":[1,1,1,2,1,1,1,1,2,1,2,1,2,1,1,1,2,2,2,2],"img1Sample":[1,3,1,1,3,2,2,2,3,2,2,3,2,1,3,2,3,2,1,2],"img2Sample":[3,2,3,3,2,1,2,2,2,1,3,2,2,3,2,1,2,2,3,2],"key":[null,null,null,null,null,null,null,null,null,null,null,null,null,null,null,null,null,null,null,null],"correct":[null,null,null,null,null,null,null,null,null,null,null,null,null,null,null,null,null,null,null,null],"right_img":[2,2,2,1,2,2,2,2,1,2,1,2,1,2,2,2,1,1,1,1],"img_choice":[null,null,null,null,null,null,null,null,null,null,null,null,null,null,null,null,null,null,null,null],"center_sample":[3,2,1,1,1,1,1,2,2,2,2,2,3,3,2,3,1,1,2,1],"left_sample":[1,3,1,3,3,2,2,2,2,2,3,3,2,1,3,2,2,2,3,2],"right_sample":[3,2,3,1,2,1,2,2,3,1,2,2,2,3,2,1,3,2,1,2],"RT":[[0,0,0,0],[0,0,0,0],[0,0,0,0],[0,0,0,0],[0,0,0,0],[0,0,0,0],[0,0,0,0],[0,0,0,0],[0,0,0,0],[0,0,0,0],[0,0,0,0],[0,0,0,0],[0,0,0,0],[0,0,0,0],[0,0,0,0],[0,0,0,0],[0,0,0,0],[0,0,0,0],[0,0,0,0],[0,0,0,0]],"response":[[0,1,0,0],[0,1,0,0],[0,1,0,0],[0,1,0,0],[0,1,0,0],[0,1,0,0],[0,1,0,0],[0,1,0,0],[0,1,0,0],[0,1,0,0],[0,1,0,0],[0,1,0,0],[0,1,0,0],[0,1,0,0],[0,1,0,0],[0,1,0,0],[0,1,0,0],[0,1,0,0],[0,1,0,0],[0,1,0,0]],"framerate":[16.38234979892111,14.509108495765158,16.237821633809208,17.240153561853234,18.38530603498221,17.819911969672724,22.06523479905743,19.451433873881985,18.77277579424441,19.190569206029398,18.90156918687589,19.22084393730314,19.280894062280804,21.370565607681783,20.832962375937626,19.579573165429633,19.49492058933152,18.71490954460387,21.907950983279125,21.005785491766797]}
