{"practice":[0,0,0,0,0,0,0,0,0,0,0,0,0,0,0,0,0,0,0,0],"center_interval":[100,100,25,25,25,25,75,25,100,50,75,100,25,0,100,75,75,25,75,25],"image_pair":[4,1,2,4,2,3,4,1,2,2,3,1,2,3,4,1,2,1,4,1],"feature_space":[1,1,2,1,2,2,2,1,1,2,2,2,2,2,1,2,1,1,2,1],"left_img":[2,2,1,2,1,1,1,1,1,1,1,2,2,2,2,1,2,1,2,2],"img1Sample":[1,2,2,2,3,1,2,1,3,2,3,3,3,1,1,2,3,1,1,2],"img2Sample":[2,3,2,3,3,1,1,2,3,2,1,3,3,3,2,3,3,3,1,2],"key":[null,null,null,null,null,null,null,null,null,null,null,null,null,null,null,null,null,null,null,null],"correct":[null,null,null,null,null,null,null,null,null,null,null,null,null,null,null,null,null,null,null,null],"right_img":[1,1,2,1,2,2,2,2,2,2,2,1,1,1,1,2,1,2,1,1],"img_choice":[null,null,null,null,null,null,null,null,null,null,null,null,null,null,null,null,null,null,null,null],"center_sample":[1,1,2,3,3,2,3,2,1,1,2,2,3,2,3,2,2,3,1,3],"left_sample":[2,3,2,3,3,1,2,1,3,2,3,3,3,3,2,2,3,1,1,2],"right_sample":[1,2,2,2,3,1,1,2,3,2,1,3,3,1,1,3,3,3,1,2],"RT":[[0,0,0,0],[0,0,0,0],[0,0,0,0],[0,0,0,0],[0,0,0,0],[0,0,0,0],[0,0,0,0],[0,0,0,0],[0,0,0,0],[0,0,0,0],[0,0,0,0],[0,0,0,0],[0,0,0,0],[0,0,0,0],[0,0,0,0],[0,0,0,0],[0,0,0,0],[0,0,0,0],[0,0,0,0],[0,0,0,0]],"response":[[0,1,0,0],[0,1,0,0],[0,1,0,0],[0,1,0,0],[0,1,0,0],[0,1,0,0],[0,1,0,0],[0,1,0,0],[0,1,0,0],[0,1,0,0],[0,1,0,0],[0,1,0,0],[0,1,0,0],[0,1,0,0],[0,1,0,0],[0,1,0,0],[0,1,0,0],[0,1,0,0],[0,1,0,0],[0,1,0,0]],"framerate":[18.23088884527599,17.618479827655666,21.38389436360727,18.511925952296192,15.706432498003277,20.341886442354394,20.905923344947734,16.277031498773685,20.603907637655418,19.08839532601909,19.080226109473713,19.239676488484466,17.302272484072326,20.665942170905076,18.03185031782742,17.60098565519669,17.810880829091943,18.179250944223813,19.246335102077527,16.524567109079722]}
