{"practice":[0,0,0,0,0,0,0,0,0,0,0,0,0,0,0,0,0,0,0,0],"center_interval":[0,75,25,100,0,0,100,75,100,0,50,50,50,100,100,50,25,100,0,50],"image_pair":[3,3,4,4,2,3,1,3,1,3,3,4,1,2,1,3,4,2,2,3],"feature_space":[2,2,1,1,1,1,1,2,1,2,2,2,2,2,2,2,2,2,2,2],"left_img":[1,1,1,1,1,1,2,2,2,1,1,1,1,2,1,1,2,1,2,1],"img1Sample":[1,2,3,1,2,2,3,1,2,2,3,2,2,3,1,3,1,3,1,1],"img2Sample":[3,3,2,1,3,1,2,1,2,1,1,3,1,3,2,3,2,1,2,3],"key":[49,49,50,50,50,50,49,50,50,50,50,null,50,50,null,null,null,null,null,49],"correct":[true,false,false,true,false,false,true,false,false,false,false,null,false,false,null,null,null,null,null,true],"right_img":[2,2,2,2,2,2,1,1,1,2,2,2,2,1,2,2,1,2,1,2],"img_choice":[1,1,2,2,2,2,2,1,1,2,2,null,2,1,null,null,null,null,null,1],"center_sample":[3,1,1,2,1,1,1,1,1,1,1,1,3,1,3,3,1,2,3,1],"left_sample":[1,2,3,1,2,2,2,1,2,2,3,2,2,3,1,3,2,3,2,1],"right_sample":[3,3,2,1,3,1,3,1,2,1,1,3,1,3,2,3,1,1,1,3],"RT":[[0,0,0,625.9999999997672,0,0],[0,0,0,975,0,0],[0,0,0,1312,0,0],[0,0,0,1397.9999999997672,0,0],[0,0,0,1093,0,0],[0,0,0,2196,0,0],[0,0,0,2015,0,0],[0,0,0,1026,0,0],[0,0,0,638,0,0],[0,0,0,90,0,0],[0,0,0,4248.999999999767,0,0],[0,0,0,0,0,0],[0,0,0,1057,0,0],[0,0,0,3079,0,0],[0,0,0,0,0,0],[0,0,0,0,0,0],[0,0,0,0,0,0],[0,0,0,0,0,0],[0,0,0,0,0,0],[0,0,0,1499,0,0]],"response":[[0,0,0,1,0,0],[0,0,0,1,0,0],[0,0,0,1,0,0],[0,0,0,1,0,0],[0,0,0,1,0,0],[0,0,0,1,0,0],[0,0,0,1,0,0],[0,0,0,1,0,0],[0,0,0,1,0,0],[0,0,0,1,0,0],[0,0,0,1,0,0],[0,0,0,1,0,0],[0,0,0,1,0,0],[0,0,0,1,0,0],[0,0,0,1,0,0],[0,0,0,1,0,0],[0,0,0,1,0,0],[0,0,0,1,0,0],[0,0,0,1,0,0],[0,0,0,1,0,0]],"framerate":[29.99417588817705,30.0078968149513,30.002419549963708,30.007144558228152,30.015392508978962,29.999999999999996,30.00206910821436,29.994783515908452,30.01443001443203,29.999999999997595,30.002830455704355,30.005107252298263,30.005173305742368,29.999999999998813,30.007694280584765,30.00127665007111,30.003846647006025,30.005107252298263,30.001276650070217,29.993024877935362]}
