{"practice":[1,1,1,1,1],"center_interval":[25,75,100,100,50],"image_pair":[1,4,1,3,3],"feature_space":[2,2,2,1,2],"left_img":[1,1,2,1,2],"img1Sample":[3,3,3,1,3],"img2Sample":[1,3,3,3,3],"key":[49,null,null,null,49],"correct":[true,null,null,null,false],"right_img":[2,2,1,2,1],"img_choice":[1,null,null,null,2],"center_sample":[3,2,1,2,2],"left_sample":[3,3,3,1,3],"right_sample":[1,3,3,3,3],"RT":[[0,0,0,1572,0,0],[0,0,0,0,0,0],[0,0,0,0,0,0],[0,0,0,0,0,0],[0,0,0,4159,0,0]],"response":[[0,0,0,1,0,0],[0,0,0,1,0,0],[0,0,0,1,0,0],[0,0,0,1,0,0],[0,0,0,1,0,0]],"framerate":[29.999999999999996,30.008938832843796,29.997447025785064,30.005107252298263,30.002871088142403]}
