{"practice":[0,0,0,0,0,0,0,0,0,0,0,0,0,0,0,0,0,0,0,0],"center_interval":[0,0,50,75,75,100,100,0,50,75,50,50,100,0,25,50,100,0,50,75],"image_pair":[3,4,2,4,2,4,4,2,3,1,2,4,3,1,1,2,1,3,2,2],"feature_space":[2,1,1,1,1,1,1,1,2,1,2,1,1,1,1,1,1,1,2,2],"left_img":[2,1,1,2,1,2,1,1,2,1,2,1,1,2,2,2,2,2,1,2],"img1Sample":[3,3,1,3,2,1,3,2,3,1,2,2,2,3,3,1,3,2,1,3],"img2Sample":[2,1,1,1,3,1,3,1,1,2,3,2,3,3,3,1,3,2,3,1],"key":[50,49,49,49,50,49,49,50,50,50,49,50,49,50,50,50,49,50,50,49],"correct":[true,true,true,true,true,true,false,false,true,true,false,false,false,true,true,true,true,true,false,true],"right_img":[1,2,2,1,2,1,2,2,1,2,1,2,2,1,1,1,1,1,2,1],"img_choice":[1,1,1,2,2,2,1,2,1,2,2,2,1,1,1,1,2,1,2,2],"center_sample":[2,1,1,2,2,2,1,1,3,1,2,2,1,1,2,1,1,1,2,1],"left_sample":[2,3,1,1,2,1,3,2,1,1,3,2,2,3,3,1,3,2,1,1],"right_sample":[3,1,1,3,3,1,3,1,3,2,2,2,3,3,3,1,3,2,3,3],"RT":[[0,0,0,1042,0,0],[0,0,0,798,0,0],[0,0,0,860,0,0],[0,0,0,713.0000000002328,0,0],[0,0,0,763.9999999997672,0,0],[0,0,0,700.0000000002328,0,0],[0,0,0,497,0,0],[0,0,0,1066,0,0],[0,0,0,1126,0,0],[0,0,0,1132.9999999997672,0,0],[0,0,0,968,0,0],[0,0,0,1195.9999999997672,0,0],[0,0,0,1688,0,0],[0,0,0,1009,0,0],[0,0,0,1395,0,0],[0,0,0,992.0000000002328,0,0],[0,0,0,1006,0,0],[0,0,0,959,0,0],[0,0,0,1492,0,0],[0,0,0,872,0,0]],"response":[[0,0,0,1,0,0],[0,0,0,1,0,0],[0,0,0,1,0,0],[0,0,0,1,0,0],[0,0,0,1,0,0],[0,0,0,1,0,0],[0,0,0,1,0,0],[0,0,0,1,0,0],[0,0,0,1,0,0],[0,0,0,1,0,0],[0,0,0,1,0,0],[0,0,0,1,0,0],[0,0,0,1,0,0],[0,0,0,1,0,0],[0,0,0,1,0,0],[0,0,0,1,0,0],[0,0,0,1,0,0],[0,0,0,1,0,0],[0,0,0,1,0,0],[0,0,0,1,0,0]],"framerate":[29.9974140160331,30.00833564878939,29.99727297518598,30.01132502831257,29.99719652368937,29.999999999999996,29.999999999999996,30.005173305742368,30.00254258835317,30.012610340480954,29.992107340173636,30.015007503751875,29.999999999999996,30.002608922513176,30.00000000000166,30.007896814949465,29.994783515912097,30.005310674455654,29.999999999999996,30.016224986479177]}
