{"practice":[0,0,0,0,0,0,0,0,0,0,0,0,0,0,0,0,0,0,0,0],"center_interval":[25,25,25,25,50,25,75,100,0,25,50,50,25,0,50,50,75,0,100,25],"image_pair":[2,3,1,2,1,3,2,1,1,1,2,3,2,2,1,1,4,2,2,3],"feature_space":[2,1,2,2,2,2,2,1,1,1,2,2,1,1,1,1,1,1,1,2],"left_img":[2,2,2,1,2,2,2,1,1,2,1,1,1,2,1,2,2,2,2,2],"img1Sample":[3,1,3,3,1,3,1,3,2,1,1,3,3,2,1,2,3,3,2,2],"img2Sample":[1,1,3,3,3,3,2,2,3,1,2,2,2,3,1,1,2,2,2,2],"key":[50,null,null,null,50,50,49,50,49,49,50,49,null,null,null,null,null,null,null,null],"correct":[true,null,null,null,true,true,true,true,true,false,false,true,null,null,null,null,null,null,null,null],"right_img":[1,1,1,2,1,1,1,2,2,1,2,2,2,1,2,1,1,1,1,1],"img_choice":[1,null,null,null,1,1,2,2,1,2,2,1,null,null,null,null,null,null,null,null],"center_sample":[2,1,1,3,2,3,1,3,3,1,2,1,3,1,3,1,2,2,1,3],"left_sample":[1,1,3,3,3,3,2,3,2,1,1,3,3,3,1,1,2,2,2,2],"right_sample":[3,1,3,3,1,3,1,2,3,1,2,2,2,2,1,2,3,3,2,2],"RT":[[0,0,0,861,0,0],[0,0,0,0,0,0],[0,0,0,0,0,0],[0,0,0,0,0,0],[0,0,0,858,0,0],[0,0,0,671,0,0],[0,0,0,757.9999999999854,0,0],[0,0,0,872,0,0],[0,0,0,775,0,0],[0,0,0,1168,0,0],[0,0,0,1070,0,0],[0,0,0,1024,0,0],[0,0,0,0,0,0],[0,0,0,0,0,0],[0,0,0,0,0,0],[0,0,0,0,0,0],[0,0,0,0,0,0],[0,0,0,0,0,0],[0,0,0,0,0,0],[0,0,0,0,0,0]],"response":[[0,0,0,1,0,0],[0,0,0,1,0,0],[0,0,0,1,0,0],[0,0,0,1,0,0],[0,0,0,1,0,0],[0,0,0,1,0,0],[0,0,0,1,0,0],[0,0,0,1,0,0],[0,0,0,1,0,0],[0,0,0,1,0,0],[0,0,0,1,0,0],[0,0,0,1,0,0],[0,0,0,1,0,0],[0,0,0,1,0,0],[0,0,0,1,0,0],[0,0,0,1,0,0],[0,0,0,1,0,0],[0,0,0,1,0,0],[0,0,0,1,0,0],[0,0,0,1,0,0]],"framerate":[29.997272975184075,30.005107252298263,30.001276650070217,30.005107252298263,29.997272975184075,30.01715265866209,29.98878923766816,29.999999999999996,30.008335648791206,30.01500750375199,29.999999999999996,30.002608922514998,30.001276650070217,30.00893883284383,29.99744702578504,30.005107252298153,30.001276650070327,30.00893883284383,29.99999999999989,30.005107252298377]}
