{"practice":[0,0,0,0,0,0,0,0,0,0,0,0,0,0,0,0,0,0,0,0],"center_interval":[0,100,25,0,25,0,100,25,100,25,50,50,25,100,75,0,0,25,75,0],"image_pair":[2,2,2,4,1,4,3,2,2,3,3,3,1,1,4,4,3,2,2,2],"feature_space":[2,1,2,1,1,1,2,1,2,2,2,1,1,1,1,1,1,2,2,2],"left_img":[2,2,1,1,1,1,1,1,2,2,2,2,2,2,2,2,2,1,1,2],"img1Sample":[1,2,1,1,3,1,1,3,2,3,1,3,1,3,1,3,2,3,3,2],"img2Sample":[1,3,2,2,2,2,3,3,2,1,1,1,3,3,2,3,2,1,2,2],"key":[50,50,49,49,49,49,49,50,49,49,49,49,49,50,49,50,49,50,49,50],"correct":[true,false,true,true,true,true,false,false,true,false,false,false,false,false,true,true,false,false,false,true],"right_img":[1,1,2,2,2,2,2,2,1,1,1,1,1,1,1,1,1,2,2,1],"img_choice":[1,1,1,1,1,1,1,2,2,2,2,2,2,1,2,1,2,2,1,1],"center_sample":[2,2,3,3,3,2,1,3,3,3,3,1,2,2,2,1,1,2,1,3],"left_sample":[1,3,1,1,3,1,1,3,2,1,1,1,3,3,2,3,2,3,3,2],"right_sample":[1,2,2,2,2,2,3,3,2,3,1,3,1,3,1,3,2,1,2,2],"RT":[[0,0,0,966,0,0],[0,0,0,690,0,0],[0,0,0,834,0,0],[0,0,0,1042,0,0],[0,0,0,760,0,0],[0,0,0,1813,0,0],[0,0,0,530,0,0],[0,0,0,39,0,0],[0,0,0,1295,0,0],[0,0,0,917,0,0],[0,0,0,1015,0,0],[0,0,0,827,0,0],[0,0,0,734,0,0],[0,0,0,589,0,0],[0,0,0,479,0,0],[0,0,0,1156,0,0],[0,0,0,1002,0,0],[0,0,0,924,0,0],[0,0,0,630,0,0],[0,0,0,733,0,0]],"response":[[0,0,0,1,0,0],[0,0,0,1,0,0],[0,0,0,1,0,0],[0,0,0,1,0,0],[0,0,0,1,0,0],[0,0,0,1,0,0],[0,0,0,1,0,0],[0,0,0,1,0,0],[0,0,0,1,0,0],[0,0,0,1,0,0],[0,0,0,1,0,0],[0,0,0,1,0,0],[0,0,0,1,0,0],[0,0,0,1,0,0],[0,0,0,1,0,0],[0,0,0,1,0,0],[0,0,0,1,0,0],[0,0,0,1,0,0],[0,0,0,1,0,0],[0,0,0,1,0,0]],"framerate":[13.524264120922833,13.38268792710706,13.054120206690236,13.413992635455024,13.964950711938663,13.903743315508022,13.392857142857142,13.245033112582782,12.81431334622824,13.620266957232362,13.093709884467266,12.873185428649684,13.389121338912133,13.541360023550192,15.087507543753771,12.195121951219512,12.658227848101266,13.193322563274098,13.41324200913242,13.717805151175813]}
