{"practice":[0,0,0,0,0,0,0,0,0,0,0,0,0,0,0,0,0,0,0,0],"center_interval":[50,0,25,100,75,75,100,25,100,25,100,25,100,0,100,75,50,100,25,0],"image_pair":[4,2,4,3,3,1,3,3,3,4,1,2,4,4,1,4,1,4,3,3],"feature_space":[2,2,2,1,2,1,1,1,2,2,1,1,1,2,1,1,1,1,2,2],"left_img":[1,1,2,1,2,2,1,2,2,2,1,1,2,2,1,1,1,1,2,2],"img1Sample":[2,2,2,2,2,1,3,2,3,1,1,3,1,1,3,2,1,1,3,1],"img2Sample":[3,1,1,2,2,1,1,2,2,2,2,2,2,1,1,2,2,3,3,3],"key":[49,49,49,49,49,49,49,49,50,49,50,50,49,49,50,50,50,49,50,49],"correct":[true,true,false,false,true,true,false,false,false,false,true,false,true,false,true,true,false,false,true,false],"right_img":[2,2,1,2,1,1,2,1,1,1,2,2,1,1,2,2,2,2,1,1],"img_choice":[1,1,2,1,2,2,1,2,1,2,2,2,2,2,2,2,2,1,1,2],"center_sample":[1,1,2,1,1,1,3,3,1,3,3,1,3,3,2,2,2,1,3,2],"left_sample":[2,2,1,2,2,1,3,2,2,2,1,3,2,1,3,2,1,1,3,3],"right_sample":[3,1,2,2,2,1,1,2,3,1,2,2,1,1,1,2,2,3,3,1],"RT":[[0,0,0,201,0,0],[0,0,0,246,0,0],[0,0,0,1122,0,0],[0,0,0,1562,0,0],[0,0,0,1530,0,0],[0,0,0,1453,0,0],[0,0,0,1755,0,0],[0,0,0,1914,0,0],[0,0,0,1372,0,0],[0,0,0,2993,0,0],[0,0,0,1609,0,0],[0,0,0,1512,0,0],[0,0,0,1381,0,0],[0,0,0,1198,0,0],[0,0,0,1031,0,0],[0,0,0,1328,0,0],[0,0,0,1424,0,0],[0,0,0,1178,0,0],[0,0,0,620,0,0],[0,0,0,437,0,0]],"response":[[0,0,0,1,0,0],[0,0,0,1,0,0],[0,0,0,1,0,0],[0,0,0,1,0,0],[0,0,0,1,0,0],[0,0,0,1,0,0],[0,0,0,1,0,0],[0,0,0,1,0,0],[0,0,0,1,0,0],[0,0,0,1,0,0],[0,0,0,1,0,0],[0,0,0,1,0,0],[0,0,0,1,0,0],[0,0,0,1,0,0],[0,0,0,1,0,0],[0,0,0,1,0,0],[0,0,0,1,0,0],[0,0,0,1,0,0],[0,0,0,1,0,0],[0,0,0,1,0,0]],"framerate":[13.206908228919744,12.063906097163352,13.058764439979909,12.286689419795222,13.382556529764653,13.05057096247961,12.404787812840043,13.06088055614072,12.746512746512748,12.391784077406214,12.981097699840582,12.995896032831737,13.349514563106796,12.423873325213156,13.391707442698944,14.169068203650337,13.513513513513514,13.462026924053848,13.778950454412195,14.165159734779987]}
