{"practice":[0,0,0,0,0,0,0,0,0,0,0,0,0,0,0,0,0,0,0,0],"center_interval":[50,75,75,50,75,50,50,100,100,100,25,0,0,50,50,75,50,75,75,25],"image_pair":[2,3,3,4,1,1,3,4,4,4,2,3,1,1,1,3,3,3,3,2],"feature_space":[2,1,2,1,1,2,2,1,2,2,2,2,1,2,2,1,1,1,2,2],"left_img":[1,2,1,1,2,1,1,2,1,1,2,1,2,2,2,1,1,1,2,1],"img1Sample":[2,3,1,1,1,2,3,1,2,2,1,1,3,2,3,3,2,2,2,2],"img2Sample":[2,3,2,3,2,3,1,1,1,1,2,2,2,3,1,2,3,2,1,1],"key":[49,50,49,50,49,50,49,49,49,50,49,49,49,50,49,50,50,49,50,50],"correct":[true,false,false,false,true,false,true,true,false,true,false,true,false,true,false,true,false,false,false,false],"right_img":[2,1,2,2,1,2,2,1,2,2,1,2,1,1,1,2,2,2,1,2],"img_choice":[1,1,1,2,2,2,1,2,1,2,2,1,2,1,2,2,2,1,1,2],"center_sample":[2,2,1,2,1,3,3,3,3,2,1,2,2,2,3,3,3,3,1,3],"left_sample":[2,3,1,1,2,2,3,1,2,2,2,1,2,3,1,3,2,2,1,2],"right_sample":[2,3,2,3,1,3,1,1,1,1,1,2,3,2,3,2,3,2,2,1],"RT":[[0,0,0,1139,0,0],[0,0,0,802,0,0],[0,0,0,1244,0,0],[0,0,0,1061,0,0],[0,0,0,933,0,0],[0,0,0,1514,0,0],[0,0,0,1108,0,0],[0,0,0,1191,0,0],[0,0,0,1038,0,0],[0,0,0,860,0,0],[0,0,0,1173,0,0],[0,0,0,1335,0,0],[0,0,0,1329,0,0],[0,0,0,661,0,0],[0,0,0,855,0,0],[0,0,0,1034,0,0],[0,0,0,2057,0,0],[0,0,0,1744,0,0],[0,0,0,1128,0,0],[0,0,0,1770,0,0]],"response":[[0,0,0,1,0,0],[0,0,0,1,0,0],[0,0,0,1,0,0],[0,0,0,1,0,0],[0,0,0,1,0,0],[0,0,0,1,0,0],[0,0,0,1,0,0],[0,0,0,1,0,0],[0,0,0,1,0,0],[0,0,0,1,0,0],[0,0,0,1,0,0],[0,0,0,1,0,0],[0,0,0,1,0,0],[0,0,0,1,0,0],[0,0,0,1,0,0],[0,0,0,1,0,0],[0,0,0,1,0,0],[0,0,0,1,0,0],[0,0,0,1,0,0],[0,0,0,1,0,0]],"framerate":[13.581488933601609,12.595837897042715,13.167520117044624,13.878180416345412,14.308426073131956,13.808975834292289,13.899418751579478,13.937282229965156,14.135183757388845,15.017430946634487,13.739695228578567,13.18628626228722,13.251301467108378,13.82488479262673,14.054054054054053,12.648425400103253,13.07991007561823,13.477684489615553,13.180800795821936,12.784398699891657]}
