{"practice":[0,0,0,0,0,0,0,0,0,0,0,0,0,0,0,0,0,0,0,0],"center_interval":[50,25,100,25,75,100,100,100,75,100,100,25,25,25,75,0,0,75,100,100],"image_pair":[4,4,2,4,3,4,2,4,3,4,3,2,2,2,3,1,2,2,4,2],"feature_space":[2,1,2,2,2,2,1,1,1,2,1,1,2,1,1,1,2,1,2,2],"left_img":[1,2,1,2,1,2,1,1,1,2,2,2,1,1,2,2,1,2,1,2],"img1Sample":[3,1,1,1,2,2,3,3,3,3,1,3,2,3,3,1,1,1,2,2],"img2Sample":[3,3,1,2,3,1,3,3,3,1,3,3,2,2,1,3,2,2,1,1],"key":[null,null,null,null,null,null,null,49,50,50,49,49,50,49,50,49,49,49,50,49],"correct":[null,null,null,null,null,null,null,false,true,false,true,false,false,true,false,false,true,true,true,true],"right_img":[2,1,2,1,2,1,2,2,2,1,1,1,2,2,1,1,2,1,2,1],"img_choice":[null,null,null,null,null,null,null,1,2,1,2,2,2,1,1,2,1,2,2,2],"center_sample":[3,1,2,2,2,3,2,1,3,2,2,2,1,3,1,2,2,2,2,3],"left_sample":[3,3,1,2,2,1,3,3,3,1,3,3,2,3,1,3,1,2,2,1],"right_sample":[3,1,1,1,3,2,3,3,3,3,1,3,2,2,3,1,2,1,1,2],"RT":[[0,0,0,0,0,0],[0,0,0,0,0,0],[0,0,0,0,0,0],[0,0,0,0,0,0],[0,0,0,0,0,0],[0,0,0,0,0,0],[0,0,0,0,0,0],[0,0,0,1016,0,0],[0,0,0,444,0,0],[0,0,0,829,0,0],[0,0,0,601,0,0],[0,0,0,530,0,0],[0,0,0,249,0,0],[0,0,0,162,0,0],[0,0,0,1093,0,0],[0,0,0,738,0,0],[0,0,0,912,0,0],[0,0,0,1243,0,0],[0,0,0,1023,0,0],[0,0,0,1172,0,0]],"response":[[0,0,0,1,0,0],[0,0,0,1,0,0],[0,0,0,1,0,0],[0,0,0,1,0,0],[0,0,0,1,0,0],[0,0,0,1,0,0],[0,0,0,1,0,0],[0,0,0,1,0,0],[0,0,0,1,0,0],[0,0,0,1,0,0],[0,0,0,1,0,0],[0,0,0,1,0,0],[0,0,0,1,0,0],[0,0,0,1,0,0],[0,0,0,1,0,0],[0,0,0,1,0,0],[0,0,0,1,0,0],[0,0,0,1,0,0],[0,0,0,1,0,0],[0,0,0,1,0,0]],"framerate":[12.948717948717947,13.003733745332818,12.71132579128003,12.87995878413189,12.71132579128003,13.051191079574252,13.214739517153749,12.993762993762996,13.960546282245826,14.172799127827746,14.121037463976945,13.745704467353951,13.35070009768805,13.916500994035784,14.15929203539823,13.128491620111733,14.438502673796792,14.0152446520777,13.579297975915962,14.141414141414142]}
