{"practice":[1,1,1,1,1],"center_interval":[100,0,25,50,25],"image_pair":[2,4,1,1,3],"feature_space":[1,1,2,2,2],"left_img":[2,2,2,2,1],"img1Sample":[2,1,3,3,2],"img2Sample":[2,1,2,3,1],"key":[49,49,49,49,49],"correct":[true,false,false,false,true],"right_img":[1,1,1,1,2],"img_choice":[2,2,2,2,1],"center_sample":[1,2,3,2,3],"left_sample":[2,1,2,3,2],"right_sample":[2,1,3,3,1],"RT":[[0,0,0,2363,0,0],[0,0,0,1179,0,0],[0,0,0,669,0,0],[0,0,0,711,0,0],[0,0,0,981,0,0]],"response":[[0,0,0,1,0,0],[0,0,0,1,0,0],[0,0,0,1,0,0],[0,0,0,1,0,0],[0,0,0,1,0,0]],"framerate":[12.248803827751196,7.427581084426839,11.315417256011315,13.441612993559229,14.197212183789365]}
