{"practice":[1,1,1,1,1],"center_interval":[25,75,50,75,25],"image_pair":[2,3,3,1,4],"feature_space":[2,2,1,1,1],"left_img":[2,2,1,2,2],"img1Sample":[1,2,1,3,3],"img2Sample":[1,3,3,2,1],"key":[50,50,50,50,50],"correct":[true,false,false,false,true],"right_img":[1,1,2,1,1],"img_choice":[1,1,2,1,1],"center_sample":[2,1,2,3,2],"left_sample":[1,3,1,2,1],"right_sample":[1,2,3,3,3],"RT":[[0,98.20000004768372,0,0],[0,58.39999985694885,0,0],[0,143.70000004768372,0,0],[0,16,0,0],[0,94.29999995231628,0,0]],"response":[[0,1,0,0],[0,1,0,0],[0,1,0,0],[0,1,0,0],[0,1,0,0]],"framerate":[46.99515807143135,46.96969696969697,44.3864229765013,52.48926355574537,51.28935746878045]}
