{"practice":[0,0,0,0,0,0,0,0,0,0,0,0,0,0,0,0,0,0,0,0],"center_interval":[75,75,50,75,25,0,75,0,25,25,75,0,0,100,25,0,0,50,0,25],"image_pair":[4,2,1,2,4,4,3,1,1,1,4,1,3,4,2,4,2,3,2,1],"feature_space":[2,2,2,2,1,1,2,1,1,2,1,2,1,1,1,1,1,2,1,1],"left_img":[1,2,2,1,1,2,2,2,1,1,2,2,1,2,2,2,2,1,2,1],"img1Sample":[1,1,1,3,2,3,3,3,3,2,1,1,3,2,3,1,2,2,3,2],"img2Sample":[1,2,1,1,1,1,1,1,3,1,2,1,2,1,3,2,1,2,1,1],"key":[49,49,50,49,50,50,50,49,50,49,49,50,49,50,49,50,49,50,49,50],"correct":[false,true,true,false,false,true,false,false,false,true,true,true,true,false,false,true,false,false,false,false],"right_img":[2,1,1,2,2,1,1,1,2,2,1,1,2,1,1,1,1,2,1,2],"img_choice":[1,2,1,1,2,1,1,2,2,1,2,1,1,1,2,1,2,2,2,2],"center_sample":[1,2,3,1,2,1,1,1,3,2,1,2,2,3,2,2,3,1,2,2],"left_sample":[1,2,1,3,2,1,1,1,3,2,2,1,3,1,3,2,1,2,1,2],"right_sample":[1,1,1,1,1,3,3,3,3,1,1,1,2,2,3,1,2,2,3,1],"RT":[[0,146.39999985694885,0,0],[0,44.40000009536743,0,0],[0,135,0,0],[0,167.10000014305115,0,0],[0,164.40000009536743,0,0],[0,237.09999990463257,0,0],[0,162.89999985694885,0,0],[0,13.5,0,0],[0,142.89999985694885,0,0],[0,91.79999995231628,0,0],[0,173,0,0],[0,88.89999985694885,0,0],[0,156.69999980926514,0,0],[0,82.59999990463257,0,0],[0,100.19999980926514,0,0],[0,93.09999990463257,0,0],[0,140,0,0],[0,76.79999995231628,0,0],[0,145.59999990463257,0,0],[0,76.5,0,0]],"response":[[0,1,0,0],[0,1,0,0],[0,1,0,0],[0,1,0,0],[0,1,0,0],[0,1,0,0],[0,1,0,0],[0,1,0,0],[0,1,0,0],[0,1,0,0],[0,1,0,0],[0,1,0,0],[0,1,0,0],[0,1,0,0],[0,1,0,0],[0,1,0,0],[0,1,0,0],[0,1,0,0],[0,1,0,0],[0,1,0,0]],"framerate":[49.195585684034725,21.735755320715544,32.20404483000851,44.912100605853425,27.63194251827801,26.782725145133575,43.679342235141846,57.84991162262333,36.08178538249434,42.938199668908,32.76301419161899,52.274653860543445,37.21424773584659,52.03064027669178,44.849334267694466,50.52631578947368,47.45583969577035,47.00352526768699,50.257902400202305,49.10456382916959]}
