{"practice":[0,0,0,0,0,0,0,0,0,0,0,0,0,0,0,0,0,0,0,0],"center_interval":[75,100,0,0,75,50,100,75,0,100,25,75,75,0,0,50,75,0,50,0],"image_pair":[1,3,2,3,2,4,1,3,1,1,4,1,2,1,2,3,2,3,2,1],"feature_space":[2,1,1,2,1,2,2,2,1,1,1,1,2,2,2,2,1,2,1,1],"left_img":[2,1,2,2,1,2,1,2,1,1,1,2,1,2,2,1,1,1,1,2],"img1Sample":[2,1,2,2,1,1,3,2,3,3,2,2,1,3,1,1,2,2,1,1],"img2Sample":[2,1,3,2,3,3,1,1,2,1,1,1,3,2,3,1,1,2,3,2],"key":[50,50,50,50,49,50,50,50,49,50,49,49,50,50,49,50,49,49,50,49],"correct":[false,true,true,true,false,true,true,false,true,true,true,true,true,true,false,false,false,true,false,false],"right_img":[1,2,1,1,2,1,2,1,2,2,2,1,2,1,1,2,2,2,2,1],"img_choice":[1,2,1,1,1,1,2,1,1,2,1,2,2,1,2,2,1,1,2,2],"center_sample":[3,2,1,3,1,3,3,3,2,2,3,3,1,2,3,1,1,1,2,2],"left_sample":[2,1,3,2,1,3,3,1,3,3,2,1,1,2,3,1,2,2,1,2],"right_sample":[2,1,2,2,3,1,1,2,2,1,1,2,3,3,1,1,1,2,3,1],"RT":[[0,0,0,659.9000000022352,0,0],[0,0,0,630.3999999985099,0,0],[0,0,0,801.6999999992549,0,0],[0,0,0,758.3999999985099,0,0],[0,0,0,1052.8999999985099,0,0],[0,0,0,759.7000000029802,0,0],[0,0,0,789.0999999977648,0,0],[0,0,0,1113.8999999985099,0,0],[0,0,0,673.5,0,0],[0,0,0,667.7999999970198,0,0],[0,0,0,749.1000000014901,0,0],[0,0,0,875.9000000022352,0,0],[0,0,0,605.1000000014901,0,0],[0,0,0,602.6000000014901,0,0],[0,0,0,654.5,0,0],[0,0,0,520.5,0,0],[0,0,0,601.3999999985099,0,0],[0,0,0,661.8000000007451,0,0],[0,0,0,614.5,0,0],[0,0,0,772.5,0,0]],"response":[[0,0,0,1,0,0],[0,0,0,1,0,0],[0,0,0,1,0,0],[0,0,0,1,0,0],[0,0,0,1,0,0],[0,0,0,1,0,0],[0,0,0,1,0,0],[0,0,0,1,0,0],[0,0,0,1,0,0],[0,0,0,1,0,0],[0,0,0,1,0,0],[0,0,0,1,0,0],[0,0,0,1,0,0],[0,0,0,1,0,0],[0,0,0,1,0,0],[0,0,0,1,0,0],[0,0,0,1,0,0],[0,0,0,1,0,0],[0,0,0,1,0,0],[0,0,0,1,0,0]],"framerate":[59.94063571658856,59.93773458636156,59.94172332454558,59.94061957314566,59.94083761481015,59.94061957314566,59.94005994003515,59.93827632821808,59.94206556343955,59.94063571652421,59.939216569150716,59.9370796268292,59.94853199201973,59.93829881004848,59.94063571652421,59.93946114425769,59.941821173553706,59.92854673279319,59.95203836926537,59.938667410092]}
