{"practice":[0,0,0,0,0,0,0,0,0,0,0,0,0,0,0,0,0,0,0,0],"center_interval":[100,50,0,75,25,25,0,0,75,50,25,50,100,25,75,100,75,50,0,75],"image_pair":[1,2,2,4,3,1,4,1,3,2,4,2,1,2,4,4,4,1,3,4],"feature_space":[2,2,1,1,1,1,1,1,2,2,1,1,1,2,2,2,2,1,1,1],"left_img":[1,2,1,1,2,2,2,2,2,2,1,1,2,1,2,2,2,2,1,1],"img1Sample":[2,1,3,1,1,2,3,3,1,3,2,2,3,1,2,2,2,2,3,2],"img2Sample":[2,1,3,2,1,1,3,2,1,2,3,2,2,1,2,1,3,1,2,2],"key":[50,50,49,50,50,49,50,49,50,49,50,50,49,49,50,50,49,49,49,50],"correct":[true,true,true,true,true,false,true,false,false,false,false,false,true,true,false,false,true,false,true,true],"right_img":[2,1,2,2,1,1,1,1,1,1,2,2,1,2,1,1,1,1,2,2],"img_choice":[2,1,1,2,1,2,1,2,1,2,2,2,2,1,1,1,2,2,1,2],"center_sample":[3,3,2,2,2,3,2,1,3,1,2,1,3,3,1,3,3,2,1,3],"left_sample":[2,1,3,1,1,1,3,2,1,2,2,2,2,1,2,1,3,1,3,2],"right_sample":[2,1,3,2,1,2,3,3,1,3,3,2,3,1,2,2,2,2,2,2],"RT":[[0,0,0,874.3000000007451,0,0],[0,0,0,858.3999999985099,0,0],[0,0,0,868.4000000022352,0,0],[0,0,0,887,0,0],[0,0,0,671.8000000007451,0,0],[0,0,0,609,0,0],[0,0,0,653.4000000022352,0,0],[0,0,0,703.1999999992549,0,0],[0,0,0,960.2999999970198,0,0],[0,0,0,661.4000000022352,0,0],[0,0,0,711.8999999985099,0,0],[0,0,0,647.6999999992549,0,0],[0,0,0,523.1999999992549,0,0],[0,0,0,419,0,0],[0,0,0,831,0,0],[0,0,0,642.5999999977648,0,0],[0,0,0,716.8000000007451,0,0],[0,0,0,669.1999999992549,0,0],[0,0,0,575.7000000029802,0,0],[0,0,0,612.6000000014901,0,0]],"response":[[0,0,0,1,0,0],[0,0,0,1,0,0],[0,0,0,1,0,0],[0,0,0,1,0,0],[0,0,0,1,0,0],[0,0,0,1,0,0],[0,0,0,1,0,0],[0,0,0,1,0,0],[0,0,0,1,0,0],[0,0,0,1,0,0],[0,0,0,1,0,0],[0,0,0,1,0,0],[0,0,0,1,0,0],[0,0,0,1,0,0],[0,0,0,1,0,0],[0,0,0,1,0,0],[0,0,0,1,0,0],[0,0,0,1,0,0],[0,0,0,1,0,0],[0,0,0,1,0,0]],"framerate":[59.93870521545678,59.9406043102622,59.938971229318135,59.941678366970166,59.938627434136144,59.94327319514878,59.93890842021249,59.94348186001161,59.93900013260841,59.94063571652421,59.93807345963563,59.94092778134283,59.941257567557,59.93974968169488,59.94115867905799,59.94092778134283,59.941478935232155,59.93718122357682,59.9421248449509,59.941520467836256]}
