{"practice":[0,0,0,0,0,0,0,0,0,0,0,0,0,0,0,0,0,0,0,0],"center_interval":[100,75,0,100,25,100,25,25,100,75,25,0,25,25,25,0,75,0,50,25],"image_pair":[3,4,1,2,4,3,2,1,2,4,3,4,1,3,4,2,1,2,2,4],"feature_space":[2,1,2,1,2,1,2,1,2,2,1,1,1,1,2,1,2,1,2,2],"left_img":[2,1,2,1,1,1,2,1,1,1,1,1,2,2,2,1,2,1,1,2],"img1Sample":[3,2,3,2,3,1,3,2,1,1,1,2,1,1,1,3,1,3,1,1],"img2Sample":[2,2,2,3,2,3,1,1,1,2,2,2,2,3,2,3,3,2,1,1],"key":[50,50,50,49,50,50,49,50,49,50,50,50,50,49,49,49,50,50,50,50],"correct":[false,true,true,false,false,true,false,false,false,true,false,false,true,false,false,true,false,false,false,true],"right_img":[1,2,1,2,2,2,1,2,2,2,2,2,1,1,1,2,1,2,2,1],"img_choice":[1,2,1,1,2,2,2,2,1,2,2,2,1,2,2,1,1,2,2,1],"center_sample":[1,1,2,2,2,2,3,1,3,3,3,1,3,3,3,1,2,1,1,3],"left_sample":[2,2,2,2,3,1,1,2,1,1,1,2,2,3,2,3,3,3,1,1],"right_sample":[3,2,3,3,2,3,3,1,1,2,2,2,1,1,1,3,1,2,1,1],"RT":[[0,0,0,767.8999999985099,0,0],[0,0,0,733.8000000007451,0,0],[0,0,0,525.6000000014901,0,0],[0,0,0,604.8999999985099,0,0],[0,0,0,665.1000000014901,0,0],[0,0,0,842.8000000007451,0,0],[0,0,0,757.8999999985099,0,0],[0,0,0,619.2999999970198,0,0],[0,0,0,903.8999999985099,0,0],[0,0,0,903.6000000014901,0,0],[0,0,0,728.3999999985099,0,0],[0,0,0,671.9000000022352,0,0],[0,0,0,945.6999999992549,0,0],[0,0,0,703.7000000029802,0,0],[0,0,0,680.8999999985099,0,0],[0,0,0,626,0,0],[0,0,0,1757,0,0],[0,0,0,930.8000000007451,0,0],[0,0,0,1066,0,0],[0,0,0,683,0,0]],"response":[[0,0,0,1,0,0],[0,0,0,1,0,0],[0,0,0,1,0,0],[0,0,0,1,0,0],[0,0,0,1,0,0],[0,0,0,1,0,0],[0,0,0,1,0,0],[0,0,0,1,0,0],[0,0,0,1,0,0],[0,0,0,1,0,0],[0,0,0,1,0,0],[0,0,0,1,0,0],[0,0,0,1,0,0],[0,0,0,1,0,0],[0,0,0,1,0,0],[0,0,0,1,0,0],[0,0,0,1,0,0],[0,0,0,1,0,0],[0,0,0,1,0,0],[0,0,0,1,0,0]],"framerate":[59.938940705250346,59.94288460995976,59.93946114425769,59.93801532075454,59.94236311239194,59.939239674801264,59.94229853509257,59.93976784301941,59.9397914203014,59.93844160050634,59.94288460995976,59.94206556343955,59.93926154828582,59.941478935232155,59.94034644945375,59.93773458642652,59.94180831745328,59.94112924805994,59.93902754098434,59.94206556343955]}
