{"practice":[1,1,1,1,1],"center_interval":[100,75,0,25,50],"image_pair":[2,1,2,3,1],"feature_space":[1,2,1,2,1],"left_img":[2,2,2,2,1],"img1Sample":[2,1,2,2,1],"img2Sample":[2,3,3,1,2],"key":[50,50,50,49,50],"correct":[false,false,true,false,false],"right_img":[1,1,1,1,2],"img_choice":[1,1,1,2,2],"center_sample":[3,3,3,3,1],"left_sample":[2,3,3,1,1],"right_sample":[2,1,2,2,2],"RT":[[0,0,0,1227.699999999255,0,0],[0,0,0,877.8000000007451,0,0],[0,0,0,926.6999999992549,0,0],[0,0,0,902.1000000014901,0,0],[0,0,0,598.6000000014901,0,0]],"response":[[0,0,0,1,0,0],[0,0,0,1,0,0],[0,0,0,1,0,0],[0,0,0,1,0,0],[0,0,0,1,0,0]],"framerate":[59.93956506664916,59.940330892324376,59.939525300342694,59.94329688132848,59.93829881004848]}
