{"practice":[0,0,0,0,0,0,0,0,0,0,0,0,0,0,0,0,0,0,0,0],"center_interval":[25,50,25,50,75,75,75,75,0,0,0,0,25,100,50,75,25,100,0,75],"image_pair":[4,4,3,1,2,4,4,1,1,4,3,4,2,2,3,4,2,3,3,3],"feature_space":[2,2,1,1,2,2,2,2,2,1,2,1,2,2,1,1,1,1,2,2],"left_img":[2,1,2,1,2,1,2,2,1,1,1,2,1,2,2,1,2,1,2,1],"img1Sample":[3,3,3,1,1,1,2,2,1,3,2,3,3,3,2,2,3,1,1,1],"img2Sample":[3,1,2,1,2,2,2,1,2,2,1,3,1,3,2,2,1,1,1,1],"key":[null,null,null,null,null,null,null,null,null,null,null,null,null,null,null,null,null,null,null,null],"correct":[null,null,null,null,null,null,null,null,null,null,null,null,null,null,null,null,null,null,null,null],"right_img":[1,2,1,2,1,2,1,1,2,2,2,1,2,1,1,2,1,2,1,2],"img_choice":[null,null,null,null,null,null,null,null,null,null,null,null,null,null,null,null,null,null,null,null],"center_sample":[1,2,1,1,2,1,1,3,3,1,1,2,2,1,1,2,2,3,2,1],"left_sample":[3,3,2,1,2,1,2,1,1,3,2,3,3,3,2,2,1,1,1,1],"right_sample":[3,1,3,1,1,2,2,2,2,2,1,3,1,3,2,2,3,1,1,1],"RT":[[0,0,0,0],[0,0,0,0],[0,0,0,0],[0,0,0,0],[0,0,0,0],[0,0,0,0],[0,0,0,0],[0,0,0,0],[0,0,0,0],[0,0,0,0],[0,0,0,0],[0,0,0,0],[0,0,0,0],[0,0,0,0],[0,0,0,0],[0,0,0,0],[0,0,0,0],[0,0,0,0],[0,0,0,0],[0,0,0,0]],"response":[[0,1,0,0],[0,1,0,0],[0,1,0,0],[0,1,0,0],[0,1,0,0],[0,1,0,0],[0,1,0,0],[0,1,0,0],[0,1,0,0],[0,1,0,0],[0,1,0,0],[0,1,0,0],[0,1,0,0],[0,1,0,0],[0,1,0,0],[0,1,0,0],[0,1,0,0],[0,1,0,0],[0,1,0,0],[0,1,0,0]],"framerate":[14.085511535945466,16.2088988636303,13.825865002777647,0.6436041834271923,8.649450142061708,11.292656244533514,9.819499741080481,9.699492099363582,9.032303768715815,8.581736663352343,9.104704097116844,8.168773973506621,8.899330770363836,8.20593324653439,9.042072230181411,8.684401751040618,6.655873358517718,7.737352067120164,8.358081553518462,9.218713989417962]}
