{"practice":[1,1,1,1,1],"center_interval":[0,50,50,50,50],"image_pair":[4,3,1,2,4],"feature_space":[1,1,1,2,1],"left_img":[1,2,2,2,1],"img1Sample":[2,3,3,3,1],"img2Sample":[3,2,2,2,1],"key":[null,null,null,null,null],"correct":[null,null,null,null,null],"right_img":[2,1,1,1,2],"img_choice":[null,null,null,null,null],"center_sample":[1,1,2,1,2],"left_sample":[2,2,2,2,1],"right_sample":[3,3,3,3,1],"RT":[[0,0,0,0],[0,0,0,0],[0,0,0,0],[0,0,0,0],[0,0,0,0]],"response":[[0,1,0,0],[0,1,0,0],[0,1,0,0],[0,1,0,0],[0,1,0,0]],"framerate":[19.052028061719152,17.377427076868518,21.23445334656657,25.903033334744926,21.74068001986629]}
