{"practice":[0,0,0,0,0,0,0,0,0,0,0,0,0,0,0,0,0,0,0,0],"center_interval":[75,50,75,0,100,0,75,75,75,75,25,100,25,100,75,100,100,100,100,25],"image_pair":[3,4,2,4,1,2,3,3,3,1,4,4,2,2,3,4,4,3,4,3],"feature_space":[2,1,2,2,2,2,1,2,1,2,2,2,1,1,1,1,2,1,1,1],"left_img":[2,2,1,1,2,2,2,1,2,1,2,2,2,2,2,2,1,2,1,2],"img1Sample":[2,1,2,2,3,1,2,2,3,1,1,3,1,1,2,2,2,3,1,1],"img2Sample":[1,1,3,3,2,1,3,2,3,1,3,2,2,2,3,3,3,3,1,3],"key":[50,50,50,49,49,49,50,49,50,50,50,50,50,50,50,49,50,50,50,50],"correct":[false,true,true,true,true,false,false,false,false,true,true,false,true,false,false,true,true,false,true,true],"right_img":[1,1,2,2,1,1,1,2,1,2,1,1,1,1,1,1,2,1,2,1],"img_choice":[1,1,2,1,2,2,1,1,1,2,1,1,1,1,1,2,2,1,2,1],"center_sample":[1,3,3,3,3,2,3,1,2,1,1,1,2,1,1,1,2,2,3,2],"left_sample":[1,1,2,2,2,1,3,2,3,1,3,2,2,2,3,3,2,3,1,3],"right_sample":[2,1,3,3,3,1,2,2,3,1,1,3,1,1,2,2,3,3,1,1],"RT":[[0,0,0,520.1999999880791,0,0],[0,0,0,697.1999999880791,0,0],[0,0,0,567.6000000238419,0,0],[0,0,0,574.6999999880791,0,0],[0,0,0,301.80000001192093,0,0],[0,0,0,499.39999997615814,0,0],[0,0,0,791.6999999880791,0,0],[0,0,0,520.8999999761581,0,0],[0,0,0,631.6999999880791,0,0],[0,0,0,788.6999999880791,0,0],[0,0,0,776.4000000357628,0,0],[0,0,0,577,0,0],[0,0,0,668.2999999523163,0,0],[0,0,0,667.1999999880791,0,0],[0,0,0,761.5,0,0],[0,0,0,758.8000000119209,0,0],[0,0,0,793.5,0,0],[0,0,0,874.6000000238419,0,0],[0,0,0,676.4000000357628,0,0],[0,0,0,607.0999999642372,0,0]],"response":[[0,0,0,1,0,0],[0,0,0,1,0,0],[0,0,0,1,0,0],[0,0,0,1,0,0],[0,0,0,1,0,0],[0,0,0,1,0,0],[0,0,0,1,0,0],[0,0,0,1,0,0],[0,0,0,1,0,0],[0,0,0,1,0,0],[0,0,0,1,0,0],[0,0,0,1,0,0],[0,0,0,1,0,0],[0,0,0,1,0,0],[0,0,0,1,0,0],[0,0,0,1,0,0],[0,0,0,1,0,0],[0,0,0,1,0,0],[0,0,0,1,0,0],[0,0,0,1,0,0]],"framerate":[59.94125756822624,37.6261715930638,59.94598925741598,59.942124844555266,59.940059940750736,59.93280261546583,59.94505037029539,59.94125756715546,59.93947858452207,59.94172332454558,59.93699646013312,59.93858509486403,59.94409060821038,59.938908419440345,59.9406195733333,59.932226174339604,59.95004163197335,59.937079627010874,59.943784775589634,59.936262900706225]}
