{"practice":[0,0,0,0,0,0,0,0,0,0,0,0,0,0,0,0,0,0,0,0],"center_interval":[25,50,75,75,100,75,75,100,25,50,100,0,100,50,75,100,0,25,0,0],"image_pair":[2,3,3,2,3,1,4,4,2,2,2,2,1,2,1,4,3,1,3,1],"feature_space":[1,2,2,2,2,2,1,1,2,2,2,1,1,1,2,1,1,2,2,1],"left_img":[1,1,2,1,1,1,1,1,1,1,2,2,1,1,1,2,1,2,1,2],"img1Sample":[1,2,1,2,1,3,1,2,1,2,2,2,3,2,1,3,2,2,1,3],"img2Sample":[3,3,2,3,1,3,1,2,1,1,3,3,3,2,1,2,2,2,3,2],"key":[49,49,50,49,49,49,50,50,49,49,49,50,49,50,50,49,49,50,49,49],"correct":[true,true,false,false,false,false,true,true,true,true,true,true,false,false,true,true,true,true,true,false],"right_img":[2,2,1,2,2,2,2,2,2,2,1,1,2,2,2,1,2,1,2,1],"img_choice":[1,1,1,1,1,1,2,2,1,1,2,1,1,2,2,2,1,1,1,2],"center_sample":[1,2,1,1,3,3,2,3,2,1,2,3,1,1,3,1,1,3,2,1],"left_sample":[1,2,2,2,1,3,1,2,1,2,3,3,3,2,1,2,2,2,1,2],"right_sample":[3,3,1,3,1,3,1,2,1,1,2,2,3,2,1,3,2,2,3,3],"RT":[[0,0,0,934.1999999880791,0,0],[0,0,0,928.1000000238419,0,0],[0,0,0,545.5999999642372,0,0],[0,0,0,1027.699999988079,0,0],[0,0,0,621.8000000119209,0,0],[0,0,0,738,0,0],[0,0,0,657.9000000357628,0,0],[0,0,0,694.5,0,0],[0,0,0,615.6000000238419,0,0],[0,0,0,727,0,0],[0,0,0,1369,0,0],[0,0,0,669.0999999642372,0,0],[0,0,0,964.5,0,0],[0,0,0,720.6999999880791,0,0],[0,0,0,844.5,0,0],[0,0,0,738.5,0,0],[0,0,0,571.3999999761581,0,0],[0,0,0,918.1999999880791,0,0],[0,0,0,660.6999999880791,0,0],[0,0,0,782.3000000119209,0,0]],"response":[[0,0,0,1,0,0],[0,0,0,1,0,0],[0,0,0,1,0,0],[0,0,0,1,0,0],[0,0,0,1,0,0],[0,0,0,1,0,0],[0,0,0,1,0,0],[0,0,0,1,0,0],[0,0,0,1,0,0],[0,0,0,1,0,0],[0,0,0,1,0,0],[0,0,0,1,0,0],[0,0,0,1,0,0],[0,0,0,1,0,0],[0,0,0,1,0,0],[0,0,0,1,0,0],[0,0,0,1,0,0],[0,0,0,1,0,0],[0,0,0,1,0,0],[0,0,0,1,0,0]],"framerate":[59.93952530094019,59.93311036789297,59.93737885790965,59.94735058699963,59.93947858556161,59.94427715061644,59.93545412570786,59.94519296663468,59.93801532095039,59.937800395815664,59.940538985155236,59.94409060821038,59.932642074267854,59.94796968709119,59.93759921158397,59.9425901957081,59.933276253600745,59.944625145061636,59.938908419440345,59.943680821009444]}
