{"practice":[0,0,0,0,0,0,0,0,0,0,0,0,0,0,0,0,0,0,0,0],"center_interval":[25,50,0,0,50,50,50,25,50,0,0,0,100,75,0,25,75,25,25,0],"image_pair":[2,1,2,1,2,4,2,4,3,4,1,3,3,2,3,1,1,4,3,3],"feature_space":[1,2,2,2,2,2,1,1,2,2,1,2,2,1,1,1,1,1,1,1],"left_img":[2,2,2,1,2,1,2,2,1,2,1,1,1,1,1,1,2,1,2,1],"img1Sample":[2,2,2,1,2,1,2,1,2,1,1,1,2,2,3,3,3,1,2,1],"img2Sample":[1,3,1,2,1,1,2,3,3,2,1,3,3,3,1,1,3,1,1,3],"key":[49,50,50,49,50,49,50,49,49,50,50,49,49,50,49,50,49,50,49,49],"correct":[false,true,true,true,true,true,true,false,true,true,false,true,false,true,true,false,true,false,false,true],"right_img":[1,1,1,2,1,2,1,1,2,1,2,2,2,2,2,2,1,2,1,2],"img_choice":[2,1,1,1,1,1,1,2,1,1,2,1,1,2,1,2,2,2,2,1],"center_sample":[3,2,3,3,3,3,2,2,2,2,2,2,2,1,1,1,2,2,3,3],"left_sample":[1,3,1,1,1,1,2,3,2,2,1,1,2,2,3,3,3,1,1,1],"right_sample":[2,2,2,2,2,1,2,1,3,1,1,3,3,3,1,1,3,1,2,3],"RT":[[0,0,0,775.3999999761581,0,0],[0,0,0,622.1000000238419,0,0],[0,0,0,754.3000000119209,0,0],[0,0,0,657.8999999761581,0,0],[0,0,0,771.9000000357628,0,0],[0,0,0,643.6999999880791,0,0],[0,0,0,982.0999999642372,0,0],[0,0,0,1035.3999999761581,0,0],[0,0,0,875.6000000238419,0,0],[0,0,0,878.1999999880791,0,0],[0,0,0,611.0999999642372,0,0],[0,0,0,809.5,0,0],[0,0,0,686.9000000357628,0,0],[0,0,0,828.5,0,0],[0,0,0,970.3000000119209,0,0],[0,0,0,846,0,0],[0,0,0,788.8000000119209,0,0],[0,0,0,622.4000000357628,0,0],[0,0,0,1008.5,0,0],[0,0,0,874.9000000357628,0,0]],"response":[[0,0,0,1,0,0],[0,0,0,1,0,0],[0,0,0,1,0,0],[0,0,0,1,0,0],[0,0,0,1,0,0],[0,0,0,1,0,0],[0,0,0,1,0,0],[0,0,0,1,0,0],[0,0,0,1,0,0],[0,0,0,1,0,0],[0,0,0,1,0,0],[0,0,0,1,0,0],[0,0,0,1,0,0],[0,0,0,1,0,0],[0,0,0,1,0,0],[0,0,0,1,0,0],[0,0,0,1,0,0],[0,0,0,1,0,0],[0,0,0,1,0,0],[0,0,0,1,0,0]],"framerate":[59.938667410092,59.937734586816326,59.94229853465473,59.94063571716771,59.938667410092,59.939192123932244,59.94190652231318,59.94110135221155,59.940330892324376,59.940330892324376,59.936262900706225,59.66521186694417,59.94005994005994,59.94115867948778,59.94217966721095,59.9359588379147,59.9433868017509,59.94122268475996,59.67336683398467,59.94358251038445]}
