{"practice":[1,1,1,1,1],"center_interval":[25,75,0,50,100],"image_pair":[4,1,1,4,2],"feature_space":[2,1,2,1,2],"left_img":[1,2,1,1,1],"img1Sample":[3,1,3,3,2],"img2Sample":[1,3,2,2,2],"key":[49,50,49,49,49],"correct":[true,false,true,true,false],"right_img":[2,1,2,2,2],"img_choice":[1,1,1,1,1],"center_sample":[1,2,1,2,1],"left_sample":[3,3,3,3,2],"right_sample":[1,1,2,2,2],"RT":[[0,0,0,784.4000000357628,0,0],[0,0,0,829.6000000238419,0,0],[0,0,0,530.6000000238419,0,0],[0,0,0,697.1000000238419,0,0],[0,0,0,802.1000000238419,0,0]],"response":[[0,0,0,1,0,0],[0,0,0,1,0,0],[0,0,0,1,0,0],[0,0,0,1,0,0],[0,0,0,1,0,0]],"framerate":[59.931984166208586,59.94445513809624,59.94305409860632,59.94177085158107,59.933407325194224]}
