{"practice":[1,1,1,1,1],"center_interval":[75,0,25,25,0],"image_pair":[1,1,2,1,3],"feature_space":[2,2,1,2,1],"left_img":[1,1,2,1,2],"img1Sample":[1,3,2,1,3],"img2Sample":[2,2,2,1,3],"stim_time":[2000,2000,2000,2000,2000],"key":[null,null,null,null,null],"correct":[null,null,null,null,null],"right_img":[2,2,1,2,1],"img_choice":[null,null,null,null,null],"center_sample":[1,2,2,2,2],"left_sample":[1,3,2,1,3],"right_sample":[2,2,2,1,3],"exact_match":[0,0,0,0,0],"RT":[[0,0,0,0,0,0],[0,0,0,0,0,0],[0,0,0,0,0,0],[0,0,0,0,0,0],[0,0,0,0,0,0]],"response":[[0,0,0,1,0,0],[0,0,0,1,0,0],[0,0,0,1,0,0],[0,0,0,1,0,0],[0,0,0,1,0,0]],"framerate":[59.477366623422824,59.9928366760348,59.996673958190314,59.99283667694963,59.99615409268637]}
