{"practice":[0,0,0,0,0,0,0,0,0,0,0,0,0,0,0,0,0,0,0,0],"center_interval":[100,0,100,50,25,100,0,75,0,0,50,0,0,100,100,25,75,0,0,25],"image_pair":[1,3,2,2,4,3,4,2,1,1,2,3,1,3,3,2,1,4,1,1],"feature_space":[1,2,2,2,1,1,2,2,1,2,1,2,1,2,1,1,1,2,1,1],"left_img":[2,2,1,2,1,1,2,2,2,2,2,1,1,1,1,2,1,1,1,1],"img1Sample":[3,3,1,2,2,2,3,2,1,1,3,1,3,2,2,2,2,1,3,1],"img2Sample":[3,3,2,3,1,3,3,2,3,2,1,1,3,1,2,1,2,2,2,1],"stim_time":[250,250,250,250,250,250,250,250,250,250,250,250,250,250,250,250,250,250,250,250],"key":[49,49,50,49,49,50,50,50,50,49,49,50,50,50,50,49,50,49,49,50],"correct":[true,false,true,false,true,true,true,false,true,false,false,false,false,true,true,false,true,true,true,false],"right_img":[1,1,2,1,2,2,1,1,1,1,1,2,2,2,2,1,2,2,2,2],"img_choice":[2,2,2,2,1,2,1,1,1,2,2,2,2,2,2,2,2,1,1,2],"center_sample":[3,2,1,3,2,2,3,1,2,2,2,2,2,3,3,1,2,3,2,1],"left_sample":[3,3,1,3,2,2,3,2,3,2,1,1,3,2,2,1,2,1,3,1],"right_sample":[3,3,2,2,1,3,3,2,1,1,3,1,3,1,2,2,2,2,2,1],"exact_match":[1,0,0,0,0,0,1,0,0,0,0,0,0,0,0,0,0,0,0,0],"RT":[[0,0,0,4,0,0],[0,0,0,64.69999992847443,0,0],[0,0,0,37.59999990463257,0,0],[0,0,0,1.8000000715255737,0,0],[0,0,0,12.700000047683716,0,0],[0,0,0,35.800000071525574,0,0],[0,0,0,136.59999990463257,0,0],[0,0,0,29.799999952316284,0,0],[0,0,0,107.60000002384186,0,0],[0,0,0,117,0,0],[0,0,0,3405.100000023842,0,0],[0,0,0,138.30000007152557,0,0],[0,0,0,138.20000004768372,0,0],[0,0,0,204.60000002384186,0,0],[0,0,0,183.10000002384186,0,0],[0,0,0,44.39999997615814,0,0],[0,0,0,105.5,0,0],[0,0,0,9.100000023841858,0,0],[0,0,0,15.399999976158142,0,0],[0,0,0,37.89999997615814,0,0]],"response":[[0,0,0,1,0,0],[0,0,0,1,0,0],[0,0,0,1,0,0],[0,0,0,1,0,0],[0,0,0,1,0,0],[0,0,0,1,0,0],[0,0,0,1,0,0],[0,0,0,1,0,0],[0,0,0,1,0,0],[0,0,0,1,0,0],[0,0,0,1,0,0],[0,0,0,1,0,0],[0,0,0,1,0,0],[0,0,0,1,0,0],[0,0,0,1,0,0],[0,0,0,1,0,0],[0,0,0,1,0,0],[0,0,0,1,0,0],[0,0,0,1,0,0],[0,0,0,1,0,0]],"framerate":[59.964396135773455,60.04660333649691,60.0054550426681,59.95316159250586,60.00375023304838,59.97818975048164,59.99999999999999,59.96863179391988,60.018863067570194,60.03720615471723,59.99552272218491,60.01000166932947,59.96502040238248,60.00315806546845,59.99999999999999,59.98909288960143,59.96744624591747,60.06006005871627,59.94754589600107,59.99999999999999]}
