{"practice":[0,0,0,0,0,0,0,0,0,0,0,0,0,0,0,0,0,0,0,0],"center_interval":[100,0,75,75,75,25,75,75,75,0,0,100,75,0,25,50,50,50,25,25],"image_pair":[2,3,4,1,3,2,1,1,2,1,1,3,4,2,3,4,1,1,4,1],"feature_space":[2,1,1,2,2,1,1,1,2,1,1,1,2,2,1,2,1,1,1,2],"left_img":[1,1,1,1,1,2,1,1,2,1,2,1,1,1,2,1,1,2,2,1],"img1Sample":[1,3,1,1,2,3,3,3,3,1,1,2,3,2,2,2,1,3,2,3],"img2Sample":[2,2,3,3,2,1,1,3,1,2,3,3,1,3,3,3,1,3,2,2],"key":[50,50,50,49,49,49,50,50,50,50,49,49,50,49,50,50,49,49,49,49],"correct":[true,false,true,false,false,false,true,true,false,false,false,false,true,true,true,false,true,false,false,true],"right_img":[2,2,2,2,2,1,2,2,1,2,1,2,2,2,1,2,2,1,1,2],"img_choice":[2,2,2,1,1,2,2,2,1,2,2,1,2,1,1,2,1,2,2,1],"center_sample":[1,2,2,3,1,3,1,3,1,3,3,1,1,1,3,3,2,3,3,2],"left_sample":[1,3,1,1,2,1,3,3,1,1,3,2,3,2,3,2,1,3,2,3],"right_sample":[2,2,3,3,2,3,1,3,3,2,1,3,1,3,2,3,1,3,2,2],"RT":[[0,0,0,724.6000000238419,0,0],[0,0,0,1105.2000000476837,0,0],[0,0,0,600.8000000119209,0,0],[0,0,0,686.8000000119209,0,0],[0,0,0,866.1000000238419,0,0],[0,0,0,817.6999999880791,0,0],[0,0,0,785.8999999761581,0,0],[0,0,0,682.5,0,0],[0,0,0,895,0,0],[0,0,0,610.5999999642372,0,0],[0,0,0,681.6000000238419,0,0],[0,0,0,672,0,0],[0,0,0,656,0,0],[0,0,0,958.8999999761581,0,0],[0,0,0,1058.6000000238419,0,0],[0,0,0,1121.800000011921,0,0],[0,0,0,721.2999999523163,0,0],[0,0,0,714.1000000238419,0,0],[0,0,0,709.8000000119209,0,0],[0,0,0,732.0999999642372,0,0]],"response":[[0,0,0,1,0,0],[0,0,0,1,0,0],[0,0,0,1,0,0],[0,0,0,1,0,0],[0,0,0,1,0,0],[0,0,0,1,0,0],[0,0,0,1,0,0],[0,0,0,1,0,0],[0,0,0,1,0,0],[0,0,0,1,0,0],[0,0,0,1,0,0],[0,0,0,1,0,0],[0,0,0,1,0,0],[0,0,0,1,0,0],[0,0,0,1,0,0],[0,0,0,1,0,0],[0,0,0,1,0,0],[0,0,0,1,0,0],[0,0,0,1,0,0],[0,0,0,1,0,0]],"framerate":[59.941189775866725,59.936747603259036,59.94182117335687,59.94177085056126,59.942237480441,59.939783995604074,59.93699646013312,59.943784775589634,59.936823348748355,59.945026024704774,59.936908517350155,59.94034644926163,59.94063571716771,59.93741049131995,59.94212484534651,59.939552485024116,59.94288461014917,59.93977614827051,59.9414789358665,59.937800395815664]}
