{"practice":[0,0,0,0,0,0,0,0,0,0,0,0,0,0,0,0,0,0,0,0],"center_interval":[75,100,100,75,25,75,100,0,75,100,100,100,25,75,50,75,25,100,75,50],"image_pair":[1,1,4,4,1,3,3,4,2,4,3,4,4,4,1,3,1,3,2,4],"feature_space":[1,2,1,1,1,1,1,1,1,1,1,1,2,1,1,2,2,1,1,1],"left_img":[2,2,1,1,1,1,1,1,2,1,1,2,2,1,1,2,2,1,1,1],"img1Sample":[1,1,3,1,2,1,1,2,3,2,1,3,3,2,2,1,2,2,2,2],"img2Sample":[1,3,3,3,1,3,1,3,1,1,3,2,2,3,1,3,3,3,3,2],"key":[50,50,50,50,49,49,50,50,50,49,50,49,49,49,50,50,49,50,50,49],"correct":[false,false,true,true,true,false,true,false,false,false,true,true,false,false,false,false,false,true,true,true],"right_img":[1,1,2,2,2,2,2,2,1,2,2,1,1,2,2,1,1,2,2,2],"img_choice":[1,1,2,2,1,1,2,2,1,1,2,2,2,1,2,1,2,2,2,1],"center_sample":[1,1,2,2,3,1,2,3,2,3,2,1,2,1,1,2,1,2,1,3],"left_sample":[1,3,3,1,2,1,1,2,1,2,1,2,2,2,2,3,3,2,2,2],"right_sample":[1,1,3,3,1,3,1,3,3,1,3,3,3,3,1,1,2,3,3,2],"RT":[[0,0,0,731.5,0,0],[0,0,0,865.5999999642372,0,0],[0,0,0,1039,0,0],[0,0,0,742.1000000238419,0,0],[0,0,0,755.5,0,0],[0,0,0,902,0,0],[0,0,0,592,0,0],[0,0,0,850.8999999761581,0,0],[0,0,0,1045.6000000238419,0,0],[0,0,0,1012.8000000119209,0,0],[0,0,0,866.6000000238419,0,0],[0,0,0,858.3000000119209,0,0],[0,0,0,841.7000000476837,0,0],[0,0,0,793.6999999880791,0,0],[0,0,0,740.5,0,0],[0,0,0,799.6000000238419,0,0],[0,0,0,610.5,0,0],[0,0,0,1388.6000000238419,0,0],[0,0,0,1052.0999999642372,0,0],[0,0,0,692.6999999880791,0,0]],"response":[[0,0,0,1,0,0],[0,0,0,1,0,0],[0,0,0,1,0,0],[0,0,0,1,0,0],[0,0,0,1,0,0],[0,0,0,1,0,0],[0,0,0,1,0,0],[0,0,0,1,0,0],[0,0,0,1,0,0],[0,0,0,1,0,0],[0,0,0,1,0,0],[0,0,0,1,0,0],[0,0,0,1,0,0],[0,0,0,1,0,0],[0,0,0,1,0,0],[0,0,0,1,0,0],[0,0,0,1,0,0],[0,0,0,1,0,0],[0,0,0,1,0,0],[0,0,0,1,0,0]],"framerate":[59.939495038431694,59.94060431007968,59.936171869474975,59.939216568710876,59.94229853465473,59.94329688132848,59.934776860685275,59.947443337543696,59.937727036844834,59.94136739645826,59.937338237297375,59.94060431007968,59.94088022732946,59.938396648087945,59.9425901957081,59.94005993966337,59.92575053390299,59.94861547211217,59.943948515302786,59.652928417094806]}
