{"practice":[0,0,0,0,0,0,0,0,0,0,0,0,0,0,0,0,0,0,0,0],"center_interval":[75,50,50,100,50,75,25,50,100,25,0,0,75,50,0,25,100,0,100,50],"image_pair":[2,4,1,3,1,1,2,4,3,2,3,1,4,4,2,2,4,1,4,2],"feature_space":[1,2,1,1,1,1,1,2,2,2,2,2,2,1,1,1,2,2,1,1],"left_img":[2,2,2,1,2,2,1,1,1,2,2,1,2,2,1,1,2,1,2,1],"img1Sample":[3,2,2,2,1,1,3,2,3,3,2,3,2,1,1,3,1,2,3,3],"img2Sample":[2,1,1,1,3,1,1,2,2,2,3,3,3,1,3,1,3,1,1,1],"stim_time":[2000,2000,2000,2000,2000,2000,2000,2000,2000,2000,2000,2000,2000,2000,2000,2000,2000,2000,2000,2000],"key":[null,50,50,50,null,null,null,null,50,50,50,50,50,50,49,50,50,49,50,49],"correct":[null,true,true,true,null,null,null,null,true,true,true,false,false,true,true,false,false,true,false,true],"right_img":[1,1,1,2,1,1,2,2,2,1,1,2,1,1,2,2,1,2,1,2],"img_choice":[null,1,1,2,null,null,null,null,2,1,1,2,1,1,1,2,1,1,1,1],"center_sample":[2,3,1,1,3,3,2,1,2,1,3,3,3,3,1,2,2,1,3,2],"left_sample":[2,1,1,2,3,1,3,2,3,2,3,3,3,1,1,3,3,2,1,3],"right_sample":[3,2,2,1,1,1,1,2,2,3,2,3,2,1,3,1,1,1,3,1],"exact_match":[0,0,0,1,0,0,0,0,1,0,0,1,0,0,1,0,0,0,0,0],"RT":[[0,0,0,0,0,0],[0,0,0,80.70000004768372,0,0],[0,0,0,173.79999995231628,0,0],[0,0,0,61.40000009536743,0,0],[0,0,0,0,0,0],[0,0,0,0,0,0],[0,0,0,0,0,0],[0,0,0,0,0,0],[0,0,0,119.89999997615814,0,0],[0,0,0,33.39999997615814,0,0],[0,0,0,77.79999995231628,0,0],[0,0,0,10.899999976158142,0,0],[0,0,0,1097.6000000238419,0,0],[0,0,0,1991.2000000476837,0,0],[0,0,0,120.70000004768372,0,0],[0,0,0,16.899999976158142,0,0],[0,0,0,221.29999995231628,0,0],[0,0,0,964.2999999523163,0,0],[0,0,0,103.39999997615814,0,0],[0,0,0,105.20000004768372,0,0]],"response":[[0,0,0,1,0,0],[0,0,0,1,0,0],[0,0,0,1,0,0],[0,0,0,1,0,0],[0,0,0,1,0,0],[0,0,0,1,0,0],[0,0,0,1,0,0],[0,0,0,1,0,0],[0,0,0,1,0,0],[0,0,0,1,0,0],[0,0,0,1,0,0],[0,0,0,1,0,0],[0,0,0,1,0,0],[0,0,0,1,0,0],[0,0,0,1,0,0],[0,0,0,1,0,0],[0,0,0,1,0,0],[0,0,0,1,0,0],[0,0,0,1,0,0],[0,0,0,1,0,0]],"framerate":[59.99153965539748,59.913419913419915,60.077194160093974,60.01395673412422,60.00051173126033,59.99130190024164,59.99437153035925,59.99923077890918,59.98023378756776,60.00494158291955,59.986130374479885,60.01207343438414,59.99999999999999,59.985003749956356,59.99863639511504,54.34015525758645,60.01055130430879,59.98832085826571,60.01165940762292,59.97669477101238]}
