{"practice":[0,0,0,0,0,0,0,0,0,0,0,0,0,0,0,0,0,0,0,0],"center_interval":[75,25,100,25,100,100,25,100,25,75,100,0,75,75,100,75,25,0,0,0],"image_pair":[2,3,4,1,3,3,4,1,4,4,1,4,3,3,2,2,2,3,1,3],"feature_space":[2,1,1,2,1,2,2,2,2,1,1,2,2,1,2,2,1,2,1,1],"left_img":[1,2,1,1,2,2,1,2,1,1,1,1,1,1,1,2,2,1,1,1],"img1Sample":[1,2,1,2,3,2,2,1,1,3,2,2,3,3,3,1,1,3,2,2],"img2Sample":[3,3,2,2,2,1,3,3,2,3,3,2,1,3,1,2,2,3,1,1],"key":[50,49,49,50,49,50,null,49,49,null,50,49,null,49,50,49,null,49,50,49],"correct":[true,false,false,false,true,false,null,true,true,null,true,true,null,false,true,true,null,true,false,true],"right_img":[2,1,2,2,1,1,2,1,2,2,2,2,2,2,2,1,1,2,2,2],"img_choice":[2,2,1,2,2,1,null,2,1,null,2,1,null,1,2,2,null,1,2,1],"center_sample":[3,2,1,3,1,2,1,1,1,1,1,1,3,2,3,2,1,1,3,3],"left_sample":[1,3,1,2,2,1,2,3,1,3,2,2,3,3,3,2,2,3,2,2],"right_sample":[3,2,2,2,3,2,3,1,2,3,3,2,1,3,1,1,1,3,1,1],"RT":[[0,35,0,0],[0,865,0,0],[0,1753,0,0],[0,1920,0,0],[0,1698,0,0],[0,18,0,0],[0,0,0,0],[0,30,0,0],[0,2826,0,0],[0,0,0,0],[0,244,0,0],[0,2612,0,0],[0,0,0,0],[0,3433,0,0],[0,114,0,0],[0,634,0,0],[0,0,0,0],[0,18,0,0],[0,1077,0,0],[0,3209,0,0]],"response":[[0,1,0,0],[0,1,0,0],[0,1,0,0],[0,1,0,0],[0,1,0,0],[0,1,0,0],[0,1,0,0],[0,1,0,0],[0,1,0,0],[0,1,0,0],[0,1,0,0],[0,1,0,0],[0,1,0,0],[0,1,0,0],[0,1,0,0],[0,1,0,0],[0,1,0,0],[0,1,0,0],[0,1,0,0],[0,1,0,0]],"framerate":[30.627871362940276,21.261516654854713,20.542317173377157,14.538310412573672,14.782608695652176,30.15873015873016,14.405121821091946,27.508090614886733,16.384180790960453,14.020393299344502,14.111006585136408,12.093023255813954,13.73283395755306,11.851851851851851,26.61064425770308,22.22222222222222,16.56277827248442,30.54662379421222,17.159763313609467,10.732984293193716]}
