{"practice":[0,0,0,0,0,0,0,0,0,0,0,0,0,0,0,0,0,0,0,0],"center_interval":[75,25,0,25,50,100,75,50,25,0,100,25,75,0,50,100,75,50,100,50],"image_pair":[1,1,2,4,2,3,3,1,2,3,4,1,2,2,2,2,3,3,4,1],"feature_space":[1,2,1,1,2,2,1,1,2,1,1,2,2,1,2,2,1,2,2,1],"left_img":[1,1,1,1,1,1,2,2,1,1,2,1,2,1,2,2,1,1,2,2],"img1Sample":[3,3,3,1,2,3,3,3,1,1,3,3,3,1,1,1,3,1,2,2],"img2Sample":[3,2,1,3,3,2,2,1,1,2,3,2,2,3,2,1,1,1,3,2],"key":[50,50,50,49,49,49,49,null,49,50,50,49,null,null,null,50,50,50,50,50],"correct":[true,false,false,true,true,false,true,null,true,false,false,true,null,null,null,false,true,false,false,true],"right_img":[2,2,2,2,2,2,1,1,2,2,1,2,1,2,1,1,2,2,1,1],"img_choice":[2,2,2,1,1,1,2,null,1,2,1,1,null,null,null,1,2,2,1,1],"center_sample":[3,3,1,3,1,3,1,3,3,2,2,2,2,2,3,3,2,1,2,2],"left_sample":[3,3,3,1,2,3,2,1,1,1,3,3,2,1,2,1,3,1,3,2],"right_sample":[3,2,1,3,3,2,3,3,1,2,3,2,3,3,1,1,1,1,2,2],"RT":[[0,1470,0,0],[0,3199,0,0],[0,1471,0,0],[0,1001,0,0],[0,2033,0,0],[0,3370,0,0],[0,36,0,0],[0,0,0,0],[0,3199,0,0],[0,2122,0,0],[0,3640,0,0],[0,3127,0,0],[0,0,0,0],[0,0,0,0],[0,0,0,0],[0,4584,0,0],[0,2723,0,0],[0,2463,0,0],[0,3212,0,0],[0,2551,0,0]],"response":[[0,1,0,0],[0,1,0,0],[0,1,0,0],[0,1,0,0],[0,1,0,0],[0,1,0,0],[0,1,0,0],[0,1,0,0],[0,1,0,0],[0,1,0,0],[0,1,0,0],[0,1,0,0],[0,1,0,0],[0,1,0,0],[0,1,0,0],[0,1,0,0],[0,1,0,0],[0,1,0,0],[0,1,0,0],[0,1,0,0]],"framerate":[13.326987148976677,13.877978528410578,18.740989908697742,14.3646408839779,11.632270168855534,9.752438109527382,26.275115919629055,10.336838353234718,13.051422605063951,14.527845036319613,12.01660476294516,10.910058541777541,10.844444444444445,15.455675963759106,12.8,10.420686993438826,12.552301255230125,13.403072899640405,12.30366492146597,14.465408805031446]}
