{"practice":[1,1,1,1,1],"center_interval":[25,25,0,25,0],"image_pair":[3,1,1,1,2],"feature_space":[1,1,1,2,2],"left_img":[1,2,1,2,1],"img1Sample":[2,1,1,1,3],"img2Sample":[1,2,3,2,3],"key":[49,49,50,50,49],"correct":[true,false,false,true,true],"right_img":[2,1,2,1,2],"img_choice":[1,2,2,1,1],"center_sample":[3,2,3,2,1],"left_sample":[2,2,1,2,3],"right_sample":[1,1,3,1,3],"RT":[[0,187,0,0],[0,141,0,0],[0,3763,0,0],[0,621,0,0],[0,1154,0,0]],"response":[[0,1,0,0],[0,1,0,0],[0,1,0,0],[0,1,0,0],[0,1,0,0]],"framerate":[27.329192546583847,31.95739014647137,13.689253935660506,22.435897435897438,13.729977116704806]}
