{"practice":[0,0,0,0,0,0,0,0,0,0,0,0,0,0,0,0,0,0,0,0],"center_interval":[75,25,50,75,75,25,75,0,75,25,75,75,25,25,0,0,100,25,100,25],"image_pair":[1,1,1,3,1,2,2,3,4,1,4,1,1,3,4,4,3,1,1,2],"feature_space":[2,2,2,1,1,2,2,2,1,2,1,1,2,1,1,1,2,1,2,2],"left_img":[1,2,1,1,1,1,2,2,1,2,1,2,1,2,2,2,2,1,1,1],"img1Sample":[2,2,2,2,1,2,2,3,1,2,3,1,2,3,2,1,2,2,1,2],"img2Sample":[3,2,1,2,1,1,1,1,3,1,2,2,1,3,2,3,2,3,3,3],"stim_time":[2000,2000,2000,2000,2000,2000,2000,2000,2000,2000,2000,2000,2000,2000,2000,2000,2000,2000,2000,2000],"key":[50,50,49,49,49,50,49,50,50,49,50,50,49,50,49,50,50,49,49,50],"correct":[true,true,true,false,false,false,true,true,true,false,true,false,true,true,false,true,false,true,false,false],"right_img":[2,1,2,2,2,2,1,1,2,1,2,1,2,1,1,1,1,2,2,2],"img_choice":[2,1,1,1,1,2,2,1,2,2,2,1,1,1,2,1,1,1,1,2],"center_sample":[2,3,2,3,1,3,3,1,1,1,3,2,3,2,3,2,3,1,1,3],"left_sample":[2,2,2,2,1,2,1,1,1,1,3,2,2,3,2,3,2,2,1,2],"right_sample":[3,2,1,2,1,1,2,3,3,2,2,1,1,3,2,1,2,3,3,3],"exact_match":[0,0,0,0,0,0,0,0,0,0,0,0,0,0,0,0,0,0,0,0],"RT":[[0,0,0,1318,0,0],[0,0,0,1088.5999999046326,0,0],[0,0,0,882.7000000476837,0,0],[0,0,0,1137,0,0],[0,0,0,822.6999999284744,0,0],[0,0,0,738.8000000715256,0,0],[0,0,0,723.1000000238419,0,0],[0,0,0,838.1000000238419,0,0],[0,0,0,830.6999999284744,0,0],[0,0,0,1232.1000000238419,0,0],[0,0,0,599.8999999761581,0,0],[0,0,0,979.2000000476837,0,0],[0,0,0,871,0,0],[0,0,0,566,0,0],[0,0,0,593.7000000476837,0,0],[0,0,0,571.8999999761581,0,0],[0,0,0,691.6000000238419,0,0],[0,0,0,707.8999999761581,0,0],[0,0,0,775.7999999523163,0,0],[0,0,0,572.2999999523163,0,0]],"response":[[0,0,0,1,0,0],[0,0,0,1,0,0],[0,0,0,1,0,0],[0,0,0,1,0,0],[0,0,0,1,0,0],[0,0,0,1,0,0],[0,0,0,1,0,0],[0,0,0,1,0,0],[0,0,0,1,0,0],[0,0,0,1,0,0],[0,0,0,1,0,0],[0,0,0,1,0,0],[0,0,0,1,0,0],[0,0,0,1,0,0],[0,0,0,1,0,0],[0,0,0,1,0,0],[0,0,0,1,0,0],[0,0,0,1,0,0],[0,0,0,1,0,0],[0,0,0,1,0,0]],"framerate":[60.00193554734629,57.1222725404904,59.54305420804515,59.98177768706718,59.98239049125855,60.02874616093972,59.70233716177726,59.985691485647365,59.98192325757178,59.550394520659125,59.73645680819913,59.74252557599311,59.17320376715866,59.127864005912784,59.99999999999999,59.991725280117215,59.98628884703766,59.956808366756206,59.24104398328609,60.00768571386405]}
