{"practice":[0,0,0,0,0,0,0,0,0,0,0,0,0,0,0,0,0,0,0,0],"center_interval":[75,100,25,50,25,0,100,50,100,50,100,100,100,100,100,25,100,25,75,50],"image_pair":[2,1,1,3,1,4,3,3,2,3,1,4,1,4,1,2,4,3,2,4],"feature_space":[1,1,1,2,1,1,2,1,1,2,2,2,2,1,1,2,1,1,2,1],"left_img":[1,2,1,1,1,1,2,1,2,2,1,1,1,1,2,2,2,2,2,2],"img1Sample":[2,1,3,3,1,3,3,1,3,1,1,2,3,3,2,2,2,2,1,1],"img2Sample":[3,3,3,1,3,2,2,1,1,2,3,1,2,3,1,2,2,1,1,1],"key":[49,50,49,49,49,49,49,49,49,49,50,50,50,50,50,49,50,49,50,49],"correct":[false,false,true,true,true,true,true,true,true,false,true,true,true,true,false,false,false,false,false,false],"right_img":[2,1,2,2,2,2,1,2,1,1,2,2,2,2,1,1,1,1,1,1],"img_choice":[1,1,1,1,1,1,2,1,2,2,2,2,2,2,1,2,1,2,1,2],"center_sample":[2,2,1,1,1,1,1,2,3,2,2,2,3,2,2,3,1,1,2,2],"left_sample":[2,3,3,3,1,3,2,1,1,2,1,2,3,3,1,2,2,1,1,1],"right_sample":[3,1,3,1,3,2,3,1,3,1,3,1,2,3,2,2,2,2,1,1],"RT":[[0,0,0,783,0,0],[0,0,0,811,0,0],[0,0,0,504,0,0],[0,0,0,347,0,0],[0,0,0,577,0,0],[0,0,0,511,0,0],[0,0,0,556,0,0],[0,0,0,506,0,0],[0,0,0,548,0,0],[0,0,0,505,0,0],[0,0,0,581,0,0],[0,0,0,799,0,0],[0,0,0,783,0,0],[0,0,0,788,0,0],[0,0,0,471,0,0],[0,0,0,745,0,0],[0,0,0,744,0,0],[0,0,0,706,0,0],[0,0,0,862,0,0],[0,0,0,803,0,0]],"response":[[0,0,0,1,0,0],[0,0,0,1,0,0],[0,0,0,1,0,0],[0,0,0,1,0,0],[0,0,0,1,0,0],[0,0,0,1,0,0],[0,0,0,1,0,0],[0,0,0,1,0,0],[0,0,0,1,0,0],[0,0,0,1,0,0],[0,0,0,1,0,0],[0,0,0,1,0,0],[0,0,0,1,0,0],[0,0,0,1,0,0],[0,0,0,1,0,0],[0,0,0,1,0,0],[0,0,0,1,0,0],[0,0,0,1,0,0],[0,0,0,1,0,0],[0,0,0,1,0,0]],"framerate":[31.77257525083612,29.20914852576467,26.29193109700816,28.87055837563452,23.633677991137372,25.525525525525524,23.72479240806643,23.164861612515043,23.774145616641903,22.3632517376851,23.59186080802123,14.127423822714682,9.722222222222221,9.768350544236673,10.935601458080194,10.653209980375665,10.644257703081232,11.02629346904156,9.6411355115158,9.818506396905683]}
