{"practice":[1,1,1,1,1],"center_interval":[75,100,0,100,25],"image_pair":[4,4,2,1,1],"feature_space":[1,2,1,1,2],"left_img":[2,2,2,1,1],"img1Sample":[1,1,2,1,1],"img2Sample":[3,2,1,2,2],"stim_time":[2000,2000,2000,2000,2000],"key":[49,50,49,50,50],"correct":[true,false,false,true,false],"right_img":[1,1,1,2,2],"img_choice":[2,1,2,2,2],"center_sample":[3,3,1,2,1],"left_sample":[3,2,1,1,1],"right_sample":[1,1,2,2,2],"exact_match":[0,0,0,1,0],"RT":[[0,0,0,743.2000000476837,0,0],[0,0,0,993.5,0,0],[0,0,0,694.2999999523163,0,0],[0,0,0,665,0,0],[0,0,0,989.4000000953674,0,0]],"response":[[0,0,0,1,0,0],[0,0,0,1,0,0],[0,0,0,1,0,0],[0,0,0,1,0,0],[0,0,0,1,0,0]],"framerate":[59.154929577464785,59.76200505513501,59.9674462438761,60.02297530155083,59.72269725441459]}
