{"practice":[0,0,0,0,0,0,0,0,0,0,0,0,0,0,0,0,0,0,0,0],"center_interval":[100,100,0,0,25,0,25,75,50,75,50,75,0,0,100,25,100,50,25,0],"image_pair":[3,4,1,1,2,1,2,4,3,2,3,3,1,2,1,3,1,1,3,1],"feature_space":[1,2,1,2,2,2,2,2,1,2,1,1,1,2,2,2,1,2,1,2],"left_img":[2,1,2,2,1,1,1,1,1,1,1,1,1,1,2,1,1,2,2,1],"img1Sample":[3,3,3,3,1,2,3,2,3,1,3,3,1,1,1,2,1,2,1,1],"img2Sample":[2,2,1,2,3,2,2,3,1,2,2,2,1,1,1,2,3,2,1,3],"key":[null,null,null,null,null,null,null,null,null,null,null,null,null,null,null,null,null,null,null,null],"correct":[null,null,null,null,null,null,null,null,null,null,null,null,null,null,null,null,null,null,null,null],"right_img":[1,2,1,1,2,2,2,2,2,2,2,2,2,2,1,2,2,1,1,2],"img_choice":[null,null,null,null,null,null,null,null,null,null,null,null,null,null,null,null,null,null,null,null],"center_sample":[3,3,1,1,3,1,2,2,1,2,2,2,3,2,2,2,2,3,2,2],"left_sample":[2,3,1,2,1,2,3,2,3,1,3,3,1,1,1,2,1,2,1,1],"right_sample":[3,2,3,3,3,2,2,3,1,2,2,2,1,1,1,2,3,2,1,3],"RT":[[0,0,0,0,0,0],[0,0,0,0,0,0],[0,0,0,0,0,0],[0,0,0,0,0,0],[0,0,0,0,0,0],[0,0,0,0,0,0],[0,0,0,0,0,0],[0,0,0,0,0,0],[0,0,0,0,0,0],[0,0,0,0,0,0],[0,0,0,0,0,0],[0,0,0,0,0,0],[0,0,0,0,0,0],[0,0,0,0,0,0],[0,0,0,0,0,0],[0,0,0,0,0,0],[0,0,0,0,0,0],[0,0,0,0,0,0],[0,0,0,0,0,0],[0,0,0,0,0,0]],"response":[[0,0,0,1,0,0],[0,0,0,1,0,0],[0,0,0,1,0,0],[0,0,0,1,0,0],[0,0,0,1,0,0],[0,0,0,1,0,0],[0,0,0,1,0,0],[0,0,0,1,0,0],[0,0,0,1,0,0],[0,0,0,1,0,0],[0,0,0,1,0,0],[0,0,0,1,0,0],[0,0,0,1,0,0],[0,0,0,1,0,0],[0,0,0,1,0,0],[0,0,0,1,0,0],[0,0,0,1,0,0],[0,0,0,1,0,0],[0,0,0,1,0,0],[0,0,0,1,0,0]],"framerate":[22.15960035865249,24.205942622950822,23.40752110514198,23.02673659971856,24.47149263292761,23.28854766474728,23.431498079385403,23.166517342890057,22.910533725841546,24.111837886366555,23.526403273238717,24.814530570478382,22.433021407511855,23.43449865539762,23.166517342890057,23.968213278646502,22.267724596877397,21.672223647088998,20.4420595374984,16.343207354443308]}
