{"practice":[0,0,0,0,0,0,0,0,0,0,0,0,0,0,0,0,0,0,0,0],"center_interval":[50,75,100,75,100,25,0,0,25,100,75,75,100,75,0,50,75,50,50,0],"image_pair":[1,2,1,3,1,2,4,4,1,2,3,4,2,3,1,3,3,2,4,2],"feature_space":[2,2,2,1,2,1,1,2,1,2,1,1,2,1,1,2,2,2,1,1],"left_img":[2,2,1,2,2,2,1,1,1,1,2,1,1,2,2,1,2,2,2,2],"img1Sample":[3,1,2,1,2,1,2,2,2,3,3,2,2,2,1,1,3,3,1,3],"img2Sample":[3,3,2,3,3,3,2,1,1,1,1,2,2,3,1,2,1,3,1,3],"stim_time":[250,250,250,250,250,250,250,250,250,250,250,250,250,250,250,250,250,250,250,250],"key":[50,49,49,49,50,49,50,49,50,49,49,50,49,50,49,49,50,50,49,50],"correct":[true,true,false,true,false,false,false,true,false,false,true,true,false,false,false,true,false,true,false,true],"right_img":[1,1,2,1,1,1,2,2,2,2,1,2,2,1,1,2,1,1,1,1],"img_choice":[1,2,1,2,1,2,2,1,2,1,2,2,1,1,2,1,1,1,2,1],"center_sample":[1,1,2,1,1,3,1,3,3,2,1,1,1,2,2,2,1,2,2,3],"left_sample":[3,3,2,3,3,3,2,2,2,3,1,2,2,3,1,1,1,3,1,3],"right_sample":[3,1,2,1,2,1,2,1,1,1,3,2,2,2,1,2,3,3,1,3],"exact_match":[0,0,1,0,0,0,0,0,0,0,0,0,0,0,0,0,0,0,0,1],"RT":[[0,0,0,584.1000000238419,0,0],[0,0,0,537.8000000715256,0,0],[0,0,0,719.8000000715256,0,0],[0,0,0,687.3999999761581,0,0],[0,0,0,655.0999999046326,0,0],[0,0,0,1070.1000000238419,0,0],[0,0,0,516.3999999761581,0,0],[0,0,0,639.8999999761581,0,0],[0,0,0,545.6000000238419,0,0],[0,0,0,693.8999999761581,0,0],[0,0,0,545.6000000238419,0,0],[0,0,0,708,0,0],[0,0,0,614.2999999523163,0,0],[0,0,0,501.3000000715256,0,0],[0,0,0,410.5,0,0],[0,0,0,705.6000000238419,0,0],[0,0,0,638.1000000238419,0,0],[0,0,0,603,0,0],[0,0,0,962.1999999284744,0,0],[0,0,0,844.7999999523163,0,0]],"response":[[0,0,0,1,0,0],[0,0,0,1,0,0],[0,0,0,1,0,0],[0,0,0,1,0,0],[0,0,0,1,0,0],[0,0,0,1,0,0],[0,0,0,1,0,0],[0,0,0,1,0,0],[0,0,0,1,0,0],[0,0,0,1,0,0],[0,0,0,1,0,0],[0,0,0,1,0,0],[0,0,0,1,0,0],[0,0,0,1,0,0],[0,0,0,1,0,0],[0,0,0,1,0,0],[0,0,0,1,0,0],[0,0,0,1,0,0],[0,0,0,1,0,0],[0,0,0,1,0,0]],"framerate":[59.99020568420733,59.99250093559514,60.058374494032385,54.77263650591524,59.48215535091293,59.908265467832855,60.129213844346694,59.45373204781904,59.36757905084936,59.95888533413713,58.75734466983483,59.9411897768769,60.10699044126577,60.00387121842094,59.982277962354246,59.513688149882576,58.6145648312611,60.13952369238542,59.40594059405941,60.03159557661927]}
