{"practice":[1,1,1,1,1],"center_interval":[0,0,75,100,0],"image_pair":[1,4,1,3,3],"feature_space":[2,1,2,1,1],"left_img":[1,1,2,2,1],"img1Sample":[3,3,2,3,1],"img2Sample":[2,2,3,3,3],"key":[49,50,49,49,49],"correct":[true,false,true,true,true],"right_img":[2,2,1,1,2],"img_choice":[1,2,2,2,1],"center_sample":[1,2,3,1,3],"left_sample":[3,3,3,3,1],"right_sample":[2,2,2,3,3],"RT":[[0,0,0,2292,0,0],[0,0,0,644,0,0],[0,0,0,480,0,0],[0,0,0,562,0,0],[0,0,0,691,0,0]],"response":[[0,0,0,1,0,0],[0,0,0,1,0,0],[0,0,0,1,0,0],[0,0,0,1,0,0],[0,0,0,1,0,0]],"framerate":[8.775747026399767,31.322505800464036,30.385900941962934,30.26706231454006,31.36583974907328]}
