{"practice":[0,0,0,0,0,0,0,0,0,0,0,0,0,0,0,0,0,0,0,0],"center_interval":[75,25,75,75,25,75,25,50,25,100,25,0,100,100,75,100,50,25,75,100],"image_pair":[1,4,4,2,2,4,4,1,1,2,2,3,4,1,2,3,3,4,4,1],"feature_space":[2,2,2,2,2,2,2,2,2,2,2,2,1,2,2,2,1,2,1,1],"left_img":[2,1,2,2,2,1,2,1,2,1,2,2,2,2,1,2,2,1,1,2],"img1Sample":[1,1,2,2,3,2,3,3,2,3,2,2,2,1,1,2,3,2,3,3],"img2Sample":[2,2,1,2,3,3,3,3,1,1,3,1,2,3,3,2,1,1,2,3],"stim_time":[2000,2000,2000,2000,2000,2000,2000,2000,2000,2000,2000,2000,2000,2000,2000,2000,2000,2000,2000,2000],"key":[50,50,49,49,50,49,50,49,50,49,50,50,49,50,50,50,49,49,49,49],"correct":[false,false,true,true,true,false,true,true,true,false,true,true,true,false,true,false,false,true,false,true],"right_img":[1,2,1,1,1,2,1,2,1,2,1,1,1,1,2,1,1,2,2,1],"img_choice":[1,2,2,2,1,1,1,1,1,1,1,1,2,1,2,1,2,1,1,2],"center_sample":[3,2,1,2,3,2,3,2,1,2,1,1,3,2,2,3,1,3,3,1],"left_sample":[2,1,1,2,3,2,3,3,1,3,3,1,2,3,1,2,1,2,3,3],"right_sample":[1,2,2,2,3,3,3,3,2,1,2,2,2,1,3,2,3,1,2,3],"exact_match":[0,0,0,0,0,0,0,0,0,0,0,0,0,0,0,0,0,0,0,0],"RT":[[0,0,0,527.2000000476837,0,0],[0,0,0,443.60000002384186,0,0],[0,0,0,469.10000002384186,0,0],[0,0,0,742.4000000953674,0,0],[0,0,0,674.3999999761581,0,0],[0,0,0,872.2999999523163,0,0],[0,0,0,676.6000000238419,0,0],[0,0,0,570.7999999523163,0,0],[0,0,0,700.3999999761581,0,0],[0,0,0,1056.1000000238419,0,0],[0,0,0,820.6000000238419,0,0],[0,0,0,772.6000000238419,0,0],[0,0,0,1059.9000000953674,0,0],[0,0,0,800,0,0],[0,0,0,725.6999999284744,0,0],[0,0,0,691.8999999761581,0,0],[0,0,0,606.2999999523163,0,0],[0,0,0,1120.1999999284744,0,0],[0,0,0,1000.7999999523163,0,0],[0,0,0,1386.6000000238419,0,0]],"response":[[0,0,0,1,0,0],[0,0,0,1,0,0],[0,0,0,1,0,0],[0,0,0,1,0,0],[0,0,0,1,0,0],[0,0,0,1,0,0],[0,0,0,1,0,0],[0,0,0,1,0,0],[0,0,0,1,0,0],[0,0,0,1,0,0],[0,0,0,1,0,0],[0,0,0,1,0,0],[0,0,0,1,0,0],[0,0,0,1,0,0],[0,0,0,1,0,0],[0,0,0,1,0,0],[0,0,0,1,0,0],[0,0,0,1,0,0],[0,0,0,1,0,0],[0,0,0,1,0,0]],"framerate":[51.86317714348621,59.12809044013324,59.944011682778516,59.767133716472564,59.443471267767926,59.99565642267607,59.96442302215805,60.036854306178626,59.99260754761631,59.765594680234685,59.99394556433918,57.71643663739022,59.98241894691043,59.51392348961442,59.997169944813926,60.00171433510401,59.73820609722811,59.99898306662888,59.712437472919184,59.79607394667771]}
