{"practice":[0,0,0,0,0,0,0,0,0,0,0,0,0,0,0,0,0,0,0,0],"center_interval":[0,75,0,50,50,25,75,75,100,0,0,75,0,75,0,50,100,50,0,0],"image_pair":[2,3,2,2,4,3,2,2,4,3,2,1,3,2,2,2,4,1,3,1],"feature_space":[1,2,1,2,2,1,2,1,2,2,1,2,1,1,1,1,1,2,2,1],"left_img":[2,2,2,1,1,2,2,1,1,2,1,2,2,2,2,2,2,2,2,2],"img1Sample":[3,1,2,2,1,1,1,3,2,1,3,2,3,1,1,1,2,2,1,1],"img2Sample":[1,1,1,3,1,3,3,3,3,2,3,2,1,2,3,1,3,3,3,1],"stim_time":[250,250,250,250,250,250,250,250,250,250,250,250,250,250,250,250,250,250,250,250],"key":[50,50,50,49,49,50,49,49,50,49,49,50,49,50,49,50,49,50,49,50],"correct":[true,false,true,true,true,true,true,false,true,false,true,false,false,false,false,true,true,true,false,true],"right_img":[1,1,1,2,2,1,1,2,2,1,2,1,1,1,1,1,1,1,1,1],"img_choice":[1,1,1,1,1,1,2,1,2,2,1,1,2,1,2,1,2,1,2,1],"center_sample":[2,1,1,2,3,1,2,3,2,3,2,3,1,2,2,1,2,2,3,1],"left_sample":[1,1,1,2,1,3,3,3,2,2,3,2,1,2,3,1,3,3,3,1],"right_sample":[3,1,2,3,1,1,1,3,3,1,3,2,3,1,1,1,2,2,1,1],"exact_match":[0,0,0,0,0,0,0,0,0,0,0,0,0,0,0,0,0,0,0,1],"RT":[[0,0,0,1069.8000000715256,0,0],[0,0,0,640.8999999761581,0,0],[0,0,0,1025.3999999761581,0,0],[0,0,0,777,0,0],[0,0,0,765.5,0,0],[0,0,0,1340.2999999523163,0,0],[0,0,0,799.6000000238419,0,0],[0,0,0,742.0999999046326,0,0],[0,0,0,503.2000000476837,0,0],[0,0,0,587.8000000715256,0,0],[0,0,0,642.2999999523163,0,0],[0,0,0,593.2000000476837,0,0],[0,0,0,561.2000000476837,0,0],[0,0,0,771.5,0,0],[0,0,0,654.5,0,0],[0,0,0,538.8999999761581,0,0],[0,0,0,573.1000000238419,0,0],[0,0,0,772.6000000238419,0,0],[0,0,0,608.1000000238419,0,0],[0,0,0,614.6000000238419,0,0]],"response":[[0,0,0,1,0,0],[0,0,0,1,0,0],[0,0,0,1,0,0],[0,0,0,1,0,0],[0,0,0,1,0,0],[0,0,0,1,0,0],[0,0,0,1,0,0],[0,0,0,1,0,0],[0,0,0,1,0,0],[0,0,0,1,0,0],[0,0,0,1,0,0],[0,0,0,1,0,0],[0,0,0,1,0,0],[0,0,0,1,0,0],[0,0,0,1,0,0],[0,0,0,1,0,0],[0,0,0,1,0,0],[0,0,0,1,0,0],[0,0,0,1,0,0],[0,0,0,1,0,0]],"framerate":[59.56568641179111,59.876724390959794,60.05573171972319,58.96483948383608,59.91974053417316,59.63800149959728,59.97082500482458,59.990001667977864,60.01161514947307,58.539529269764635,60.319337670017745,59.39753924566104,59.553045184025315,59.8637961351354,59.58350539707358,59.1861898890259,59.9168500847221,60.024009606965144,59.959227722575484,59.898173105720275]}
