{"practice":[1,1,1,1,1],"center_interval":[25,50,50,25,75],"image_pair":[2,1,2,2,3],"feature_space":[2,2,1,1,2],"left_img":[2,2,2,2,1],"img1Sample":[2,1,3,1,2],"img2Sample":[3,2,1,3,1],"key":[50,50,50,49,49],"correct":[true,true,true,false,false],"right_img":[1,1,1,1,2],"img_choice":[1,1,1,2,1],"center_sample":[2,2,3,3,1],"left_sample":[3,2,1,3,2],"right_sample":[2,1,3,1,1],"RT":[[0,3527,0,0],[0,1925,0,0],[0,2136,0,0],[0,1691,0,0],[0,2028,0,0]],"response":[[0,1,0,0],[0,1,0,0],[0,1,0,0],[0,1,0,0],[0,1,0,0]],"framerate":[30.54353054353054,32.028469750889684,30.53435114503817,30.72263089571614,30.485509973654498]}
