{"practice":[0,0,0,0,0,0,0,0,0,0,0,0,0,0,0,0,0,0,0,0],"center_interval":[75,50,0,75,75,0,100,100,0,100,50,25,100,0,0,0,100,75,0,25],"image_pair":[2,3,4,2,3,2,1,2,4,3,3,1,1,2,3,2,2,4,3,3],"feature_space":[2,1,1,1,1,2,2,2,1,2,1,2,2,1,1,1,2,2,1,1],"left_img":[1,2,2,2,1,2,1,2,1,1,2,2,1,2,2,2,1,2,1,2],"img1Sample":[3,3,1,2,2,2,3,3,2,1,2,3,3,1,2,3,1,1,1,1],"img2Sample":[3,1,3,3,3,3,1,2,3,3,2,3,3,1,3,2,3,3,3,2],"key":[50,49,50,50,50,50,50,50,50,50,50,49,50,50,50,50,50,50,50,50],"correct":[true,false,true,false,true,true,true,false,false,true,true,false,true,true,true,true,true,false,false,true],"right_img":[2,1,1,1,2,1,2,1,2,2,1,1,2,1,1,1,2,1,2,1],"img_choice":[2,2,1,1,2,1,2,1,2,2,1,2,2,1,1,1,2,1,2,1],"center_sample":[3,2,2,2,3,1,3,3,3,1,1,2,1,3,1,1,2,2,3,2],"left_sample":[3,1,3,3,2,3,3,2,2,1,2,3,3,1,3,2,1,3,1,2],"right_sample":[3,3,1,2,3,2,1,3,3,3,2,3,3,1,2,3,3,1,3,1],"RT":[[0,0,0,675.5999999642372,0,0],[0,0,0,1809.7000000476837,0,0],[0,0,0,510,0,0],[0,0,0,151.10000002384186,0,0],[0,0,0,79.40000003576279,0,0],[0,0,0,457.2000000476837,0,0],[0,0,0,13.199999988079071,0,0],[0,0,0,113.39999997615814,0,0],[0,0,0,939.4000000357628,0,0],[0,0,0,147.4000000357628,0,0],[0,0,0,402.60000002384186,0,0],[0,0,0,543.8999999761581,0,0],[0,0,0,431.4000000357628,0,0],[0,0,0,308.10000002384186,0,0],[0,0,0,581.1999999880791,0,0],[0,0,0,387.5,0,0],[0,0,0,290.9000000357628,0,0],[0,0,0,211,0,0],[0,0,0,720.3999999761581,0,0],[0,0,0,441.0999999642372,0,0]],"response":[[0,0,0,1,0,0],[0,0,0,1,0,0],[0,0,0,1,0,0],[0,0,0,1,0,0],[0,0,0,1,0,0],[0,0,0,1,0,0],[0,0,0,1,0,0],[0,0,0,1,0,0],[0,0,0,1,0,0],[0,0,0,1,0,0],[0,0,0,1,0,0],[0,0,0,1,0,0],[0,0,0,1,0,0],[0,0,0,1,0,0],[0,0,0,1,0,0],[0,0,0,1,0,0],[0,0,0,1,0,0],[0,0,0,1,0,0],[0,0,0,1,0,0],[0,0,0,1,0,0]],"framerate":[59.96786411130348,59.95541222020531,59.959625177447215,59.95934959349593,59.61045262281423,59.65126950137657,59.96309963150356,58.59174233339045,59.94085835328198,59.969507030323555,59.958370871370875,59.96241162320469,59.65074949775923,59.95703613384712,59.95982986830822,59.96814192370943,57.700986396972425,59.953627028817486,59.94966490379361,59.963099630996304]}
