{"practice":[0,0,0,0,0,0,0,0,0,0,0,0,0,0,0,0,0,0,0,0],"center_interval":[0,100,25,75,100,75,75,0,100,50,0,25,75,0,25,100,0,25,100,0],"image_pair":[2,1,2,1,2,1,4,2,3,3,2,3,2,2,1,4,4,4,3,2],"feature_space":[1,2,2,1,1,1,1,2,1,2,1,1,2,1,2,1,1,2,2,1],"left_img":[2,1,1,2,1,2,2,2,1,1,2,1,2,1,2,1,2,1,1,1],"img1Sample":[3,2,1,3,3,1,3,3,2,2,3,2,3,3,1,3,2,2,1,3],"img2Sample":[2,2,1,2,1,1,3,3,1,3,2,2,3,3,1,2,2,3,1,3],"key":[50,50,50,50,49,50,50,50,49,50,50,50,50,50,50,49,50,50,50,50],"correct":[true,true,false,false,false,false,false,true,false,false,true,false,false,false,true,false,true,false,true,false],"right_img":[1,2,2,1,2,1,1,1,2,2,1,2,1,2,1,2,1,2,2,2],"img_choice":[1,2,2,1,1,1,1,1,1,2,1,2,1,2,1,1,1,2,2,2],"center_sample":[2,1,3,1,3,3,3,2,2,3,2,1,3,2,1,3,1,3,2,1],"left_sample":[2,2,1,2,3,1,3,3,2,2,2,2,3,3,1,3,2,2,1,3],"right_sample":[3,2,1,3,1,1,3,3,1,3,3,2,3,3,1,2,2,3,1,3],"RT":[[0,0,0,426.39999997615814,0,0],[0,0,0,181.60000002384186,0,0],[0,0,0,513.6000000238419,0,0],[0,0,0,141.19999998807907,0,0],[0,0,0,637.1000000238419,0,0],[0,0,0,72.39999997615814,0,0],[0,0,0,355.7999999523163,0,0],[0,0,0,84.09999996423721,0,0],[0,0,0,9.600000023841858,0,0],[0,0,0,515.0999999642372,0,0],[0,0,0,83.80000001192093,0,0],[0,0,0,326.5999999642372,0,0],[0,0,0,207,0,0],[0,0,0,117,0,0],[0,0,0,363.30000001192093,0,0],[0,0,0,61,0,0],[0,0,0,95.5,0,0],[0,0,0,305.80000001192093,0,0],[0,0,0,577.5999999642372,0,0],[0,0,0,234.60000002384186,0,0]],"response":[[0,0,0,1,0,0],[0,0,0,1,0,0],[0,0,0,1,0,0],[0,0,0,1,0,0],[0,0,0,1,0,0],[0,0,0,1,0,0],[0,0,0,1,0,0],[0,0,0,1,0,0],[0,0,0,1,0,0],[0,0,0,1,0,0],[0,0,0,1,0,0],[0,0,0,1,0,0],[0,0,0,1,0,0],[0,0,0,1,0,0],[0,0,0,1,0,0],[0,0,0,1,0,0],[0,0,0,1,0,0],[0,0,0,1,0,0],[0,0,0,1,0,0],[0,0,0,1,0,0]],"framerate":[59.33617652490656,59.954448016670206,59.966852493596505,59.95934959349593,58.4913855508904,59.63525414350978,59.908560618004095,60.011100318886015,59.91208167996909,59.98854490075811,59.97157416740559,59.95853930792537,58.636453984828066,59.94998458380003,59.95771403371186,59.96374285365697,59.95245150373336,59.96280382176951,59.95628802625237,59.9591487123376]}
