{"practice":[0,0,0,0,0,0,0,0,0,0,0,0,0,0,0,0,0,0,0,0],"center_interval":[100,75,50,100,0,25,75,0,0,100,75,75,75,50,0,100,0,75,50,0],"image_pair":[2,4,4,2,4,3,1,1,4,3,3,1,4,2,2,1,1,2,1,3],"feature_space":[2,1,2,2,2,1,1,2,2,1,1,2,1,1,1,1,1,2,2,1],"left_img":[2,2,2,1,2,1,2,1,2,2,2,2,2,2,2,1,1,1,1,1],"img1Sample":[3,1,2,1,1,2,3,2,1,3,1,2,3,2,3,2,1,2,3,1],"img2Sample":[3,2,3,1,2,1,2,1,2,1,2,2,1,3,1,1,3,2,3,2],"key":[50,50,49,50,50,50,50,50,50,50,50,50,50,49,49,50,49,50,50,50],"correct":[false,false,false,true,true,false,false,false,true,false,false,false,false,false,false,true,true,true,false,false],"right_img":[1,1,1,2,1,2,1,2,1,1,1,1,1,1,1,2,2,2,2,2],"img_choice":[1,1,2,2,1,2,1,2,1,1,1,1,1,2,2,2,1,2,2,2],"center_sample":[1,2,3,3,2,3,2,1,3,3,3,3,1,2,2,3,2,3,3,3],"left_sample":[3,2,3,1,2,2,2,2,2,1,2,2,1,3,1,2,1,2,3,1],"right_sample":[3,1,2,1,1,1,3,1,1,3,1,2,3,2,3,1,3,2,3,2],"RT":[[0,0,0,241.5,0,0],[0,0,0,221.69999998807907,0,0],[0,0,0,329.19999998807907,0,0],[0,0,0,289.69999998807907,0,0],[0,0,0,35.90000003576279,0,0],[0,0,0,135.5999999642372,0,0],[0,0,0,256.2000000476837,0,0],[0,0,0,281.7999999523163,0,0],[0,0,0,83.19999998807907,0,0],[0,0,0,239.89999997615814,0,0],[0,0,0,62.10000002384186,0,0],[0,0,0,512.3000000119209,0,0],[0,0,0,105.5,0,0],[0,0,0,642.6000000238419,0,0],[0,0,0,605.6999999880791,0,0],[0,0,0,91.80000001192093,0,0],[0,0,0,380.2999999523163,0,0],[0,0,0,307.30000001192093,0,0],[0,0,0,51.40000003576279,0,0],[0,0,0,515.1999999880791,0,0]],"response":[[0,0,0,1,0,0],[0,0,0,1,0,0],[0,0,0,1,0,0],[0,0,0,1,0,0],[0,0,0,1,0,0],[0,0,0,1,0,0],[0,0,0,1,0,0],[0,0,0,1,0,0],[0,0,0,1,0,0],[0,0,0,1,0,0],[0,0,0,1,0,0],[0,0,0,1,0,0],[0,0,0,1,0,0],[0,0,0,1,0,0],[0,0,0,1,0,0],[0,0,0,1,0,0],[0,0,0,1,0,0],[0,0,0,1,0,0],[0,0,0,1,0,0],[0,0,0,1,0,0]],"framerate":[59.956752505452144,59.619882078270514,59.95662712035034,59.96711480823899,58.91222779419375,59.95934959349593,59.958289885064275,59.955924294187255,59.6042554656263,59.95871694968851,59.970014992005225,59.95781862006629,59.960254917475616,59.956553222302674,57.02254583655905,59.62022262835949,59.64901265164629,59.95895857472716,59.961652431584454,59.95781862006629]}
