{"practice":[0,0,0,0,0,0,0,0,0,0,0,0,0,0,0,0,0,0,0,0],"center_interval":[0,0,25,100,75,75,50,25,25,0,25,50,100,25,75,50,75,25,25,0],"image_pair":[1,2,2,3,1,1,1,3,4,3,2,2,1,4,2,4,4,4,1,4],"feature_space":[1,2,1,2,2,1,1,2,1,1,2,2,1,1,1,2,2,2,2,1],"left_img":[2,1,2,2,1,1,1,2,1,1,2,1,1,2,2,2,1,1,1,1],"img1Sample":[1,3,3,2,2,2,3,2,2,1,2,3,2,1,3,3,2,2,1,2],"img2Sample":[3,3,3,1,3,1,2,1,2,3,2,2,3,1,1,2,1,3,1,3],"key":[50,49,50,50,50,50,49,49,49,49,50,49,50,49,49,50,50,50,49,49],"correct":[true,true,true,false,true,true,true,false,true,true,true,true,true,false,true,true,true,false,true,true],"right_img":[1,2,1,1,2,2,2,1,2,2,1,2,2,1,1,1,2,2,2,2],"img_choice":[1,1,1,1,2,2,1,2,1,1,1,1,2,2,2,1,2,2,1,1],"center_sample":[3,2,2,3,2,1,1,1,3,2,3,2,2,2,2,2,2,3,2,3],"left_sample":[3,3,3,1,2,2,3,1,2,1,2,3,2,1,1,2,2,2,1,2],"right_sample":[1,3,3,2,3,1,2,2,2,3,2,2,3,1,3,3,1,3,1,3],"RT":[[0,0,0,438.5,0,0],[0,0,0,59.19999998807907,0,0],[0,0,0,459.9000000357628,0,0],[0,0,0,22.69999998807907,0,0],[0,0,0,150.60000002384186,0,0],[0,0,0,254.10000002384186,0,0],[0,0,0,457,0,0],[0,0,0,148.89999997615814,0,0],[0,0,0,149.30000001192093,0,0],[0,0,0,164.19999998807907,0,0],[0,0,0,11.300000011920929,0,0],[0,0,0,488.80000001192093,0,0],[0,0,0,318.30000001192093,0,0],[0,0,0,212.60000002384186,0,0],[0,0,0,561.1000000238419,0,0],[0,0,0,8.200000047683716,0,0],[0,0,0,446.30000001192093,0,0],[0,0,0,265.60000002384186,0,0],[0,0,0,68.5,0,0],[0,0,0,488.39999997615814,0,0]],"response":[[0,0,0,1,0,0],[0,0,0,1,0,0],[0,0,0,1,0,0],[0,0,0,1,0,0],[0,0,0,1,0,0],[0,0,0,1,0,0],[0,0,0,1,0,0],[0,0,0,1,0,0],[0,0,0,1,0,0],[0,0,0,1,0,0],[0,0,0,1,0,0],[0,0,0,1,0,0],[0,0,0,1,0,0],[0,0,0,1,0,0],[0,0,0,1,0,0],[0,0,0,1,0,0],[0,0,0,1,0,0],[0,0,0,1,0,0],[0,0,0,1,0,0],[0,0,0,1,0,0]],"framerate":[59.95941209049713,59.606804238458395,59.96267629354631,59.95415270675366,59.96544364288879,59.93094912406828,59.36534165607177,59.96747526837803,59.95934959349593,59.956884936433994,59.958844816068435,58.12721383006231,59.95319162533122,59.97945455171654,59.960224406016664,59.960972148305835,59.94282376765881,59.97536147266099,59.938667410838995,59.7078256646253]}
