{"practice":[0,0,0,0,0,0,0,0,0,0,0,0,0,0,0,0,0,0,0,0],"center_interval":[25,100,0,50,0,0,25,25,50,100,100,25,25,50,75,100,75,100,50,50],"image_pair":[3,3,4,3,2,4,3,2,2,2,4,4,2,3,4,2,3,3,4,2],"feature_space":[1,2,2,1,1,1,1,1,2,2,2,1,1,1,2,2,2,2,2,1],"left_img":[1,1,2,1,2,2,2,2,1,1,1,1,1,2,1,1,1,1,1,2],"img1Sample":[2,3,3,3,3,2,3,2,2,2,2,3,3,3,1,2,3,1,3,1],"img2Sample":[1,2,1,1,2,1,2,1,1,1,2,2,1,2,1,2,2,2,1,3],"key":[50,50,50,50,50,50,50,50,50,50,50,50,49,50,49,49,49,50,50,50],"correct":[false,true,true,false,true,true,true,true,false,true,true,false,true,true,false,false,false,true,false,true],"right_img":[2,2,1,2,1,1,1,1,2,2,2,2,2,1,2,2,2,2,2,1],"img_choice":[2,2,1,2,1,1,1,1,2,2,2,2,1,1,1,1,1,2,2,1],"center_sample":[2,3,2,3,1,1,3,1,1,2,1,3,1,2,2,1,1,1,1,3],"left_sample":[2,3,1,3,2,1,2,1,2,2,2,3,3,2,1,2,3,1,3,3],"right_sample":[1,2,3,1,3,2,3,2,1,1,2,2,1,3,1,2,2,2,1,1],"RT":[[0,0,0,80.20000004768372,0,0],[0,0,0,351.10000002384186,0,0],[0,0,0,198.69999998807907,0,0],[0,0,0,229.69999998807907,0,0],[0,0,0,433.19999998807907,0,0],[0,0,0,660.8999999761581,0,0],[0,0,0,402,0,0],[0,0,0,239.19999998807907,0,0],[0,0,0,177.69999998807907,0,0],[0,0,0,472.69999998807907,0,0],[0,0,0,316.39999997615814,0,0],[0,0,0,460.5,0,0],[0,0,0,360.0999999642372,0,0],[0,0,0,7.100000023841858,0,0],[0,0,0,188,0,0],[0,0,0,553.5999999642372,0,0],[0,0,0,529.1999999880791,0,0],[0,0,0,34,0,0],[0,0,0,119,0,0],[0,0,0,478.0999999642372,0,0]],"response":[[0,0,0,1,0,0],[0,0,0,1,0,0],[0,0,0,1,0,0],[0,0,0,1,0,0],[0,0,0,1,0,0],[0,0,0,1,0,0],[0,0,0,1,0,0],[0,0,0,1,0,0],[0,0,0,1,0,0],[0,0,0,1,0,0],[0,0,0,1,0,0],[0,0,0,1,0,0],[0,0,0,1,0,0],[0,0,0,1,0,0],[0,0,0,1,0,0],[0,0,0,1,0,0],[0,0,0,1,0,0],[0,0,0,1,0,0],[0,0,0,1,0,0],[0,0,0,1,0,0]],"framerate":[59.84916626380003,60.0495647194041,58.962656984378484,59.60810143257039,59.06056784318439,59.66793496977827,59.95128957788798,59.96854109272848,59.952439964066954,59.96043220210014,59.9647266313933,59.95533938960893,59.950517034239674,59.614095734547256,55.62216893196314,59.65807906942632,59.36853467619699,59.9647266313933,59.955714529041046,59.95313308421723]}
