{"practice":[0,0,0,0,0,0,0,0,0,0,0,0,0,0,0,0,0,0,0,0],"center_interval":[25,75,75,100,50,75,50,75,50,25,100,75,0,25,75,50,100,100,75,50],"image_pair":[2,1,3,2,4,1,1,4,1,3,3,1,2,3,4,4,2,3,3,2],"feature_space":[2,2,2,1,2,2,2,2,1,1,1,1,1,2,1,2,2,1,2,1],"left_img":[2,2,2,2,1,2,1,2,1,2,1,2,1,1,2,1,2,1,1,1],"img1Sample":[2,1,1,1,1,1,2,2,3,3,1,3,1,3,1,3,1,2,3,2],"img2Sample":[1,3,2,1,1,2,3,2,3,3,2,3,2,1,1,2,2,2,1,2],"key":[50,50,50,49,49,50,50,50,49,49,49,49,50,49,50,50,49,49,49,50],"correct":[true,false,false,true,true,false,false,false,true,false,false,true,false,true,false,false,true,false,false,false],"right_img":[1,1,1,1,2,1,2,1,2,1,2,1,2,2,1,2,1,2,2,2],"img_choice":[1,1,1,2,1,1,2,1,1,2,1,2,2,1,1,2,2,1,1,2],"center_sample":[2,1,3,3,3,2,2,1,2,2,1,2,2,1,1,3,1,1,3,1],"left_sample":[1,3,2,1,1,2,2,2,3,3,1,3,1,3,1,3,2,2,3,2],"right_sample":[2,1,1,1,1,1,3,2,3,3,2,3,2,1,1,2,1,2,1,2],"RT":[[0,0,0,1269.6999998092651,0,0],[0,0,0,1565.2999997138977,0,0],[0,0,0,1644.3000001907349,0,0],[0,0,0,1578.0999999046326,0,0],[0,0,0,1172,0,0],[0,0,0,2905.0999999046326,0,0],[0,0,0,1363.1999998092651,0,0],[0,0,0,718.3000001907349,0,0],[0,0,0,871.0999999046326,0,0],[0,0,0,722.0999999046326,0,0],[0,0,0,642.8000001907349,0,0],[0,0,0,1218.4000000953674,0,0],[0,0,0,1127.5,0,0],[0,0,0,1016.5999999046326,0,0],[0,0,0,1262.6999998092651,0,0],[0,0,0,1714.6999998092651,0,0],[0,0,0,1219.9000000953674,0,0],[0,0,0,522.1999998092651,0,0],[0,0,0,1108.8000001907349,0,0],[0,0,0,806.9000000953674,0,0]],"response":[[0,0,0,1,0,0],[0,0,0,1,0,0],[0,0,0,1,0,0],[0,0,0,1,0,0],[0,0,0,1,0,0],[0,0,0,1,0,0],[0,0,0,1,0,0],[0,0,0,1,0,0],[0,0,0,1,0,0],[0,0,0,1,0,0],[0,0,0,1,0,0],[0,0,0,1,0,0],[0,0,0,1,0,0],[0,0,0,1,0,0],[0,0,0,1,0,0],[0,0,0,1,0,0],[0,0,0,1,0,0],[0,0,0,1,0,0],[0,0,0,1,0,0],[0,0,0,1,0,0]],"framerate":[59.98286203941731,59.98855180309102,53.22971880790259,59.994981404483724,59.98243192370435,59.99440285654569,59.99088138328358,59.97340801558191,60.002172027433886,59.95305562787183,60.00173917918716,59.99900827943622,59.973062947757235,59.98956703182055,59.9744371237539,59.99822883837355,59.98413642531219,59.986203174985974,59.99489405157008,59.96960066325826]}
