{"practice":[0,0,0,0,0,0,0,0,0,0,0,0,0,0,0,0,0,0,0,0],"center_interval":[75,0,50,75,0,50,25,0,25,50,0,100,0,50,75,0,50,25,0,0],"image_pair":[4,4,3,2,1,3,4,2,2,2,2,1,3,2,2,2,4,1,4,4],"feature_space":[2,2,1,1,1,2,1,2,1,2,1,2,1,2,2,1,2,2,1,2],"left_img":[2,1,2,1,1,1,2,1,1,2,1,1,1,2,2,2,1,1,2,1],"img1Sample":[1,2,1,2,3,3,1,1,1,3,1,2,3,1,3,1,1,1,1,2],"img2Sample":[3,3,2,1,1,2,3,2,1,2,3,3,1,1,2,2,2,1,3,2],"key":[49,50,49,49,49,49,50,49,50,49,49,49,50,50,49,49,49,50,50,50],"correct":[true,false,false,false,true,true,true,true,false,false,true,false,false,true,true,false,true,false,true,false],"right_img":[1,2,1,2,2,2,1,2,2,1,2,2,2,1,1,1,2,2,1,2],"img_choice":[2,2,2,1,1,1,1,1,2,2,1,1,2,1,2,2,1,2,1,2],"center_sample":[1,1,3,1,1,1,3,2,3,1,2,2,2,1,2,3,2,1,3,3],"left_sample":[3,2,2,2,3,3,3,1,1,2,1,2,3,1,2,2,1,1,3,2],"right_sample":[1,3,1,1,1,2,1,2,1,3,3,3,1,1,3,1,2,1,1,2],"RT":[[0,0,0,1496.7999997138977,0,0],[0,0,0,1080.2999997138977,0,0],[0,0,0,509.09999990463257,0,0],[0,0,0,928.3000001907349,0,0],[0,0,0,897.5999999046326,0,0],[0,0,0,1325.4000000953674,0,0],[0,0,0,679.0999999046326,0,0],[0,0,0,1203.0999999046326,0,0],[0,0,0,1080.4000000953674,0,0],[0,0,0,413.40000009536743,0,0],[0,0,0,187.2000002861023,0,0],[0,0,0,602,0,0],[0,0,0,641.8000001907349,0,0],[0,0,0,903.9000000953674,0,0],[0,0,0,1297.2000002861023,0,0],[0,0,0,947.1999998092651,0,0],[0,0,0,1553,0,0],[0,0,0,1574.5999999046326,0,0],[0,0,0,1389.2999997138977,0,0],[0,0,0,1213.6999998092651,0,0]],"response":[[0,0,0,1,0,0],[0,0,0,1,0,0],[0,0,0,1,0,0],[0,0,0,1,0,0],[0,0,0,1,0,0],[0,0,0,1,0,0],[0,0,0,1,0,0],[0,0,0,1,0,0],[0,0,0,1,0,0],[0,0,0,1,0,0],[0,0,0,1,0,0],[0,0,0,1,0,0],[0,0,0,1,0,0],[0,0,0,1,0,0],[0,0,0,1,0,0],[0,0,0,1,0,0],[0,0,0,1,0,0],[0,0,0,1,0,0],[0,0,0,1,0,0],[0,0,0,1,0,0]],"framerate":[59.501673483247835,59.4640512810106,59.40713488907618,59.9619883777725,60.00648718935093,59.97291546030154,59.985075478686106,59.98904764132996,59.98197966276226,59.98445998445998,59.990001666388935,59.68053361751307,55.95987126175397,59.96558029933212,60.00439056097582,59.969615393342266,59.981684981684985,59.98813922983482,60.00571483134646,59.96665754168582]}
