{"practice":[0,0,0,0,0,0,0,0,0,0,0,0,0,0,0,0,0,0,0,0],"center_interval":[25,25,50,50,0,0,0,75,25,25,50,25,75,25,100,25,0,0,100,75],"image_pair":[1,3,2,1,4,2,4,2,2,2,3,2,1,3,1,4,2,2,3,3],"feature_space":[2,1,2,1,2,2,1,2,1,2,2,2,2,2,1,2,2,1,1,2],"left_img":[2,2,1,1,1,2,1,2,2,1,1,2,1,2,2,2,1,2,2,2],"img1Sample":[3,2,3,2,3,2,1,3,3,1,3,1,3,2,2,3,1,1,1,1],"img2Sample":[1,3,1,1,2,2,3,2,3,3,2,1,3,3,2,2,3,3,1,2],"key":[50,49,49,49,49,50,49,50,49,50,49,49,49,50,49,49,49,49,49,50],"correct":[true,false,true,true,true,true,true,false,false,false,true,false,false,true,true,false,true,false,true,false],"right_img":[1,1,2,2,2,1,2,1,1,2,2,1,2,1,1,1,2,1,1,1],"img_choice":[1,2,1,1,1,1,1,1,2,2,1,2,1,1,2,2,1,2,2,1],"center_sample":[2,2,1,2,2,1,3,2,3,2,2,3,2,1,1,3,2,2,3,2],"left_sample":[1,3,3,2,3,2,1,2,3,1,3,1,3,3,2,2,1,3,1,2],"right_sample":[3,2,1,1,2,2,3,3,3,3,2,1,3,2,2,3,3,1,1,1],"RT":[[0,0,0,1244.1999998092651,0,0],[0,0,0,1592.9000000953674,0,0],[0,0,0,736.7000002861023,0,0],[0,0,0,1416.6999998092651,0,0],[0,0,0,959.0999999046326,0,0],[0,0,0,1327.6999998092651,0,0],[0,0,0,1491.5,0,0],[0,0,0,1836.5,0,0],[0,0,0,1177.0999999046326,0,0],[0,0,0,1448.5999999046326,0,0],[0,0,0,1287.8999996185303,0,0],[0,0,0,609.3000001907349,0,0],[0,0,0,544.4000000953674,0,0],[0,0,0,1065,0,0],[0,0,0,1094.1999998092651,0,0],[0,0,0,673.6999998092651,0,0],[0,0,0,1180.3000001907349,0,0],[0,0,0,891.8000001907349,0,0],[0,0,0,209,0,0],[0,0,0,1821.2999997138977,0,0]],"response":[[0,0,0,1,0,0],[0,0,0,1,0,0],[0,0,0,1,0,0],[0,0,0,1,0,0],[0,0,0,1,0,0],[0,0,0,1,0,0],[0,0,0,1,0,0],[0,0,0,1,0,0],[0,0,0,1,0,0],[0,0,0,1,0,0],[0,0,0,1,0,0],[0,0,0,1,0,0],[0,0,0,1,0,0],[0,0,0,1,0,0],[0,0,0,1,0,0],[0,0,0,1,0,0],[0,0,0,1,0,0],[0,0,0,1,0,0],[0,0,0,1,0,0],[0,0,0,1,0,0]],"framerate":[59.97778600518327,59.985003750362544,59.98817134971748,59.98814463544754,59.986728599867284,59.987421988011576,59.983260488105856,59.98580980966237,59.98393735425145,59.98729680638905,59.98829497102097,59.98712471302135,59.98567505925709,59.98552073785311,59.98769482889619,59.99712932395579,59.977916085414535,59.98216746527258,59.98740595517791,53.50477875452581]}
