{"practice":[0,0,0,0,0,0,0,0,0,0,0,0,0,0,0,0,0,0,0,0],"center_interval":[50,100,25,50,100,0,0,75,100,25,25,25,25,0,0,75,0,75,75,50],"image_pair":[3,2,4,2,1,4,1,1,2,4,1,3,2,2,3,1,1,1,1,1],"feature_space":[2,2,2,1,1,2,1,2,2,1,2,2,2,1,1,2,2,1,2,1],"left_img":[2,1,1,1,1,1,2,2,2,1,2,2,2,1,1,2,1,2,1,1],"img1Sample":[2,2,3,2,3,3,3,2,2,3,2,2,3,2,3,3,1,2,1,2],"img2Sample":[2,1,2,1,1,1,2,2,1,2,1,3,1,1,1,1,1,1,3,2],"key":[49,50,50,49,50,49,49,50,49,49,50,49,49,50,49,50,50,49,49,50],"correct":[false,true,false,true,true,true,false,false,true,true,true,false,false,false,true,false,false,true,false,false],"right_img":[1,2,2,2,2,2,1,1,1,2,1,1,1,2,2,1,2,1,2,2],"img_choice":[2,2,2,1,2,1,2,1,2,1,1,2,2,2,1,1,2,2,1,2],"center_sample":[2,2,3,3,3,1,1,3,3,2,2,2,3,3,1,1,3,2,2,1],"left_sample":[2,2,3,2,3,3,2,2,1,3,1,3,1,2,3,1,1,1,1,2],"right_sample":[2,1,2,1,1,1,3,2,2,2,2,2,3,1,1,3,1,2,3,2],"RT":[[0,0,0,863.6999998092651,0,0],[0,0,0,1621.2000002861023,0,0],[0,0,0,2153.4000000953674,0,0],[0,0,0,775.7000002861023,0,0],[0,0,0,1137,0,0],[0,0,0,851.2000002861023,0,0],[0,0,0,879.0999999046326,0,0],[0,0,0,794.4000000953674,0,0],[0,0,0,1218.0999999046326,0,0],[0,0,0,856.4000000953674,0,0],[0,0,0,1500.8000001907349,0,0],[0,0,0,1829.8000001907349,0,0],[0,0,0,836.8000001907349,0,0],[0,0,0,760.9000000953674,0,0],[0,0,0,865.1999998092651,0,0],[0,0,0,805.9000000953674,0,0],[0,0,0,1686.0999999046326,0,0],[0,0,0,1184.7999997138977,0,0],[0,0,0,887.2999997138977,0,0],[0,0,0,1368.3999996185303,0,0]],"response":[[0,0,0,1,0,0],[0,0,0,1,0,0],[0,0,0,1,0,0],[0,0,0,1,0,0],[0,0,0,1,0,0],[0,0,0,1,0,0],[0,0,0,1,0,0],[0,0,0,1,0,0],[0,0,0,1,0,0],[0,0,0,1,0,0],[0,0,0,1,0,0],[0,0,0,1,0,0],[0,0,0,1,0,0],[0,0,0,1,0,0],[0,0,0,1,0,0],[0,0,0,1,0,0],[0,0,0,1,0,0],[0,0,0,1,0,0],[0,0,0,1,0,0],[0,0,0,1,0,0]],"framerate":[59.983095668358565,59.98286204070725,59.3812274792844,59.42748730855836,59.98481397114655,59.98192325757178,59.439800237306315,59.717245781909796,59.99752076360481,59.93570533583499,60.02456603728374,59.98489588952422,59.98685220147978,59.98262185240879,59.98800240575983,52.204176332731585,59.783091831652,59.98200539409153,59.978926327819984,59.98040480389023]}
