{"practice":[0,0,0,0,0,0,0,0,0,0,0,0,0,0,0,0,0,0,0,0],"center_interval":[50,25,25,75,100,25,75,75,25,25,100,50,50,75,0,25,50,100,25,75],"image_pair":[1,4,3,1,3,3,1,1,3,1,1,4,2,1,3,2,3,2,3,4],"feature_space":[1,1,1,1,1,1,2,1,1,1,1,1,1,2,1,1,2,2,2,2],"left_img":[2,1,1,2,2,2,1,2,1,2,2,2,2,2,1,1,2,2,2,2],"img1Sample":[1,3,2,1,1,2,3,3,1,2,1,2,1,3,1,3,1,2,3,1],"img2Sample":[3,2,2,2,2,2,2,3,3,3,3,3,2,1,1,2,1,3,3,2],"key":[50,49,50,50,50,50,49,50,49,50,50,49,49,49,50,50,50,49,50,49],"correct":[true,true,false,false,false,true,false,false,true,true,false,false,false,true,false,false,true,true,true,true],"right_img":[1,2,2,1,1,1,2,1,2,1,1,1,1,1,2,2,1,1,1,1],"img_choice":[1,1,2,1,1,1,1,1,1,1,1,2,2,2,2,2,1,2,1,2],"center_sample":[1,3,3,2,3,3,2,2,2,3,1,3,1,1,3,2,1,2,3,1],"left_sample":[3,3,2,2,2,2,3,3,1,3,3,3,2,1,1,3,1,3,3,2],"right_sample":[1,2,2,1,1,2,2,3,3,2,1,2,1,3,1,2,1,2,3,1],"RT":[[0,75.39999999850988,0,0],[0,8.699999999254942,0,0],[0,48.40000000037253,0,0],[0,136.30000000074506,0,0],[0,119.10000000149012,0,0],[0,129.7999999988824,0,0],[0,39.80000000074506,0,0],[0,35.90000000037253,0,0],[0,36,0,0],[0,65.79999999888241,0,0],[0,70.80000000074506,0,0],[0,113,0,0],[0,4.5,0,0],[0,36.19999999925494,0,0],[0,106.70000000111759,0,0],[0,21.40000000037253,0,0],[0,93.79999999888241,0,0],[0,50.09999999962747,0,0],[0,182.2999999988824,0,0],[0,87.5,0,0]],"response":[[0,1,0,0],[0,1,0,0],[0,1,0,0],[0,1,0,0],[0,1,0,0],[0,1,0,0],[0,1,0,0],[0,1,0,0],[0,1,0,0],[0,1,0,0],[0,1,0,0],[0,1,0,0],[0,1,0,0],[0,1,0,0],[0,1,0,0],[0,1,0,0],[0,1,0,0],[0,1,0,0],[0,1,0,0],[0,1,0,0]],"framerate":[60.01170960193898,59.90932642472592,60.14805675522768,59.99999999999999,59.92917461173117,59.978189749212575,60.05543578684575,59.990770650703496,59.96309963096197,60.12325266807033,60.002926971982,59.988839285651935,59.95786744453465,59.94466646176196,60.13145014686394,60.01263423868119,59.95717344753748,60.01500375093773,60.02554278416347,60.00857265336394]}
