{"practice":[0,0,0,0,0,0,0,0,0,0,0,0,0,0,0,0,0,0,0,0],"center_interval":[0,50,50,100,50,0,25,0,50,100,50,25,100,25,75,75,0,0,25,25],"image_pair":[2,2,4,4,4,4,1,2,3,2,1,2,4,2,2,3,4,4,4,1],"feature_space":[1,2,2,2,1,2,2,1,2,2,1,1,1,2,2,1,1,1,2,2],"left_img":[1,1,2,2,2,2,2,1,2,1,2,2,2,2,2,1,1,2,1,1],"img1Sample":[1,3,3,1,3,3,2,2,1,1,1,1,1,1,2,1,2,3,1,3],"img2Sample":[3,2,2,2,1,2,1,1,2,1,2,3,1,3,1,2,1,2,1,1],"key":[49,49,50,49,50,49,49,50,50,50,50,50,50,50,50,50,50,50,49,50],"correct":[true,true,true,true,true,false,false,false,true,true,true,true,false,true,false,true,false,true,true,false],"right_img":[2,2,1,1,1,1,1,2,1,2,1,1,1,1,1,2,2,1,2,2],"img_choice":[1,1,1,2,1,2,2,2,1,2,1,1,1,1,1,2,2,1,1,2],"center_sample":[2,1,1,3,1,1,1,1,1,3,2,2,3,3,1,3,3,2,1,3],"left_sample":[1,3,2,2,1,2,1,2,2,1,2,3,1,3,1,1,2,2,1,3],"right_sample":[3,2,3,1,3,3,2,1,1,1,1,1,1,1,2,2,1,3,1,1],"RT":[[0,3370,0,0],[0,71,0,0],[0,2.5,0,0],[0,25.59999999962747,0,0],[0,39.09999999962747,0,0],[0,3.399999998509884,0,0],[0,107,0,0],[0,14.200000001117587,0,0],[0,93.60000000149012,0,0],[0,36.09999999962747,0,0],[0,143.09999999962747,0,0],[0,90.19999999925494,0,0],[0,77.69999999925494,0,0],[0,107.19999999925494,0,0],[0,95.39999999850988,0,0],[0,139,0,0],[0,107.80000000074506,0,0],[0,120.40000000037253,0,0],[0,44.90000000037253,0,0],[0,40.29999999888241,0,0]],"response":[[0,1,0,0],[0,1,0,0],[0,1,0,0],[0,1,0,0],[0,1,0,0],[0,1,0,0],[0,1,0,0],[0,1,0,0],[0,1,0,0],[0,1,0,0],[0,1,0,0],[0,1,0,0],[0,1,0,0],[0,1,0,0],[0,1,0,0],[0,1,0,0],[0,1,0,0],[0,1,0,0],[0,1,0,0],[0,1,0,0]],"framerate":[60.00050209624062,60.055661344726445,59.899627650854875,60.05056890023248,60.01846722061447,60.09420172169039,59.96374285303395,59.9093264249066,60.077242168534376,60.01846722061447,60.04803843086399,60.00857265320423,59.897735573411246,60.0810395416136,59.99999999999999,59.992001066554266,59.9553820413339,60.043668122209695,60.06468504553693,59.990770650531616]}
