{"practice":[1,1,1,1,1],"center_interval":[75,25,0,50,50],"image_pair":[1,3,4,3,2],"feature_space":[2,1,1,2,2],"left_img":[2,2,2,2,2],"img1Sample":[2,3,3,3,1],"img2Sample":[2,1,1,2,3],"key":[49,50,50,50,50],"correct":[true,true,true,true,true],"right_img":[1,1,1,1,1],"img_choice":[2,1,1,1,1],"center_sample":[3,3,2,2,3],"left_sample":[2,1,1,2,3],"right_sample":[2,3,3,3,1],"RT":[[0,3404.7000000011176,0,0],[0,15.200000001117587,0,0],[0,104.90000000037253,0,0],[0,114,0,0],[0,102.5,0,0]],"response":[[0,1,0,0],[0,1,0,0],[0,1,0,0],[0,1,0,0],[0,1,0,0]],"framerate":[59.762444283965664,59.9481529488734,60.08943543866749,59.96374285318971,60.08103954176996]}
