{"practice":[0,0,0,0,0,0,0,0,0,0,0,0,0,0,0,0,0,0,0,0],"center_interval":[0,75,50,0,25,100,100,50,50,25,25,75,50,100,50,100,50,75,0,50],"image_pair":[4,1,4,2,4,3,1,1,1,1,2,1,2,4,1,2,2,3,2,3],"feature_space":[1,2,1,1,1,1,2,1,2,1,1,2,1,2,2,2,1,1,2,1],"left_img":[1,1,1,1,1,1,2,2,2,1,1,2,1,1,2,1,1,1,2,2],"img1Sample":[1,3,1,2,3,1,2,2,3,1,3,1,3,3,2,2,1,3,3,1],"img2Sample":[2,2,3,2,2,3,2,1,3,1,2,1,3,3,3,1,3,2,3,3],"key":[50,49,50,49,49,50,49,50,49,50,49,49,50,49,50,49,49,50,49,50],"correct":[false,false,false,true,true,true,true,true,false,false,true,true,false,false,true,false,true,true,false,true],"right_img":[2,2,2,2,2,2,1,1,1,2,2,1,2,2,1,2,2,2,1,1],"img_choice":[2,1,2,1,1,2,2,1,2,2,1,2,2,1,1,1,1,2,2,1],"center_sample":[3,3,3,1,3,2,1,2,3,2,2,1,3,1,2,3,2,2,1,3],"left_sample":[1,3,1,2,3,1,2,1,3,1,3,1,3,3,3,2,1,3,3,3],"right_sample":[2,2,3,2,2,3,2,2,3,1,2,1,3,3,2,1,3,2,3,1],"RT":[[0,141.10000000149012,0,0],[0,121.5,0,0],[0,113.80000000074506,0,0],[0,102,0,0],[0,41.19999999925494,0,0],[0,123.90000000037253,0,0],[0,49.80000000074506,0,0],[0,69.19999999925494,0,0],[0,72.69999999925494,0,0],[0,65.19999999925494,0,0],[0,53.600000001490116,0,0],[0,75.90000000037253,0,0],[0,72.80000000074506,0,0],[0,102.29999999888241,0,0],[0,144.2000000011176,0,0],[0,114.40000000037253,0,0],[0,38.40000000037253,0,0],[0,123.29999999888241,0,0],[0,78.09999999962747,0,0],[0,114.69999999925494,0,0]],"response":[[0,1,0,0],[0,1,0,0],[0,1,0,0],[0,1,0,0],[0,1,0,0],[0,1,0,0],[0,1,0,0],[0,1,0,0],[0,1,0,0],[0,1,0,0],[0,1,0,0],[0,1,0,0],[0,1,0,0],[0,1,0,0],[0,1,0,0],[0,1,0,0],[0,1,0,0],[0,1,0,0],[0,1,0,0],[0,1,0,0]],"framerate":[59.976009596101974,60.00272739663888,59.98883928580782,58.54474491215248,60.129509713263026,59.89654233599553,60.10518407212622,59.91524185292322,59.976594499740116,60.11421701228976,59.98800239945307,60.04686584661263,59.994146912463634,59.972105997210605,60.008001066779094,60.047479402349346,59.98154414033327,59.953672162389516,59.95905235442428,60.13986013986014]}
