{"practice":[0,0,0,0,0,0,0,0,0,0,0,0,0,0,0,0,0,0,0,0],"center_interval":[50,25,75,0,100,50,25,100,50,100,0,50,50,50,0,25,25,0,0,100],"image_pair":[1,1,3,1,2,1,3,4,4,1,2,4,1,2,3,4,3,1,3,3],"feature_space":[1,2,1,1,1,2,2,2,1,2,1,2,2,2,1,1,2,1,1,2],"left_img":[2,2,2,1,1,2,2,1,2,2,2,2,2,2,2,2,1,2,1,1],"img1Sample":[1,1,2,2,2,1,1,1,1,2,3,1,1,1,1,2,1,3,2,1],"img2Sample":[3,2,3,1,3,2,2,1,1,3,1,3,3,3,1,3,1,3,3,1],"key":[50,49,50,49,50,50,49,50,49,50,49,50,49,49,50,49,50,49,50,49],"correct":[true,false,false,true,true,true,false,true,false,false,false,true,false,false,true,false,false,false,false,false],"right_img":[1,1,1,2,2,1,1,2,1,1,1,1,1,1,1,1,2,1,2,2],"img_choice":[1,2,1,1,2,1,2,2,2,1,2,1,2,2,1,2,2,2,2,1],"center_sample":[3,3,2,1,2,1,3,3,3,1,2,2,1,3,2,2,2,2,3,2],"left_sample":[3,2,3,2,2,2,2,1,1,3,1,3,3,3,1,3,1,3,2,1],"right_sample":[1,1,2,1,3,1,1,1,1,2,3,1,1,1,1,2,1,3,3,1],"RT":[[0,58.899999998509884,0,0],[0,73,0,0],[0,24.200000001117587,0,0],[0,3.599999999627471,0,0],[0,178.90000000037253,0,0],[0,106.60000000149012,0,0],[0,68.69999999925494,0,0],[0,21.399999998509884,0,0],[0,27.59999999962747,0,0],[0,42.90000000037253,0,0],[0,43.5,0,0],[0,84.29999999888241,0,0],[0,75.69999999925494,0,0],[0,175.5,0,0],[0,142,0,0],[0,41.59999999962747,0,0],[0,88.30000000074506,0,0],[0,54.40000000037253,0,0],[0,97.20000000111759,0,0],[0,92.70000000111759,0,0]],"response":[[0,1,0,0],[0,1,0,0],[0,1,0,0],[0,1,0,0],[0,1,0,0],[0,1,0,0],[0,1,0,0],[0,1,0,0],[0,1,0,0],[0,1,0,0],[0,1,0,0],[0,1,0,0],[0,1,0,0],[0,1,0,0],[0,1,0,0],[0,1,0,0],[0,1,0,0],[0,1,0,0],[0,1,0,0],[0,1,0,0]],"framerate":[59.943054098706725,59.801633605633434,60.1741884402217,60.09420172150858,59.98723675813656,59.98883928580782,60.03807292426071,60.01263423868119,59.95582202598139,60.01846722061447,59.97232046757962,60.03807292426071,60.055661344562594,59.956627120920196,60.05605231543474,59.990770650703496,59.94861547248406,60.01500375093773,59.948615472324676,60.14606902487071]}
