{"practice":[0,0,0,0,0,0,0,0,0,0,0,0,0,0,0,0,0,0,0,0],"center_interval":[50,100,25,25,75,75,25,0,25,75,0,25,0,75,0,25,75,100,75,0],"image_pair":[3,3,1,1,3,4,2,1,2,3,1,4,3,3,2,3,2,3,3,2],"feature_space":[1,1,2,2,2,1,2,2,2,1,2,2,2,2,2,1,1,1,1,2],"left_img":[2,2,2,2,1,1,2,1,2,1,1,2,1,1,1,1,1,1,2,1],"img1Sample":[2,1,3,2,1,3,2,3,1,3,3,2,2,2,3,1,3,3,1,1],"img2Sample":[3,3,2,3,1,1,2,3,2,3,3,1,1,1,1,2,3,1,3,3],"key":[50,50,49,50,50,49,50,50,50,49,49,49,50,50,50,50,50,50,50,50],"correct":[true,false,false,true,true,false,true,false,true,false,true,false,false,true,false,false,true,true,false,false],"right_img":[1,1,1,1,2,2,1,2,1,2,2,1,2,2,2,2,2,2,1,2],"img_choice":[1,1,2,1,2,1,1,2,1,1,1,2,2,2,2,2,2,2,1,2],"center_sample":[2,1,1,2,2,2,1,1,1,1,1,1,1,1,2,1,3,2,1,3],"left_sample":[3,3,2,3,1,3,2,3,2,3,3,1,2,2,3,1,3,3,3,1],"right_sample":[2,1,3,2,1,1,2,3,1,3,3,2,1,1,1,2,3,1,1,3],"RT":[[0,246.90000009536743,0,0],[0,143.69999980926514,0,0],[0,41.09999990463257,0,0],[0,158.59999990463257,0,0],[0,28,0,0],[0,156.7000002861023,0,0],[0,140.90000009536743,0,0],[0,142.5,0,0],[0,268.30000019073486,0,0],[0,145.40000009536743,0,0],[0,42.10000038146973,0,0],[0,211.90000009536743,0,0],[0,144.90000009536743,0,0],[0,38.89999961853027,0,0],[0,374.30000019073486,0,0],[0,259.7000002861023,0,0],[0,143.2999997138977,0,0],[0,265.80000019073486,0,0],[0,27.5,0,0],[0,32.30000019073486,0,0]],"response":[[0,1,0,0],[0,1,0,0],[0,1,0,0],[0,1,0,0],[0,1,0,0],[0,1,0,0],[0,1,0,0],[0,1,0,0],[0,1,0,0],[0,1,0,0],[0,1,0,0],[0,1,0,0],[0,1,0,0],[0,1,0,0],[0,1,0,0],[0,1,0,0],[0,1,0,0],[0,1,0,0],[0,1,0,0],[0,1,0,0]],"framerate":[20.816468143830722,23.276865376387292,25.13677363180791,23.62423567396897,24.926686217008797,25.31325149020891,22.543429256265625,25.162230171367575,18.067935431017492,21.467356999860016,25.411061285500747,21.87120291616039,23.2618247551863,25.552382376561358,21.267976512166385,21.319569113443023,24.849594562346116,22.32392007798976,26.521060842433698,26.830808084846566]}
