{"practice":[0,0,0,0,0,0,0,0,0,0,0,0,0,0,0,0,0,0,0,0],"center_interval":[50,100,100,0,75,0,25,100,100,100,25,75,75,25,0,0,0,100,75,75],"image_pair":[4,4,3,1,2,4,1,1,1,1,3,4,4,4,3,1,4,4,4,3],"feature_space":[1,1,1,2,1,1,1,1,1,2,2,2,2,2,1,1,2,1,1,1],"left_img":[2,1,2,1,1,1,2,2,1,1,1,1,2,1,2,2,1,2,1,2],"img1Sample":[3,2,1,1,2,1,2,3,2,2,3,2,1,2,3,2,1,3,1,2],"img2Sample":[2,2,1,2,3,3,1,3,1,1,3,2,1,2,2,3,2,2,3,3],"key":[49,49,49,49,50,49,49,49,49,49,49,49,49,49,49,49,49,49,50,49],"correct":[false,false,true,true,true,true,false,true,false,false,true,false,true,true,false,false,true,true,true,true],"right_img":[1,2,1,2,2,2,1,1,2,2,2,2,1,2,1,1,2,1,2,1],"img_choice":[2,1,2,1,2,1,2,2,1,1,1,1,2,1,2,2,1,2,2,2],"center_sample":[1,1,3,3,3,3,2,1,2,2,1,3,2,3,1,3,3,1,2,1],"left_sample":[2,2,1,1,2,1,1,3,2,2,3,2,1,2,2,3,1,2,1,3],"right_sample":[3,2,1,2,3,3,2,3,1,1,3,2,1,2,3,2,2,3,3,2],"RT":[[0,258.40000009536743,0,0],[0,27.5,0,0],[0,210.40000009536743,0,0],[0,158.09999990463257,0,0],[0,30,0,0],[0,139.7999997138977,0,0],[0,166.69999980926514,0,0],[0,170,0,0],[0,162.40000009536743,0,0],[0,271.7000002861023,0,0],[0,141.69999980926514,0,0],[0,148.7999997138977,0,0],[0,34.69999980926514,0,0],[0,137.19999980926514,0,0],[0,395.6000003814697,0,0],[0,40.60000038146973,0,0],[0,38.30000019073486,0,0],[0,31.09999990463257,0,0],[0,27.59999990463257,0,0],[0,29.800000190734863,0,0]],"response":[[0,1,0,0],[0,1,0,0],[0,1,0,0],[0,1,0,0],[0,1,0,0],[0,1,0,0],[0,1,0,0],[0,1,0,0],[0,1,0,0],[0,1,0,0],[0,1,0,0],[0,1,0,0],[0,1,0,0],[0,1,0,0],[0,1,0,0],[0,1,0,0],[0,1,0,0],[0,1,0,0],[0,1,0,0],[0,1,0,0]],"framerate":[20.723002535086692,23.313646250818522,19.486055293945117,20.72270431547244,25.380710656058863,23.29795496016291,22.060731886302232,20.3432930705658,21.15480338727909,19.54697022390283,20.37178507519378,22.11238292895733,25.738077214231645,23.388773391671684,17.79007709536448,26.47150419250458,26.190109386069455,27.397260273972602,26.750590086546026,25.820170105616036]}
