{"practice":[0,0,0,0,0,0,0,0,0,0,0,0,0,0,0,0,0,0,0,0],"center_interval":[25,25,25,75,50,0,0,75,100,100,100,50,100,75,25,100,50,0,100,100],"image_pair":[1,1,3,4,4,2,4,4,4,2,3,1,1,2,2,2,4,2,3,1],"feature_space":[2,1,1,1,2,2,1,1,1,1,2,1,1,1,1,2,2,2,1,1],"left_img":[1,2,2,1,1,1,1,1,2,1,1,1,1,1,1,1,2,1,2,1],"img1Sample":[3,2,3,3,2,3,3,2,2,3,1,1,1,1,1,2,1,1,1,2],"img2Sample":[1,2,2,3,1,1,3,3,3,2,1,3,3,1,2,1,1,1,3,1],"key":[49,49,49,49,50,49,49,49,49,49,49,50,49,49,49,50,49,49,49,50],"correct":[true,false,false,false,false,true,true,false,true,false,false,false,false,false,true,true,false,true,true,true],"right_img":[2,1,1,2,2,2,2,2,1,2,2,2,2,2,2,2,1,2,1,2],"img_choice":[1,2,2,1,2,1,1,1,2,1,1,2,1,1,1,2,2,1,2,2],"center_sample":[2,3,1,2,2,2,1,3,1,1,3,3,1,2,2,3,3,3,1,2],"left_sample":[3,2,2,3,2,3,3,2,3,3,1,1,1,1,1,2,1,1,3,2],"right_sample":[1,2,3,3,1,1,3,3,2,2,1,3,3,1,2,1,1,1,1,1],"RT":[[0,38.200000286102295,0,0],[0,147.2999997138977,0,0],[0,161.59999990463257,0,0],[0,148.5,0,0],[0,183.60000038146973,0,0],[0,265.8999996185303,0,0],[0,134.59999990463257,0,0],[0,33.69999980926514,0,0],[0,154.60000038146973,0,0],[0,36.40000009536743,0,0],[0,142.59999990463257,0,0],[0,144.40000009536743,0,0],[0,171.89999961853027,0,0],[0,25.90000009536743,0,0],[0,273.2000002861023,0,0],[0,131.60000038146973,0,0],[0,142.40000009536743,0,0],[0,155,0,0],[0,153.59999990463257,0,0],[0,248.19999980926514,0,0]],"response":[[0,1,0,0],[0,1,0,0],[0,1,0,0],[0,1,0,0],[0,1,0,0],[0,1,0,0],[0,1,0,0],[0,1,0,0],[0,1,0,0],[0,1,0,0],[0,1,0,0],[0,1,0,0],[0,1,0,0],[0,1,0,0],[0,1,0,0],[0,1,0,0],[0,1,0,0],[0,1,0,0],[0,1,0,0],[0,1,0,0]],"framerate":[25.97799510623861,21.393234386896353,23.13922097672358,19.28764305474968,22.080471055215302,21.319569113443023,24.209818426361803,23.564064801178205,23.17198765014104,22.78250303436709,23.36751914259769,23.127328802025932,23.94153224655624,23.408239710825764,20.336685122516617,24.72670483815965,24.242424242424242,24.044545675931154,23.53556486236085,23.609963407214757]}
