{"practice":[0,0,0,0,0,0,0,0,0,0,0,0,0,0,0,0,0,0,0,0],"center_interval":[50,25,100,25,100,50,100,75,75,75,50,25,0,75,75,50,75,100,75,0],"image_pair":[1,4,1,2,3,1,3,4,3,3,3,2,1,3,2,2,4,4,1,3],"feature_space":[1,1,2,1,2,1,1,2,2,2,1,2,2,2,1,1,1,1,2,1],"left_img":[1,2,2,2,2,2,2,1,2,1,2,1,1,2,1,2,1,2,1,2],"img1Sample":[2,1,1,2,2,3,1,2,2,3,1,1,2,2,2,2,1,2,3,1],"img2Sample":[1,2,1,3,2,3,2,1,2,1,2,2,1,3,3,2,2,3,1,1],"key":[49,49,49,49,49,49,50,49,49,49,49,49,49,49,49,49,49,49,49,49],"correct":[true,false,true,false,true,false,false,false,true,false,false,true,true,true,false,false,false,true,false,false],"right_img":[2,1,1,1,1,1,1,2,1,2,1,2,2,1,2,1,2,1,2,1],"img_choice":[1,2,2,2,2,2,1,1,2,1,2,1,1,2,1,2,1,2,1,2],"center_sample":[2,1,3,3,3,3,1,1,3,3,1,1,3,2,1,2,1,2,1,2],"left_sample":[2,2,1,3,2,3,2,2,2,3,2,1,2,3,2,2,1,3,3,1],"right_sample":[1,1,1,2,2,3,1,1,2,1,1,2,1,2,3,2,2,2,1,1],"RT":[[0,162,0,0],[0,135.7000002861023,0,0],[0,146.60000038146973,0,0],[0,175.59999990463257,0,0],[0,159.90000009536743,0,0],[0,152.40000009536743,0,0],[0,28.200000286102295,0,0],[0,162.59999990463257,0,0],[0,148.80000019073486,0,0],[0,138.59999990463257,0,0],[0,128.59999990463257,0,0],[0,185.7999997138977,0,0],[0,252.40000009536743,0,0],[0,268.80000019073486,0,0],[0,143.90000009536743,0,0],[0,146.5,0,0],[0,41.19999980926514,0,0],[0,130.90000009536743,0,0],[0,148.80000019073486,0,0],[0,151.09999990463257,0,0]],"response":[[0,1,0,0],[0,1,0,0],[0,1,0,0],[0,1,0,0],[0,1,0,0],[0,1,0,0],[0,1,0,0],[0,1,0,0],[0,1,0,0],[0,1,0,0],[0,1,0,0],[0,1,0,0],[0,1,0,0],[0,1,0,0],[0,1,0,0],[0,1,0,0],[0,1,0,0],[0,1,0,0],[0,1,0,0],[0,1,0,0]],"framerate":[22.09513906666603,24.895178187732487,23.718540004016212,22.401991288114502,23.088763457147685,23.56855678184253,19.47857356629065,22.48379844219577,20.49180327368276,24.144869215291752,25.343470728069736,23.776748845285358,22.637238256932655,20.550291126886826,23.812673631074276,23.882181245263588,24.551173842221655,25.069270349134722,24.533187957856526,22.246941048228443]}
