{"practice":[1,1,1,1,1],"center_interval":[0,50,0,100,75],"image_pair":[3,4,1,4,2],"feature_space":[2,1,1,2,1],"left_img":[2,1,2,1,1],"img1Sample":[3,1,1,3,1],"img2Sample":[3,1,1,1,1],"key":[50,50,50,50,50],"correct":[true,false,true,true,true],"right_img":[1,2,1,2,2],"img_choice":[1,2,1,2,2],"center_sample":[1,3,3,2,3],"left_sample":[3,1,1,3,1],"right_sample":[3,1,1,1,1],"RT":[[0,1176.3000001907349,0,0],[0,335.40000009536743,0,0],[0,2278.4000000953674,0,0],[0,1410.2000002861023,0,0],[0,1533.7000002861023,0,0]],"response":[[0,1,0,0],[0,1,0,0],[0,1,0,0],[0,1,0,0],[0,1,0,0]],"framerate":[13.16366827693658,22.760190360201307,13.153795561890531,15.886412151601007,16.38653494940646]}
