{"practice":[0,0,0,0,0,0,0,0,0,0,0,0,0,0,0,0,0,0,0,0],"center_interval":[50,0,25,75,0,0,0,0,75,50,25,0,25,50,0,50,50,50,75,75],"image_pair":[1,2,4,3,1,4,2,1,3,1,3,1,1,3,3,4,1,4,1,3],"feature_space":[1,2,1,1,1,2,2,2,1,1,2,2,2,1,2,1,1,2,2,1],"left_img":[1,2,2,1,1,2,2,1,1,2,2,1,2,2,2,1,1,2,2,1],"img1Sample":[1,1,3,1,3,3,2,2,1,2,1,1,3,1,1,3,3,1,3,3],"img2Sample":[2,2,3,3,3,2,3,2,1,1,1,3,1,1,3,3,2,3,2,1],"stim_time":[2000,2000,2000,2000,2000,2000,2000,2000,2000,2000,2000,2000,2000,2000,2000,2000,2000,2000,2000,2000],"key":[50,50,49,49,49,50,50,49,50,49,49,49,49,49,49,50,49,49,49,50],"correct":[false,true,false,false,true,true,true,true,true,false,false,true,false,false,false,false,true,false,true,true],"right_img":[2,1,1,2,2,1,1,2,2,1,1,2,1,1,1,2,2,1,1,2],"img_choice":[2,1,2,1,1,1,1,1,2,2,2,1,2,2,2,2,1,2,2,2],"center_sample":[1,1,3,1,3,1,3,3,1,2,3,2,2,1,3,2,1,3,3,3],"left_sample":[1,2,3,1,3,2,3,2,1,1,1,1,1,1,3,3,3,3,2,3],"right_sample":[2,1,3,3,3,3,2,2,1,2,1,3,3,1,1,3,2,1,3,1],"exact_match":[0,1,0,0,1,0,0,0,0,0,0,0,0,0,0,0,0,0,0,0],"RT":[[0,0,0,864.9000000953674,0,0],[0,0,0,1018.3999999761581,0,0],[0,0,0,515.2000000476837,0,0],[0,0,0,446.2000000476837,0,0],[0,0,0,704.5,0,0],[0,0,0,661.2999999523163,0,0],[0,0,0,706.7999999523163,0,0],[0,0,0,431.60000002384186,0,0],[0,0,0,648,0,0],[0,0,0,675.5,0,0],[0,0,0,559.5,0,0],[0,0,0,469.7999999523163,0,0],[0,0,0,506.60000002384186,0,0],[0,0,0,459.2999999523163,0,0],[0,0,0,416.2000000476837,0,0],[0,0,0,342.8000000715256,0,0],[0,0,0,263.09999990463257,0,0],[0,0,0,386,0,0],[0,0,0,689.7999999523163,0,0],[0,0,0,686.5999999046326,0,0]],"response":[[0,0,0,1,0,0],[0,0,0,1,0,0],[0,0,0,1,0,0],[0,0,0,1,0,0],[0,0,0,1,0,0],[0,0,0,1,0,0],[0,0,0,1,0,0],[0,0,0,1,0,0],[0,0,0,1,0,0],[0,0,0,1,0,0],[0,0,0,1,0,0],[0,0,0,1,0,0],[0,0,0,1,0,0],[0,0,0,1,0,0],[0,0,0,1,0,0],[0,0,0,1,0,0],[0,0,0,1,0,0],[0,0,0,1,0,0],[0,0,0,1,0,0],[0,0,0,1,0,0]],"framerate":[60.00763733683162,59.991131744249664,60.01025300977746,60.00369253360459,60.001137461914766,59.99942308370827,59.99601922188018,60.00061856175066,59.99652194200083,59.99712932395579,60.0083179838211,60.00243664630204,59.995779191844925,59.99938776266309,60.01175487893663,59.984765774679545,60.01500374907092,60.001875059042646,59.99999999999999,59.71599188588924]}
