{"practice":[0,0,0,0,0,0,0,0,0,0,0,0,0,0,0,0,0,0,0,0],"center_interval":[50,0,0,100,25,25,100,0,25,75,0,0,25,75,25,25,50,25,25,75],"image_pair":[2,1,4,2,3,1,3,3,1,1,3,2,3,3,1,1,3,2,3,2],"feature_space":[2,1,1,2,2,1,1,2,1,2,2,2,1,2,1,1,1,2,1,1],"left_img":[1,2,1,2,2,1,2,1,2,1,1,2,1,1,1,2,2,2,1,1],"img1Sample":[2,1,1,2,3,2,1,2,2,3,1,1,2,2,3,3,2,3,1,1],"img2Sample":[3,1,3,3,3,1,2,3,1,3,3,3,3,2,3,1,2,1,3,1],"key":[49,50,50,49,50,50,50,50,50,49,49,50,49,49,50,49,50,50,50,50],"correct":[true,true,false,true,true,false,false,false,true,false,true,true,true,false,false,false,true,true,false,true],"right_img":[2,1,2,1,1,2,1,2,1,2,2,1,2,2,2,1,1,1,2,2],"img_choice":[1,1,2,2,1,2,1,2,1,1,1,1,1,1,2,2,1,1,2,2],"center_sample":[3,3,2,2,1,2,1,3,1,2,3,3,1,1,1,1,3,3,1,3],"left_sample":[2,1,1,3,3,2,2,2,1,3,1,3,2,2,3,1,2,1,1,1],"right_sample":[3,1,3,2,3,1,1,3,2,3,3,1,3,2,3,3,2,3,3,1],"RT":[[0,0,0,118.5,0,0],[0,0,0,123.30000000004657,0,0],[0,0,0,217.69999999995343,0,0],[0,0,0,197,0,0],[0,0,0,201.69999999995343,0,0],[0,0,0,203,0,0],[0,0,0,213.30000000004657,0,0],[0,0,0,129.80000000004657,0,0],[0,0,0,121.5,0,0],[0,0,0,129.0999999998603,0,0],[0,0,0,112.5999999998603,0,0],[0,0,0,192.30000000004657,0,0],[0,0,0,125.10000000009313,0,0],[0,0,0,29,0,0],[0,0,0,120.80000000004657,0,0],[0,0,0,129.60000000009313,0,0],[0,0,0,194.20000000018626,0,0],[0,0,0,196.9000000001397,0,0],[0,0,0,188.30000000004657,0,0],[0,0,0,127.70000000018626,0,0]],"response":[[0,0,0,1,0,0],[0,0,0,1,0,0],[0,0,0,1,0,0],[0,0,0,1,0,0],[0,0,0,1,0,0],[0,0,0,1,0,0],[0,0,0,1,0,0],[0,0,0,1,0,0],[0,0,0,1,0,0],[0,0,0,1,0,0],[0,0,0,1,0,0],[0,0,0,1,0,0],[0,0,0,1,0,0],[0,0,0,1,0,0],[0,0,0,1,0,0],[0,0,0,1,0,0],[0,0,0,1,0,0],[0,0,0,1,0,0],[0,0,0,1,0,0],[0,0,0,1,0,0]],"framerate":[25.163220892275806,22.060819983707887,23.943846759380374,22.611644997174945,25.641879516466222,23.843428155115113,24.776188431170986,22.300310852819,23.63175559969823,22.747334827188876,23.190778255233504,23.453729142934826,23.84764759990423,24.166433174559096,23.187615085588842,22.806957824148505,24.36582109479306,23.502151605428665,23.669033570024038,25.918221191555705]}
