{"practice":[1,1,1,1,1],"center_interval":[75,0,0,50,75],"image_pair":[1,2,1,2,1],"feature_space":[2,2,1,2,2],"left_img":[1,2,2,1,2],"img1Sample":[3,1,2,2,3],"img2Sample":[2,1,1,2,2],"key":[50,50,50,49,50],"correct":[true,true,true,true,false],"right_img":[2,1,1,2,1],"img_choice":[2,1,1,1,1],"center_sample":[2,2,3,1,2],"left_sample":[3,1,1,2,2],"right_sample":[2,1,2,2,3],"RT":[[0,0,0,36.0999999998603,0,0],[0,0,0,362.70000000018626,0,0],[0,0,0,118.10000000009313,0,0],[0,0,0,200.5,0,0],[0,0,0,515.5999999998603,0,0]],"response":[[0,0,0,1,0,0],[0,0,0,1,0,0],[0,0,0,1,0,0],[0,0,0,1,0,0],[0,0,0,1,0,0]],"framerate":[27.430018286677956,25.47730632529136,25.919989086321618,25.500910746812387,22.837224676221282]}
