{"practice":[0,0,0,0,0,0,0,0,0,0,0,0,0,0,0,0,0,0,0,0],"center_interval":[25,75,0,75,25,75,75,25,0,25,50,50,75,0,50,25,0,25,25,50],"image_pair":[4,3,1,1,4,2,3,4,1,4,2,3,4,4,1,2,4,4,4,1],"feature_space":[1,1,2,1,1,1,2,2,2,1,2,2,1,1,1,2,2,2,2,1],"left_img":[1,1,1,2,1,1,2,1,2,1,2,1,2,2,2,1,1,2,1,2],"img1Sample":[3,2,1,3,2,1,1,2,1,3,1,2,3,1,3,1,3,3,3,3],"img2Sample":[1,1,3,3,1,1,2,2,2,2,1,1,2,2,2,2,2,1,3,1],"stim_time":[250,250,250,250,250,250,250,250,250,250,250,250,250,250,250,250,250,250,250,250],"key":[49,49,49,49,50,50,49,49,50,49,50,49,49,49,49,49,49,50,50,50],"correct":[true,false,true,true,false,true,true,true,true,true,true,true,true,false,false,true,true,true,false,true],"right_img":[2,2,2,1,2,2,1,2,1,2,1,2,1,1,1,2,2,1,2,1],"img_choice":[1,1,1,2,2,2,2,1,1,1,1,1,2,2,2,1,1,1,2,1],"center_sample":[1,3,2,3,1,2,1,1,3,2,1,3,1,2,3,2,2,1,1,1],"left_sample":[3,2,1,3,2,1,2,2,2,3,1,2,2,2,2,1,3,1,3,1],"right_sample":[1,1,3,3,1,1,1,2,1,2,1,1,3,1,3,2,2,3,3,3],"exact_match":[0,0,0,0,0,0,0,0,0,0,0,0,0,0,0,0,0,0,0,0],"RT":[[0,0,0,562.5,0,0],[0,0,0,1237.3999999761581,0,0],[0,0,0,590.2000000476837,0,0],[0,0,0,583,0,0],[0,0,0,546.6000000238419,0,0],[0,0,0,349.10000002384186,0,0],[0,0,0,307.8000000715256,0,0],[0,0,0,346.60000002384186,0,0],[0,0,0,382.8000000715256,0,0],[0,0,0,292.2999999523163,0,0],[0,0,0,562.3999999761581,0,0],[0,0,0,420.7999999523163,0,0],[0,0,0,226.89999997615814,0,0],[0,0,0,221.40000009536743,0,0],[0,0,0,2.5,0,0],[0,0,0,476.1999999284744,0,0],[0,0,0,124.30000007152557,0,0],[0,0,0,48.10000002384186,0,0],[0,0,0,105.5,0,0],[0,0,0,5.700000047683716,0,0]],"response":[[0,0,0,1,0,0],[0,0,0,1,0,0],[0,0,0,1,0,0],[0,0,0,1,0,0],[0,0,0,1,0,0],[0,0,0,1,0,0],[0,0,0,1,0,0],[0,0,0,1,0,0],[0,0,0,1,0,0],[0,0,0,1,0,0],[0,0,0,1,0,0],[0,0,0,1,0,0],[0,0,0,1,0,0],[0,0,0,1,0,0],[0,0,0,1,0,0],[0,0,0,1,0,0],[0,0,0,1,0,0],[0,0,0,1,0,0],[0,0,0,1,0,0],[0,0,0,1,0,0]],"framerate":[60.00618620476338,59.99739142025208,59.99999999999999,60.00122451215844,59.99999999999999,60.00857265528035,59.99853661896469,59.99571459079322,60.00139538328409,59.96446550404155,60.03589775152396,59.99325918436131,60.00623441173525,60.01091107920123,59.99250093336052,59.99739141869731,60.00169019087391,59.96184246128899,60.039454499898326,60.00937646507267]}
