{"practice":[0,0,0,0,0,0,0,0,0,0,0,0,0,0,0,0,0,0,0,0],"center_interval":[0,75,25,100,50,100,0,0,75,0,0,75,25,75,75,0,50,50,25,100],"image_pair":[3,4,2,1,1,2,3,1,2,2,1,3,1,1,1,2,2,4,3,3],"feature_space":[2,2,1,1,1,1,1,2,2,1,1,2,1,2,2,2,1,1,2,1],"left_img":[1,2,1,1,2,2,1,1,1,1,1,1,1,2,2,2,1,2,1,1],"img1Sample":[2,2,1,2,1,2,3,2,1,1,3,1,1,2,2,1,3,1,3,3],"img2Sample":[3,1,3,3,2,1,1,3,1,2,2,3,3,1,2,2,1,3,3,2],"stim_time":[2000,2000,2000,2000,2000,2000,2000,2000,2000,2000,2000,2000,2000,2000,2000,2000,2000,2000,2000,2000],"key":[49,49,50,50,49,49,49,50,49,50,49,50,49,49,50,49,49,50,50,49],"correct":[true,true,false,true,false,true,true,false,false,false,true,true,true,true,false,false,true,true,false,false],"right_img":[2,1,2,2,1,1,2,2,2,2,2,2,2,1,1,1,2,1,2,2],"img_choice":[1,2,2,2,2,2,1,2,1,2,1,2,1,2,1,2,1,1,2,1],"center_sample":[1,1,3,3,2,2,2,1,1,2,2,2,1,2,2,2,3,3,2,2],"left_sample":[2,1,1,2,2,1,3,2,1,1,3,1,1,1,2,2,3,3,3,3],"right_sample":[3,2,3,3,1,2,1,3,1,2,2,3,3,2,2,1,1,1,3,2],"exact_match":[0,0,0,1,0,0,0,0,0,0,0,0,0,0,0,0,0,0,0,1],"RT":[[0,0,0,1748.9000000953674,0,0],[0,0,0,1262,0,0],[0,0,0,709.1000000238419,0,0],[0,0,0,744.6000000238419,0,0],[0,0,0,1091,0,0],[0,0,0,779.7000000476837,0,0],[0,0,0,1144.2000000476837,0,0],[0,0,0,736.6999999284744,0,0],[0,0,0,436.2000000476837,0,0],[0,0,0,147.39999997615814,0,0],[0,0,0,125.29999995231628,0,0],[0,0,0,630.1000000238419,0,0],[0,0,0,177.39999997615814,0,0],[0,0,0,1115,0,0],[0,0,0,827.7000000476837,0,0],[0,0,0,362.39999997615814,0,0],[0,0,0,1001,0,0],[0,0,0,948.3000000715256,0,0],[0,0,0,1052,0,0],[0,0,0,466.6999999284744,0,0]],"response":[[0,0,0,1,0,0],[0,0,0,1,0,0],[0,0,0,1,0,0],[0,0,0,1,0,0],[0,0,0,1,0,0],[0,0,0,1,0,0],[0,0,0,1,0,0],[0,0,0,1,0,0],[0,0,0,1,0,0],[0,0,0,1,0,0],[0,0,0,1,0,0],[0,0,0,1,0,0],[0,0,0,1,0,0],[0,0,0,1,0,0],[0,0,0,1,0,0],[0,0,0,1,0,0],[0,0,0,1,0,0],[0,0,0,1,0,0],[0,0,0,1,0,0],[0,0,0,1,0,0]],"framerate":[59.99999999999999,60.006886035398814,59.99260754558292,60.00338047294528,60.00307707977544,60.00055814552537,60.00303812923721,59.9966199079317,60.00184621109282,59.9837332234342,60.02114381300073,60.0005825307608,59.98458496651247,60.00408538490211,60.0055050922103,59.9823209996748,60.016773246296545,60.00320017143879,59.9917252785321,59.99387817569635]}
