{"practice":[0,0,0,0,0,0,0,0,0,0,0,0,0,0,0,0,0,0,0,0],"center_interval":[25,75,75,50,50,100,50,0,0,50,100,0,100,75,75,50,0,75,75,25],"image_pair":[1,3,3,3,1,1,2,2,3,2,1,4,2,3,4,1,4,3,1,4],"feature_space":[2,2,2,1,2,2,2,1,2,1,2,1,2,2,1,2,2,2,1,1],"left_img":[2,2,1,2,2,1,2,1,1,1,1,1,2,1,1,1,1,2,2,1],"img1Sample":[2,3,3,1,1,2,3,1,1,2,2,2,1,1,3,3,1,1,1,1],"img2Sample":[1,3,1,3,3,2,1,2,1,1,1,3,1,2,3,2,1,2,2,1],"stim_time":[250,250,250,250,250,250,250,250,250,250,250,250,250,250,250,250,250,250,250,250],"key":[49,49,49,50,49,49,50,50,49,50,49,50,49,50,49,50,49,50,49,49],"correct":[false,true,false,true,false,false,true,false,true,false,false,false,true,true,false,false,true,false,true,true],"right_img":[1,1,2,1,1,2,1,2,2,2,2,2,1,2,2,2,2,1,1,2],"img_choice":[2,2,1,1,2,1,1,2,1,2,1,2,2,2,1,2,1,1,2,1],"center_sample":[1,2,3,3,1,3,2,2,3,3,3,3,1,1,3,3,2,1,3,3],"left_sample":[1,3,3,3,3,2,1,1,1,2,2,2,1,1,3,3,1,2,2,1],"right_sample":[2,3,1,1,1,2,3,2,1,1,1,3,1,2,3,2,1,1,1,1],"exact_match":[0,0,0,0,0,0,0,0,0,0,0,0,1,0,0,0,0,0,0,0],"RT":[[0,0,0,1254,0,0],[0,0,0,364,0,0],[0,0,0,2776,0,0],[0,0,0,585,0,0],[0,0,0,79,0,0],[0,0,0,911,0,0],[0,0,0,106,0,0],[0,0,0,871,0,0],[0,0,0,1470,0,0],[0,0,0,218,0,0],[0,0,0,358,0,0],[0,0,0,133,0,0],[0,0,0,1191,0,0],[0,0,0,25,0,0],[0,0,0,868,0,0],[0,0,0,1080,0,0],[0,0,0,252,0,0],[0,0,0,728,0,0],[0,0,0,2752,0,0],[0,0,0,423,0,0]],"response":[[0,0,0,1,0,0],[0,0,0,1,0,0],[0,0,0,1,0,0],[0,0,0,1,0,0],[0,0,0,1,0,0],[0,0,0,1,0,0],[0,0,0,1,0,0],[0,0,0,1,0,0],[0,0,0,1,0,0],[0,0,0,1,0,0],[0,0,0,1,0,0],[0,0,0,1,0,0],[0,0,0,1,0,0],[0,0,0,1,0,0],[0,0,0,1,0,0],[0,0,0,1,0,0],[0,0,0,1,0,0],[0,0,0,1,0,0],[0,0,0,1,0,0],[0,0,0,1,0,0]],"framerate":[23.788927335640135,23.454157782515992,22.210608831983276,23.228111971411554,24.284475281873373,24.647887323943664,25.862068965517242,23.160061760164695,22.300469483568072,23.125996810207337,24.742268041237114,24.00662251655629,24.466192170818506,26.19692863595303,24.289405684754524,24.129930394431554,22.156573116691284,25.041736227045078,23.243666753721598,26.548672566371682]}
