{"practice":[0,0,0,0,0,0,0,0,0,0,0,0,0,0,0,0,0,0,0,0],"center_interval":[50,100,50,100,0,25,0,0,50,75,0,0,0,0,100,100,0,50,75,50],"image_pair":[3,3,1,1,2,2,3,1,1,1,4,2,1,1,2,2,4,2,3,1],"feature_space":[1,1,2,2,2,2,2,2,2,2,2,2,2,1,1,2,1,1,1,2],"left_img":[1,2,2,1,1,2,1,1,1,1,1,1,2,1,1,1,2,1,1,2],"img1Sample":[1,2,2,2,3,2,3,3,3,3,1,3,1,1,1,3,3,1,2,2],"img2Sample":[2,2,3,2,1,3,3,2,1,2,2,3,2,2,3,2,2,1,1,3],"stim_time":[250,250,250,250,250,250,250,250,250,250,250,250,250,250,250,250,250,250,250,250],"key":[49,50,50,49,50,50,49,49,50,50,49,50,49,50,49,49,50,49,50,49],"correct":[true,false,true,false,false,true,true,true,false,true,true,false,false,false,false,false,true,true,true,false],"right_img":[2,1,1,2,2,1,2,2,2,2,2,2,1,2,2,2,1,2,2,1],"img_choice":[1,1,1,1,2,1,1,1,2,2,1,2,2,2,1,1,1,1,2,2],"center_sample":[3,3,2,1,1,2,3,1,1,1,3,1,3,1,2,3,1,1,3,3],"left_sample":[1,2,3,2,3,3,3,3,3,3,1,3,2,1,1,3,2,1,2,3],"right_sample":[2,2,2,2,1,2,3,2,1,2,2,3,1,2,3,2,3,1,1,2],"exact_match":[0,0,0,0,0,0,1,0,0,0,0,0,0,1,0,0,0,0,0,0],"RT":[[0,0,0,940,0,0],[0,0,0,102,0,0],[0,0,0,1346,0,0],[0,0,0,1682,0,0],[0,0,0,811,0,0],[0,0,0,2182,0,0],[0,0,0,709,0,0],[0,0,0,1133,0,0],[0,0,0,232,0,0],[0,0,0,911,0,0],[0,0,0,123,0,0],[0,0,0,1124,0,0],[0,0,0,108,0,0],[0,0,0,395,0,0],[0,0,0,330,0,0],[0,0,0,296,0,0],[0,0,0,334,0,0],[0,0,0,247,0,0],[0,0,0,308,0,0],[0,0,0,430,0,0]],"response":[[0,0,0,1,0,0],[0,0,0,1,0,0],[0,0,0,1,0,0],[0,0,0,1,0,0],[0,0,0,1,0,0],[0,0,0,1,0,0],[0,0,0,1,0,0],[0,0,0,1,0,0],[0,0,0,1,0,0],[0,0,0,1,0,0],[0,0,0,1,0,0],[0,0,0,1,0,0],[0,0,0,1,0,0],[0,0,0,1,0,0],[0,0,0,1,0,0],[0,0,0,1,0,0],[0,0,0,1,0,0],[0,0,0,1,0,0],[0,0,0,1,0,0],[0,0,0,1,0,0]],"framerate":[23.313492063492063,26.89075630252101,23.51952960940781,22.05350686912509,24.933687002652523,23.634131368937997,22.484541877459247,21.96796338672769,23.86451116243264,25.79979360165119,24.87562189054726,21.15211521152115,23.850085178875638,25.517241379310345,24.56647398843931,23.982558139534884,23.689877961234746,25.34562211981567,25.32561505065123,22.31237322515213]}
