{"practice":[0,0,0,0,0,0,0,0,0,0,0,0,0,0,0,0,0,0,0,0],"center_interval":[0,75,75,75,100,75,50,50,75,75,25,50,0,25,100,25,100,0,50,50],"image_pair":[2,2,4,4,1,2,2,1,2,3,1,1,3,2,2,3,3,4,2,4],"feature_space":[1,2,2,2,2,2,1,1,1,1,2,1,1,2,1,1,2,2,2,1],"left_img":[1,1,2,1,1,2,1,2,2,2,1,1,2,1,1,1,1,1,1,1],"img1Sample":[1,1,2,2,1,1,3,2,3,2,2,1,1,3,1,1,1,3,2,3],"img2Sample":[2,1,1,3,3,2,2,1,1,1,2,3,1,3,1,2,2,3,2,2],"stim_time":[2000,2000,2000,2000,2000,2000,2000,2000,2000,2000,2000,2000,2000,2000,2000,2000,2000,2000,2000,2000],"key":[50,49,50,49,49,49,49,50,49,49,50,50,50,49,50,49,49,49,49,49],"correct":[false,false,false,false,false,true,true,true,true,true,false,false,true,true,true,true,false,true,true,true],"right_img":[2,2,1,2,2,1,2,1,1,1,2,2,1,2,2,2,2,2,2,2],"img_choice":[2,1,1,1,1,2,1,1,2,2,2,2,1,1,2,1,1,1,1,1],"center_sample":[1,1,1,3,1,1,1,2,1,2,1,2,3,3,3,1,1,1,1,3],"left_sample":[1,1,1,2,1,2,3,1,1,1,2,1,1,3,1,1,1,3,2,3],"right_sample":[2,1,2,3,3,1,2,2,3,2,2,3,1,3,1,2,2,3,2,2],"exact_match":[1,0,0,0,0,0,0,0,0,0,0,0,0,0,0,0,0,0,0,0],"RT":[[0,0,0,30,0,0],[0,0,0,511,0,0],[0,0,0,1408,0,0],[0,0,0,2314,0,0],[0,0,0,1263,0,0],[0,0,0,1339,0,0],[0,0,0,796,0,0],[0,0,0,13,0,0],[0,0,0,1291,0,0],[0,0,0,1501,0,0],[0,0,0,1066,0,0],[0,0,0,1396,0,0],[0,0,0,233,0,0],[0,0,0,1546,0,0],[0,0,0,2582,0,0],[0,0,0,2206,0,0],[0,0,0,873,0,0],[0,0,0,582,0,0],[0,0,0,779,0,0],[0,0,0,336,0,0]],"response":[[0,0,0,1,0,0],[0,0,0,1,0,0],[0,0,0,1,0,0],[0,0,0,1,0,0],[0,0,0,1,0,0],[0,0,0,1,0,0],[0,0,0,1,0,0],[0,0,0,1,0,0],[0,0,0,1,0,0],[0,0,0,1,0,0],[0,0,0,1,0,0],[0,0,0,1,0,0],[0,0,0,1,0,0],[0,0,0,1,0,0],[0,0,0,1,0,0],[0,0,0,1,0,0],[0,0,0,1,0,0],[0,0,0,1,0,0],[0,0,0,1,0,0],[0,0,0,1,0,0]],"framerate":[21.997206703910614,22.768124625524266,22.458628841607563,23.591343341782025,24.78527607361963,22.83653846153846,24.2624758753791,22.79202279202279,22.804463852498785,23.12673450508788,24.390243902439025,24.19928825622776,25.66633761105627,23.405231757687012,23.178193955127018,23.09836718438869,23.932553712265435,23.6772873428822,22.91783119060928,25.173064820641912]}
