{"practice":[1,1,1,1,1],"center_interval":[0,50,25,0,100],"image_pair":[1,1,4,1,1],"feature_space":[1,1,2,2,2],"left_img":[2,2,1,1,1],"img1Sample":[1,3,1,2,1],"img2Sample":[2,1,1,2,2],"stim_time":[2000,2000,2000,2000,2000],"key":[49,50,49,49,49],"correct":[false,true,true,true,false],"right_img":[1,1,2,2,2],"img_choice":[2,1,1,1,1],"center_sample":[3,3,2,3,1],"left_sample":[2,1,1,2,1],"right_sample":[1,3,1,2,2],"exact_match":[0,0,0,0,0],"RT":[[0,0,0,1176,0,0],[0,0,0,1268,0,0],[0,0,0,1431,0,0],[0,0,0,1180,0,0],[0,0,0,1521,0,0]],"response":[[0,0,0,1,0,0],[0,0,0,1,0,0],[0,0,0,1,0,0],[0,0,0,1,0,0],[0,0,0,1,0,0]],"framerate":[23.01980198019802,21.892483580637315,23.815137939165293,24.512256128064035,20.95808383233533]}
