{"practice":[0,0,0,0,0,0,0,0,0,0,0,0,0,0,0,0,0,0,0,0],"center_interval":[25,100,25,75,50,100,50,100,50,0,100,50,50,0,0,0,100,25,0,0],"image_pair":[2,2,2,1,2,3,4,3,2,1,4,2,4,3,3,3,2,1,2,3],"feature_space":[2,1,2,2,2,1,1,1,1,2,2,2,2,2,2,1,1,1,2,2],"left_img":[1,1,2,1,1,1,1,2,2,1,1,1,1,1,1,2,2,2,2,2],"img1Sample":[2,1,2,3,3,3,3,3,1,1,1,2,1,1,1,2,2,2,2,1],"img2Sample":[1,2,1,1,1,1,1,2,1,2,2,2,1,3,2,1,2,1,2,2],"stim_time":[2000,2000,2000,2000,2000,2000,2000,2000,2000,2000,2000,2000,2000,2000,2000,2000,2000,2000,2000,2000],"key":[50,49,49,49,50,49,50,49,49,49,49,49,49,50,49,50,49,50,49,49],"correct":[false,false,false,false,false,false,false,true,false,true,false,true,true,false,true,true,true,true,false,false],"right_img":[2,2,1,2,2,2,2,1,1,2,2,2,2,2,2,1,1,1,1,1],"img_choice":[2,1,2,1,2,1,2,2,2,1,1,1,1,2,1,1,2,1,2,2],"center_sample":[3,3,2,2,3,2,3,3,2,1,3,1,2,1,3,1,2,3,1,1],"left_sample":[2,1,1,3,3,3,3,2,1,1,1,2,1,1,1,1,2,1,2,2],"right_sample":[1,2,2,1,1,1,1,3,1,2,2,2,1,3,2,2,2,2,2,1],"exact_match":[0,0,0,0,0,0,0,0,0,1,0,0,0,1,0,0,1,0,0,1],"RT":[[0,0,0,216,0,0],[0,0,0,181,0,0],[0,0,0,974,0,0],[0,0,0,1270,0,0],[0,0,0,79,0,0],[0,0,0,43,0,0],[0,0,0,926,0,0],[0,0,0,601,0,0],[0,0,0,661,0,0],[0,0,0,489,0,0],[0,0,0,1330,0,0],[0,0,0,1628,0,0],[0,0,0,1660,0,0],[0,0,0,994,0,0],[0,0,0,328,0,0],[0,0,0,117,0,0],[0,0,0,286,0,0],[0,0,0,32,0,0],[0,0,0,873,0,0],[0,0,0,260,0,0]],"response":[[0,0,0,1,0,0],[0,0,0,1,0,0],[0,0,0,1,0,0],[0,0,0,1,0,0],[0,0,0,1,0,0],[0,0,0,1,0,0],[0,0,0,1,0,0],[0,0,0,1,0,0],[0,0,0,1,0,0],[0,0,0,1,0,0],[0,0,0,1,0,0],[0,0,0,1,0,0],[0,0,0,1,0,0],[0,0,0,1,0,0],[0,0,0,1,0,0],[0,0,0,1,0,0],[0,0,0,1,0,0],[0,0,0,1,0,0],[0,0,0,1,0,0],[0,0,0,1,0,0]],"framerate":[23.25581395348837,23.475709162047604,23.464276298444503,23.40321794246709,23.867173988239365,22.79901788846019,23.695420660276888,24.461269656377404,24.07566638005159,23.586332022981555,23.339749759384024,23.579609252189535,23.193577163247102,24.97371188222923,23.56687898089172,24.21555252387449,23.979261179520414,23.743016759776538,14.304635761589404,21.70443664219598]}
