{"practice":[0,0,0,0,0,0,0,0,0,0,0,0,0,0,0,0,0,0,0,0],"center_interval":[0,0,75,0,25,25,100,100,100,100,75,50,25,25,25,75,25,0,25,0],"image_pair":[4,3,4,1,3,2,2,2,4,2,4,1,4,2,2,1,4,3,4,2],"feature_space":[1,2,2,2,2,2,1,1,2,2,2,1,1,1,2,1,1,1,2,1],"left_img":[2,1,1,2,1,1,2,1,1,2,1,2,2,2,1,1,1,2,1,1],"img1Sample":[1,2,3,2,2,1,1,2,3,1,2,3,2,2,3,1,3,2,1,3],"img2Sample":[3,2,3,2,3,2,3,3,3,2,2,3,3,3,3,3,2,3,1,2],"stim_time":[2000,2000,2000,2000,2000,2000,2000,2000,2000,2000,2000,2000,2000,2000,2000,2000,2000,2000,2000,2000],"key":[49,50,49,50,49,49,50,49,49,50,50,49,50,49,49,49,50,50,49,49],"correct":[false,false,false,true,true,true,false,false,false,false,true,false,true,false,true,false,false,true,true,true],"right_img":[1,2,2,1,2,2,1,2,2,1,2,1,1,1,2,2,2,1,2,2],"img_choice":[2,2,1,1,1,1,1,1,1,1,2,2,1,2,1,1,2,1,1,1],"center_sample":[2,2,2,3,2,2,2,1,2,3,2,1,1,3,2,2,1,1,3,1],"left_sample":[3,2,3,2,2,1,3,2,3,2,2,3,3,3,3,1,3,3,1,3],"right_sample":[1,2,3,2,3,2,1,3,3,1,2,3,2,2,3,3,2,2,1,2],"exact_match":[0,1,0,0,0,0,0,0,0,0,0,0,0,0,0,0,0,0,0,0],"RT":[[0,0,0,1725,0,0],[0,0,0,1339,0,0],[0,0,0,1358,0,0],[0,0,0,1176,0,0],[0,0,0,2204,0,0],[0,0,0,1169,0,0],[0,0,0,1176,0,0],[0,0,0,1214,0,0],[0,0,0,1237,0,0],[0,0,0,1160,0,0],[0,0,0,1576,0,0],[0,0,0,2227,0,0],[0,0,0,1582,0,0],[0,0,0,2352,0,0],[0,0,0,1557,0,0],[0,0,0,742,0,0],[0,0,0,1809,0,0],[0,0,0,360,0,0],[0,0,0,4308,0,0],[0,0,0,1854,0,0]],"response":[[0,0,0,1,0,0],[0,0,0,1,0,0],[0,0,0,1,0,0],[0,0,0,1,0,0],[0,0,0,1,0,0],[0,0,0,1,0,0],[0,0,0,1,0,0],[0,0,0,1,0,0],[0,0,0,1,0,0],[0,0,0,1,0,0],[0,0,0,1,0,0],[0,0,0,1,0,0],[0,0,0,1,0,0],[0,0,0,1,0,0],[0,0,0,1,0,0],[0,0,0,1,0,0],[0,0,0,1,0,0],[0,0,0,1,0,0],[0,0,0,1,0,0],[0,0,0,1,0,0]],"framerate":[22.42251044185535,21.980676328502415,24.880382775119617,23.141309699655345,23.158315032940706,21.788129226145756,22.755688922230558,22.388059701492537,22.648941408173314,24.217961654894047,24.373576309794988,23.58303606817281,24.744608399545967,22.376543209876544,23.112128146453088,22.11646136618141,20.038784744667097,24.251968503937007,23.155251778490722,24.489795918367346]}
