{"practice":[1,1,1,1,1],"center_interval":[25,100,75,0,25],"image_pair":[2,4,3,2,4],"feature_space":[1,1,1,2,2],"left_img":[2,2,2,2,2],"img1Sample":[3,2,3,1,1],"img2Sample":[2,1,1,2,1],"key":[null,null,null,null,null],"correct":[null,null,null,null,null],"right_img":[1,1,1,1,1],"img_choice":[null,null,null,null,null],"center_sample":[2,3,2,3,1],"left_sample":[2,1,1,2,1],"right_sample":[3,2,3,1,1],"RT":[[0,0,0,0],[0,0,0,0],[0,0,0,0],[0,0,0,0],[0,0,0,0]],"response":[[0,1,0,0],[0,1,0,0],[0,1,0,0],[0,1,0,0],[0,1,0,0]],"framerate":[19.443453442739923,22.55639097744361,22.618837250397597,22.593844511652733,24.528972627088518]}
