{"practice":[1,1,1,1,1],"center_interval":[50,0,100,75,0],"image_pair":[4,2,3,2,4],"feature_space":[2,1,2,1,2],"left_img":[2,2,2,2,1],"img1Sample":[3,2,1,2,2],"img2Sample":[3,2,2,2,2],"stim_time":[2000,2000,2000,2000,2000],"key":[50,50,49,49,49],"correct":[true,true,true,true,true],"right_img":[1,1,1,1,2],"img_choice":[1,1,2,2,1],"center_sample":[1,3,3,2,1],"left_sample":[3,2,2,2,2],"right_sample":[3,2,1,2,2],"exact_match":[0,0,0,0,0],"RT":[[0,0,0,374,0,0],[0,0,0,334.3999999985099,0,0],[0,0,0,205,0,0],[0,0,0,577.5,0,0],[0,0,0,224.70000000298023,0,0]],"response":[[0,0,0,1,0,0],[0,0,0,1,0,0],[0,0,0,1,0,0],[0,0,0,1,0,0],[0,0,0,1,0,0]],"framerate":[24.93221553903807,13.993130644929588,15.65988071837093,12.880939137568195,23.874153775690502]}
