{"practice":[0,0,0,0,0,0,0,0,0,0,0,0,0,0,0,0,0,0,0,0],"center_interval":[75,0,100,0,0,75,25,75,75,50,100,25,75,0,25,25,0,100,50,75],"image_pair":[1,4,1,2,4,3,2,4,4,3,4,3,3,2,1,1,1,4,2,1],"feature_space":[2,1,2,2,1,1,2,1,1,2,2,2,2,2,1,2,1,1,2,2],"left_img":[2,1,1,1,2,2,1,2,2,2,1,2,1,2,1,2,2,1,2,2],"img1Sample":[3,2,2,1,3,1,2,3,3,2,2,2,1,3,2,1,3,3,3,1],"img2Sample":[1,1,3,2,1,3,1,2,2,2,1,3,2,3,3,1,3,1,1,3],"stim_time":[2000,2000,2000,2000,2000,2000,2000,2000,2000,2000,2000,2000,2000,2000,2000,2000,2000,2000,2000,2000],"key":[49,49,49,49,49,49,49,49,49,49,49,49,49,49,49,49,49,49,49,49],"correct":[true,true,false,true,false,true,true,true,true,false,false,false,false,false,true,false,false,false,false,true],"right_img":[1,2,2,2,1,1,2,1,1,1,2,1,2,1,2,1,1,2,1,1],"img_choice":[2,1,1,1,2,2,1,2,2,2,1,2,1,2,1,2,2,1,2,2],"center_sample":[3,3,1,3,2,2,2,1,2,3,3,1,3,2,1,2,3,1,1,3],"left_sample":[1,2,2,1,1,3,2,2,2,2,2,3,1,3,2,1,3,3,1,3],"right_sample":[3,1,3,2,3,1,1,3,3,2,1,2,2,3,3,1,3,1,3,1],"exact_match":[0,0,0,0,0,0,0,0,0,0,0,0,0,0,0,0,1,1,0,0],"RT":[[0,0,0,105,0,0],[0,0,0,216.60000000149012,0,0],[0,0,0,199.89999999850988,0,0],[0,0,0,32.899999998509884,0,0],[0,0,0,233.20000000298023,0,0],[0,0,0,262.6000000014901,0,0],[0,0,0,187.80000000447035,0,0],[0,0,0,211.69999999552965,0,0],[0,0,0,48.399999998509884,0,0],[0,0,0,179.20000000298023,0,0],[0,0,0,448.3999999985099,0,0],[0,0,0,951.8000000044703,0,0],[0,0,0,1688.1999999955297,0,0],[0,0,0,4712.60000000149,0,0],[0,0,0,196,0,0],[0,0,0,166.39999999850988,0,0],[0,0,0,37.100000001490116,0,0],[0,0,0,185.79999999701977,0,0],[0,0,0,37.100000001490116,0,0],[0,0,0,177.19999999552965,0,0]],"response":[[0,0,0,1,0,0],[0,0,0,1,0,0],[0,0,0,1,0,0],[0,0,0,1,0,0],[0,0,0,1,0,0],[0,0,0,1,0,0],[0,0,0,1,0,0],[0,0,0,1,0,0],[0,0,0,1,0,0],[0,0,0,1,0,0],[0,0,0,1,0,0],[0,0,0,1,0,0],[0,0,0,1,0,0],[0,0,0,1,0,0],[0,0,0,1,0,0],[0,0,0,1,0,0],[0,0,0,1,0,0],[0,0,0,1,0,0],[0,0,0,1,0,0],[0,0,0,1,0,0]],"framerate":[31.38688648979398,12.738437418337151,13.181743285549514,14.356244966567946,12.713107539869227,24.640788505185167,23.992002665778074,13.495720868992759,14.629049111807731,15.033072760079643,13.105361006973414,20.877378435517972,14.50763324703634,9.974067424695791,15.18602885344735,29.773852535840057,15.908930212817753,12.16985165938765,14.388994174182015,13.319569777922611]}
