{"practice":[0,0,0,0,0,0,0,0,0,0,0,0,0,0,0,0,0,0,0,0],"center_interval":[100,100,100,25,50,50,0,75,0,100,25,100,75,25,0,0,100,0,25,0],"image_pair":[4,1,3,1,4,1,4,4,2,1,2,1,4,3,3,4,2,4,2,4],"feature_space":[2,1,2,2,1,2,1,1,2,2,2,1,1,1,2,1,2,2,2,2],"left_img":[2,2,2,2,1,1,1,2,1,1,2,2,1,2,1,1,1,2,1,1],"img1Sample":[1,2,2,2,2,2,3,2,3,1,2,1,1,2,3,2,1,1,2,3],"img2Sample":[3,3,2,1,2,2,3,1,3,3,3,2,2,3,1,1,1,2,1,3],"stim_time":[250,250,250,250,250,250,250,250,250,250,250,250,250,250,250,250,250,250,250,250],"key":[49,49,49,49,49,49,49,49,49,49,49,49,49,49,49,49,49,49,49,49],"correct":[true,true,true,false,true,true,true,true,true,false,false,true,false,false,true,true,false,false,true,true],"right_img":[1,1,1,1,2,2,2,1,2,2,1,1,2,1,2,2,2,1,2,2],"img_choice":[2,2,2,2,1,1,1,2,1,1,2,2,1,2,1,1,1,2,1,1],"center_sample":[2,1,2,2,2,3,1,2,3,3,1,3,1,1,2,1,2,2,3,2],"left_sample":[3,3,2,1,2,2,3,1,3,1,3,2,1,3,3,2,1,2,2,3],"right_sample":[1,2,2,2,2,2,3,2,3,3,2,1,2,2,1,1,1,1,1,3],"exact_match":[0,0,1,0,0,0,0,0,1,1,0,0,0,0,0,0,0,0,0,0],"RT":[[0,0,0,478.80000000447035,0,0],[0,0,0,180.80000000447035,0,0],[0,0,0,239.5,0,0],[0,0,0,184.79999999701977,0,0],[0,0,0,303.1000000014901,0,0],[0,0,0,170.89999999850988,0,0],[0,0,0,36.69999999552965,0,0],[0,0,0,168.10000000149012,0,0],[0,0,0,177.39999999850988,0,0],[0,0,0,307.6000000014901,0,0],[0,0,0,47.70000000298023,0,0],[0,0,0,117.29999999701977,0,0],[0,0,0,148.79999999701977,0,0],[0,0,0,265.69999999552965,0,0],[0,0,0,105.19999999552965,0,0],[0,0,0,571.8000000044703,0,0],[0,0,0,439.6000000014901,0,0],[0,0,0,309.69999999552965,0,0],[0,0,0,173.60000000149012,0,0],[0,0,0,453.8999999985099,0,0]],"response":[[0,0,0,1,0,0],[0,0,0,1,0,0],[0,0,0,1,0,0],[0,0,0,1,0,0],[0,0,0,1,0,0],[0,0,0,1,0,0],[0,0,0,1,0,0],[0,0,0,1,0,0],[0,0,0,1,0,0],[0,0,0,1,0,0],[0,0,0,1,0,0],[0,0,0,1,0,0],[0,0,0,1,0,0],[0,0,0,1,0,0],[0,0,0,1,0,0],[0,0,0,1,0,0],[0,0,0,1,0,0],[0,0,0,1,0,0],[0,0,0,1,0,0],[0,0,0,1,0,0]],"framerate":[18.298261665106175,16.021789633940358,16.009758328849802,16.666666666666668,16.006984866140755,17.233275889060256,18.125793003468377,16.928657799274486,16.091399147175135,16.539623184219295,18.08972503615507,30.766672210173084,31.51649981469589,30.14065639651708,34.19095649205141,19.237705903502064,15.245923372723635,15.217391304347828,16.100466913501865,15.124613664730008]}
