{"practice":[0,0,0,0,0,0,0,0,0,0,0,0,0,0,0,0,0,0,0,0],"center_interval":[50,25,0,100,0,50,100,0,25,100,0,0,25,25,25,100,0,25,50,25],"image_pair":[1,3,1,2,2,4,2,3,1,4,4,1,3,1,1,1,3,1,4,2],"feature_space":[2,1,1,2,1,1,2,1,1,1,2,2,2,1,1,1,1,1,2,2],"left_img":[1,2,2,2,1,1,1,2,1,1,1,2,1,1,2,2,1,1,1,2],"img1Sample":[1,2,2,3,1,1,1,3,1,2,1,2,3,2,2,2,1,1,1,1],"img2Sample":[3,1,2,2,1,1,3,2,3,3,2,3,2,2,3,1,1,1,1,2],"stim_time":[2000,2000,2000,2000,2000,2000,2000,2000,2000,2000,2000,2000,2000,2000,2000,2000,2000,2000,2000,2000],"key":[49,49,49,49,49,49,49,49,49,49,49,49,49,49,49,49,49,49,49,49],"correct":[true,false,false,true,true,true,false,false,true,false,true,false,true,true,false,true,true,true,true,false],"right_img":[2,1,1,1,2,2,2,1,2,2,2,1,2,2,1,1,2,2,2,1],"img_choice":[1,2,2,2,1,1,1,2,1,1,1,2,1,1,2,2,1,1,1,2],"center_sample":[1,2,1,3,3,3,1,2,2,2,2,3,2,1,1,2,2,3,3,1],"left_sample":[1,1,2,2,1,1,1,2,1,2,1,3,3,2,3,1,1,1,1,2],"right_sample":[3,2,2,3,1,1,3,3,3,3,2,2,2,2,2,2,1,1,1,1],"exact_match":[0,0,0,0,0,0,0,0,0,0,0,0,0,0,0,0,0,0,0,0],"RT":[[0,0,0,468.8999999985099,0,0],[0,0,0,315.70000000298023,0,0],[0,0,0,336.1000000014901,0,0],[0,0,0,174,0,0],[0,0,0,313.09999999403954,0,0],[0,0,0,330.70000000298023,0,0],[0,0,0,170.60000000149012,0,0],[0,0,0,566.1000000014901,0,0],[0,0,0,437.29999999701977,0,0],[0,0,0,494.40000000596046,0,0],[0,0,0,576.9000000059605,0,0],[0,0,0,378.20000000298023,0,0],[0,0,0,47.899999998509884,0,0],[0,0,0,182.70000000298023,0,0],[0,0,0,1226.1000000014901,0,0],[0,0,0,417.09999999403954,0,0],[0,0,0,149.80000000447035,0,0],[0,0,0,315.1000000014901,0,0],[0,0,0,444.1000000014901,0,0],[0,0,0,338.20000000298023,0,0]],"response":[[0,0,0,1,0,0],[0,0,0,1,0,0],[0,0,0,1,0,0],[0,0,0,1,0,0],[0,0,0,1,0,0],[0,0,0,1,0,0],[0,0,0,1,0,0],[0,0,0,1,0,0],[0,0,0,1,0,0],[0,0,0,1,0,0],[0,0,0,1,0,0],[0,0,0,1,0,0],[0,0,0,1,0,0],[0,0,0,1,0,0],[0,0,0,1,0,0],[0,0,0,1,0,0],[0,0,0,1,0,0],[0,0,0,1,0,0],[0,0,0,1,0,0],[0,0,0,1,0,0]],"framerate":[20.560977106723552,13.316845809955879,12.932937984973016,14.069880406044643,13.010503601669734,21.77961554242844,19.141648196674407,12.670909948132106,14.912200614754624,11.863839625235105,14.63828790583376,25.356874530440077,14.558563555070087,13.441763559358797,11.269814048080551,12.662919266150901,25.638464355900645,23.326409969643716,13.524728736956181,12.998129537469085]}
