{"practice":[0,0,0,0,0,0,0,0,0,0,0,0,0,0,0,0,0,0,0,0],"center_interval":[0,0,0,50,100,50,50,50,75,25,25,100,100,100,75,50,75,50,75,0],"image_pair":[4,1,4,2,2,2,4,2,2,3,3,2,4,2,1,1,4,1,4,3],"feature_space":[1,2,2,2,2,1,1,2,2,1,2,2,1,2,1,2,2,1,1,1],"left_img":[1,2,1,1,1,2,2,2,1,1,1,1,1,2,2,1,2,1,1,1],"img1Sample":[3,3,3,1,1,2,1,3,3,3,1,3,2,3,1,1,3,2,3,2],"img2Sample":[1,2,3,1,2,2,3,2,3,3,1,2,2,1,3,3,2,3,1,3],"stim_time":[250,250,250,250,250,250,250,250,250,250,250,250,250,250,250,250,250,250,250,250],"key":[null,49,49,49,49,49,49,49,49,49,49,49,49,49,49,49,49,49,49,49],"correct":[null,false,true,true,false,false,false,false,false,true,true,false,false,true,true,true,true,true,false,true],"right_img":[2,1,2,2,2,1,1,1,2,2,2,2,2,1,1,2,1,2,2,2],"img_choice":[null,2,1,1,1,2,2,2,1,1,1,1,1,2,2,1,2,1,1,1],"center_sample":[2,1,1,1,1,2,3,2,3,1,1,3,2,3,3,1,2,3,2,1],"left_sample":[3,2,3,1,1,2,3,2,3,3,1,3,2,1,3,1,2,2,3,2],"right_sample":[1,3,3,1,2,2,1,3,3,3,1,2,2,3,1,3,3,3,1,3],"exact_match":[0,0,0,0,0,0,0,0,0,0,0,0,1,0,0,0,0,0,0,0],"RT":[[0,0,0,0,0,0],[0,0,0,2212.1999999955297,0,0],[0,0,0,331.5,0,0],[0,0,0,447.6000000014901,0,0],[0,0,0,302.29999999701977,0,0],[0,0,0,249.89999999850988,0,0],[0,0,0,325.5,0,0],[0,0,0,178.19999999552965,0,0],[0,0,0,177.5,0,0],[0,0,0,311.40000000596046,0,0],[0,0,0,308.30000000447035,0,0],[0,0,0,214.90000000596046,0,0],[0,0,0,419.3999999985099,0,0],[0,0,0,306.59999999403954,0,0],[0,0,0,182.5,0,0],[0,0,0,220.79999999701977,0,0],[0,0,0,295.69999999552965,0,0],[0,0,0,181.5,0,0],[0,0,0,225.80000000447035,0,0],[0,0,0,143,0,0]],"response":[[0,0,0,1,0,0],[0,0,0,1,0,0],[0,0,0,1,0,0],[0,0,0,1,0,0],[0,0,0,1,0,0],[0,0,0,1,0,0],[0,0,0,1,0,0],[0,0,0,1,0,0],[0,0,0,1,0,0],[0,0,0,1,0,0],[0,0,0,1,0,0],[0,0,0,1,0,0],[0,0,0,1,0,0],[0,0,0,1,0,0],[0,0,0,1,0,0],[0,0,0,1,0,0],[0,0,0,1,0,0],[0,0,0,1,0,0],[0,0,0,1,0,0],[0,0,0,1,0,0]],"framerate":[9.702032493582037,9.679370840895341,14.592149423594233,13.648771610541832,14.50641909049456,32.202501310459105,32.708242477175084,23.540871824040163,15.884361845744047,15.977921417694683,15.877598152407867,15.89825119236884,15.513287467946096,15.435501653803748,17.796473062675584,16.05750114690948,17.400130501016353,16.18384851911932,22.698040402588685,33.16199635209847]}
