{"practice":[0,0,0,0,0,0,0,0,0,0,0,0,0,0,0,0,0,0,0,0],"center_interval":[75,50,0,0,50,100,75,75,25,25,50,75,75,25,25,100,25,25,100,0],"image_pair":[2,4,2,1,3,1,4,1,4,1,3,2,3,3,2,4,4,1,1,3],"feature_space":[1,2,1,1,2,1,1,2,1,2,2,1,1,1,2,2,1,1,2,1],"left_img":[2,2,2,2,1,2,1,2,1,1,2,2,1,2,1,1,2,2,2,2],"img1Sample":[3,1,2,1,1,2,2,3,2,1,2,3,2,2,3,3,1,3,3,1],"img2Sample":[1,3,3,3,2,1,3,2,2,3,2,1,3,3,3,3,2,2,2,2],"key":[50,50,49,49,50,49,49,50,49,50,50,49,49,50,50,49,49,49,50,50],"correct":[false,true,false,false,false,true,false,false,true,false,true,true,false,true,false,false,false,false,false,true],"right_img":[1,1,1,1,2,1,2,1,2,2,1,1,2,1,2,2,1,1,1,1],"img_choice":[1,1,2,2,2,2,1,1,1,2,1,2,1,1,2,1,2,2,1,1],"center_sample":[2,3,3,3,1,3,1,3,2,1,2,1,2,2,1,2,2,1,1,3],"left_sample":[1,3,3,3,1,1,2,2,2,1,2,1,2,3,3,3,2,2,2,2],"right_sample":[3,1,2,1,2,2,3,3,2,3,2,3,3,2,3,3,1,3,3,1],"RT":[[0,1805.8999999761581,0,0],[0,1571.6000000238419,0,0],[0,1894.6000000238419,0,0],[0,1208.3999999761581,0,0],[0,1087.1000000238419,0,0],[0,1319.7999999523163,0,0],[0,1137.300000011921,0,0],[0,1289.699999988079,0,0],[0,1577,0,0],[0,2152,0,0],[0,1305.199999988079,0,0],[0,3133.300000011921,0,0],[0,1255.2000000476837,0,0],[0,1628.8999999761581,0,0],[0,1717.5,0,0],[0,1786.5,0,0],[0,2144.600000023842,0,0],[0,1708.5999999642372,0,0],[0,1057.699999988079,0,0],[0,1170.3999999761581,0,0]],"response":[[0,1,0,0],[0,1,0,0],[0,1,0,0],[0,1,0,0],[0,1,0,0],[0,1,0,0],[0,1,0,0],[0,1,0,0],[0,1,0,0],[0,1,0,0],[0,1,0,0],[0,1,0,0],[0,1,0,0],[0,1,0,0],[0,1,0,0],[0,1,0,0],[0,1,0,0],[0,1,0,0],[0,1,0,0],[0,1,0,0]],"framerate":[59.954517262766174,59.88845204254284,59.12195901381985,59.929623929435714,59.9612015746108,59.92045043722745,59.3946316390634,59.379926431949556,59.48023425996608,57.75517617144933,59.90831423138762,58.33868550706,59.33924943792647,59.523809524444665,59.49814607134267,58.674212476425595,59.22104345221701,51.7063081693311,59.35963544959257,59.93390466548228]}
