{"practice":[0,0,0,0,0,0,0,0,0,0,0,0,0,0,0,0,0,0,0,0],"center_interval":[0,75,25,100,75,25,0,25,100,0,50,0,0,25,100,50,75,50,25,100],"image_pair":[1,1,4,3,2,2,4,1,3,4,3,2,1,3,2,3,1,3,4,2],"feature_space":[1,2,2,2,1,2,2,2,1,2,2,2,2,2,1,1,2,1,1,1],"left_img":[1,2,2,2,1,2,2,2,2,1,2,1,1,2,2,2,2,2,2,1],"img1Sample":[3,1,3,2,1,2,3,1,3,1,1,3,1,2,2,1,2,3,3,3],"img2Sample":[2,1,2,2,3,3,3,1,1,2,3,2,2,3,2,3,1,3,1,2],"key":[50,49,50,50,49,50,50,50,50,50,50,49,49,50,50,49,49,50,49,49],"correct":[false,true,true,false,false,true,true,true,false,false,true,true,true,true,false,false,true,true,false,false],"right_img":[2,1,1,1,2,1,1,1,1,2,1,2,2,1,1,1,1,1,1,2],"img_choice":[2,2,1,1,1,1,1,1,1,2,1,1,1,1,1,2,2,1,2,1],"center_sample":[1,2,1,1,1,1,1,1,3,2,3,2,3,3,3,3,2,1,3,3],"left_sample":[3,1,2,2,1,3,3,1,1,1,3,3,1,3,2,3,1,3,1,3],"right_sample":[2,1,3,2,3,2,3,1,3,2,1,2,2,2,2,1,2,3,3,2],"RT":[[0,1614.800000011921,0,0],[0,1454.699999988079,0,0],[0,2542.600000023842,0,0],[0,1564.8999999761581,0,0],[0,1371.300000011921,0,0],[0,2491.2999999523163,0,0],[0,897.9000000357628,0,0],[0,2029.800000011921,0,0],[0,1268.800000011921,0,0],[0,1266.5,0,0],[0,1605.800000011921,0,0],[0,1098.8999999761581,0,0],[0,1171.300000011921,0,0],[0,4479,0,0],[0,987.3000000119209,0,0],[0,1000.6000000238419,0,0],[0,1468.3999999761581,0,0],[0,1920.3999999761581,0,0],[0,2262.2999999523163,0,0],[0,1353.1000000238419,0,0]],"response":[[0,1,0,0],[0,1,0,0],[0,1,0,0],[0,1,0,0],[0,1,0,0],[0,1,0,0],[0,1,0,0],[0,1,0,0],[0,1,0,0],[0,1,0,0],[0,1,0,0],[0,1,0,0],[0,1,0,0],[0,1,0,0],[0,1,0,0],[0,1,0,0],[0,1,0,0],[0,1,0,0],[0,1,0,0],[0,1,0,0]],"framerate":[59.90721138623112,58.018662669491064,59.92960649418601,59.002489168160196,59.41591137965761,58.9390962665117,59.32937804287833,53.46782450370681,59.953310695715885,59.9154763811511,59.4674956078339,59.929494712103406,58.2665695564957,59.14834247045229,59.29347147716068,59.94380268498283,59.45763039624343,59.92776917915402,59.534171221421964,59.971538929950285]}
