{"practice":[1,1,1,1,1],"center_interval":[75,50,100,100,25],"image_pair":[4,1,4,1,2],"feature_space":[1,1,2,1,1],"left_img":[2,2,2,2,2],"img1Sample":[2,2,3,1,3],"img2Sample":[3,3,2,1,3],"key":[50,50,49,49,49],"correct":[false,true,true,true,false],"right_img":[1,1,1,1,1],"img_choice":[1,1,2,2,2],"center_sample":[2,3,3,3,3],"left_sample":[3,3,2,1,3],"right_sample":[2,2,3,1,3],"RT":[[0,2185.899999976158,0,0],[0,1892.7000000476837,0,0],[0,1687.1000000238419,0,0],[0,1405.199999988079,0,0],[0,1483.1000000238419,0,0]],"response":[[0,1,0,0],[0,1,0,0],[0,1,0,0],[0,1,0,0],[0,1,0,0]],"framerate":[59.940059939804996,59.92808629644426,58.16496107697596,59.39123979213067,59.4667178211725]}
