{"practice":[0,0,0,0,0,0,0,0,0,0,0,0,0,0,0,0,0,0,0,0],"center_interval":[25,100,50,100,0,100,100,50,75,25,25,50,25,50,0,50,0,50,100,50],"image_pair":[3,1,4,3,2,1,1,1,4,3,2,2,1,2,2,4,1,3,1,4],"feature_space":[2,2,2,1,2,2,2,2,2,2,2,2,1,1,2,1,2,2,1,2],"left_img":[2,2,1,1,1,1,1,1,1,1,1,2,2,1,2,2,1,1,1,1],"img1Sample":[1,1,1,2,2,3,3,2,2,1,3,2,3,2,1,3,3,2,1,3],"img2Sample":[3,1,2,1,3,3,3,3,3,3,1,2,2,2,1,3,1,2,1,3],"key":[49,49,49,50,50,50,49,49,50,49,50,50,49,49,50,50,49,50,49,49],"correct":[false,true,true,true,false,true,false,true,true,true,false,true,false,true,true,true,true,false,false,true],"right_img":[1,1,2,2,2,2,2,2,2,2,2,1,1,2,1,1,2,2,2,2],"img_choice":[2,2,1,2,2,2,1,1,2,1,2,1,2,1,1,1,1,2,1,1],"center_sample":[2,3,3,3,3,2,2,1,3,2,1,3,2,2,2,2,2,1,3,1],"left_sample":[3,1,1,2,2,3,3,2,2,1,3,2,2,2,1,3,3,2,1,3],"right_sample":[1,1,2,1,3,3,3,3,3,3,1,2,3,2,1,3,1,2,1,3],"RT":[[0,3050.400000035763,0,0],[0,1010.3000000119209,0,0],[0,935.7000000476837,0,0],[0,1815.5,0,0],[0,1107.6000000238419,0,0],[0,2342,0,0],[0,2043.699999988079,0,0],[0,1798.8999999761581,0,0],[0,1524,0,0],[0,1556.0999999642372,0,0],[0,2520.5,0,0],[0,2937.5,0,0],[0,1386.5,0,0],[0,1117.0999999642372,0,0],[0,1670.9000000357628,0,0],[0,1088.9000000357628,0,0],[0,1955.5,0,0],[0,1208.699999988079,0,0],[0,1077.5999999642372,0,0],[0,1056.7999999523163,0,0]],"response":[[0,1,0,0],[0,1,0,0],[0,1,0,0],[0,1,0,0],[0,1,0,0],[0,1,0,0],[0,1,0,0],[0,1,0,0],[0,1,0,0],[0,1,0,0],[0,1,0,0],[0,1,0,0],[0,1,0,0],[0,1,0,0],[0,1,0,0],[0,1,0,0],[0,1,0,0],[0,1,0,0],[0,1,0,0],[0,1,0,0]],"framerate":[59.655748022682545,59.91722774811819,58.66804203378327,59.89260636100785,59.38173138540367,59.24371170365025,59.94570954526322,59.511423696957365,59.412425149037944,59.496356425011186,59.3055511268989,59.3780779513156,59.44055944055944,59.8906849629527,59.48971048465901,59.373346657212636,59.90120191428222,58.84941150434157,59.92998279407683,59.89099838123266]}
