{"practice":[0,0,0,0,0,0,0,0,0,0,0,0,0,0,0,0,0,0,0,0],"center_interval":[25,0,25,75,50,0,100,100,50,0,100,75,25,75,25,75,100,100,25,50],"image_pair":[4,4,1,4,4,3,4,4,2,4,2,2,3,4,4,4,2,2,3,1],"feature_space":[2,1,1,2,2,1,1,1,1,1,2,2,2,1,1,1,1,2,1,1],"left_img":[2,1,1,1,1,1,1,2,2,1,1,1,2,1,1,1,2,2,1,1],"img1Sample":[1,3,2,1,3,3,3,3,3,2,2,2,1,3,1,2,3,1,2,3],"img2Sample":[2,2,2,1,3,2,1,2,2,2,3,2,2,2,3,1,3,1,2,2],"stim_time":[2000,2000,2000,2000,2000,2000,2000,2000,2000,2000,2000,2000,2000,2000,2000,2000,2000,2000,2000,2000],"key":[50,50,49,50,50,49,50,50,49,49,50,50,50,50,49,50,50,50,49,50],"correct":[true,false,true,true,false,true,true,false,false,true,true,true,true,true,true,true,false,false,true,false],"right_img":[1,2,2,2,2,2,2,1,1,2,2,2,1,2,2,2,1,1,2,2],"img_choice":[1,2,1,2,2,1,2,1,2,1,2,2,1,2,1,2,1,1,1,2],"center_sample":[1,2,1,1,2,1,2,2,2,1,3,1,1,1,1,3,1,2,1,3],"left_sample":[2,3,2,1,3,3,3,2,2,2,2,2,2,3,1,2,3,1,2,3],"right_sample":[1,2,2,1,3,2,1,3,3,2,3,2,1,2,3,1,3,1,2,2],"exact_match":[0,0,0,0,0,0,0,1,0,0,1,0,0,0,0,0,0,0,0,0],"RT":[[0,0,0,1346.2999999523163,0,0],[0,0,0,1184.2999999523163,0,0],[0,0,0,1110,0,0],[0,0,0,1188.7999999523163,0,0],[0,0,0,1167.5999999046326,0,0],[0,0,0,1187.1000001430511,0,0],[0,0,0,1230.2000000476837,0,0],[0,0,0,1084.1999998092651,0,0],[0,0,0,1351.8999998569489,0,0],[0,0,0,1180.6000001430511,0,0],[0,0,0,1380.2999999523163,0,0],[0,0,0,1613.4000000953674,0,0],[0,0,0,1200.9000000953674,0,0],[0,0,0,1556.4000000953674,0,0],[0,0,0,1545.5999999046326,0,0],[0,0,0,1534.7999999523163,0,0],[0,0,0,1522.9000000953674,0,0],[0,0,0,1365.5,0,0],[0,0,0,1151,0,0],[0,0,0,1235.9000000953674,0,0]],"response":[[0,0,0,1,0,0],[0,0,0,1,0,0],[0,0,0,1,0,0],[0,0,0,1,0,0],[0,0,0,1,0,0],[0,0,0,1,0,0],[0,0,0,1,0,0],[0,0,0,1,0,0],[0,0,0,1,0,0],[0,0,0,1,0,0],[0,0,0,1,0,0],[0,0,0,1,0,0],[0,0,0,1,0,0],[0,0,0,1,0,0],[0,0,0,1,0,0],[0,0,0,1,0,0],[0,0,0,1,0,0],[0,0,0,1,0,0],[0,0,0,1,0,0],[0,0,0,1,0,0]],"framerate":[59.994217423447985,58.24563157832597,60.00102129544047,59.99999999999999,59.99748964478473,60.00300015072283,59.99900827943622,59.99999999999999,60.00096001673358,59.99447749507725,59.999043838571026,59.99818873457275,59.99950207810865,60.00503859168203,59.998620722678076,60.002758744897555,60.000461542672106,55.67955456292629,59.99798326178807,59.995555885455595]}
