{"practice":[0,0,0,0,0,0,0,0,0,0,0,0,0,0,0,0,0,0,0,0],"center_interval":[75,75,75,50,100,50,0,25,50,50,0,25,75,75,75,50,100,50,25,0],"image_pair":[3,2,2,3,4,3,2,4,2,4,1,3,2,1,3,4,1,1,4,3],"feature_space":[1,1,1,2,1,1,1,2,2,2,2,1,1,1,2,1,1,2,1,2],"left_img":[1,1,1,1,2,1,1,2,1,2,2,2,1,1,1,1,1,1,2,1],"img1Sample":[3,3,2,2,2,1,1,1,1,2,3,3,2,1,1,2,2,1,2,1],"img2Sample":[1,3,2,2,2,3,2,1,1,1,3,1,1,2,3,1,2,1,3,3],"stim_time":[250,250,250,250,250,250,250,250,250,250,250,250,250,250,250,250,250,250,250,250],"key":[49,49,50,49,49,49,50,49,49,50,50,50,49,49,49,50,50,50,50,49],"correct":[false,false,true,true,true,true,false,false,true,true,true,true,false,false,false,false,true,false,true,true],"right_img":[2,2,2,2,1,2,2,1,2,1,1,1,2,2,2,2,2,2,1,2],"img_choice":[1,1,2,1,2,1,2,2,1,1,1,1,1,1,1,2,2,2,1,1],"center_sample":[1,2,2,2,1,3,3,1,3,2,2,3,2,1,3,2,3,1,3,1],"left_sample":[3,3,2,2,2,1,1,1,1,1,3,1,2,1,1,2,2,1,3,1],"right_sample":[1,3,2,2,2,3,2,1,1,2,3,3,1,2,3,1,2,1,2,3],"exact_match":[0,0,0,0,0,0,0,0,0,0,0,0,0,0,0,0,0,0,0,1],"RT":[[0,0,0,827.3999998569489,0,0],[0,0,0,1067.9000000953674,0,0],[0,0,0,1093.6999998092651,0,0],[0,0,0,717.6999998092651,0,0],[0,0,0,919.2999999523163,0,0],[0,0,0,965.4000000953674,0,0],[0,0,0,834.2000000476837,0,0],[0,0,0,912.1999998092651,0,0],[0,0,0,764.7999999523163,0,0],[0,0,0,781.2999999523163,0,0],[0,0,0,756.2000000476837,0,0],[0,0,0,1066.7999999523163,0,0],[0,0,0,1024.6000001430511,0,0],[0,0,0,1011.3999998569489,0,0],[0,0,0,1162.4000000953674,0,0],[0,0,0,716.2999999523163,0,0],[0,0,0,771.9000000953674,0,0],[0,0,0,974.2999999523163,0,0],[0,0,0,937,0,0],[0,0,0,753.3999998569489,0,0]],"response":[[0,0,0,1,0,0],[0,0,0,1,0,0],[0,0,0,1,0,0],[0,0,0,1,0,0],[0,0,0,1,0,0],[0,0,0,1,0,0],[0,0,0,1,0,0],[0,0,0,1,0,0],[0,0,0,1,0,0],[0,0,0,1,0,0],[0,0,0,1,0,0],[0,0,0,1,0,0],[0,0,0,1,0,0],[0,0,0,1,0,0],[0,0,0,1,0,0],[0,0,0,1,0,0],[0,0,0,1,0,0],[0,0,0,1,0,0],[0,0,0,1,0,0],[0,0,0,1,0,0]],"framerate":[60.004248094437614,59.99250093336052,52.54836309873377,60.02131597977112,59.99193385330615,59.99008428358949,60.00315806546845,60.00203396288856,59.99229457239362,60.017459626179544,59.99229456452127,60.00093751598981,60.009601536245796,59.97291545338596,59.961228080662885,60.073675262113916,59.99454595036815,60.00098362408945,59.5,59.99889910119394]}
