{"practice":[0,0,0,0,0,0,0,0,0,0,0,0,0,0,0,0,0,0,0,0],"center_interval":[75,25,0,100,100,0,0,50,0,50,100,50,0,0,0,75,0,0,25,100],"image_pair":[4,2,1,4,1,4,2,1,4,3,3,3,2,4,1,4,1,4,2,3],"feature_space":[1,1,1,2,2,2,1,2,2,1,1,1,1,2,2,2,1,1,1,2],"left_img":[1,1,1,2,1,1,2,2,1,2,1,1,2,1,2,2,1,2,2,2],"img1Sample":[1,1,1,3,2,2,3,3,1,3,3,3,2,3,1,3,3,2,3,2],"img2Sample":[1,1,3,2,3,2,1,2,1,2,1,1,3,1,2,2,2,2,2,3],"stim_time":[2000,2000,2000,2000,2000,2000,2000,2000,2000,2000,2000,2000,2000,2000,2000,2000,2000,2000,2000,2000],"key":[49,49,49,50,50,49,50,49,49,50,50,49,50,49,50,50,49,50,50,49],"correct":[false,true,true,false,true,true,true,false,true,true,true,true,true,true,true,false,true,true,true,true],"right_img":[2,2,2,1,2,2,1,1,2,1,2,2,1,2,1,1,2,1,1,1],"img_choice":[1,1,1,1,2,1,1,2,1,1,2,1,1,1,1,1,1,1,1,2],"center_sample":[1,3,1,3,3,2,3,2,3,2,3,3,1,1,3,3,1,3,3,1],"left_sample":[1,1,1,2,2,2,1,2,1,2,3,3,3,3,2,2,3,2,2,3],"right_sample":[1,1,3,3,3,2,3,3,1,3,1,1,2,1,1,3,2,2,3,2],"exact_match":[0,0,1,0,1,1,1,0,0,0,0,0,0,0,0,0,0,0,0,0],"RT":[[0,0,0,1442.3000001907349,0,0],[0,0,0,1296.7000000476837,0,0],[0,0,0,1451.8000001907349,0,0],[0,0,0,1743.5999999046326,0,0],[0,0,0,1663.5,0,0],[0,0,0,962.2999999523163,0,0],[0,0,0,1380.5,0,0],[0,0,0,1673.2000000476837,0,0],[0,0,0,1105.7999999523163,0,0],[0,0,0,1741.8999998569489,0,0],[0,0,0,1819.7999999523163,0,0],[0,0,0,898.7999999523163,0,0],[0,0,0,1197.8999998569489,0,0],[0,0,0,1635.2000000476837,0,0],[0,0,0,1219.5,0,0],[0,0,0,1185,0,0],[0,0,0,1405.8999998569489,0,0],[0,0,0,1243.5,0,0],[0,0,0,1374.4000000953674,0,0],[0,0,0,1496.2999999523163,0,0]],"response":[[0,0,0,1,0,0],[0,0,0,1,0,0],[0,0,0,1,0,0],[0,0,0,1,0,0],[0,0,0,1,0,0],[0,0,0,1,0,0],[0,0,0,1,0,0],[0,0,0,1,0,0],[0,0,0,1,0,0],[0,0,0,1,0,0],[0,0,0,1,0,0],[0,0,0,1,0,0],[0,0,0,1,0,0],[0,0,0,1,0,0],[0,0,0,1,0,0],[0,0,0,1,0,0],[0,0,0,1,0,0],[0,0,0,1,0,0],[0,0,0,1,0,0],[0,0,0,1,0,0]],"framerate":[59.99717660278084,60.0029269727453,59.99953125299154,59.985498012726744,59.99955224150693,60.01699596497866,58.08255850018653,59.997769599643135,59.996425743388464,59.992088956559854,60.00949790737878,60.00162166390383,60.00150003607035,59.98786762420664,60.01239925604463,60.004500336809954,59.996680024254374,59.998518556510184,59.99474149607745,59.99999999999999]}
