{"practice":[0,0,0,0,0,0,0,0,0,0,0,0,0,0,0,0,0,0,0,0],"center_interval":[0,75,75,75,75,0,50,0,25,0,0,0,0,25,100,0,75,25,75,50],"image_pair":[2,3,2,4,3,2,1,1,1,4,3,2,4,3,3,4,2,4,4,2],"feature_space":[2,1,2,1,2,1,2,2,1,1,2,2,1,1,2,1,1,1,2,1],"left_img":[1,1,1,1,2,2,1,1,1,2,1,1,1,2,2,1,2,2,2,2],"img1Sample":[3,1,1,3,3,1,3,1,3,3,2,2,3,3,3,1,2,1,2,3],"img2Sample":[1,2,2,3,1,2,3,3,2,1,1,1,3,2,3,3,2,1,2,2],"stim_time":[250,250,250,250,250,250,250,250,250,250,250,250,250,250,250,250,250,250,250,250],"key":[49,49,50,49,50,49,49,49,50,50,49,49,50,49,49,49,50,49,49,50],"correct":[true,false,true,false,false,false,true,true,false,true,true,true,false,false,true,true,false,false,true,true],"right_img":[2,2,2,2,1,1,2,2,2,1,2,2,2,1,1,2,1,1,1,1],"img_choice":[1,1,2,1,1,2,1,1,2,1,1,1,2,2,2,1,1,2,2,1],"center_sample":[3,1,3,3,2,2,3,1,1,2,3,3,1,3,2,1,1,2,1,2],"left_sample":[3,1,1,3,1,2,3,1,3,1,2,2,3,2,3,1,2,1,2,2],"right_sample":[1,2,2,3,3,1,3,3,2,3,1,1,3,3,3,3,2,1,2,3],"exact_match":[1,0,0,0,0,0,0,1,0,0,0,0,0,0,0,1,0,0,0,0],"RT":[[0,0,0,467.7000000476837,0,0],[0,0,0,473.7000000476837,0,0],[0,0,0,514.9000000953674,0,0],[0,0,0,528,0,0],[0,0,0,601.2999999523163,0,0],[0,0,0,414.7999999523163,0,0],[0,0,0,675.8999998569489,0,0],[0,0,0,470.59999990463257,0,0],[0,0,0,686.5999999046326,0,0],[0,0,0,571.2999999523163,0,0],[0,0,0,589.7999999523163,0,0],[0,0,0,579.6000001430511,0,0],[0,0,0,814.2999999523163,0,0],[0,0,0,558.8999998569489,0,0],[0,0,0,421,0,0],[0,0,0,657.5999999046326,0,0],[0,0,0,634.5,0,0],[0,0,0,483.59999990463257,0,0],[0,0,0,941.3000001907349,0,0],[0,0,0,849.5,0,0]],"response":[[0,0,0,1,0,0],[0,0,0,1,0,0],[0,0,0,1,0,0],[0,0,0,1,0,0],[0,0,0,1,0,0],[0,0,0,1,0,0],[0,0,0,1,0,0],[0,0,0,1,0,0],[0,0,0,1,0,0],[0,0,0,1,0,0],[0,0,0,1,0,0],[0,0,0,1,0,0],[0,0,0,1,0,0],[0,0,0,1,0,0],[0,0,0,1,0,0],[0,0,0,1,0,0],[0,0,0,1,0,0],[0,0,0,1,0,0],[0,0,0,1,0,0],[0,0,0,1,0,0]],"framerate":[60.0052178431638,59.997391414033004,59.99872342959025,60.005053064328614,59.98800239952009,60.00272739084723,59.99769240139768,59.98956702622485,59.99999999999999,60.008572656740476,60.00363658056707,59.986533633555496,60.00535762121618,60.00247433237801,60.005393741328696,59.991845773534806,59.99999999999999,60.00387121380578,60.00300014714619,55.774796106287816]}
