{"practice":[0,0,0,0,0,0,0,0,0,0,0,0,0,0,0,0,0,0,0,0],"center_interval":[75,50,25,25,75,75,25,50,75,25,100,50,75,100,100,50,50,100,0,0],"image_pair":[2,4,1,3,3,3,4,3,3,3,2,2,4,2,2,2,4,1,4,4],"feature_space":[1,2,2,1,1,1,2,1,1,1,2,2,2,2,2,1,2,2,2,1],"left_img":[1,2,2,2,2,1,1,2,1,1,1,2,1,2,1,2,2,2,1,2],"img1Sample":[1,2,2,2,1,1,3,3,3,3,1,3,2,2,3,3,3,1,3,2],"img2Sample":[1,3,3,2,3,3,3,3,2,1,3,1,2,2,2,1,3,3,3,2],"stim_time":[2000,2000,2000,2000,2000,2000,2000,2000,2000,2000,2000,2000,2000,2000,2000,2000,2000,2000,2000,2000],"key":[50,49,49,49,50,49,50,50,49,50,49,49,50,49,50,50,49,49,49,50],"correct":[true,false,false,false,false,false,false,true,false,false,false,false,true,true,true,true,false,true,true,true],"right_img":[2,1,1,1,1,2,2,1,2,2,2,1,2,1,2,1,1,1,2,1],"img_choice":[2,2,2,2,1,1,2,1,1,2,1,2,2,2,2,1,2,2,1,1],"center_sample":[1,2,1,2,1,2,1,2,3,1,1,2,1,2,1,1,1,1,1,1],"left_sample":[1,3,3,2,3,1,3,3,3,3,1,1,2,2,3,1,3,3,3,2],"right_sample":[1,2,2,2,1,3,3,3,2,1,3,3,2,2,2,3,3,1,3,2],"exact_match":[0,0,0,0,0,0,0,0,0,0,0,0,0,1,0,0,0,0,0,0],"RT":[[0,0,0,1350,0,0],[0,0,0,1195.0999999046326,0,0],[0,0,0,1307.0999999046326,0,0],[0,0,0,1609.8000001907349,0,0],[0,0,0,1167.7000000476837,0,0],[0,0,0,778.7999999523163,0,0],[0,0,0,1101.5,0,0],[0,0,0,1348.7999999523163,0,0],[0,0,0,1415.2999999523163,0,0],[0,0,0,815.4000000953674,0,0],[0,0,0,1979.4000000953674,0,0],[0,0,0,1576,0,0],[0,0,0,1493.4000000953674,0,0],[0,0,0,946.2000000476837,0,0],[0,0,0,2096,0,0],[0,0,0,1882.2999999523163,0,0],[0,0,0,2341.899999856949,0,0],[0,0,0,1573.8000001907349,0,0],[0,0,0,1157.8000001907349,0,0],[0,0,0,1596.3999998569489,0,0]],"response":[[0,0,0,1,0,0],[0,0,0,1,0,0],[0,0,0,1,0,0],[0,0,0,1,0,0],[0,0,0,1,0,0],[0,0,0,1,0,0],[0,0,0,1,0,0],[0,0,0,1,0,0],[0,0,0,1,0,0],[0,0,0,1,0,0],[0,0,0,1,0,0],[0,0,0,1,0,0],[0,0,0,1,0,0],[0,0,0,1,0,0],[0,0,0,1,0,0],[0,0,0,1,0,0],[0,0,0,1,0,0],[0,0,0,1,0,0],[0,0,0,1,0,0],[0,0,0,1,0,0]],"framerate":[59.995200383969284,59.99999999999999,59.99514209375759,59.99954717258111,59.99748964478473,59.99888374010104,60.00561754790524,60.001445816592636,59.998102827466546,59.99115337751282,60.00543603432725,60.00045627788676,59.991629073017286,60.012802730486065,56.92948090163129,60.00427076660261,59.99766999284282,59.996350033242464,59.99495840685657,60.004091187385235]}
