{"practice":[0,0,0,0,0,0,0,0,0,0,0,0,0,0,0,0,0,0,0,0],"center_interval":[25,100,25,50,50,100,100,0,100,50,25,75,0,25,0,50,50,50,75,50],"image_pair":[3,1,3,1,2,3,2,4,4,2,3,1,3,4,1,3,4,3,4,4],"feature_space":[2,2,1,1,1,2,2,1,1,1,2,2,1,2,1,2,1,1,1,1],"left_img":[1,1,1,1,2,2,2,1,2,2,1,1,1,1,2,2,2,1,1,1],"img1Sample":[2,1,2,1,1,3,3,1,3,2,1,1,3,2,1,1,2,1,1,3],"img2Sample":[1,1,1,3,1,3,1,1,1,1,2,2,1,2,1,1,2,2,3,1],"key":[50,49,50,50,49,49,50,49,49,49,49,49,49,50,50,49,49,50,50,50],"correct":[false,false,false,false,false,true,false,true,true,false,true,false,true,false,true,false,false,false,true,false],"right_img":[2,2,2,2,1,1,1,2,1,1,2,2,2,2,1,1,1,2,2,2],"img_choice":[2,1,2,2,2,2,1,1,2,2,1,1,1,2,1,2,2,2,2,2],"center_sample":[2,3,1,1,3,1,2,2,3,3,1,1,2,1,2,3,3,3,3,1],"left_sample":[2,1,2,1,1,3,1,1,1,1,1,1,3,2,1,1,2,1,1,3],"right_sample":[1,1,1,3,1,3,3,1,3,2,2,2,1,2,1,1,2,2,3,1],"RT":[[0,0,0,624.2000000476837,0,0],[0,0,0,737.5,0,0],[0,0,0,552,0,0],[0,0,0,471.89999997615814,0,0],[0,0,0,469.69999998807907,0,0],[0,0,0,473.30000001192093,0,0],[0,0,0,492.30000001192093,0,0],[0,0,0,511.19999998807907,0,0],[0,0,0,186.29999995231628,0,0],[0,0,0,155,0,0],[0,0,0,650.6000000238419,0,0],[0,0,0,414.69999998807907,0,0],[0,0,0,77.19999998807907,0,0],[0,0,0,130.30000001192093,0,0],[0,0,0,252.5999999642372,0,0],[0,0,0,143.80000001192093,0,0],[0,0,0,560.8000000119209,0,0],[0,0,0,147.30000001192093,0,0],[0,0,0,755.6999999880791,0,0],[0,0,0,595.5,0,0]],"response":[[0,0,0,1,0,0],[0,0,0,1,0,0],[0,0,0,1,0,0],[0,0,0,1,0,0],[0,0,0,1,0,0],[0,0,0,1,0,0],[0,0,0,1,0,0],[0,0,0,1,0,0],[0,0,0,1,0,0],[0,0,0,1,0,0],[0,0,0,1,0,0],[0,0,0,1,0,0],[0,0,0,1,0,0],[0,0,0,1,0,0],[0,0,0,1,0,0],[0,0,0,1,0,0],[0,0,0,1,0,0],[0,0,0,1,0,0],[0,0,0,1,0,0],[0,0,0,1,0,0]],"framerate":[59.983111550908475,59.98986086818277,59.98515219005197,59.989646457392205,59.9823402244877,59.97868777591719,59.99272815459652,59.98673660030587,59.98600326614292,59.98921542218763,59.98435190861229,59.98259572307618,59.99445137972313,59.98636673483299,59.98370008149959,59.98576608964486,59.986933539653805,59.98779909122544,59.98598458304135,59.984121850519024]}
