{"practice":[0,0,0,0,0,0,0,0,0,0,0,0,0,0,0,0,0,0,0,0],"center_interval":[75,0,50,0,100,100,100,100,100,0,100,0,75,100,75,25,100,100,50,100],"image_pair":[3,1,4,3,1,4,1,2,1,1,1,3,3,3,2,3,1,4,2,1],"feature_space":[1,1,2,1,1,1,1,2,1,2,2,1,2,2,1,1,1,2,2,2],"left_img":[2,1,1,2,1,2,2,1,1,2,2,2,1,1,2,1,1,2,1,2],"img1Sample":[1,2,3,1,2,3,1,1,2,2,1,1,3,2,1,3,3,1,1,2],"img2Sample":[3,1,1,1,1,1,3,1,1,3,1,3,3,1,1,2,1,3,1,3],"key":[49,50,49,49,50,49,49,49,49,50,50,50,50,49,49,49,49,50,49,50],"correct":[true,false,true,false,true,true,true,false,false,true,false,true,true,false,true,true,false,false,true,false],"right_img":[1,2,2,1,2,1,1,2,2,1,1,1,2,2,1,2,2,1,2,1],"img_choice":[2,2,1,2,2,2,2,1,1,1,1,1,2,1,2,1,1,1,1,1],"center_sample":[2,3,2,2,2,3,2,3,2,3,3,2,1,3,1,2,3,2,3,1],"left_sample":[3,2,3,1,2,1,3,1,2,3,1,3,3,2,1,3,3,3,1,3],"right_sample":[1,1,1,1,1,3,1,1,1,2,1,1,3,1,1,2,1,1,1,2],"RT":[[0,0,0,426.10000002384186,0,0],[0,0,0,358.5,0,0],[0,0,0,687.4000000357628,0,0],[0,0,0,605,0,0],[0,0,0,473.60000002384186,0,0],[0,0,0,549.6999999880791,0,0],[0,0,0,553,0,0],[0,0,0,440.30000001192093,0,0],[0,0,0,378.80000001192093,0,0],[0,0,0,405.19999998807907,0,0],[0,0,0,569.5999999642372,0,0],[0,0,0,706.7000000476837,0,0],[0,0,0,428.5,0,0],[0,0,0,676,0,0],[0,0,0,471.5,0,0],[0,0,0,755.5,0,0],[0,0,0,155.5,0,0],[0,0,0,955.4000000357628,0,0],[0,0,0,572.3000000119209,0,0],[0,0,0,578.6999999880791,0,0]],"response":[[0,0,0,1,0,0],[0,0,0,1,0,0],[0,0,0,1,0,0],[0,0,0,1,0,0],[0,0,0,1,0,0],[0,0,0,1,0,0],[0,0,0,1,0,0],[0,0,0,1,0,0],[0,0,0,1,0,0],[0,0,0,1,0,0],[0,0,0,1,0,0],[0,0,0,1,0,0],[0,0,0,1,0,0],[0,0,0,1,0,0],[0,0,0,1,0,0],[0,0,0,1,0,0],[0,0,0,1,0,0],[0,0,0,1,0,0],[0,0,0,1,0,0],[0,0,0,1,0,0]],"framerate":[59.98021271266848,59.997473791480644,59.95546165664664,60.00995286981331,59.985993119011376,59.97851515896246,59.99227822119025,59.98707970612948,59.98555321710054,59.98818885378574,59.986407021703045,59.98578535891969,59.98577656800031,59.986797164876236,59.998781749970846,59.98262185741937,59.98921542218763,59.986728599867284,59.97400141789325,49.905504370774224]}
