{"practice":[0,0,0,0,0,0,0,0,0,0,0,0,0,0,0,0,0,0,0,0],"center_interval":[25,0,75,50,75,100,25,100,75,100,0,100,0,100,75,50,100,0,50,25],"image_pair":[2,2,1,3,4,1,4,4,4,4,4,4,2,2,3,4,2,3,3,1],"feature_space":[1,1,1,2,2,2,2,2,1,1,2,2,1,2,2,2,1,2,2,1],"left_img":[2,2,1,1,2,1,2,2,1,2,1,1,1,1,1,1,1,2,1,1],"img1Sample":[2,2,3,2,2,2,1,2,3,3,3,2,3,3,3,2,1,3,1,2],"img2Sample":[3,3,2,3,1,3,1,2,2,2,3,1,3,3,1,2,3,2,2,3],"key":[50,49,50,50,49,49,50,50,49,50,49,49,49,49,50,50,50,50,49,50],"correct":[true,false,true,false,true,false,true,false,false,false,true,false,true,false,true,false,true,true,true,false],"right_img":[1,1,2,2,1,2,1,1,2,1,2,2,2,2,2,2,2,1,2,2],"img_choice":[1,2,2,2,2,1,1,1,1,1,1,1,1,1,2,2,2,1,1,2],"center_sample":[1,1,2,1,2,1,1,1,2,3,2,2,2,1,2,2,1,2,2,3],"left_sample":[3,3,3,2,1,2,1,2,3,2,3,2,3,3,3,2,1,2,1,2],"right_sample":[2,2,2,3,2,3,1,2,2,3,3,1,3,3,1,2,3,3,2,3],"RT":[[0,0,0,610.7000000476837,0,0],[0,0,0,529.5999999642372,0,0],[0,0,0,523.8999999761581,0,0],[0,0,0,709.5,0,0],[0,0,0,631.6999999880791,0,0],[0,0,0,598.3000000119209,0,0],[0,0,0,837.5,0,0],[0,0,0,522.8999999761581,0,0],[0,0,0,685.8000000119209,0,0],[0,0,0,504,0,0],[0,0,0,420.69999998807907,0,0],[0,0,0,537.1999999880791,0,0],[0,0,0,1528.6000000238419,0,0],[0,0,0,852.6000000238419,0,0],[0,0,0,502.4000000357628,0,0],[0,0,0,555.2000000476837,0,0],[0,0,0,556,0,0],[0,0,0,469.7999999523163,0,0],[0,0,0,830,0,0],[0,0,0,629.8000000119209,0,0]],"response":[[0,0,0,1,0,0],[0,0,0,1,0,0],[0,0,0,1,0,0],[0,0,0,1,0,0],[0,0,0,1,0,0],[0,0,0,1,0,0],[0,0,0,1,0,0],[0,0,0,1,0,0],[0,0,0,1,0,0],[0,0,0,1,0,0],[0,0,0,1,0,0],[0,0,0,1,0,0],[0,0,0,1,0,0],[0,0,0,1,0,0],[0,0,0,1,0,0],[0,0,0,1,0,0],[0,0,0,1,0,0],[0,0,0,1,0,0],[0,0,0,1,0,0],[0,0,0,1,0,0]],"framerate":[59.980104160361925,59.991601175620865,59.973611610676826,59.984080055192514,59.990098720945454,59.98764960176291,59.98520912690848,59.99340072506204,59.979435622276654,59.98854490075811,59.993196648023996,59.97672544961209,59.99077065066913,59.98473115992616,59.984928409947244,59.97980877703099,59.98515219005197,59.99330024080007,59.98734212007644,59.9883517763541]}
