{"practice":[1,1,1,1,1],"center_interval":[0,75,75,0,50],"image_pair":[3,3,1,1,3],"feature_space":[1,1,1,2,1],"left_img":[1,1,1,2,1],"img1Sample":[3,2,3,1,2],"img2Sample":[3,3,3,3,2],"stim_time":[2000,2000,2000,2000,2000],"key":[49,49,50,49,50],"correct":[true,false,true,false,false],"right_img":[2,2,2,1,2],"img_choice":[1,1,2,2,2],"center_sample":[1,3,3,2,3],"left_sample":[3,2,3,3,2],"right_sample":[3,3,3,1,2],"exact_match":[0,0,0,0,0],"RT":[[0,0,0,1112,0,0],[0,0,0,1045.0999999046326,0,0],[0,0,0,1335.2000000476837,0,0],[0,0,0,1521.7999999523163,0,0],[0,0,0,1806.0999999046326,0,0]],"response":[[0,0,0,1,0,0],[0,0,0,1,0,0],[0,0,0,1,0,0],[0,0,0,1,0,0],[0,0,0,1,0,0]],"framerate":[59.99336243430545,59.99532504035031,60.00867595521866,59.99353915468114,60.002166143182066]}
