{"practice":[0,0,0,0,0,0,0,0,0,0,0,0,0,0,0,0,0,0,0,0],"center_interval":[0,25,100,0,100,100,25,25,50,100,50,25,0,100,75,50,100,100,0,0],"image_pair":[1,1,1,4,3,4,1,1,1,3,2,2,2,2,3,1,4,4,2,4],"feature_space":[1,1,2,1,2,1,2,2,2,1,1,2,2,1,1,1,1,1,1,1],"left_img":[1,2,1,2,2,1,2,2,2,1,1,1,2,1,2,2,1,1,2,2],"img1Sample":[3,3,2,1,2,1,2,2,1,1,3,1,1,1,1,3,2,2,3,2],"img2Sample":[3,2,1,1,1,2,2,2,1,1,2,1,1,3,2,3,2,3,1,1],"key":[49,50,50,50,49,50,49,50,49,49,50,50,49,49,50,50,50,50,50,50],"correct":[true,true,true,true,true,true,false,true,false,false,false,false,false,false,false,true,true,true,true,true],"right_img":[2,1,2,1,1,2,1,1,1,2,2,2,1,2,1,1,2,2,1,1],"img_choice":[1,1,2,1,2,2,2,1,2,1,2,2,2,1,1,1,2,2,1,1],"center_sample":[2,2,2,2,3,3,3,2,2,3,3,1,2,2,1,3,1,1,2,1],"left_sample":[3,2,2,1,1,1,2,2,1,1,3,1,1,1,2,3,2,2,1,1],"right_sample":[3,3,1,1,2,2,2,2,1,1,2,1,1,3,1,3,2,3,3,2],"RT":[[0,1676.7000000476837,0,0],[0,1778.2000000476837,0,0],[0,1593.7000000476837,0,0],[0,1828.1000000238419,0,0],[0,2239.100000023842,0,0],[0,1761.2000000476837,0,0],[0,1307.7999999523163,0,0],[0,2242.100000023842,0,0],[0,1797.5,0,0],[0,1970.2000000476837,0,0],[0,1808,0,0],[0,2241.1999999284744,0,0],[0,2061,0,0],[0,1594.8999999761581,0,0],[0,1090.8000000715256,0,0],[0,2172.899999976158,0,0],[0,1804.8999999761581,0,0],[0,1632.3000000715256,0,0],[0,2261.100000023842,0,0],[0,1850,0,0]],"response":[[0,1,0,0],[0,1,0,0],[0,1,0,0],[0,1,0,0],[0,1,0,0],[0,1,0,0],[0,1,0,0],[0,1,0,0],[0,1,0,0],[0,1,0,0],[0,1,0,0],[0,1,0,0],[0,1,0,0],[0,1,0,0],[0,1,0,0],[0,1,0,0],[0,1,0,0],[0,1,0,0],[0,1,0,0],[0,1,0,0]],"framerate":[31.947483588621445,30.150753768844222,33.186343593387136,31.60919540229885,31.19523308797757,24.035420619860847,23.97581569864921,19.94331898797261,23.220135175046995,24.409143742735374,26.427716066705138,26.016031500710262,29.670247126602796,28.649386084583902,35.18855199059354,22.35765028288448,20.06223386852208,20.625028023576863,23.922615538705724,27.114528530959127]}
