{"practice":[0,0,0,0,0,0,0,0,0,0,0,0,0,0,0,0,0,0,0,0],"center_interval":[0,0,25,25,0,100,75,75,0,25,25,100,50,100,50,100,50,25,75,100],"image_pair":[2,3,3,3,2,4,3,1,2,1,2,2,2,4,2,1,4,2,3,4],"feature_space":[1,2,2,2,1,2,2,2,2,1,1,1,2,1,1,2,1,2,2,2],"left_img":[1,1,1,2,1,2,1,1,2,1,2,1,2,2,2,1,2,1,1,1],"img1Sample":[3,1,2,1,1,1,2,2,2,2,2,2,2,3,2,2,1,3,2,2],"img2Sample":[2,1,2,3,3,3,1,1,3,1,1,3,3,3,3,3,2,1,3,2],"key":[50,49,49,50,50,50,49,50,50,49,49,49,50,50,50,49,49,50,50,49],"correct":[false,true,true,true,false,false,false,true,true,true,false,false,true,false,true,false,false,false,true,false],"right_img":[2,2,2,1,2,1,2,2,1,2,1,2,1,1,1,2,1,2,2,2],"img_choice":[2,1,1,1,2,1,1,2,1,1,2,1,1,1,1,1,2,2,2,1],"center_sample":[1,3,3,1,2,2,2,3,3,3,2,2,3,1,1,2,3,3,2,1],"left_sample":[3,1,2,3,1,3,2,2,3,2,1,2,3,3,3,2,2,3,2,2],"right_sample":[2,1,2,1,3,1,1,1,2,1,2,3,2,3,2,3,1,1,3,2],"RT":[[0,1314.2999999523163,0,0],[0,1984.6000000238419,0,0],[0,1865.8000000715256,0,0],[0,1912.8999999761581,0,0],[0,2130.5999999046326,0,0],[0,1404.5,0,0],[0,1041.1000000238419,0,0],[0,1826.7000000476837,0,0],[0,2075.899999976158,0,0],[0,1677.2000000476837,0,0],[0,1299.3999999761581,0,0],[0,1683.2999999523163,0,0],[0,2086.600000023842,0,0],[0,1480.2999999523163,0,0],[0,1674.7000000476837,0,0],[0,1307.8999999761581,0,0],[0,1399.3999999761581,0,0],[0,1670.7000000476837,0,0],[0,1818.6999999284744,0,0],[0,1948.2999999523163,0,0]],"response":[[0,1,0,0],[0,1,0,0],[0,1,0,0],[0,1,0,0],[0,1,0,0],[0,1,0,0],[0,1,0,0],[0,1,0,0],[0,1,0,0],[0,1,0,0],[0,1,0,0],[0,1,0,0],[0,1,0,0],[0,1,0,0],[0,1,0,0],[0,1,0,0],[0,1,0,0],[0,1,0,0],[0,1,0,0],[0,1,0,0]],"framerate":[34.39291297550808,30.11931884085195,31.640434852543915,27.3614085182428,19.74478043004022,22.4472489657333,24.6690734055355,24.616394518990276,23.036337964554907,28.94102170576628,28.764185974971582,30.10602556705304,26.8046610336757,31.63798475588212,30.594405594405597,31.83716075156576,34.47069990425953,28.971511346872074,32.55315642061655,29.79807880807685]}
