{"practice":[0,0,0,0,0,0,0,0,0,0,0,0,0,0,0,0,0,0,0,0],"center_interval":[75,0,100,75,25,0,100,0,25,50,0,50,0,50,50,75,100,50,100,100],"image_pair":[4,4,3,3,4,1,1,2,3,2,3,3,2,1,2,1,3,2,4,4],"feature_space":[2,1,1,2,2,1,1,1,2,2,2,2,1,2,2,2,2,1,1,2],"left_img":[1,1,2,2,2,2,1,1,1,2,2,2,2,2,2,1,1,1,1,2],"img1Sample":[2,2,2,1,3,3,3,2,1,1,3,3,1,3,3,1,2,2,2,2],"img2Sample":[1,2,1,1,1,2,3,3,1,3,2,1,1,3,1,1,1,2,3,1],"key":[50,49,49,50,49,50,49,49,50,49,50,50,49,50,49,49,50,49,50,49],"correct":[true,true,true,false,false,true,false,true,false,false,true,true,false,true,false,false,true,true,true,true],"right_img":[2,2,1,1,1,1,2,2,2,1,1,1,1,1,1,2,2,2,2,1],"img_choice":[2,1,2,1,2,1,1,1,2,2,1,1,2,1,2,1,2,1,2,2],"center_sample":[1,3,3,3,1,2,2,3,3,3,1,1,3,1,3,1,2,3,2,3],"left_sample":[2,2,1,1,1,2,3,2,1,3,2,1,1,3,1,1,2,2,2,1],"right_sample":[1,2,2,1,3,3,3,3,1,1,3,3,1,3,3,1,1,2,3,2],"RT":[[0,1843.3000000715256,0,0],[0,1781.2999999523163,0,0],[0,2104.4000000953674,0,0],[0,2361.5,0,0],[0,1737.1999999284744,0,0],[0,1704.6000000238419,0,0],[0,2032.8000000715256,0,0],[0,2023.2999999523163,0,0],[0,1683.0999999046326,0,0],[0,2370,0,0],[0,1550.7000000476837,0,0],[0,1981.2000000476837,0,0],[0,1727.5,0,0],[0,1258,0,0],[0,1560.1000000238419,0,0],[0,1935.4000000953674,0,0],[0,1132.2000000476837,0,0],[0,1651.1000000238419,0,0],[0,1545.7999999523163,0,0],[0,1450.3000000715256,0,0]],"response":[[0,1,0,0],[0,1,0,0],[0,1,0,0],[0,1,0,0],[0,1,0,0],[0,1,0,0],[0,1,0,0],[0,1,0,0],[0,1,0,0],[0,1,0,0],[0,1,0,0],[0,1,0,0],[0,1,0,0],[0,1,0,0],[0,1,0,0],[0,1,0,0],[0,1,0,0],[0,1,0,0],[0,1,0,0],[0,1,0,0]],"framerate":[30.978681776169722,31.872509960159363,30.235988200589972,29.04129942977233,30.802139037433154,33.24697754749568,23.078960311546954,22.335794056407344,21.456408459507326,22.852533942551133,25.20773037148866,28.453877801608495,26.50252201446177,32.806281596634484,29.561200923787528,26.772707587164184,35.21939953810624,26.462026990154534,33.388981636429264,30.700258271657347]}
