{"practice":[0,0,0,0,0,0,0,0,0,0,0,0,0,0,0,0,0,0,0,0],"center_interval":[25,75,50,75,100,25,50,75,100,100,100,75,100,50,50,100,0,50,0,50],"image_pair":[1,1,2,4,3,2,4,2,3,4,3,2,1,2,4,4,3,4,1,4],"feature_space":[1,2,1,1,1,1,2,2,1,1,1,2,1,1,2,2,1,2,1,2],"left_img":[1,2,2,1,2,2,2,1,1,1,1,1,2,2,1,2,1,1,1,1],"img1Sample":[2,1,1,1,1,2,1,1,3,3,2,1,2,2,2,2,1,2,3,2],"img2Sample":[3,3,1,3,3,3,3,2,3,3,2,2,2,3,1,1,2,3,2,1],"key":[49,49,50,50,49,50,50,50,49,50,49,50,49,49,50,50,50,49,49,49],"correct":[true,true,true,true,true,true,true,true,false,true,false,true,true,false,false,false,false,true,true,true],"right_img":[2,1,1,2,1,1,1,2,2,2,2,2,1,1,2,1,2,2,2,2],"img_choice":[1,2,1,2,2,1,1,2,1,2,1,2,2,2,2,1,2,1,1,1],"center_sample":[2,2,2,2,2,2,1,1,2,1,1,1,1,2,3,3,3,1,2,3],"left_sample":[2,3,1,1,3,3,3,1,3,3,2,1,2,3,2,1,1,2,3,2],"right_sample":[3,1,1,3,1,2,1,2,3,3,2,2,2,2,1,2,2,3,2,1],"RT":[[0,1274.1000000238419,0,0],[0,2050.1999999284744,0,0],[0,2538.899999976158,0,0],[0,1707.7999999523163,0,0],[0,1060.3000000715256,0,0],[0,1032.8999999761581,0,0],[0,1063,0,0],[0,1531.7999999523163,0,0],[0,1473.3999999761581,0,0],[0,1657.3000000715256,0,0],[0,2500.1999999284744,0,0],[0,1502.7000000476837,0,0],[0,1836.2999999523163,0,0],[0,1804,0,0],[0,1583.0999999046326,0,0],[0,1769,0,0],[0,1344,0,0],[0,2409.100000023842,0,0],[0,1196.2000000476837,0,0],[0,1509.8999999761581,0,0]],"response":[[0,1,0,0],[0,1,0,0],[0,1,0,0],[0,1,0,0],[0,1,0,0],[0,1,0,0],[0,1,0,0],[0,1,0,0],[0,1,0,0],[0,1,0,0],[0,1,0,0],[0,1,0,0],[0,1,0,0],[0,1,0,0],[0,1,0,0],[0,1,0,0],[0,1,0,0],[0,1,0,0],[0,1,0,0],[0,1,0,0]],"framerate":[29.596744357747667,23.712737127796867,18.261964735516372,19.7892019789202,24.17210539107603,28.233315311259528,29.10430030844981,25.230107929357132,21.851693505999247,14.547698818703424,17.409246243714872,23.537165184353594,27.847049044056526,24.3230095675206,29.334922307650547,26.96571502002561,29.484267000429288,27.150519833766626,34.98445135356381,32.08001132343942]}
