{"practice":[0,0,0,0,0,0,0,0,0,0,0,0,0,0,0,0,0,0,0,0],"center_interval":[100,75,25,50,100,50,0,100,25,0,0,75,50,0,25,100,0,50,75,25],"image_pair":[1,4,4,2,1,4,4,4,4,1,1,1,2,2,2,3,4,2,2,4],"feature_space":[1,1,1,1,2,2,1,1,2,1,2,2,1,2,2,2,2,1,1,2],"left_img":[1,2,2,1,2,1,2,1,1,1,1,2,2,2,1,2,2,2,2,2],"img1Sample":[3,2,1,1,2,2,3,1,2,3,1,2,1,2,2,3,2,1,3,2],"img2Sample":[1,3,3,2,3,3,3,1,1,3,3,3,1,2,2,1,1,3,3,3],"stim_time":[2000,2000,2000,2000,2000,2000,2000,2000,2000,2000,2000,2000,2000,2000,2000,2000,2000,2000,2000,2000],"key":[49,50,49,49,49,50,50,50,50,49,49,49,49,49,50,49,49,49,49,49],"correct":[false,false,false,true,true,false,true,true,false,true,true,true,false,false,false,true,false,false,true,false],"right_img":[2,1,1,2,1,2,1,2,2,2,2,1,1,1,2,1,1,1,1,1],"img_choice":[1,1,2,1,2,2,1,2,2,1,1,2,2,2,2,2,2,2,2,2],"center_sample":[3,1,2,2,1,3,1,2,3,3,2,3,3,1,3,1,1,3,3,3],"left_sample":[3,3,3,1,3,2,3,1,2,3,1,3,1,2,2,1,1,3,3,3],"right_sample":[1,2,1,2,2,3,3,1,1,3,3,2,1,2,2,3,2,1,3,2],"exact_match":[0,0,0,0,0,0,0,0,0,1,0,0,0,0,0,1,0,0,0,0],"RT":[[0,0,0,1373.4000000059605,0,0],[0,0,0,996.7999999821186,0,0],[0,0,0,868.8999999761581,0,0],[0,0,0,1122,0,0],[0,0,0,1707.800000011921,0,0],[0,0,0,2001.7000000178814,0,0],[0,0,0,1311.800000011921,0,0],[0,0,0,1009.0999999940395,0,0],[0,0,0,1969.5,0,0],[0,0,0,656.8000000119209,0,0],[0,0,0,2140.5,0,0],[0,0,0,999.0999999940395,0,0],[0,0,0,1057.800000011921,0,0],[0,0,0,1702.4000000059605,0,0],[0,0,0,1106,0,0],[0,0,0,1038,0,0],[0,0,0,954.7999999821186,0,0],[0,0,0,556.3000000119209,0,0],[0,0,0,1007,0,0],[0,0,0,1246.7999999821186,0,0]],"response":[[0,0,0,1,0,0],[0,0,0,1,0,0],[0,0,0,1,0,0],[0,0,0,1,0,0],[0,0,0,1,0,0],[0,0,0,1,0,0],[0,0,0,1,0,0],[0,0,0,1,0,0],[0,0,0,1,0,0],[0,0,0,1,0,0],[0,0,0,1,0,0],[0,0,0,1,0,0],[0,0,0,1,0,0],[0,0,0,1,0,0],[0,0,0,1,0,0],[0,0,0,1,0,0],[0,0,0,1,0,0],[0,0,0,1,0,0],[0,0,0,1,0,0],[0,0,0,1,0,0]],"framerate":[59.98470509545697,60.03949967083607,59.98262946467335,60.01881946043024,59.98627620225499,60.000830461395516,59.918006937701215,60.05612231527051,60.02677152194335,59.70924195202729,59.986669629043554,60.02935933713023,60.0227672567307,59.98627620265071,59.990299440758896,60.006234414058,59.99309813924705,59.70769961966614,60.013627548426165,59.992593506974444]}
