{"practice":[0,0,0,0,0,0,0,0,0,0,0,0,0,0,0,0,0,0,0,0],"center_interval":[100,50,25,100,50,25,100,100,50,50,100,75,25,25,50,100,25,100,50,0],"image_pair":[3,1,3,1,3,4,3,3,1,4,4,1,1,2,3,2,3,1,3,2],"feature_space":[2,1,1,1,2,1,2,1,2,2,1,1,2,2,2,1,1,1,1,1],"left_img":[2,1,2,2,2,1,2,2,1,1,2,2,1,1,1,1,1,2,2,2],"img1Sample":[3,3,1,1,2,3,2,2,1,2,3,3,2,3,1,2,2,3,3,1],"img2Sample":[1,3,3,3,3,3,1,3,2,2,1,2,3,2,3,2,2,3,3,2],"stim_time":[250,250,250,250,250,250,250,250,250,250,250,250,250,250,250,250,250,250,250,250],"key":[49,49,50,49,50,49,49,49,50,49,49,49,50,50,49,49,49,49,50,49],"correct":[true,true,true,true,true,true,true,true,false,true,true,true,false,false,true,false,true,true,true,false],"right_img":[1,2,1,1,1,2,1,1,2,2,1,1,2,2,2,2,2,1,1,1],"img_choice":[2,1,1,2,1,1,2,2,2,1,2,2,2,2,1,1,1,2,1,2],"center_sample":[2,1,3,2,3,3,3,3,3,2,3,3,2,2,3,1,2,1,1,1],"left_sample":[1,3,3,3,3,3,1,3,1,2,1,2,2,3,1,2,2,3,3,2],"right_sample":[3,3,1,1,2,3,2,2,2,2,3,3,3,2,3,2,2,3,3,1],"exact_match":[0,0,0,0,0,0,0,1,0,0,0,0,0,0,0,0,0,0,0,1],"RT":[[0,0,0,1020.5,0,0],[0,0,0,1602.5,0,0],[0,0,0,1457.4000000059605,0,0],[0,0,0,851.9000000059605,0,0],[0,0,0,696.5,0,0],[0,0,0,1942.199999988079,0,0],[0,0,0,1668.699999988079,0,0],[0,0,0,765.6999999880791,0,0],[0,0,0,938.6999999880791,0,0],[0,0,0,1307.9000000059605,0,0],[0,0,0,718.8000000119209,0,0],[0,0,0,852.3000000119209,0,0],[0,0,0,2272.699999988079,0,0],[0,0,0,1290.7999999821186,0,0],[0,0,0,917.5,0,0],[0,0,0,1062,0,0],[0,0,0,1425.5,0,0],[0,0,0,838,0,0],[0,0,0,1383.2000000178814,0,0],[0,0,0,888.5999999940395,0,0]],"response":[[0,0,0,1,0,0],[0,0,0,1,0,0],[0,0,0,1,0,0],[0,0,0,1,0,0],[0,0,0,1,0,0],[0,0,0,1,0,0],[0,0,0,1,0,0],[0,0,0,1,0,0],[0,0,0,1,0,0],[0,0,0,1,0,0],[0,0,0,1,0,0],[0,0,0,1,0,0],[0,0,0,1,0,0],[0,0,0,1,0,0],[0,0,0,1,0,0],[0,0,0,1,0,0],[0,0,0,1,0,0],[0,0,0,1,0,0],[0,0,0,1,0,0],[0,0,0,1,0,0]],"framerate":[59.943413417390985,60.001500037635054,59.64451866859299,59.955163964526015,60.006857926211374,52.98940211968135,59.639237496013855,60.01745962422771,60.00600060059656,59.99915494102638,59.991029378984955,59.99269654110408,60.01320290474636,59.94897959183673,60.10708152392908,59.982052613840715,59.96217151581254,59.987371079584534,59.65758182530411,59.91396968418976]}
