{"practice":[0,0,0,0,0,0,0,0,0,0,0,0,0,0,0,0,0,0,0,0],"center_interval":[75,75,50,75,25,75,50,75,50,75,75,25,0,25,25,0,100,0,0,50],"image_pair":[4,3,2,4,1,1,3,3,1,4,4,2,3,1,4,4,1,3,4,2],"feature_space":[1,1,2,1,2,1,2,1,1,1,1,1,2,1,1,1,2,2,2,1],"left_img":[2,2,1,1,2,1,1,1,2,2,2,1,1,2,2,1,2,2,2,1],"img1Sample":[3,1,1,3,2,2,1,3,1,2,3,3,3,3,2,2,1,1,3,3],"img2Sample":[3,1,1,1,3,3,1,3,1,3,1,3,2,2,2,2,1,1,1,3],"stim_time":[250,250,250,250,250,250,250,250,250,250,250,250,250,250,250,250,250,250,250,250],"key":[50,50,50,50,49,50,49,50,49,49,50,49,49,50,50,49,49,50,50,49],"correct":[false,false,false,true,false,true,true,true,false,true,false,true,true,true,true,true,true,true,true,true],"right_img":[1,1,2,2,1,2,2,2,1,1,1,2,2,1,1,2,1,1,1,2],"img_choice":[1,1,2,2,2,2,1,2,2,2,1,1,1,1,1,1,2,1,1,1],"center_sample":[1,1,3,2,3,3,1,2,3,3,3,3,3,3,2,1,2,2,2,2],"left_sample":[3,1,1,3,3,2,1,3,1,3,1,3,3,2,2,2,1,1,1,3],"right_sample":[3,1,1,1,2,3,1,3,1,2,3,3,2,3,2,2,1,1,3,3],"exact_match":[0,0,0,0,0,0,0,0,0,0,0,0,1,0,0,0,0,0,0,0],"RT":[[0,0,0,1455.0999999940395,0,0],[0,0,0,2226.7000000178814,0,0],[0,0,0,1605.699999988079,0,0],[0,0,0,857.9000000059605,0,0],[0,0,0,893.5,0,0],[0,0,0,953.8999999761581,0,0],[0,0,0,2160,0,0],[0,0,0,1143,0,0],[0,0,0,608.8000000119209,0,0],[0,0,0,1084.4000000059605,0,0],[0,0,0,986.0999999940395,0,0],[0,0,0,854.2999999821186,0,0],[0,0,0,867.0999999940395,0,0],[0,0,0,1401.199999988079,0,0],[0,0,0,960,0,0],[0,0,0,1135.0999999940395,0,0],[0,0,0,1277,0,0],[0,0,0,960.5999999940395,0,0],[0,0,0,1328.0999999940395,0,0],[0,0,0,954,0,0]],"response":[[0,0,0,1,0,0],[0,0,0,1,0,0],[0,0,0,1,0,0],[0,0,0,1,0,0],[0,0,0,1,0,0],[0,0,0,1,0,0],[0,0,0,1,0,0],[0,0,0,1,0,0],[0,0,0,1,0,0],[0,0,0,1,0,0],[0,0,0,1,0,0],[0,0,0,1,0,0],[0,0,0,1,0,0],[0,0,0,1,0,0],[0,0,0,1,0,0],[0,0,0,1,0,0],[0,0,0,1,0,0],[0,0,0,1,0,0],[0,0,0,1,0,0],[0,0,0,1,0,0]],"framerate":[60.054088450382615,53.30977548988195,59.23815236979085,60.0240096036548,59.953881629515756,60.067513899742835,59.99378302766553,60.03820613133715,59.962823049066245,59.54042236536639,60.00878177241887,59.98330899265338,60.01966161365732,59.99189298743413,59.98116294020968,60.010911074903476,59.56462118630229,60.02877412260088,59.94047868580062,60.049627791563275]}
