{"practice":[0,0,0,0,0,0,0,0,0,0,0,0,0,0,0,0,0,0,0,0],"center_interval":[75,50,75,0,50,0,25,0,100,75,75,0,0,100,50,75,50,50,50,100],"image_pair":[1,4,2,3,4,2,2,2,3,1,2,1,1,4,3,4,2,3,2,4],"feature_space":[1,1,1,1,1,1,1,2,1,1,1,1,2,2,2,1,1,1,2,1],"left_img":[1,1,1,1,1,2,1,2,1,2,1,2,2,1,2,1,2,2,2,2],"img1Sample":[2,2,2,1,2,2,3,2,3,1,2,3,3,2,3,2,1,2,3,3],"img2Sample":[3,2,3,3,2,1,1,2,1,3,2,3,2,1,3,2,2,1,3,3],"stim_time":[2000,2000,2000,2000,2000,2000,2000,2000,2000,2000,2000,2000,2000,2000,2000,2000,2000,2000,2000,2000],"key":[49,49,50,49,49,49,50,50,50,49,49,50,50,50,50,49,49,49,50,49],"correct":[false,true,true,true,true,false,false,true,true,true,false,true,true,true,true,false,false,false,true,true],"right_img":[2,2,2,2,2,1,2,1,2,1,2,1,1,2,1,2,1,1,1,1],"img_choice":[1,1,2,1,1,2,2,1,2,2,1,1,1,2,1,1,2,2,1,2],"center_sample":[1,3,3,2,2,3,1,1,1,3,2,2,2,3,3,2,1,1,3,3],"left_sample":[2,2,2,1,2,1,3,2,3,3,2,3,2,2,3,2,2,1,3,3],"right_sample":[3,2,3,3,2,2,1,2,1,1,2,3,3,1,3,2,1,2,3,3],"exact_match":[0,0,0,0,0,0,0,0,1,0,0,0,0,0,0,0,0,0,0,1],"RT":[[0,0,0,1280.5999999940395,0,0],[0,0,0,1349.699999988079,0,0],[0,0,0,1526,0,0],[0,0,0,650.5,0,0],[0,0,0,1070.8999999761581,0,0],[0,0,0,674.6999999880791,0,0],[0,0,0,1807.5999999940395,0,0],[0,0,0,1167.199999988079,0,0],[0,0,0,613.4000000059605,0,0],[0,0,0,935,0,0],[0,0,0,2942.7000000178814,0,0],[0,0,0,724.7999999821186,0,0],[0,0,0,757.8000000119209,0,0],[0,0,0,1302.199999988079,0,0],[0,0,0,1072.7000000178814,0,0],[0,0,0,2136.100000023842,0,0],[0,0,0,1888.4000000059605,0,0],[0,0,0,1673.4000000059605,0,0],[0,0,0,1562,0,0],[0,0,0,802.2999999821186,0,0]],"response":[[0,0,0,1,0,0],[0,0,0,1,0,0],[0,0,0,1,0,0],[0,0,0,1,0,0],[0,0,0,1,0,0],[0,0,0,1,0,0],[0,0,0,1,0,0],[0,0,0,1,0,0],[0,0,0,1,0,0],[0,0,0,1,0,0],[0,0,0,1,0,0],[0,0,0,1,0,0],[0,0,0,1,0,0],[0,0,0,1,0,0],[0,0,0,1,0,0],[0,0,0,1,0,0],[0,0,0,1,0,0],[0,0,0,1,0,0],[0,0,0,1,0,0],[0,0,0,1,0,0]],"framerate":[59.990205680705195,60.02545079104953,59.98246666367313,60.034057782470775,59.99896997513274,59.9833539015828,59.98657340249802,60.039691511273496,59.9730852497557,59.75086025224569,56.522722134239395,59.69558082961461,60.03647075326133,59.97620377322803,60.019061848061035,59.99999999999999,59.98340884459035,60.04598316918728,59.9844315214261,59.68664511305763]}
