{"practice":[0,0,0,0,0,0,0,0,0,0,0,0,0,0,0,0,0,0,0,0],"center_interval":[0,0,0,0,75,25,50,50,100,75,25,100,25,75,50,25,0,0,100,50],"image_pair":[2,1,2,3,1,2,2,3,3,4,2,4,1,4,3,1,4,1,3,2],"feature_space":[1,2,2,1,2,2,1,1,2,1,1,1,1,1,2,2,1,1,2,1],"left_img":[2,2,1,1,2,2,1,2,1,1,1,1,1,1,2,2,2,1,1,2],"img1Sample":[3,1,3,1,3,2,1,3,3,1,3,1,3,2,1,1,2,3,3,3],"img2Sample":[2,2,1,2,3,1,1,3,3,3,3,3,1,2,3,3,1,1,3,2],"stim_time":[2000,2000,2000,2000,2000,2000,2000,2000,2000,2000,2000,2000,2000,2000,2000,2000,2000,2000,2000,2000],"key":[50,50,49,49,49,50,50,50,50,50,49,50,49,50,50,49,50,49,49,49],"correct":[true,true,true,true,true,true,false,true,true,true,true,true,true,true,true,false,true,true,false,false],"right_img":[1,1,2,2,1,1,2,1,2,2,2,2,2,2,1,1,1,2,2,1],"img_choice":[1,1,1,1,2,1,2,1,2,2,1,2,1,2,1,2,1,1,1,2],"center_sample":[2,2,2,2,2,2,2,3,1,3,3,2,2,1,1,1,1,3,2,2],"left_sample":[2,2,3,1,3,1,1,3,3,1,3,1,3,2,3,3,1,3,3,2],"right_sample":[3,1,1,2,3,2,1,3,3,3,3,3,1,2,1,1,2,1,3,3],"exact_match":[0,0,0,0,0,0,0,0,0,0,0,0,0,0,0,0,0,1,0,0],"RT":[[0,0,0,1251.5999999940395,0,0],[0,0,0,2272.199999988079,0,0],[0,0,0,1609.300000011921,0,0],[0,0,0,611.8000000119209,0,0],[0,0,0,1118.9000000059605,0,0],[0,0,0,1211.5999999940395,0,0],[0,0,0,1152.9000000059605,0,0],[0,0,0,1126.300000011921,0,0],[0,0,0,967.5,0,0],[0,0,0,857,0,0],[0,0,0,802.9000000059605,0,0],[0,0,0,766.9000000059605,0,0],[0,0,0,1326.7999999821186,0,0],[0,0,0,936.8000000119209,0,0],[0,0,0,843.6999999880791,0,0],[0,0,0,736.5999999940395,0,0],[0,0,0,843.5999999940395,0,0],[0,0,0,720.4000000059605,0,0],[0,0,0,1443.0999999940395,0,0],[0,0,0,1168.5,0,0]],"response":[[0,0,0,1,0,0],[0,0,0,1,0,0],[0,0,0,1,0,0],[0,0,0,1,0,0],[0,0,0,1,0,0],[0,0,0,1,0,0],[0,0,0,1,0,0],[0,0,0,1,0,0],[0,0,0,1,0,0],[0,0,0,1,0,0],[0,0,0,1,0,0],[0,0,0,1,0,0],[0,0,0,1,0,0],[0,0,0,1,0,0],[0,0,0,1,0,0],[0,0,0,1,0,0],[0,0,0,1,0,0],[0,0,0,1,0,0],[0,0,0,1,0,0],[0,0,0,1,0,0]],"framerate":[59.99508237029752,59.98505290492026,59.994113785143554,59.99239120902449,59.485980120226834,59.778818372289756,59.99798326088655,59.96696734849448,59.77570884497166,59.99781826095908,59.977888336097294,60.030713388245154,60.00193554648099,60.02721233606819,59.97042554337179,60.010142559708896,59.99506889825077,59.72261534106992,60.00282366212168,60.000502096521195]}
