{"practice":[0,0,0,0,0,0,0,0,0,0,0,0,0,0,0,0,0,0,0,0],"center_interval":[50,0,25,0,75,100,50,100,100,25,0,50,100,100,100,100,100,50,0,50],"image_pair":[2,3,1,2,1,2,4,4,4,1,2,4,2,4,2,2,4,4,4,2],"feature_space":[1,1,1,1,2,1,2,2,2,1,2,2,1,1,2,1,2,1,2,1],"left_img":[2,2,1,1,2,1,2,2,1,2,1,2,2,1,1,2,2,1,2,1],"img1Sample":[1,2,2,1,1,3,1,3,1,2,2,1,1,1,1,3,1,1,3,1],"img2Sample":[2,3,3,2,2,1,2,3,1,1,1,3,3,1,1,3,2,2,3,1],"stim_time":[2000,2000,2000,2000,2000,2000,2000,2000,2000,2000,2000,2000,2000,2000,2000,2000,2000,2000,2000,2000],"key":[null,null,null,null,null,null,null,null,null,null,null,null,null,null,null,null,null,null,null,49],"correct":[null,null,null,null,null,null,null,null,null,null,null,null,null,null,null,null,null,null,null,true],"right_img":[1,1,2,2,1,2,1,1,2,1,2,1,1,2,2,1,1,2,1,2],"img_choice":[null,null,null,null,null,null,null,null,null,null,null,null,null,null,null,null,null,null,null,1],"center_sample":[1,1,2,2,1,2,3,2,2,2,1,1,1,3,3,3,3,1,2,3],"left_sample":[2,3,2,1,2,3,2,3,1,1,2,3,3,1,1,3,2,1,3,1],"right_sample":[1,2,3,2,1,1,1,3,1,2,1,1,1,1,1,3,1,2,3,1],"exact_match":[0,0,0,0,0,0,0,0,0,0,0,0,0,0,0,1,0,0,0,0],"RT":[[0,0,0,0,0,0],[0,0,0,0,0,0],[0,0,0,0,0,0],[0,0,0,0,0,0],[0,0,0,0,0,0],[0,0,0,0,0,0],[0,0,0,0,0,0],[0,0,0,0,0,0],[0,0,0,0,0,0],[0,0,0,0,0,0],[0,0,0,0,0,0],[0,0,0,0,0,0],[0,0,0,0,0,0],[0,0,0,0,0,0],[0,0,0,0,0,0],[0,0,0,0,0,0],[0,0,0,0,0,0],[0,0,0,0,0,0],[0,0,0,0,0,0],[0,0,0,3118,0,0]],"response":[[0,0,0,1,0,0],[0,0,0,1,0,0],[0,0,0,1,0,0],[0,0,0,1,0,0],[0,0,0,1,0,0],[0,0,0,1,0,0],[0,0,0,1,0,0],[0,0,0,1,0,0],[0,0,0,1,0,0],[0,0,0,1,0,0],[0,0,0,1,0,0],[0,0,0,1,0,0],[0,0,0,1,0,0],[0,0,0,1,0,0],[0,0,0,1,0,0],[0,0,0,1,0,0],[0,0,0,1,0,0],[0,0,0,1,0,0],[0,0,0,1,0,0],[0,0,0,1,0,0]],"framerate":[18.800358102059086,15.404364569961489,18.52324987225345,16.77468547464735,11.877394636015326,16.372636121335194,18.539682539682538,16.456672666495244,20.21235768197518,22.583100735853844,23.139861927895677,22.64006139677667,21.368061701858643,21.233051931440265,21.01375445746307,21.31461391193363,21.35003835336231,23.279611153747762,23.581899298916507,23.040699630003363]}
