{"practice":[0,0,0,0,0,0,0,0,0,0,0,0,0,0,0,0,0,0,0,0],"center_interval":[50,25,75,0,100,0,50,100,0,25,100,25,100,50,100,50,75,100,25,75],"image_pair":[3,3,1,4,1,1,4,4,3,4,1,2,2,3,4,4,4,4,2,1],"feature_space":[2,1,2,1,2,1,1,2,1,2,2,2,2,2,1,2,2,2,2,2],"left_img":[1,1,1,1,1,2,2,2,1,2,1,2,1,1,1,2,1,2,1,1],"img1Sample":[3,1,1,1,3,3,2,3,3,3,1,3,2,3,1,2,3,1,2,3],"img2Sample":[3,2,3,1,2,3,2,1,2,3,2,3,3,3,3,2,2,3,3,2],"stim_time":[250,250,250,250,250,250,250,250,250,250,250,250,250,250,250,250,250,250,250,250],"key":[50,50,50,50,50,null,50,50,50,50,50,50,50,50,50,50,50,50,50,50],"correct":[false,false,true,false,true,null,true,false,false,true,true,true,true,false,true,true,true,false,false,true],"right_img":[2,2,2,2,2,1,1,1,2,1,2,1,2,2,2,1,2,1,2,2],"img_choice":[2,2,2,2,2,null,1,1,2,1,2,1,2,2,2,1,2,1,2,2],"center_sample":[1,3,3,3,1,2,2,3,1,2,1,3,3,3,2,1,1,2,2,3],"left_sample":[3,1,1,1,3,3,2,1,3,3,1,3,2,3,1,2,3,3,2,3],"right_sample":[3,2,3,1,2,3,2,3,2,3,2,3,3,3,3,2,2,1,3,2],"exact_match":[0,0,0,0,0,0,0,0,0,0,0,0,1,0,0,0,0,0,0,0],"RT":[[0,0,0,1196,0,0],[0,0,0,4512,0,0],[0,0,0,306,0,0],[0,0,0,1584,0,0],[0,0,0,1497,0,0],[0,0,0,0,0,0],[0,0,0,227,0,0],[0,0,0,2318,0,0],[0,0,0,147,0,0],[0,0,0,2495,0,0],[0,0,0,1867,0,0],[0,0,0,805,0,0],[0,0,0,1422,0,0],[0,0,0,274,0,0],[0,0,0,1446,0,0],[0,0,0,77,0,0],[0,0,0,251,0,0],[0,0,0,123,0,0],[0,0,0,286,0,0],[0,0,0,1122,0,0]],"response":[[0,0,0,1,0,0],[0,0,0,1,0,0],[0,0,0,1,0,0],[0,0,0,1,0,0],[0,0,0,1,0,0],[0,0,0,1,0,0],[0,0,0,1,0,0],[0,0,0,1,0,0],[0,0,0,1,0,0],[0,0,0,1,0,0],[0,0,0,1,0,0],[0,0,0,1,0,0],[0,0,0,1,0,0],[0,0,0,1,0,0],[0,0,0,1,0,0],[0,0,0,1,0,0],[0,0,0,1,0,0],[0,0,0,1,0,0],[0,0,0,1,0,0],[0,0,0,1,0,0]],"framerate":[10.526315789473685,17.408470926058865,11.461318051575931,17.05989110707804,18.7426786411558,19.749835418038185,18.6084142394822,19.44035346097202,22.562449637389204,19.34941110487942,16.73101673101673,20.94240837696335,18.547140649149924,23.79182156133829,23.3682514101531,17.691659646166805,23.006134969325153,21.331058020477816,20.8183776022972,21.53987167736022]}
