{"practice":[0,0,0,0,0,0,0,0,0,0,0,0,0,0,0,0,0,0,0,0],"center_interval":[25,75,25,0,0,25,25,25,75,75,100,25,100,100,75,75,0,50,0,50],"image_pair":[3,3,1,1,2,3,4,1,4,3,1,3,4,2,1,3,1,4,2,2],"feature_space":[2,2,2,1,2,1,2,1,1,2,2,2,1,1,1,1,1,2,1,2],"left_img":[1,2,1,2,1,2,1,2,2,1,1,2,2,2,2,1,1,1,2,2],"img1Sample":[3,1,1,1,2,2,3,1,2,2,2,1,3,2,1,1,2,3,1,3],"img2Sample":[2,1,2,2,3,1,1,1,2,3,2,3,1,2,3,2,1,2,2,1],"stim_time":[2000,2000,2000,2000,2000,2000,2000,2000,2000,2000,2000,2000,2000,2000,2000,2000,2000,2000,2000,2000],"key":[50,50,50,50,50,50,50,50,50,51,null,50,null,50,50,50,50,50,50,50],"correct":[false,false,false,true,false,true,false,true,false,null,null,true,null,false,false,true,false,false,true,true],"right_img":[2,1,2,1,2,1,2,1,1,2,2,1,1,1,1,2,2,2,1,1],"img_choice":[2,1,2,1,2,1,2,1,1,null,null,1,null,1,1,2,2,2,1,1],"center_sample":[2,2,2,2,1,2,2,2,3,3,1,2,2,3,1,3,2,2,2,3],"left_sample":[3,1,1,2,2,1,3,1,2,2,2,3,1,2,3,1,2,3,2,1],"right_sample":[2,1,2,1,3,2,1,1,2,3,2,1,3,2,1,2,1,2,1,3],"exact_match":[0,0,0,0,0,0,0,0,0,0,0,0,0,0,0,0,1,0,0,0],"RT":[[0,0,0,949,0,0],[0,0,0,2129,0,0],[0,0,0,3108,0,0],[0,0,0,4080,0,0],[0,0,0,1990,0,0],[0,0,0,700,0,0],[0,0,0,4691,0,0],[0,0,0,1445,0,0],[0,0,0,1022,0,0],[0,0,0,5032,0,0],[0,0,0,0,0,0],[0,0,0,2347,0,0],[0,0,0,0,0,0],[0,0,0,1350,0,0],[0,0,0,1247,0,0],[0,0,0,1179,0,0],[0,0,0,1402,0,0],[0,0,0,1156,0,0],[0,0,0,1160,0,0],[0,0,0,1163,0,0]],"response":[[0,0,0,1,0,0],[0,0,0,1,0,0],[0,0,0,1,0,0],[0,0,0,1,0,0],[0,0,0,1,0,0],[0,0,0,1,0,0],[0,0,0,1,0,0],[0,0,0,1,0,0],[0,0,0,1,0,0],[0,0,0,1,0,0],[0,0,0,1,0,0],[0,0,0,1,0,0],[0,0,0,1,0,0],[0,0,0,1,0,0],[0,0,0,1,0,0],[0,0,0,1,0,0],[0,0,0,1,0,0],[0,0,0,1,0,0],[0,0,0,1,0,0],[0,0,0,1,0,0]],"framerate":[20.788912579957355,25.141930251419303,19.44209636517329,19.40622737146995,15.042241912219247,14.096419509444601,18.28056696251159,18.942937324602433,7.884362680683312,13.65878335651954,15.433673469387754,20.301624129930392,21.37404580152672,20.393474088291747,19.18819188191882,22.533800701051575,23.08598351001178,23.517638228671505,22.194199243379572,22.69861286254729]}
