{"practice":[0,0,0,0,0,0,0,0,0,0,0,0,0,0,0,0,0,0,0,0],"center_interval":[0,25,100,25,25,0,0,25,100,100,50,25,0,50,25,0,25,0,75,50],"image_pair":[4,4,2,4,4,1,1,2,2,4,1,1,1,2,2,3,3,3,4,2],"feature_space":[1,1,1,1,2,2,1,1,2,2,2,2,1,1,1,1,2,2,1,1],"left_img":[2,2,2,2,2,1,1,1,2,1,2,2,2,1,1,1,2,1,2,1],"img1Sample":[1,1,1,1,3,1,3,2,1,1,1,1,2,2,3,3,1,2,2,1],"img2Sample":[3,2,3,2,2,2,3,1,3,2,3,2,2,3,3,3,3,3,3,3],"stim_time":[250,250,250,250,250,250,250,250,250,250,250,250,250,250,250,250,250,250,250,250],"key":[49,49,49,50,50,49,49,50,50,49,50,49,50,50,49,49,49,50,50,49],"correct":[false,false,true,true,true,true,true,false,false,false,true,false,true,false,true,true,false,false,false,true],"right_img":[1,1,1,1,1,2,2,2,1,2,1,1,1,2,2,2,1,2,1,2],"img_choice":[2,2,2,1,1,1,1,2,1,1,1,2,1,2,1,1,2,2,1,1],"center_sample":[2,2,1,3,1,1,3,1,2,1,3,1,3,3,3,1,2,1,3,3],"left_sample":[3,2,3,2,2,1,3,2,3,1,3,2,2,2,3,3,3,2,3,1],"right_sample":[1,1,1,1,3,2,3,1,1,2,1,1,2,3,3,3,1,3,2,3],"exact_match":[0,0,0,0,0,1,1,0,0,0,0,0,0,0,0,0,0,0,0,0],"RT":[[0,0,0,2663,0,0],[0,0,0,1297,0,0],[0,0,0,1145,0,0],[0,0,0,1550,0,0],[0,0,0,1463,0,0],[0,0,0,1483,0,0],[0,0,0,1753,0,0],[0,0,0,1734,0,0],[0,0,0,1670,0,0],[0,0,0,2026,0,0],[0,0,0,1118,0,0],[0,0,0,1802,0,0],[0,0,0,1436,0,0],[0,0,0,1637,0,0],[0,0,0,1592,0,0],[0,0,0,1388,0,0],[0,0,0,655,0,0],[0,0,0,938,0,0],[0,0,0,3498,0,0],[0,0,0,396,0,0]],"response":[[0,0,0,1,0,0],[0,0,0,1,0,0],[0,0,0,1,0,0],[0,0,0,1,0,0],[0,0,0,1,0,0],[0,0,0,1,0,0],[0,0,0,1,0,0],[0,0,0,1,0,0],[0,0,0,1,0,0],[0,0,0,1,0,0],[0,0,0,1,0,0],[0,0,0,1,0,0],[0,0,0,1,0,0],[0,0,0,1,0,0],[0,0,0,1,0,0],[0,0,0,1,0,0],[0,0,0,1,0,0],[0,0,0,1,0,0],[0,0,0,1,0,0],[0,0,0,1,0,0]],"framerate":[8.97571277719113,10.32258064516129,9.939498703543649,8.907823392718823,9.811616954474097,10.339123242349048,9.352037408149632,9.594882729211086,9.817671809256662,9.878903760356916,10.263275323516288,11.538461538461538,9.448818897637796,11.009174311926605,10.75268817204301,12.345679012345679,12.082853855005753,11.566265060240964,10.656807307525012,11.478730587440918]}
