{"practice":[1,1,1,1,1],"center_interval":[0,50,75,25,100],"image_pair":[4,3,2,1,4],"feature_space":[2,1,2,2,2],"left_img":[2,2,2,1,2],"img1Sample":[3,1,1,1,3],"img2Sample":[2,1,3,2,1],"stim_time":[2000,2000,2000,2000,2000],"key":[null,null,null,null,null],"correct":[null,null,null,null,null],"right_img":[1,1,1,2,1],"img_choice":[null,null,null,null,null],"center_sample":[2,2,1,1,2],"left_sample":[2,1,3,1,1],"right_sample":[3,1,1,2,3],"exact_match":[0,0,0,0,0],"RT":[[0,0,0,0,0,0],[0,0,0,0,0,0],[0,0,0,0,0,0],[0,0,0,0,0,0],[0,0,0,0,0,0]],"response":[[0,0,0,1,0,0],[0,0,0,1,0,0],[0,0,0,1,0,0],[0,0,0,1,0,0],[0,0,0,1,0,0]],"framerate":[6.387327542156362,9.339896503849552,9.674134419551935,9.006723328681973,10.21972406745018]}
