{"practice":[0,0,0,0,0,0,0,0,0,0,0,0,0,0,0,0,0,0,0,0],"center_interval":[75,50,50,0,100,50,100,25,0,25,25,25,0,100,75,0,75,75,50,100],"image_pair":[2,4,1,1,4,3,4,4,1,4,3,3,3,3,4,2,1,1,4,2],"feature_space":[1,2,2,1,2,1,1,1,1,2,1,1,2,2,1,1,1,1,1,1],"left_img":[1,2,1,2,2,2,1,1,2,1,1,1,2,2,2,1,1,1,2,1],"img1Sample":[1,1,3,3,1,2,2,1,3,3,2,3,3,3,3,2,2,2,2,2],"img2Sample":[2,3,3,3,3,2,2,3,3,1,2,1,2,3,3,3,3,3,3,3],"stim_time":[2000,2000,2000,2000,2000,2000,2000,2000,2000,2000,2000,2000,2000,2000,2000,2000,2000,2000,2000,2000],"key":[null,50,49,49,49,50,50,50,50,50,49,49,50,50,50,49,50,50,50,49],"correct":[null,true,true,false,true,true,true,false,true,false,true,true,true,false,false,true,true,true,true,false],"right_img":[2,1,2,1,1,1,2,2,1,2,2,2,1,1,1,2,2,2,1,2],"img_choice":[null,1,1,2,2,1,2,2,1,2,1,1,1,1,1,1,2,2,1,1],"center_sample":[2,1,1,1,1,3,1,2,2,3,2,1,2,3,1,1,2,1,2,2],"left_sample":[1,3,3,3,3,2,2,1,3,3,2,3,2,3,3,2,2,2,3,2],"right_sample":[2,1,3,3,1,2,2,3,3,1,2,1,3,3,3,3,3,3,2,3],"exact_match":[0,0,0,0,0,0,0,0,0,0,0,0,0,1,0,0,0,0,0,0],"RT":[[0,0,0,0,0,0],[0,0,0,3828,0,0],[0,0,0,1608,0,0],[0,0,0,2200,0,0],[0,0,0,1595,0,0],[0,0,0,1720,0,0],[0,0,0,1915,0,0],[0,0,0,1581,0,0],[0,0,0,1329,0,0],[0,0,0,1749,0,0],[0,0,0,1507,0,0],[0,0,0,1858,0,0],[0,0,0,1885,0,0],[0,0,0,1160,0,0],[0,0,0,2029,0,0],[0,0,0,1203,0,0],[0,0,0,901,0,0],[0,0,0,1666,0,0],[0,0,0,1497,0,0],[0,0,0,1407,0,0]],"response":[[0,0,0,1,0,0],[0,0,0,1,0,0],[0,0,0,1,0,0],[0,0,0,1,0,0],[0,0,0,1,0,0],[0,0,0,1,0,0],[0,0,0,1,0,0],[0,0,0,1,0,0],[0,0,0,1,0,0],[0,0,0,1,0,0],[0,0,0,1,0,0],[0,0,0,1,0,0],[0,0,0,1,0,0],[0,0,0,1,0,0],[0,0,0,1,0,0],[0,0,0,1,0,0],[0,0,0,1,0,0],[0,0,0,1,0,0],[0,0,0,1,0,0],[0,0,0,1,0,0]],"framerate":[8.86749429946795,9.933283914010378,10.76474545862301,10.70154577883472,10.607086436470324,10.430247718383312,10.08827238335435,11.156648451730419,10.324129651860744,10.796804145972791,10.452961672473867,10.32448377581121,10.069225928256765,10.275689223057645,9.215646119189024,11.059228311624478,10.11148561057817,9.25925925925926,10.540788267644364,10.032664489034063]}
