{"practice":[0,0,0,0,0,0,0,0,0,0,0,0,0,0,0,0,0,0,0,0],"center_interval":[0,100,75,50,25,0,50,25,75,100,25,0,75,0,25,75,0,100,50,50],"image_pair":[2,2,1,3,3,3,2,4,3,2,4,1,3,4,2,2,2,4,4,3],"feature_space":[1,2,1,2,1,1,2,2,2,1,1,2,1,1,2,2,1,2,1,2],"left_img":[2,1,2,2,2,2,2,1,1,2,1,1,2,1,2,1,1,2,1,1],"img1Sample":[2,2,3,3,1,1,3,3,2,1,2,2,1,1,3,1,1,3,2,3],"img2Sample":[3,1,2,1,3,2,1,3,1,2,3,1,1,2,3,1,1,1,3,1],"stim_time":[250,250,250,250,250,250,250,250,250,250,250,250,250,250,250,250,250,250,250,250],"key":[50,50,49,49,49,49,49,49,49,49,49,49,50,50,49,49,50,49,50,50],"correct":[true,true,true,false,false,false,false,true,false,true,true,true,false,false,false,false,false,true,false,false],"right_img":[1,2,1,1,1,1,1,2,2,1,2,2,1,2,1,2,2,1,2,2],"img_choice":[1,2,2,2,2,2,2,1,1,2,1,1,1,2,2,1,2,2,2,2],"center_sample":[3,3,1,1,3,3,2,2,3,1,2,2,3,2,1,2,3,3,2,2],"left_sample":[3,2,2,1,3,2,1,3,2,2,2,2,1,1,3,1,1,1,2,3],"right_sample":[2,1,3,3,1,1,3,3,1,1,3,1,1,2,3,1,1,3,3,1],"exact_match":[0,0,0,0,0,0,0,0,0,0,0,1,0,0,0,0,0,0,0,0],"RT":[[0,0,0,2545,0,0],[0,0,0,47,0,0],[0,0,0,142,0,0],[0,0,0,123,0,0],[0,0,0,62,0,0],[0,0,0,241,0,0],[0,0,0,39,0,0],[0,0,0,196,0,0],[0,0,0,110,0,0],[0,0,0,100,0,0],[0,0,0,171,0,0],[0,0,0,568,0,0],[0,0,0,561,0,0],[0,0,0,268,0,0],[0,0,0,217,0,0],[0,0,0,452,0,0],[0,0,0,286,0,0],[0,0,0,1671,0,0],[0,0,0,617,0,0],[0,0,0,971,0,0]],"response":[[0,0,0,1,0,0],[0,0,0,1,0,0],[0,0,0,1,0,0],[0,0,0,1,0,0],[0,0,0,1,0,0],[0,0,0,1,0,0],[0,0,0,1,0,0],[0,0,0,1,0,0],[0,0,0,1,0,0],[0,0,0,1,0,0],[0,0,0,1,0,0],[0,0,0,1,0,0],[0,0,0,1,0,0],[0,0,0,1,0,0],[0,0,0,1,0,0],[0,0,0,1,0,0],[0,0,0,1,0,0],[0,0,0,1,0,0],[0,0,0,1,0,0],[0,0,0,1,0,0]],"framerate":[7.044237813468582,9.442870632672332,7.541478129713425,7.942811755361397,9.098428453267163,9.159034138218152,6.552006552006552,6.484149855907781,7.2727272727272725,5.30035335689046,6.2015503875969,3.911342894393742,3.337041156840934,4.25531914893617,3.680981595092024,2.857142857142857,1.893939393939394,2.02757502027575,1.2019230769230769,1.7099863201094392]}
