{"practice":[0,0,0,0,0,0,0,0,0,0,0,0,0,0,0,0,0,0,0,0],"center_interval":[100,25,100,0,75,25,50,25,75,0,50,50,0,25,0,50,0,50,75,0],"image_pair":[2,3,1,4,1,4,3,4,2,4,1,2,3,2,2,4,1,1,3,2],"feature_space":[2,2,1,1,2,2,2,1,1,1,1,1,1,1,1,1,1,2,1,1],"left_img":[1,1,1,2,2,2,2,2,1,2,1,2,2,2,1,1,1,2,2,1],"img1Sample":[2,3,3,2,1,1,1,1,2,3,1,2,1,2,2,1,1,3,1,2],"img2Sample":[1,3,3,2,1,1,1,1,3,1,1,2,2,1,1,3,3,3,1,1],"stim_time":[2000,2000,2000,2000,2000,2000,2000,2000,2000,2000,2000,2000,2000,2000,2000,2000,2000,2000,2000,2000],"key":[null,49,50,50,49,50,50,49,49,49,50,49,49,50,50,50,49,50,50,49],"correct":[null,true,true,true,true,true,true,false,false,false,false,false,false,true,false,false,true,true,false,true],"right_img":[2,2,2,1,1,1,1,1,2,1,2,1,1,1,2,2,2,1,1,2],"img_choice":[null,1,2,1,2,1,1,2,1,2,2,2,2,1,2,2,1,1,1,1],"center_sample":[2,2,3,3,2,3,1,3,1,3,1,1,2,3,1,3,2,1,2,1],"left_sample":[2,3,3,2,1,1,1,1,2,1,1,2,2,1,2,1,1,3,1,2],"right_sample":[1,3,3,2,1,1,1,1,3,3,1,2,1,2,1,3,3,3,1,1],"exact_match":[0,0,1,0,0,0,0,0,0,1,0,0,0,0,0,0,0,0,0,0],"RT":[[0,0,0,0,0,0],[0,0,0,1905.2000000001863,0,0],[0,0,0,101.70000000018626,0,0],[0,0,0,616.4000000003725,0,0],[0,0,0,804.4000000003725,0,0],[0,0,0,440.5,0,0],[0,0,0,773.0999999996275,0,0],[0,0,0,908.5,0,0],[0,0,0,603,0,0],[0,0,0,595.0999999996275,0,0],[0,0,0,470.40000000037253,0,0],[0,0,0,421.20000000018626,0,0],[0,0,0,726.2000000001863,0,0],[0,0,0,100.20000000018626,0,0],[0,0,0,502.1000000005588,0,0],[0,0,0,1042.7999999998137,0,0],[0,0,0,613.8000000007451,0,0],[0,0,0,1664.6000000005588,0,0],[0,0,0,3990.2000000001863,0,0],[0,0,0,478.70000000018626,0,0]],"response":[[0,0,0,1,0,0],[0,0,0,1,0,0],[0,0,0,1,0,0],[0,0,0,1,0,0],[0,0,0,1,0,0],[0,0,0,1,0,0],[0,0,0,1,0,0],[0,0,0,1,0,0],[0,0,0,1,0,0],[0,0,0,1,0,0],[0,0,0,1,0,0],[0,0,0,1,0,0],[0,0,0,1,0,0],[0,0,0,1,0,0],[0,0,0,1,0,0],[0,0,0,1,0,0],[0,0,0,1,0,0],[0,0,0,1,0,0],[0,0,0,1,0,0],[0,0,0,1,0,0]],"framerate":[31.087287474253102,34.97615262321145,44.241717538928675,39.504872267581824,35.106147722241374,36.026604261612704,35.444168457484636,34.17377499124789,36.28914252268071,35.29204164461687,44.603305532632746,39.367637941723494,24.981547720436414,23.907103825136613,22.619657990769905,21.700379756648875,20.213264588700696,19.404915912033466,17.657705381184748,22.50813638713867]}
