{"practice":[0,0,0,0,0,0,0,0,0,0,0,0,0,0,0,0,0,0,0,0],"center_interval":[75,25,0,25,25,50,100,0,75,0,50,100,100,100,75,50,25,100,25,25],"image_pair":[4,4,1,3,3,3,2,2,4,3,1,2,4,3,2,2,2,3,1,1],"feature_space":[2,1,1,1,1,2,1,1,2,1,1,2,2,1,2,2,1,1,2,1],"left_img":[1,1,2,1,2,1,1,2,2,2,2,1,1,2,1,1,2,2,1,1],"img1Sample":[1,1,1,3,3,3,2,2,2,2,1,3,2,2,3,3,2,3,2,3],"img2Sample":[2,1,3,1,3,2,1,3,1,1,1,2,3,3,2,1,2,1,3,3],"stim_time":[250,250,250,250,250,250,250,250,250,250,250,250,250,250,250,250,250,250,250,250],"key":[49,50,50,49,49,50,50,49,50,49,50,49,49,49,49,49,49,50,50,50],"correct":[false,false,true,true,false,false,true,false,false,false,true,false,false,true,false,true,false,false,false,false],"right_img":[2,2,1,2,1,2,2,1,1,1,1,2,2,1,2,2,1,1,2,2],"img_choice":[1,2,1,1,2,2,2,2,1,2,1,1,1,2,1,1,2,1,2,2],"center_sample":[2,1,1,3,2,2,2,2,1,3,1,3,2,3,1,1,1,3,1,2],"left_sample":[1,1,3,3,3,3,2,3,1,1,1,3,2,3,3,3,2,1,2,3],"right_sample":[2,1,1,1,3,2,1,2,2,2,1,2,3,2,2,1,2,3,3,3],"exact_match":[0,0,1,0,0,0,0,1,0,0,0,0,0,1,0,0,0,0,0,0],"RT":[[0,0,0,1244.2000000001863,0,0],[0,0,0,305.5,0,0],[0,0,0,301.29999999981374,0,0],[0,0,0,592.8000000007451,0,0],[0,0,0,674,0,0],[0,0,0,102.5,0,0],[0,0,0,14.599999999627471,0,0],[0,0,0,101.20000000018626,0,0],[0,0,0,429.3999999994412,0,0],[0,0,0,671.7000000001863,0,0],[0,0,0,220.8999999994412,0,0],[0,0,0,103.90000000037253,0,0],[0,0,0,35.89999999944121,0,0],[0,0,0,231.8999999994412,0,0],[0,0,0,227.70000000018626,0,0],[0,0,0,284.79999999981374,0,0],[0,0,0,551.4000000003725,0,0],[0,0,0,660.0999999996275,0,0],[0,0,0,682.4000000003725,0,0],[0,0,0,858.8999999994412,0,0]],"response":[[0,0,0,1,0,0],[0,0,0,1,0,0],[0,0,0,1,0,0],[0,0,0,1,0,0],[0,0,0,1,0,0],[0,0,0,1,0,0],[0,0,0,1,0,0],[0,0,0,1,0,0],[0,0,0,1,0,0],[0,0,0,1,0,0],[0,0,0,1,0,0],[0,0,0,1,0,0],[0,0,0,1,0,0],[0,0,0,1,0,0],[0,0,0,1,0,0],[0,0,0,1,0,0],[0,0,0,1,0,0],[0,0,0,1,0,0],[0,0,0,1,0,0],[0,0,0,1,0,0]],"framerate":[39.5600573838227,47.545900080442856,47.58070419443505,45.45179080056781,42.70051933064051,53.123125696144555,53.465903761391914,51.409476480139894,46.53044709692225,42.0585314562675,24.858230404726662,25.893319523571247,26.36843062373191,25.135196892386357,25.52006805350378,24.886546625690634,23.09324678566702,22.438294689596376,22.838871759742357,22.127309216283706]}
