{"practice":[0,0,0,0,0,0,0,0,0,0,0,0,0,0,0,0,0,0,0,0],"center_interval":[50,0,0,100,100,75,0,75,0,50,100,0,75,50,50,100,0,100,0,0],"image_pair":[3,4,4,1,2,4,2,4,1,1,1,1,1,3,4,4,3,1,4,3],"feature_space":[1,2,1,1,2,1,2,2,2,1,1,1,2,2,1,2,1,2,1,2],"left_img":[1,1,1,1,2,1,2,1,2,2,1,1,1,1,1,2,2,2,1,1],"img1Sample":[3,3,3,2,3,1,3,3,2,1,1,1,2,3,1,1,1,3,1,3],"img2Sample":[1,2,1,2,3,1,3,3,1,2,3,1,2,1,2,3,1,2,3,2],"stim_time":[2000,2000,2000,2000,2000,2000,2000,2000,2000,2000,2000,2000,2000,2000,2000,2000,2000,2000,2000,2000],"key":[49,49,49,null,49,49,49,50,49,50,50,49,49,49,49,50,49,49,49,49],"correct":[true,true,true,null,true,false,false,true,false,true,true,true,false,true,true,false,false,true,true,true],"right_img":[2,2,2,2,1,2,1,2,1,1,2,2,2,2,2,1,1,1,2,2],"img_choice":[1,1,1,null,2,1,2,2,2,1,2,1,1,1,1,1,2,2,1,1],"center_sample":[3,3,3,3,1,2,3,3,3,1,2,2,1,3,2,3,1,1,3,2],"left_sample":[3,3,3,2,3,1,3,3,1,2,1,1,2,3,1,3,1,2,1,3],"right_sample":[1,2,1,2,3,1,3,3,2,1,3,1,2,1,2,1,1,3,3,2],"exact_match":[0,1,1,0,0,0,1,0,0,0,0,0,0,0,0,1,1,0,0,0],"RT":[[0,0,0,420,0,0],[0,0,0,410.8999999994412,0,0],[0,0,0,96.5,0,0],[0,0,0,0,0,0],[0,0,0,603.8000000007451,0,0],[0,0,0,806.7000000001863,0,0],[0,0,0,97.79999999981374,0,0],[0,0,0,106.20000000018626,0,0],[0,0,0,787.2999999998137,0,0],[0,0,0,236.80000000074506,0,0],[0,0,0,472.1000000005588,0,0],[0,0,0,1448.7000000001863,0,0],[0,0,0,606.8000000007451,0,0],[0,0,0,289.19999999925494,0,0],[0,0,0,1368.4000000003725,0,0],[0,0,0,666.5,0,0],[0,0,0,104.59999999962747,0,0],[0,0,0,610.1999999992549,0,0],[0,0,0,681.8999999994412,0,0],[0,0,0,96.29999999981374,0,0]],"response":[[0,0,0,1,0,0],[0,0,0,1,0,0],[0,0,0,1,0,0],[0,0,0,1,0,0],[0,0,0,1,0,0],[0,0,0,1,0,0],[0,0,0,1,0,0],[0,0,0,1,0,0],[0,0,0,1,0,0],[0,0,0,1,0,0],[0,0,0,1,0,0],[0,0,0,1,0,0],[0,0,0,1,0,0],[0,0,0,1,0,0],[0,0,0,1,0,0],[0,0,0,1,0,0],[0,0,0,1,0,0],[0,0,0,1,0,0],[0,0,0,1,0,0],[0,0,0,1,0,0]],"framerate":[23.714197720973207,22.95071798530046,23.119392684610077,17.1456355400867,20.40994839198653,21.823204419889503,23.010612357048164,24.3492575191162,21.447273132414907,19.76870613818568,21.0231254379782,20.203918620497,20.515225227867777,23.127328793522967,20.49277986941537,18.667968637815683,23.195524628184963,21.96064652143838,19.69009502610659,23.113012280945323]}
