{"practice":[1,1,1,1,1],"center_interval":[75,50,100,25,100],"image_pair":[2,4,1,3,4],"feature_space":[1,2,2,1,2],"left_img":[2,2,1,1,2],"img1Sample":[3,2,3,3,1],"img2Sample":[2,1,1,3,1],"key":[null,null,null,null,null],"correct":[null,null,null,null,null],"right_img":[1,1,2,2,1],"img_choice":[null,null,null,null,null],"center_sample":[3,1,3,1,2],"left_sample":[2,1,3,3,1],"right_sample":[3,2,1,3,1],"RT":[[0,0,0,0],[0,0,0,0],[0,0,0,0],[0,0,0,0],[0,0,0,0]],"response":[[0,1,0,0],[0,1,0,0],[0,1,0,0],[0,1,0,0],[0,1,0,0]],"framerate":[22.10338680926916,31.431377801589427,30.451429080224376,30.327357060030323,26.213488355170487]}
