{"practice":[0,0,0,0,0,0,0,0,0,0,0,0,0,0,0,0,0,0,0,0],"center_interval":[100,75,75,75,75,0,50,0,100,0,100,25,100,75,50,100,25,0,50,75],"image_pair":[2,3,2,3,3,2,4,3,1,3,3,1,2,1,1,4,1,2,4,3],"feature_space":[2,1,1,1,2,2,2,2,2,2,2,2,1,1,2,2,1,2,2,1],"left_img":[2,2,1,2,2,1,2,2,2,1,1,1,2,2,2,2,2,1,2,2],"img1Sample":[1,2,2,3,3,3,1,1,1,2,1,2,2,2,2,3,3,2,3,2],"img2Sample":[1,1,1,2,1,2,2,3,3,3,3,2,3,2,1,2,2,1,1,2],"stim_time":[2000,2000,2000,2000,2000,2000,2000,2000,2000,2000,2000,2000,2000,2000,2000,2000,2000,2000,2000,2000],"key":[49,49,50,49,49,49,50,50,49,49,50,50,50,50,49,49,49,49,49,49],"correct":[true,true,true,true,true,true,true,true,true,true,true,false,false,false,false,true,false,true,false,true],"right_img":[1,1,2,1,1,2,1,1,1,2,2,2,1,1,1,1,1,2,1,1],"img_choice":[2,2,2,2,2,1,1,1,2,1,2,2,1,1,2,2,2,1,2,2],"center_sample":[1,1,2,1,2,1,2,2,1,1,1,3,2,1,3,3,1,2,1,2],"left_sample":[1,1,2,2,1,3,2,3,3,2,1,2,3,2,1,2,2,2,1,2],"right_sample":[1,2,1,3,3,2,1,1,1,3,3,2,2,2,2,3,3,1,3,2],"exact_match":[1,0,0,0,0,0,0,0,0,0,0,0,0,0,0,0,0,1,0,0],"RT":[[0,0,0,851.8999999761581,0,0],[0,0,0,1186.9000000059605,0,0],[0,0,0,1498.199999988079,0,0],[0,0,0,697.7999999821186,0,0],[0,0,0,1233.300000011921,0,0],[0,0,0,1077.300000011921,0,0],[0,0,0,800.6999999880791,0,0],[0,0,0,705.7999999821186,0,0],[0,0,0,1031.699999988079,0,0],[0,0,0,1078.5999999940395,0,0],[0,0,0,1294.2999999821186,0,0],[0,0,0,964.1999999880791,0,0],[0,0,0,1044.7999999821186,0,0],[0,0,0,1049.5999999940395,0,0],[0,0,0,1239.5,0,0],[0,0,0,1165,0,0],[0,0,0,997,0,0],[0,0,0,819.6999999880791,0,0],[0,0,0,869.5,0,0],[0,0,0,1818.4000000059605,0,0]],"response":[[0,0,0,1,0,0],[0,0,0,1,0,0],[0,0,0,1,0,0],[0,0,0,1,0,0],[0,0,0,1,0,0],[0,0,0,1,0,0],[0,0,0,1,0,0],[0,0,0,1,0,0],[0,0,0,1,0,0],[0,0,0,1,0,0],[0,0,0,1,0,0],[0,0,0,1,0,0],[0,0,0,1,0,0],[0,0,0,1,0,0],[0,0,0,1,0,0],[0,0,0,1,0,0],[0,0,0,1,0,0],[0,0,0,1,0,0],[0,0,0,1,0,0],[0,0,0,1,0,0]],"framerate":[59.63127085707345,59.6192384769539,59.609407617345,59.613793890197854,59.61509919367619,59.60792374260138,59.61127900870896,59.60869317229782,59.314758448358816,59.64930323434063,59.61360650136,59.55847318573376,59.39315687540349,59.614836318487164,59.60772674397835,59.32182087853122,59.64266946925907,59.619100193210045,59.59183673469388,59.60994362980395]}
