{"practice":[0,0,0,0,0,0,0,0,0,0,0,0,0,0,0,0,0,0,0,0],"center_interval":[25,75,100,0,0,25,25,25,0,75,50,50,25,50,50,50,0,25,0,100],"image_pair":[2,3,2,2,2,1,3,3,1,3,4,4,3,1,2,4,3,4,4,2],"feature_space":[2,2,1,1,2,1,1,2,2,2,2,1,2,1,2,2,1,1,2,1],"left_img":[2,2,2,1,2,1,2,1,2,2,2,2,2,2,2,2,2,1,2,2],"img1Sample":[3,2,1,3,3,2,2,2,1,1,1,3,3,1,3,3,2,1,1,2],"img2Sample":[3,3,3,3,1,2,3,2,1,1,2,1,1,1,2,3,1,2,3,2],"stim_time":[2000,2000,2000,2000,2000,2000,2000,2000,2000,2000,2000,2000,2000,2000,2000,2000,2000,2000,2000,2000],"key":[50,49,50,49,49,49,49,49,49,49,49,50,50,50,49,49,50,50,50,49],"correct":[true,true,false,true,false,true,false,true,false,true,false,true,true,true,false,false,true,false,true,true],"right_img":[1,1,1,2,1,2,1,2,1,1,1,1,1,1,1,1,1,2,1,1],"img_choice":[1,2,1,1,2,1,2,1,2,2,2,1,1,1,2,2,1,2,1,2],"center_sample":[2,3,2,2,2,1,1,1,2,1,3,1,3,1,1,1,3,2,2,1],"left_sample":[3,3,3,3,1,2,3,2,1,1,2,1,1,1,2,3,1,1,3,2],"right_sample":[3,2,1,3,3,2,2,2,1,1,1,3,3,1,3,3,2,2,1,2],"exact_match":[0,0,0,0,0,0,0,0,0,0,0,0,0,0,0,0,0,0,0,0],"RT":[[0,0,0,1018.1000000238419,0,0],[0,0,0,1160.5999999940395,0,0],[0,0,0,761,0,0],[0,0,0,825.3000000119209,0,0],[0,0,0,1621.9000000059605,0,0],[0,0,0,1153.5,0,0],[0,0,0,1177.9000000059605,0,0],[0,0,0,1312.7999999821186,0,0],[0,0,0,1460.5999999940395,0,0],[0,0,0,1133.4000000059605,0,0],[0,0,0,841.2000000178814,0,0],[0,0,0,1054.300000011921,0,0],[0,0,0,1713.9000000059605,0,0],[0,0,0,2069.5999999940395,0,0],[0,0,0,1336.3999999761581,0,0],[0,0,0,1896.199999988079,0,0],[0,0,0,1414.5,0,0],[0,0,0,1077.4000000059605,0,0],[0,0,0,2648,0,0],[0,0,0,1226.199999988079,0,0]],"response":[[0,0,0,1,0,0],[0,0,0,1,0,0],[0,0,0,1,0,0],[0,0,0,1,0,0],[0,0,0,1,0,0],[0,0,0,1,0,0],[0,0,0,1,0,0],[0,0,0,1,0,0],[0,0,0,1,0,0],[0,0,0,1,0,0],[0,0,0,1,0,0],[0,0,0,1,0,0],[0,0,0,1,0,0],[0,0,0,1,0,0],[0,0,0,1,0,0],[0,0,0,1,0,0],[0,0,0,1,0,0],[0,0,0,1,0,0],[0,0,0,1,0,0],[0,0,0,1,0,0]],"framerate":[59.3277925881311,59.62264150943397,59.57231573347294,59.043225133093884,59.65292841656625,59.604990655060035,59.61214377315543,59.37954435288415,59.61181909958489,59.60836038952027,59.60029526722648,54.656132625307606,59.197738116430834,59.60916055538723,59.61287831284001,59.61124949406628,59.126815193393135,59.62937260665454,59.605685465382855,59.60477827499554]}
