{"practice":[0,0,0,0,0,0,0,0,0,0,0,0,0,0,0,0,0,0,0,0],"center_interval":[100,75,50,100,75,25,100,50,50,0,75,50,50,25,100,0,50,100,75,25],"image_pair":[4,3,2,1,4,1,1,3,2,2,4,1,2,4,3,3,2,4,2,1],"feature_space":[1,1,1,1,2,2,2,2,1,2,2,1,1,1,1,1,1,2,1,2],"left_img":[2,1,2,2,1,2,1,2,2,1,2,1,2,2,2,2,2,2,2,1],"img1Sample":[2,3,1,3,1,1,3,2,1,2,2,3,2,2,3,1,3,2,3,2],"img2Sample":[3,3,1,2,3,3,1,2,3,3,3,1,3,2,2,3,2,3,1,2],"stim_time":[2000,2000,2000,2000,2000,2000,2000,2000,2000,2000,2000,2000,2000,2000,2000,2000,2000,2000,2000,2000],"key":[50,50,49,50,50,49,50,50,50,50,49,49,50,49,49,50,50,49,50,50],"correct":[false,true,false,false,true,false,true,true,true,false,true,true,true,false,true,true,true,true,false,false],"right_img":[1,2,1,1,2,1,2,1,1,2,1,2,1,1,1,1,1,1,1,2],"img_choice":[1,2,2,1,2,2,2,1,1,2,2,1,1,2,2,1,1,2,1,2],"center_sample":[1,1,2,3,1,3,2,1,2,1,1,2,1,3,1,2,3,2,2,3],"left_sample":[3,3,1,2,1,3,3,2,3,2,3,3,3,2,2,3,2,3,1,2],"right_sample":[2,3,1,3,3,1,1,2,1,3,2,1,2,2,3,1,3,2,3,2],"exact_match":[0,0,0,0,0,0,0,0,0,0,0,0,0,0,0,0,0,0,0,0],"RT":[[0,0,0,1261.4000000059605,0,0],[0,0,0,1448.9000000059605,0,0],[0,0,0,1298.7000000178814,0,0],[0,0,0,1597.5,0,0],[0,0,0,1569.2999999821186,0,0],[0,0,0,2187.5999999940395,0,0],[0,0,0,1471.0999999940395,0,0],[0,0,0,1560.699999988079,0,0],[0,0,0,2007.699999988079,0,0],[0,0,0,1665.2999999821186,0,0],[0,0,0,1531.4000000059605,0,0],[0,0,0,1432.4000000059605,0,0],[0,0,0,1388.5999999940395,0,0],[0,0,0,1330.5,0,0],[0,0,0,1657.9000000059605,0,0],[0,0,0,1485.199999988079,0,0],[0,0,0,1686.0999999940395,0,0],[0,0,0,1277.4000000059605,0,0],[0,0,0,1759.7999999821186,0,0],[0,0,0,1866.4000000059605,0,0]],"response":[[0,0,0,1,0,0],[0,0,0,1,0,0],[0,0,0,1,0,0],[0,0,0,1,0,0],[0,0,0,1,0,0],[0,0,0,1,0,0],[0,0,0,1,0,0],[0,0,0,1,0,0],[0,0,0,1,0,0],[0,0,0,1,0,0],[0,0,0,1,0,0],[0,0,0,1,0,0],[0,0,0,1,0,0],[0,0,0,1,0,0],[0,0,0,1,0,0],[0,0,0,1,0,0],[0,0,0,1,0,0],[0,0,0,1,0,0],[0,0,0,1,0,0],[0,0,0,1,0,0]],"framerate":[59.112092224675,59.62861234375914,59.52380952380952,59.68726595994111,59.33499167019931,57.639194652432366,59.397142389697194,59.38323971110856,59.60539979231569,59.602205504595005,59.159291013116224,59.607954009905924,59.61180790674076,59.61431709049936,59.593153508060574,59.61807172799255,59.59661099900395,59.628543499511245,59.382163519266456,59.61665847553252]}
