{"practice":[0,0,0,0,0,0,0,0,0,0,0,0,0,0,0,0,0,0,0,0],"center_interval":[100,75,25,0,75,0,50,75,0,0,75,0,75,75,75,75,100,50,50,25],"image_pair":[4,4,2,2,1,3,1,2,4,3,1,1,3,2,2,1,1,2,2,3],"feature_space":[1,2,2,2,2,2,2,2,2,2,2,1,1,1,1,2,2,2,2,2],"left_img":[2,1,1,2,1,2,2,2,1,2,2,2,1,2,2,1,1,2,2,2],"img1Sample":[3,3,2,2,3,3,2,1,3,2,3,2,1,3,2,2,2,3,3,2],"img2Sample":[1,1,2,3,3,3,1,3,3,2,2,3,2,3,1,1,1,2,3,2],"stim_time":[250,250,250,250,250,250,250,250,250,250,250,250,250,250,250,250,250,250,250,250],"key":[49,50,49,50,49,50,50,50,49,50,50,50,49,49,49,50,50,49,50,49],"correct":[true,true,true,true,false,true,true,false,true,true,false,true,false,true,true,true,true,false,true,false],"right_img":[1,2,2,1,2,1,1,1,2,1,1,1,2,1,1,2,2,1,1,1],"img_choice":[2,2,1,1,1,1,1,1,1,1,1,1,1,2,2,2,2,2,1,2],"center_sample":[2,1,2,3,1,3,2,1,1,3,1,3,1,2,3,1,2,3,2,2],"left_sample":[1,3,2,3,3,3,1,3,3,2,2,3,1,3,1,2,2,2,3,2],"right_sample":[3,1,2,2,3,3,2,1,3,2,3,2,2,3,2,1,1,3,3,2],"exact_match":[0,0,0,0,0,1,0,0,0,0,0,0,0,0,0,0,0,0,0,0],"RT":[[0,0,0,799.5,0,0],[0,0,0,768.3000000119209,0,0],[0,0,0,606.6000000238419,0,0],[0,0,0,830.7000000178814,0,0],[0,0,0,616.1999999880791,0,0],[0,0,0,626.0999999940395,0,0],[0,0,0,774.3000000119209,0,0],[0,0,0,1169,0,0],[0,0,0,656.9000000059605,0,0],[0,0,0,633.2000000178814,0,0],[0,0,0,859.0999999940395,0,0],[0,0,0,577.9000000059605,0,0],[0,0,0,752.2000000178814,0,0],[0,0,0,641.9000000059605,0,0],[0,0,0,1418.5999999940395,0,0],[0,0,0,753.7000000178814,0,0],[0,0,0,662.1999999880791,0,0],[0,0,0,1328.0999999940395,0,0],[0,0,0,512.4000000059605,0,0],[0,0,0,549.9000000059605,0,0]],"response":[[0,0,0,1,0,0],[0,0,0,1,0,0],[0,0,0,1,0,0],[0,0,0,1,0,0],[0,0,0,1,0,0],[0,0,0,1,0,0],[0,0,0,1,0,0],[0,0,0,1,0,0],[0,0,0,1,0,0],[0,0,0,1,0,0],[0,0,0,1,0,0],[0,0,0,1,0,0],[0,0,0,1,0,0],[0,0,0,1,0,0],[0,0,0,1,0,0],[0,0,0,1,0,0],[0,0,0,1,0,0],[0,0,0,1,0,0],[0,0,0,1,0,0],[0,0,0,1,0,0]],"framerate":[49.531603316304924,59.11977227900987,59.62418694376148,59.61173243225298,59.61607249399151,59.516724198866655,59.68351311453059,59.59849435319012,59.61774504729756,59.629236036892884,59.614077288756654,58.84155684952497,59.75434325629339,59.576476139497316,59.62452662988912,59.43863511282334,59.7136065856827,59.658852196846155,59.55775201233288,59.057565585199555]}
