{"practice":[1,1,1,1,1],"center_interval":[75,0,75,50,50],"image_pair":[2,3,2,1,4],"feature_space":[1,1,1,1,1],"left_img":[2,2,2,1,1],"img1Sample":[1,2,3,3,1],"img2Sample":[2,2,3,3,1],"stim_time":[2000,2000,2000,2000,2000],"key":[49,50,50,49,50],"correct":[true,true,false,true,false],"right_img":[1,1,1,2,2],"img_choice":[2,1,1,1,2],"center_sample":[1,2,2,3,3],"left_sample":[2,2,3,3,1],"right_sample":[1,2,3,3,1],"exact_match":[0,1,0,0,0],"RT":[[0,0,0,1883.4000000059605,0,0],[0,0,0,1054.5,0,0],[0,0,0,2978.300000011921,0,0],[0,0,0,1431.0999999940395,0,0],[0,0,0,1601.5999999940395,0,0]],"response":[[0,0,0,1,0,0],[0,0,0,1,0,0],[0,0,0,1,0,0],[0,0,0,1,0,0],[0,0,0,1,0,0]],"framerate":[59.61632635695502,59.607111387641964,59.60711138748851,59.61778636583893,59.59394543617656]}
