{"practice":[0,0,0,0,0,0,0,0,0,0,0,0,0,0,0,0,0,0,0,0],"center_interval":[25,100,75,25,75,100,0,100,100,0,75,25,0,50,0,25,100,50,0,50],"image_pair":[3,1,2,3,4,4,3,3,2,3,4,1,1,1,3,4,4,1,2,2],"feature_space":[1,2,1,2,1,2,2,1,1,1,2,2,1,1,2,1,2,1,1,1],"left_img":[2,2,2,1,2,2,2,2,1,2,1,2,2,2,2,2,2,2,1,2],"img1Sample":[3,2,3,2,3,2,1,3,1,2,1,3,1,3,1,3,3,2,2,2],"img2Sample":[2,2,2,3,2,1,1,2,3,3,1,3,1,2,3,2,2,2,2,3],"key":[50,49,50,49,49,50,49,50,49,49,50,50,49,50,50,50,50,50,50,50],"correct":[true,true,false,true,true,false,false,false,false,false,true,true,false,true,true,true,false,true,false,true],"right_img":[1,1,1,2,1,1,1,1,2,1,2,1,1,1,1,1,1,1,2,1],"img_choice":[1,2,1,1,2,1,2,1,1,2,2,1,2,1,1,1,1,1,2,1],"center_sample":[2,3,3,1,1,3,3,3,1,1,2,2,3,1,3,1,1,3,1,2],"left_sample":[2,2,2,2,2,1,1,2,1,3,1,3,1,2,3,2,2,2,2,3],"right_sample":[3,2,3,3,3,2,1,3,3,2,1,3,1,3,1,3,3,2,2,2],"RT":[[0,1463,0,0],[0,3320,0,0],[0,3747,0,0],[0,2360,0,0],[0,4560,0,0],[0,2548,0,0],[0,1053,0,0],[0,2425,0,0],[0,1288,0,0],[0,1265,0,0],[0,1301,0,0],[0,2900,0,0],[0,1604,0,0],[0,1520,0,0],[0,2426,0,0],[0,1319,0,0],[0,1679,0,0],[0,3206,0,0],[0,1346,0,0],[0,1263,0,0]],"response":[[0,1,0,0],[0,1,0,0],[0,1,0,0],[0,1,0,0],[0,1,0,0],[0,1,0,0],[0,1,0,0],[0,1,0,0],[0,1,0,0],[0,1,0,0],[0,1,0,0],[0,1,0,0],[0,1,0,0],[0,1,0,0],[0,1,0,0],[0,1,0,0],[0,1,0,0],[0,1,0,0],[0,1,0,0],[0,1,0,0]],"framerate":[21.33850630455868,18.786494034018787,18.52275325863252,20.882452004041763,19.653179190751445,21.02950408035154,21.75226586102719,14.715500327011119,19.128586609989373,20.569620253164558,21.9435736677116,20.385050962627407,20.161290322580644,21.636876763875822,20.34788316376764,20.051413881748072,22.172949002217294,20.14605892722236,22.506393861892583,20.266666666666666]}
