{"practice":[0,0,0,0,0,0,0,0,0,0,0,0,0,0,0,0,0,0,0,0],"center_interval":[25,100,100,25,25,50,50,100,0,100,25,25,0,75,50,75,50,25,0,25],"image_pair":[3,2,4,1,1,2,3,1,3,2,1,3,3,2,3,4,1,2,1,2],"feature_space":[1,2,1,1,2,2,2,1,1,1,1,1,1,2,2,2,2,2,2,2],"left_img":[1,1,2,1,2,2,2,2,2,2,2,2,1,2,2,1,2,2,1,1],"img1Sample":[2,1,3,3,3,3,1,3,1,3,1,3,2,3,2,1,2,3,3,1],"img2Sample":[2,3,2,1,1,2,3,3,2,3,1,2,1,1,1,2,2,1,3,1],"key":[49,49,49,49,50,49,50,50,49,50,49,50,49,50,49,49,50,null,50,49],"correct":[true,false,true,true,true,false,true,false,false,false,false,true,true,false,false,false,true,null,false,true],"right_img":[2,2,1,2,1,1,1,1,1,1,1,1,2,1,1,2,1,1,2,2],"img_choice":[1,1,2,1,1,2,1,1,2,1,2,1,1,1,2,1,1,null,2,1],"center_sample":[2,1,3,2,1,1,2,2,3,1,2,3,3,1,3,2,2,2,2,2],"left_sample":[2,1,2,3,1,2,3,3,2,3,1,2,2,1,1,1,2,1,3,1],"right_sample":[2,3,3,1,3,3,1,3,1,3,1,3,1,3,2,2,2,3,3,1],"RT":[[0,1761,0,0],[0,2178,0,0],[0,1628,0,0],[0,2038,0,0],[0,2457,0,0],[0,2211,0,0],[0,1730,0,0],[0,1631,0,0],[0,1757,0,0],[0,1634,0,0],[0,1361,0,0],[0,1361,0,0],[0,1916,0,0],[0,2590,0,0],[0,1196,0,0],[0,1349,0,0],[0,1591,0,0],[0,0,0,0],[0,1645,0,0],[0,1125,0,0]],"response":[[0,1,0,0],[0,1,0,0],[0,1,0,0],[0,1,0,0],[0,1,0,0],[0,1,0,0],[0,1,0,0],[0,1,0,0],[0,1,0,0],[0,1,0,0],[0,1,0,0],[0,1,0,0],[0,1,0,0],[0,1,0,0],[0,1,0,0],[0,1,0,0],[0,1,0,0],[0,1,0,0],[0,1,0,0],[0,1,0,0]],"framerate":[22.823330515638208,22.302158273381295,21.333333333333332,20.30075187969925,21.241830065359476,21.291696238466997,21.3857998289136,22.22222222222222,20.614219604543543,21.797153024911033,19,19.807008633824275,20.940339786645595,18.949984467225846,23.587493143170597,21.972406745017885,20.72072072072072,19.2,23.23542306006138,23.42857142857143]}
