{"practice":[0,0,0,0,0,0,0,0,0,0,0,0,0,0,0,0,0,0,0,0],"center_interval":[25,100,25,75,75,0,25,75,25,0,0,75,100,100,25,25,75,25,75,100],"image_pair":[4,4,3,1,1,1,3,3,3,3,1,1,3,2,1,3,4,4,2,2],"feature_space":[2,2,1,1,2,2,1,1,1,2,2,1,2,2,1,1,2,1,2,1],"left_img":[1,2,1,1,2,2,2,1,2,1,1,2,2,2,1,1,2,2,2,2],"img1Sample":[1,1,2,2,3,3,3,2,1,3,1,1,3,1,3,3,1,3,1,1],"img2Sample":[3,3,2,1,1,2,3,2,2,3,3,3,1,3,1,3,2,3,1,1],"key":[49,49,49,50,49,50,50,49,49,50,50,49,50,49,null,50,49,49,50,49],"correct":[true,true,true,true,true,true,true,false,false,false,false,true,false,true,null,false,true,false,false,true],"right_img":[2,1,2,2,1,1,1,2,1,2,2,1,1,1,2,2,1,1,1,1],"img_choice":[1,2,1,2,2,1,1,1,2,2,2,2,1,2,null,2,2,2,1,2],"center_sample":[2,1,1,1,2,2,3,2,3,2,3,3,2,1,2,3,2,2,2,2],"left_sample":[1,3,2,2,1,2,3,2,2,3,1,3,1,3,3,3,2,3,1,1],"right_sample":[3,1,2,1,3,3,3,2,1,3,3,1,3,1,1,3,1,3,1,1],"RT":[[0,1248,0,0],[0,1479,0,0],[0,1458,0,0],[0,2318,0,0],[0,4165,0,0],[0,2859,0,0],[0,209,0,0],[0,1411,0,0],[0,1546,0,0],[0,1566,0,0],[0,1771,0,0],[0,1245,0,0],[0,1290,0,0],[0,1122,0,0],[0,0,0,0],[0,1192,0,0],[0,999,0,0],[0,1309,0,0],[0,1111,0,0],[0,1006,0,0]],"response":[[0,1,0,0],[0,1,0,0],[0,1,0,0],[0,1,0,0],[0,1,0,0],[0,1,0,0],[0,1,0,0],[0,1,0,0],[0,1,0,0],[0,1,0,0],[0,1,0,0],[0,1,0,0],[0,1,0,0],[0,1,0,0],[0,1,0,0],[0,1,0,0],[0,1,0,0],[0,1,0,0],[0,1,0,0],[0,1,0,0]],"framerate":[22.921108742004265,21.012416427889207,23.278370514064015,19.74132062627638,20.244622522142556,13.729335948444943,27.027027027027028,23.833167825223434,21.91413237924866,16.902695294655093,21.913190054782973,22.7765726681128,23.6096537250787,22.84408909194746,19.918193135337006,21.499448732083792,22.48594628357277,22.189349112426033,22.131624927198605,24.645717806531113]}
