{"practice":[0,0,0,0,0,0,0,0,0,0,0,0,0,0,0,0,0,0,0,0],"center_interval":[75,25,0,0,25,50,0,75,50,0,0,75,50,100,100,50,25,0,50,75],"image_pair":[4,1,4,2,4,1,4,2,2,1,3,4,1,3,1,2,3,2,2,4],"feature_space":[1,1,1,1,1,1,1,1,2,2,1,1,1,2,2,2,2,2,1,2],"left_img":[1,1,2,2,2,1,1,2,1,2,2,2,2,2,2,2,2,1,1,2],"img1Sample":[3,1,2,3,2,1,1,2,1,3,3,2,2,2,3,2,1,2,3,3],"img2Sample":[3,2,1,2,3,3,2,1,1,3,1,3,1,3,2,3,3,3,1,1],"key":[50,49,50,49,49,50,49,50,49,50,49,49,50,null,50,49,50,50,49,50],"correct":[true,true,true,false,false,false,true,false,true,true,false,true,true,null,false,false,true,false,true,false],"right_img":[2,2,1,1,1,2,2,1,2,1,1,1,1,1,1,1,1,2,2,1],"img_choice":[2,1,1,2,2,2,1,1,1,1,2,2,1,null,1,2,1,2,1,1],"center_sample":[3,3,1,2,3,2,3,3,3,1,2,2,3,2,3,1,3,1,2,1],"left_sample":[3,1,1,2,3,1,1,1,1,3,1,3,1,3,2,3,3,2,3,1],"right_sample":[3,2,2,3,2,3,2,2,1,3,3,2,2,2,3,2,1,3,1,3],"RT":[[0,866,0,0],[0,1548,0,0],[0,1187,0,0],[0,1325,0,0],[0,1237,0,0],[0,1304,0,0],[0,1206,0,0],[0,1332,0,0],[0,1248,0,0],[0,2209,0,0],[0,1559,0,0],[0,1573,0,0],[0,1523,0,0],[0,0,0,0],[0,773,0,0],[0,957,0,0],[0,852,0,0],[0,815,0,0],[0,1775,0,0],[0,752,0,0]],"response":[[0,1,0,0],[0,1,0,0],[0,1,0,0],[0,1,0,0],[0,1,0,0],[0,1,0,0],[0,1,0,0],[0,1,0,0],[0,1,0,0],[0,1,0,0],[0,1,0,0],[0,1,0,0],[0,1,0,0],[0,1,0,0],[0,1,0,0],[0,1,0,0],[0,1,0,0],[0,1,0,0],[0,1,0,0],[0,1,0,0]],"framerate":[24.340770791075048,16.069788797061523,20.959735245449533,18.471010774756287,20.945220193340493,21.88183807439825,21.320852834113364,20.629190304280556,20.8110992529349,19.559032716927454,21.02376599634369,20.10968921389397,21.71814671814672,17.162872154115586,25.473071324599708,20.663744520976834,23.890784982935156,25.71230020847811,21.473684210526315,24.67343976777939]}
