{"practice":[0,0,0,0,0,0,0,0,0,0,0,0,0,0,0,0,0,0,0,0],"center_interval":[75,0,100,50,100,100,50,75,0,0,0,0,25,25,25,25,0,100,0,0],"image_pair":[2,1,1,2,4,3,1,4,4,4,2,3,3,4,3,1,3,1,4,4],"feature_space":[2,2,1,1,1,1,1,2,1,2,1,2,1,2,1,2,1,1,1,1],"left_img":[1,1,1,2,2,1,2,1,1,2,1,2,1,1,2,2,2,2,1,2],"img1Sample":[3,2,1,1,1,3,1,3,2,1,1,3,1,1,2,3,2,1,1,3],"img2Sample":[1,2,1,2,2,2,3,3,3,3,1,3,3,3,3,1,1,3,1,1],"key":[49,50,50,49,50,50,49,49,50,49,49,49,50,50,49,50,50,49,50,49],"correct":[false,false,true,false,false,true,false,false,false,false,true,false,false,false,false,true,true,true,false,false],"right_img":[2,2,2,1,1,2,1,2,2,1,2,1,2,2,1,1,1,1,2,1],"img_choice":[1,2,2,2,1,2,2,1,2,2,1,2,2,2,2,1,1,2,2,2],"center_sample":[1,3,2,2,1,1,2,3,3,3,2,2,3,2,3,2,3,2,2,2],"left_sample":[3,2,1,2,2,3,3,3,2,3,1,3,1,1,3,1,1,3,1,1],"right_sample":[1,2,1,1,1,2,1,3,3,1,1,3,3,3,2,3,2,1,1,3],"RT":[[0,1284,0,0],[0,4021,0,0],[0,1239,0,0],[0,1360,0,0],[0,1596,0,0],[0,1961,0,0],[0,1700,0,0],[0,2013,0,0],[0,1411,0,0],[0,1413,0,0],[0,1145,0,0],[0,1121,0,0],[0,1135,0,0],[0,1556,0,0],[0,2024,0,0],[0,1104,0,0],[0,1350,0,0],[0,1120,0,0],[0,980,0,0],[0,1445,0,0]],"response":[[0,1,0,0],[0,1,0,0],[0,1,0,0],[0,1,0,0],[0,1,0,0],[0,1,0,0],[0,1,0,0],[0,1,0,0],[0,1,0,0],[0,1,0,0],[0,1,0,0],[0,1,0,0],[0,1,0,0],[0,1,0,0],[0,1,0,0],[0,1,0,0],[0,1,0,0],[0,1,0,0],[0,1,0,0],[0,1,0,0]],"framerate":[18.238665971860343,18.51851851851852,23.25581395348837,21.406727828746178,18.884892086330936,22.35929067077872,21.388040157136622,18.93222264293828,23.129921259842522,22.428083861530958,22.146507666098806,23.415191319246144,21.60318362706083,22.727272727272727,19.99245567710298,24.808033077377438,23.750618505690255,23.401826484018265,25.109855618330194,18.137254901960784]}
