{"practice":[1,1,1,1,1],"center_interval":[75,25,50,25,50],"image_pair":[4,3,4,4,4],"feature_space":[1,1,2,1,2],"left_img":[2,2,1,2,2],"img1Sample":[2,3,1,3,3],"img2Sample":[2,3,1,1,1],"key":[null,null,50,49,49],"correct":[null,null,false,false,false],"right_img":[1,1,2,1,1],"img_choice":[null,null,2,2,2],"center_sample":[1,1,3,2,1],"left_sample":[2,3,1,1,1],"right_sample":[2,3,1,3,3],"RT":[[0,0,0,0],[0,0,0,0],[0,3528,0,0],[0,1855,0,0],[0,3184,0,0]],"response":[[0,1,0,0],[0,1,0,0],[0,1,0,0],[0,1,0,0],[0,1,0,0]],"framerate":[18.12688821752266,15.977276761938576,16.148469510725477,21.07823267126064,20.188778185631882]}
