{"practice":[0,0,0,0,0,0,0,0,0,0,0,0,0,0,0,0,0,0,0,0],"center_interval":[50,25,75,75,50,25,25,50,25,75,25,0,0,0,75,75,50,0,25,50],"image_pair":[3,4,2,2,4,1,3,3,1,3,1,4,2,3,4,4,2,1,3,4],"feature_space":[2,1,2,1,2,1,2,2,1,1,1,2,1,2,2,1,2,2,2,1],"left_img":[2,1,1,2,1,1,1,2,1,2,2,1,1,1,1,1,2,1,1,1],"img1Sample":[1,3,3,3,1,1,3,2,1,2,3,3,3,2,1,3,3,2,1,3],"img2Sample":[2,2,2,2,1,1,3,3,3,2,1,3,3,1,2,3,2,1,3,1],"key":[49,49,49,49,50,50,50,49,50,50,49,50,49,49,49,49,50,50,50,49],"correct":[false,true,false,true,false,false,false,false,false,false,false,false,true,true,false,false,true,false,false,true],"right_img":[1,2,2,1,2,2,2,1,2,1,1,2,2,2,2,2,1,2,2,2],"img_choice":[2,1,1,2,2,2,2,2,2,1,2,2,1,1,1,1,1,2,2,1],"center_sample":[3,1,3,3,1,2,1,3,3,1,2,1,1,1,3,1,2,3,3,3],"left_sample":[2,3,3,2,1,1,3,3,1,2,1,3,3,2,1,3,2,2,1,3],"right_sample":[1,2,2,3,1,1,3,2,3,2,3,3,3,1,2,3,3,1,3,1],"RT":[[0,1896,0,0],[0,1096,0,0],[0,2995,0,0],[0,1117,0,0],[0,2109,0,0],[0,1011,0,0],[0,1028,0,0],[0,980,0,0],[0,1019,0,0],[0,2575,0,0],[0,1437,0,0],[0,1171,0,0],[0,1140,0,0],[0,1747,0,0],[0,1705,0,0],[0,1037,0,0],[0,974,0,0],[0,1894,0,0],[0,979,0,0],[0,869,0,0]],"response":[[0,1,0,0],[0,1,0,0],[0,1,0,0],[0,1,0,0],[0,1,0,0],[0,1,0,0],[0,1,0,0],[0,1,0,0],[0,1,0,0],[0,1,0,0],[0,1,0,0],[0,1,0,0],[0,1,0,0],[0,1,0,0],[0,1,0,0],[0,1,0,0],[0,1,0,0],[0,1,0,0],[0,1,0,0],[0,1,0,0]],"framerate":[13.286440015631106,15.267175572519085,13.5284373274434,15.63404748118124,14.186977082575481,14.438166980539862,14.78415138971023,14.294592914853945,13.922518159806296,11.423278789749922,11.967448539971278,12.485811577752553,10.346611484738748,14.712063892391761,15.90713671539123,14.827995255041518,15.625,12.175962293794187,13.019218846869189,15.509103169251517]}
