{"practice":[0,0,0,0,0,0,0,0,0,0,0,0,0,0,0,0,0,0,0,0],"center_interval":[50,0,100,0,100,0,100,0,25,100,75,0,100,50,25,75,100,50,0,0],"image_pair":[3,2,4,4,4,2,2,4,4,4,4,2,3,3,3,3,2,2,1,2],"feature_space":[2,1,2,2,1,1,1,1,1,1,2,2,2,2,1,2,2,1,2,2],"left_img":[1,2,1,1,1,1,1,1,1,2,1,2,2,1,1,2,1,1,2,1],"img1Sample":[1,3,2,2,2,3,1,2,2,2,1,3,2,1,1,2,1,2,2,1],"img2Sample":[1,1,2,3,1,3,3,3,2,1,2,3,2,3,2,1,2,1,1,1],"stim_time":[2000,2000,2000,2000,2000,2000,2000,2000,2000,2000,2000,2000,2000,2000,2000,2000,2000,2000,2000,2000],"key":[50,49,50,50,50,49,50,50,50,49,49,50,50,49,50,50,49,50,49,50],"correct":[false,false,true,false,true,true,true,false,false,true,false,true,false,true,false,false,false,false,false,false],"right_img":[2,1,2,2,2,2,2,2,2,1,2,1,1,2,2,1,2,2,1,2],"img_choice":[2,2,2,2,2,1,2,2,2,2,1,1,1,1,2,1,1,2,2,2],"center_sample":[1,2,3,1,2,3,1,1,3,3,3,2,2,2,1,1,1,3,3,1],"left_sample":[1,1,2,2,2,3,1,2,2,1,1,3,2,1,1,1,1,2,1,1],"right_sample":[1,3,2,3,1,3,3,3,2,2,2,3,2,3,2,2,2,1,2,1],"exact_match":[0,0,0,0,0,1,0,0,0,0,0,0,1,0,0,0,0,0,0,1],"RT":[[0,0,0,1013.0999999940395,0,0],[0,0,0,1772.0999999940395,0,0],[0,0,0,1607.2999999970198,0,0],[0,0,0,2295.6000000089407,0,0],[0,0,0,1387.7999999970198,0,0],[0,0,0,1493.2999999970198,0,0],[0,0,0,35.29999999701977,0,0],[0,0,0,1001.7000000029802,0,0],[0,0,0,1009.2999999970198,0,0],[0,0,0,657.1999999880791,0,0],[0,0,0,736.2999999970198,0,0],[0,0,0,707.2999999970198,0,0],[0,0,0,1008.0999999940395,0,0],[0,0,0,1384.2000000029802,0,0],[0,0,0,1159.800000011921,0,0],[0,0,0,770.4000000059605,0,0],[0,0,0,780.1999999880791,0,0],[0,0,0,36.29999999701977,0,0],[0,0,0,739.2000000029802,0,0],[0,0,0,854.2999999970198,0,0]],"response":[[0,0,0,1,0,0],[0,0,0,1,0,0],[0,0,0,1,0,0],[0,0,0,1,0,0],[0,0,0,1,0,0],[0,0,0,1,0,0],[0,0,0,1,0,0],[0,0,0,1,0,0],[0,0,0,1,0,0],[0,0,0,1,0,0],[0,0,0,1,0,0],[0,0,0,1,0,0],[0,0,0,1,0,0],[0,0,0,1,0,0],[0,0,0,1,0,0],[0,0,0,1,0,0],[0,0,0,1,0,0],[0,0,0,1,0,0],[0,0,0,1,0,0],[0,0,0,1,0,0]],"framerate":[60.015200356375274,60.02007944479874,60.00362286016718,60.022361271916544,60.01714775633147,60.00279082752194,60.03159557661927,60.00419243279963,60.02935933713023,60.00115386844679,60.03043796849702,60.018204574000954,60.008909619628284,60.00714370758423,60.02824858761574,59.99386109323358,55.26866713189114,60.016846834450185,59.98986086843454,60.037113852346025]}
