{"practice":[0,0,0,0,0,0,0,0,0,0,0,0,0,0,0,0,0,0,0,0],"center_interval":[75,25,0,50,50,0,75,0,25,50,0,50,75,50,50,100,50,100,75,50],"image_pair":[4,4,1,4,2,1,1,4,4,3,2,4,4,2,2,1,4,2,1,2],"feature_space":[2,2,2,2,2,1,1,1,1,1,1,2,2,2,1,1,1,1,1,2],"left_img":[1,1,2,2,1,2,1,2,1,2,2,2,2,1,1,2,1,2,2,1],"img1Sample":[1,3,2,3,3,2,3,3,2,2,3,1,2,2,3,1,1,2,1,3],"img2Sample":[1,2,2,1,2,2,3,3,1,2,1,1,2,2,3,1,3,2,1,1],"stim_time":[250,250,250,250,250,250,250,250,250,250,250,250,250,250,250,250,250,250,250,250],"key":[49,49,50,50,49,49,50,49,49,50,50,49,50,50,49,50,50,49,49,49],"correct":[false,true,true,true,true,false,true,false,true,true,true,false,false,false,true,false,false,true,true,true],"right_img":[2,2,1,1,2,1,2,1,2,1,1,1,1,2,2,1,2,1,1,2],"img_choice":[1,1,1,1,1,2,2,2,1,1,1,2,1,2,1,1,2,2,2,1],"center_sample":[2,2,1,2,2,3,1,3,2,2,2,2,2,2,1,2,2,1,2,2],"left_sample":[1,3,2,1,3,2,3,3,2,2,1,1,2,2,3,1,1,2,1,3],"right_sample":[1,2,2,3,2,2,3,3,1,2,3,1,2,2,3,1,3,2,1,1],"exact_match":[0,0,0,0,0,0,0,1,0,0,0,0,0,0,0,0,0,0,0,0],"RT":[[0,0,0,706,0,0],[0,0,0,1171.0999999940395,0,0],[0,0,0,962.2000000029802,0,0],[0,0,0,889.0999999940395,0,0],[0,0,0,1076.199999988079,0,0],[0,0,0,1119.6000000089407,0,0],[0,0,0,1273.7999999970198,0,0],[0,0,0,380.5,0,0],[0,0,0,970.6000000089407,0,0],[0,0,0,754.0999999940395,0,0],[0,0,0,889.7000000029802,0,0],[0,0,0,1101.3999999910593,0,0],[0,0,0,1293.8999999910593,0,0],[0,0,0,817.2999999970198,0,0],[0,0,0,868.9000000059605,0,0],[0,0,0,1041.7999999970198,0,0],[0,0,0,1023,0,0],[0,0,0,498.40000000596046,0,0],[0,0,0,804.3000000119209,0,0],[0,0,0,690.7000000029802,0,0]],"response":[[0,0,0,1,0,0],[0,0,0,1,0,0],[0,0,0,1,0,0],[0,0,0,1,0,0],[0,0,0,1,0,0],[0,0,0,1,0,0],[0,0,0,1,0,0],[0,0,0,1,0,0],[0,0,0,1,0,0],[0,0,0,1,0,0],[0,0,0,1,0,0],[0,0,0,1,0,0],[0,0,0,1,0,0],[0,0,0,1,0,0],[0,0,0,1,0,0],[0,0,0,1,0,0],[0,0,0,1,0,0],[0,0,0,1,0,0],[0,0,0,1,0,0],[0,0,0,1,0,0]],"framerate":[60.01585324415193,60.00089553583434,60.055588643678824,59.99384678531185,59.99812505842429,60.04491909970255,59.99314364088001,60.04747940219317,60.00983767830791,60.02863751524337,60.0123102172053,59.98246666367313,60.04343567694883,60.0233719326239,60.0134512906215,60.008572653151,60.024009603841534,59.98838934411326,60.02787008263421,59.9965716241721]}
