{"practice":[1,1,1,1,1],"center_interval":[0,75,75,50,25],"image_pair":[1,2,4,1,3],"feature_space":[2,1,2,1,1],"left_img":[2,2,1,2,1],"img1Sample":[1,2,2,2,2],"img2Sample":[1,1,1,3,1],"stim_time":[2000,2000,2000,2000,2000],"key":[99,null,109,99,109],"correct":[null,null,null,null,null],"right_img":[1,1,2,1,2],"img_choice":[null,null,null,null,null],"center_sample":[1,3,1,3,2],"left_sample":[1,1,2,3,2],"right_sample":[1,2,1,2,1],"exact_match":[1,0,0,0,0],"RT":[[0,0,0,840.4000000059605,0,0],[0,0,0,0,0,0],[0,0,0,619.3999999910593,0,0],[0,0,0,4437.20000000298,0,0],[0,0,0,702.0999999940395,0,0]],"response":[[0,0,0,1,0,0],[0,0,0,1,0,0],[0,0,0,1,0,0],[0,0,0,1,0,0],[0,0,0,1,0,0]],"framerate":[59.75458395713255,60.025085110263994,60.007420960351745,60.014331780746645,60.02508511014951]}
