{"practice":[0,0,0,0,0,0,0,0,0,0,0,0,0,0,0,0,0,0,0,0],"center_interval":[0,0,100,0,100,100,75,0,0,50,25,25,25,75,0,50,25,50,100,50],"image_pair":[4,1,1,1,1,1,4,2,1,4,1,3,2,3,4,4,4,2,2,1],"feature_space":[2,2,2,1,1,2,2,1,2,2,2,2,1,1,1,2,2,1,1,2],"left_img":[2,1,2,2,1,2,2,2,1,2,2,1,2,2,1,1,2,1,2,2],"img1Sample":[3,2,3,1,3,3,1,3,3,1,1,2,2,1,1,1,2,3,1,1],"img2Sample":[1,3,1,3,2,1,3,2,3,2,1,2,2,1,2,2,3,3,3,2],"stim_time":[250,250,250,250,250,250,250,250,250,250,250,250,250,250,250,250,250,250,250,250],"key":[49,51,49,51,49,50,49,49,50,50,50,49,50,49,50,49,49,50,49,49],"correct":[false,null,true,null,false,false,true,false,false,true,true,true,true,true,false,true,false,false,true,false],"right_img":[1,2,1,1,2,1,1,1,2,1,1,2,1,1,2,2,1,2,1,1],"img_choice":[2,null,2,null,1,1,2,2,2,1,1,1,1,2,2,1,2,2,2,2],"center_sample":[1,3,3,3,1,1,1,3,3,1,2,2,2,1,2,3,1,3,2,1],"left_sample":[1,2,1,3,3,1,3,2,3,2,1,2,2,1,1,1,3,3,3,2],"right_sample":[3,3,3,1,2,3,1,3,3,1,1,2,2,1,2,2,2,3,1,1],"exact_match":[0,0,0,0,0,1,0,1,1,0,0,0,0,0,0,0,0,0,0,0],"RT":[[0,0,0,661.0999999940395,0,0],[0,0,0,440.8999999910593,0,0],[0,0,0,2192.1000000089407,0,0],[0,0,0,3247.7000000029802,0,0],[0,0,0,2677.9000000059605,0,0],[0,0,0,913.2000000029802,0,0],[0,0,0,594.5,0,0],[0,0,0,1929.3999999910593,0,0],[0,0,0,1330.699999988079,0,0],[0,0,0,1180.4000000059605,0,0],[0,0,0,2074.9000000059605,0,0],[0,0,0,1320,0,0],[0,0,0,1504,0,0],[0,0,0,1450.7000000029802,0,0],[0,0,0,541.7000000029802,0,0],[0,0,0,726.8000000119209,0,0],[0,0,0,2184.7000000029802,0,0],[0,0,0,1317.7999999970198,0,0],[0,0,0,1567.800000011921,0,0],[0,0,0,1286.4000000059605,0,0]],"response":[[0,0,0,1,0,0],[0,0,0,1,0,0],[0,0,0,1,0,0],[0,0,0,1,0,0],[0,0,0,1,0,0],[0,0,0,1,0,0],[0,0,0,1,0,0],[0,0,0,1,0,0],[0,0,0,1,0,0],[0,0,0,1,0,0],[0,0,0,1,0,0],[0,0,0,1,0,0],[0,0,0,1,0,0],[0,0,0,1,0,0],[0,0,0,1,0,0],[0,0,0,1,0,0],[0,0,0,1,0,0],[0,0,0,1,0,0],[0,0,0,1,0,0],[0,0,0,1,0,0]],"framerate":[60.019812364934076,60.021436227224015,59.998153903066864,60.02242596128921,60.00375023448545,60.053946765556546,60.00363658436055,60.01877682391438,60.005874701169766,60.02239641657335,60.008299019963076,60.018467220833436,60.001558481829484,60.027827469687935,60.03376899528349,52.13881258050379,59.998153903066864,60.02098635886674,60.01443385111146,60.020432487579235]}
