{"practice":[0,0,0,0,0,0,0,0,0,0,0,0,0,0,0,0,0,0,0,0],"center_interval":[25,50,25,50,100,50,0,50,50,100,50,25,0,25,75,100,25,0,25,50],"image_pair":[4,3,1,3,2,1,4,3,2,2,3,3,3,1,4,1,3,2,1,4],"feature_space":[2,1,2,2,1,1,2,2,2,2,2,2,2,1,2,2,1,1,1,2],"left_img":[2,2,2,1,2,1,2,1,1,2,2,1,2,1,2,1,1,1,2,1],"img1Sample":[1,2,3,3,1,2,1,2,2,1,3,3,1,2,1,2,2,2,3,2],"img2Sample":[2,3,3,2,3,1,3,1,1,2,2,3,3,3,2,2,1,3,2,3],"stim_time":[250,250,250,250,250,250,250,250,250,250,250,250,250,250,250,250,250,250,250,250],"key":[50,49,49,50,49,50,49,50,49,49,50,49,50,50,49,49,50,50,49,50],"correct":[true,false,false,false,true,false,false,false,true,true,true,true,true,false,true,false,false,false,false,false],"right_img":[1,1,1,2,1,2,1,2,2,1,1,2,1,2,1,2,2,2,1,2],"img_choice":[1,2,2,2,2,2,2,2,1,2,1,1,1,2,2,1,2,2,2,2],"center_sample":[3,1,1,3,2,1,3,2,3,3,3,1,2,2,2,1,2,1,1,1],"left_sample":[2,3,3,3,3,2,3,2,2,2,2,3,3,2,2,2,2,2,2,2],"right_sample":[1,2,3,2,1,1,1,1,1,1,3,3,1,3,1,2,1,3,3,3],"exact_match":[0,0,0,0,0,0,0,0,0,0,0,0,0,0,0,0,0,0,0,0],"RT":[[0,0,0,553.0999999940395,0,0],[0,0,0,2679.7999999970198,0,0],[0,0,0,1707.5,0,0],[0,0,0,1286.5,0,0],[0,0,0,640.5,0,0],[0,0,0,1524.9000000059605,0,0],[0,0,0,719.5,0,0],[0,0,0,711.5,0,0],[0,0,0,1065.2000000029802,0,0],[0,0,0,540.5,0,0],[0,0,0,891.8999999910593,0,0],[0,0,0,847.0999999940395,0,0],[0,0,0,451.90000000596046,0,0],[0,0,0,831,0,0],[0,0,0,852,0,0],[0,0,0,1096.1000000089407,0,0],[0,0,0,730.5,0,0],[0,0,0,779.3999999910593,0,0],[0,0,0,754.9000000059605,0,0],[0,0,0,754.2999999970198,0,0]],"response":[[0,0,0,1,0,0],[0,0,0,1,0,0],[0,0,0,1,0,0],[0,0,0,1,0,0],[0,0,0,1,0,0],[0,0,0,1,0,0],[0,0,0,1,0,0],[0,0,0,1,0,0],[0,0,0,1,0,0],[0,0,0,1,0,0],[0,0,0,1,0,0],[0,0,0,1,0,0],[0,0,0,1,0,0],[0,0,0,1,0,0],[0,0,0,1,0,0],[0,0,0,1,0,0],[0,0,0,1,0,0],[0,0,0,1,0,0],[0,0,0,1,0,0],[0,0,0,1,0,0]],"framerate":[60.03961376545135,60.015003751081494,60.005783689864934,60.02554278416347,60.024716059659205,60.00077420360733,60.021315981276224,60.039648824695554,60.01781778957243,59.98875210909129,60.021546196162156,51.04725818326906,60.00659413122322,60.016995963553676,60.033409897402,59.99999999999999,60.01794929334691,60.01418517133317,60.015416804218226,60.015416804218226]}
