{"practice":[0,0,0,0,0,0,0,0,0,0,0,0,0,0,0,0,0,0,0,0],"center_interval":[0,100,100,25,50,25,100,50,75,25,100,75,100,75,100,25,25,75,75,100],"image_pair":[3,4,1,1,2,3,2,3,4,4,1,1,2,3,4,1,1,1,2,2],"feature_space":[1,2,1,1,2,1,2,1,2,1,2,1,2,1,2,1,1,1,2,1],"left_img":[1,1,1,1,1,1,2,1,2,2,1,1,1,2,1,1,2,2,1,2],"img1Sample":[3,2,2,3,3,1,1,2,1,2,1,3,3,1,1,1,2,3,2,1],"img2Sample":[3,2,2,1,2,3,1,1,3,1,2,2,2,2,1,1,1,2,2,2],"key":[49,49,49,49,49,49,50,50,49,49,49,50,49,49,49,49,49,50,50,50],"correct":[true,false,false,true,true,true,false,false,true,false,false,true,false,true,false,true,false,false,true,false],"right_img":[2,2,2,2,2,2,1,2,1,1,2,2,2,1,2,2,1,1,2,1],"img_choice":[1,1,1,1,1,1,1,2,2,2,1,2,1,2,1,1,2,1,2,1],"center_sample":[1,1,1,3,1,2,3,3,2,2,3,2,3,1,2,3,3,2,3,1],"left_sample":[3,2,2,3,3,1,1,2,3,1,1,3,3,2,1,1,1,2,2,2],"right_sample":[3,2,2,1,2,3,1,1,1,2,2,2,2,1,1,1,2,3,2,1],"RT":[[0,171,0,0],[0,3992,0,0],[0,129,0,0],[0,70,0,0],[0,90,0,0],[0,400,0,0],[0,3021,0,0],[0,98,0,0],[0,515,0,0],[0,2916,0,0],[0,139,0,0],[0,772,0,0],[0,62,0,0],[0,1077,0,0],[0,220,0,0],[0,154,0,0],[0,1398,0,0],[0,2943,0,0],[0,716,0,0],[0,3733,0,0]],"response":[[0,1,0,0],[0,1,0,0],[0,1,0,0],[0,1,0,0],[0,1,0,0],[0,1,0,0],[0,1,0,0],[0,1,0,0],[0,1,0,0],[0,1,0,0],[0,1,0,0],[0,1,0,0],[0,1,0,0],[0,1,0,0],[0,1,0,0],[0,1,0,0],[0,1,0,0],[0,1,0,0],[0,1,0,0],[0,1,0,0]],"framerate":[26.819923371647512,13.614703880190605,21.36752136752137,13.157894736842104,29.329608938547487,21.71767028627838,12.621614514856692,27.77777777777778,15.843429636533084,13.274336283185841,27.96271637816245,17.531044558071585,16.08187134502924,20.15411973918198,20.094562647754138,24.296675191815858,14.763779527559056,13.191131069323603,20.485584218512898,11.753860336483061]}
