{"practice":[0,0,0,0,0,0,0,0,0,0,0,0,0,0,0,0,0,0,0,0],"center_interval":[100,0,50,75,25,75,50,100,75,50,50,0,0,100,0,50,25,25,25,75],"image_pair":[3,2,2,3,1,3,1,4,1,2,1,4,4,2,2,3,3,3,3,4],"feature_space":[2,1,1,1,2,1,1,2,1,2,1,2,2,2,2,2,2,1,1,2],"left_img":[1,2,2,2,1,2,1,1,2,1,2,1,1,2,2,2,1,1,2,1],"img1Sample":[1,1,1,3,1,1,1,3,1,2,1,3,3,2,3,1,1,3,3,3],"img2Sample":[1,1,3,2,1,1,2,1,2,2,3,3,1,3,3,3,2,1,3,2],"key":[49,49,49,50,50,49,49,49,49,49,49,49,50,49,49,49,50,50,50,49],"correct":[false,false,false,false,false,true,true,false,true,true,false,true,false,true,false,false,false,false,true,false],"right_img":[2,1,1,1,2,1,2,2,1,2,1,2,2,1,1,1,2,2,1,2],"img_choice":[1,2,2,1,2,2,1,1,2,1,2,1,2,2,2,2,2,2,1,1],"center_sample":[2,3,1,1,2,3,2,3,1,2,3,1,2,2,1,2,3,2,2,2],"left_sample":[1,1,3,2,1,1,1,3,2,2,3,3,3,3,3,3,1,3,3,3],"right_sample":[1,1,1,3,1,1,2,1,1,2,1,3,1,2,3,1,2,1,3,2],"RT":[[0,926,0,0],[0,328,0,0],[0,1453,0,0],[0,470,0,0],[0,112,0,0],[0,190,0,0],[0,166,0,0],[0,458,0,0],[0,1667,0,0],[0,735,0,0],[0,1118,0,0],[0,390,0,0],[0,1131,0,0],[0,776,0,0],[0,2340,0,0],[0,1460,0,0],[0,512,0,0],[0,284,0,0],[0,264,0,0],[0,847,0,0]],"response":[[0,1,0,0],[0,1,0,0],[0,1,0,0],[0,1,0,0],[0,1,0,0],[0,1,0,0],[0,1,0,0],[0,1,0,0],[0,1,0,0],[0,1,0,0],[0,1,0,0],[0,1,0,0],[0,1,0,0],[0,1,0,0],[0,1,0,0],[0,1,0,0],[0,1,0,0],[0,1,0,0],[0,1,0,0],[0,1,0,0]],"framerate":[17.97175866495507,22.364217252396166,18.42870999030068,22.851919561243147,27.89400278940028,26.960784313725487,26.92307692307692,23.408239700374533,19.74550241333918,17.883755588673623,19.450800915331808,17.448200654307524,11.197663096397275,17.130620985010708,11.081262592343855,17.694882831181253,19.607843137254903,17.679558011049725,21.32701421800948,20]}
