{"practice":[0,0,0,0,0,0,0,0,0,0,0,0,0,0,0,0,0,0,0,0],"center_interval":[25,75,100,0,25,0,50,100,0,25,0,25,75,25,0,100,100,25,0,100],"image_pair":[4,2,1,1,3,3,4,1,3,3,4,2,1,3,2,4,3,3,2,1],"feature_space":[1,2,2,1,1,1,2,1,1,2,2,1,2,1,2,1,1,1,1,2],"left_img":[2,2,2,2,1,1,2,2,2,2,1,1,1,2,2,2,1,1,2,2],"img1Sample":[2,1,3,1,1,1,3,3,3,2,2,1,1,3,1,1,2,1,1,3],"img2Sample":[1,2,1,3,3,1,3,3,1,3,2,2,2,1,1,1,3,1,2,1],"key":[50,50,50,49,50,49,49,49,50,50,50,50,50,49,50,49,50,49,49,49],"correct":[true,false,false,false,false,true,false,true,true,true,false,false,true,false,true,true,true,true,false,true],"right_img":[1,1,1,1,2,2,1,1,1,1,2,2,2,1,1,1,2,2,1,1],"img_choice":[1,1,1,2,2,1,2,2,1,1,2,2,2,2,1,2,2,1,2,2],"center_sample":[2,1,3,3,3,2,2,2,2,1,1,2,2,1,2,2,2,2,3,3],"left_sample":[1,2,1,3,1,1,3,3,1,3,2,1,1,1,1,1,2,1,2,1],"right_sample":[2,1,3,1,3,1,3,3,3,2,2,2,2,3,1,1,3,1,1,3],"RT":[[0,906,0,0],[0,1294,0,0],[0,2160,0,0],[0,1158,0,0],[0,26,0,0],[0,147,0,0],[0,902,0,0],[0,749,0,0],[0,1636,0,0],[0,165,0,0],[0,603,0,0],[0,2193,0,0],[0,1367,0,0],[0,209,0,0],[0,965,0,0],[0,113,0,0],[0,1009,0,0],[0,31,0,0],[0,441,0,0],[0,2816,0,0]],"response":[[0,1,0,0],[0,1,0,0],[0,1,0,0],[0,1,0,0],[0,1,0,0],[0,1,0,0],[0,1,0,0],[0,1,0,0],[0,1,0,0],[0,1,0,0],[0,1,0,0],[0,1,0,0],[0,1,0,0],[0,1,0,0],[0,1,0,0],[0,1,0,0],[0,1,0,0],[0,1,0,0],[0,1,0,0],[0,1,0,0]],"framerate":[18.229166666666668,16.27296587926509,16.870064608758074,15.765765765765765,13.657056145675265,19.90049751243781,19.96007984031936,18.922852983988356,15.024304021210781,26.854219948849103,14.084507042253522,14.22475106685633,17.03665462054724,17.38241308793456,17.2927847346452,22.666666666666668,13.555144793592115,28.700906344410875,21.41527001862197,13.742690058479532]}
