{"practice":[0,0,0,0,0,0,0,0,0,0,0,0,0,0,0,0,0,0,0,0],"center_interval":[25,100,0,25,100,25,0,25,50,0,75,50,100,100,50,50,25,0,100,75],"image_pair":[2,2,2,1,2,1,2,3,4,2,2,2,2,4,4,3,4,3,3,3],"feature_space":[1,1,1,1,1,1,2,1,1,2,2,1,2,2,2,2,1,1,1,2],"left_img":[2,1,2,2,1,1,1,1,1,2,1,2,2,1,1,1,2,2,1,1],"img1Sample":[2,3,3,1,2,1,1,1,3,1,3,1,1,3,3,3,3,1,1,1],"img2Sample":[2,3,1,3,3,2,2,2,1,3,2,1,1,3,2,2,3,2,2,2],"key":[49,49,50,50,50,49,49,49,49,50,49,49,50,50,50,50,49,49,49,49],"correct":[false,false,true,true,true,true,true,true,true,true,false,false,false,true,false,false,false,false,false,false],"right_img":[1,2,1,1,2,2,2,2,2,1,2,1,1,2,2,2,1,1,2,2],"img_choice":[2,1,1,1,2,1,1,1,1,1,1,2,1,2,2,2,2,2,1,1],"center_sample":[1,2,2,2,1,3,3,1,3,2,2,2,2,2,1,3,1,2,3,2],"left_sample":[2,3,1,3,2,1,1,1,3,3,3,1,1,3,3,3,3,2,1,1],"right_sample":[2,3,3,1,3,2,2,2,1,1,2,1,1,3,2,2,3,1,2,2],"RT":[[0,445,0,0],[0,155,0,0],[0,755,0,0],[0,114,0,0],[0,586,0,0],[0,2975,0,0],[0,194,0,0],[0,1416,0,0],[0,17,0,0],[0,390,0,0],[0,347,0,0],[0,196,0,0],[0,295,0,0],[0,883,0,0],[0,1050,0,0],[0,399,0,0],[0,845,0,0],[0,22,0,0],[0,1698,0,0],[0,2459,0,0]],"response":[[0,1,0,0],[0,1,0,0],[0,1,0,0],[0,1,0,0],[0,1,0,0],[0,1,0,0],[0,1,0,0],[0,1,0,0],[0,1,0,0],[0,1,0,0],[0,1,0,0],[0,1,0,0],[0,1,0,0],[0,1,0,0],[0,1,0,0],[0,1,0,0],[0,1,0,0],[0,1,0,0],[0,1,0,0],[0,1,0,0]],"framerate":[22.535211267605632,24.453024453024454,17.36613603473227,26.63115845539281,16.75041876046901,13.69480156512018,22.253129346314324,16.70533642691415,29.473684210526315,19.327731092436974,23.93340270551509,22.004889975550125,23.25581395348837,17.275747508305646,18.430439952437574,19.474196689386563,18.685121107266436,26.073619631901842,15.079707022834985,12.605042016806724]}
