{"practice":[1,1,1,1,1],"center_interval":[100,75,100,100,50],"image_pair":[1,2,4,1,1],"feature_space":[1,1,1,1,1],"left_img":[1,2,2,2,1],"img1Sample":[3,1,2,2,1],"img2Sample":[2,3,3,2,2],"key":[50,null,49,49,50],"correct":[true,null,true,true,false],"right_img":[2,1,1,1,2],"img_choice":[2,null,2,2,2],"center_sample":[3,1,1,3,2],"left_sample":[3,3,3,2,1],"right_sample":[2,1,2,2,2],"RT":[[0,4646,0,0],[0,0,0,0],[0,1179,0,0],[0,2830,0,0],[0,342,0,0]],"response":[[0,1,0,0],[0,1,0,0],[0,1,0,0],[0,1,0,0],[0,1,0,0]],"framerate":[20.750047591852272,17.437722419928825,19.273127753303964,11.395133969818295,18.898931799506986]}
