{"practice":[0,0,0,0,0,0,0,0,0,0,0,0,0,0,0,0,0,0,0,0],"center_interval":[50,0,0,75,100,100,25,75,25,50,75,75,100,0,75,100,100,0,100,25],"image_pair":[3,4,4,4,4,2,1,4,2,3,4,4,4,1,2,2,1,2,3,1],"feature_space":[2,2,1,2,1,2,1,2,2,1,1,1,1,2,1,1,2,2,1,2],"left_img":[2,1,1,1,1,1,2,2,1,2,1,1,2,1,1,2,1,1,2,1],"img1Sample":[3,1,3,3,3,1,2,3,3,1,2,3,2,3,1,3,2,3,1,2],"img2Sample":[1,3,2,3,1,2,2,3,2,3,1,3,2,2,1,3,2,2,3,2],"key":[50,49,50,50,49,49,50,49,49,50,50,50,50,49,49,49,50,49,50,49],"correct":[true,true,false,true,false,false,true,true,true,true,true,true,false,true,false,true,true,true,false,true],"right_img":[1,2,2,2,2,2,1,1,2,1,2,2,1,2,2,1,2,2,1,2],"img_choice":[1,1,2,2,1,1,1,2,1,1,2,2,1,1,1,2,2,1,1,1],"center_sample":[3,2,1,1,2,3,1,1,1,1,2,1,3,2,3,1,1,1,1,2],"left_sample":[1,1,3,3,3,1,2,3,3,3,2,3,2,3,1,3,2,3,3,2],"right_sample":[3,3,2,3,1,2,2,3,2,1,1,3,2,2,1,3,2,2,1,2],"RT":[[0,1308,0,0],[0,17,0,0],[0,1122,0,0],[0,971,0,0],[0,991,0,0],[0,1308,0,0],[0,2179,0,0],[0,961,0,0],[0,756,0,0],[0,712,0,0],[0,1193,0,0],[0,1540,0,0],[0,202,0,0],[0,2494,0,0],[0,1982,0,0],[0,246,0,0],[0,952,0,0],[0,21,0,0],[0,264,0,0],[0,1862,0,0]],"response":[[0,1,0,0],[0,1,0,0],[0,1,0,0],[0,1,0,0],[0,1,0,0],[0,1,0,0],[0,1,0,0],[0,1,0,0],[0,1,0,0],[0,1,0,0],[0,1,0,0],[0,1,0,0],[0,1,0,0],[0,1,0,0],[0,1,0,0],[0,1,0,0],[0,1,0,0],[0,1,0,0],[0,1,0,0],[0,1,0,0]],"framerate":[17.754569190600524,22.727272727272727,18.867924528301888,20.65081351689612,16.029593094944513,16.51186790505676,13.644524236983843,15.933715742511154,18.315018315018314,17.77777777777778,18.784530386740332,19.33050447901933,23.64066193853428,16.013071895424837,15.051395007342144,23.55712603062426,18.697614442295293,29.91452991452991,20.408163265306122,17.578905313623654]}
