{"practice":[0,0,0,0,0,0,0,0,0,0,0,0,0,0,0,0,0,0,0,0],"center_interval":[100,100,100,75,0,75,0,50,50,25,100,50,50,75,0,0,100,50,0,50],"image_pair":[2,2,2,3,2,4,1,1,4,2,4,1,1,1,3,2,4,2,4,2],"feature_space":[2,1,1,1,2,2,1,2,2,1,2,1,1,2,2,2,1,1,1,2],"left_img":[1,1,1,2,1,2,1,2,1,1,2,1,1,1,2,2,2,1,1,2],"img1Sample":[2,2,3,1,3,1,3,3,2,1,2,3,3,2,1,1,2,2,1,2],"img2Sample":[3,3,1,2,3,2,1,2,1,1,1,1,2,3,1,3,2,1,3,3],"key":[49,50,50,50,49,49,49,49,50,50,49,49,50,49,50,50,49,49,50,49],"correct":[false,true,true,false,true,true,true,false,false,false,true,true,false,false,true,true,true,true,false,false],"right_img":[2,2,2,1,2,1,2,1,2,2,1,2,2,2,1,1,1,2,2,1],"img_choice":[1,2,2,1,1,2,1,2,2,2,2,1,2,1,1,1,2,1,2,2],"center_sample":[2,2,3,1,2,2,2,2,2,2,2,3,2,2,3,3,1,2,2,3],"left_sample":[2,2,3,2,3,2,3,2,2,1,1,3,3,2,1,3,2,2,1,3],"right_sample":[3,3,1,1,3,1,1,3,1,1,2,1,2,3,1,1,2,1,3,2],"RT":[[0,0,0,666,0,0],[0,0,0,526.2000000476837,0,0],[0,0,0,593.1000000238419,0,0],[0,0,0,600,0,0],[0,0,0,659.9000000953674,0,0],[0,0,0,921.5,0,0],[0,0,0,971.7000000476837,0,0],[0,0,0,1137.7000000476837,0,0],[0,0,0,744.7000000476837,0,0],[0,0,0,989.8999999761581,0,0],[0,0,0,774.9000000953674,0,0],[0,0,0,804.6000000238419,0,0],[0,0,0,843.9000000953674,0,0],[0,0,0,686.5,0,0],[0,0,0,887.5,0,0],[0,0,0,737.6000000238419,0,0],[0,0,0,853.6000000238419,0,0],[0,0,0,803.7999999523163,0,0],[0,0,0,1008.7000000476837,0,0],[0,0,0,905.8000000715256,0,0]],"response":[[0,0,0,1,0,0],[0,0,0,1,0,0],[0,0,0,1,0,0],[0,0,0,1,0,0],[0,0,0,1,0,0],[0,0,0,1,0,0],[0,0,0,1,0,0],[0,0,0,1,0,0],[0,0,0,1,0,0],[0,0,0,1,0,0],[0,0,0,1,0,0],[0,0,0,1,0,0],[0,0,0,1,0,0],[0,0,0,1,0,0],[0,0,0,1,0,0],[0,0,0,1,0,0],[0,0,0,1,0,0],[0,0,0,1,0,0],[0,0,0,1,0,0],[0,0,0,1,0,0]],"framerate":[60.00229673986326,60.020406937500155,60.03178153266253,60.01346643469559,59.997692397271514,60.01982797850246,60.027501586251546,59.99999999999999,60.03382187147689,59.99842109568745,60.02736130807652,60.02268138269635,60.001643879086494,59.9674462438761,60.055185846066166,59.46509596224545,56.44171779141105,59.90054249467216,53.79375146817008,58.108253525276076]}
