{"practice":[1,1,1,1,1],"center_interval":[50,100,25,0,100],"image_pair":[3,2,2,3,2],"feature_space":[1,1,2,1,2],"left_img":[2,1,1,2,1],"img1Sample":[1,3,2,1,1],"img2Sample":[3,3,1,1,3],"key":[49,49,50,49,49],"correct":[false,false,false,false,false],"right_img":[1,2,2,1,2],"img_choice":[2,1,2,2,1],"center_sample":[3,1,1,2,2],"left_sample":[3,3,2,1,1],"right_sample":[1,3,1,1,3],"RT":[[0,0,0,3020.7999999523163,0,0],[0,0,0,1853.8999999761581,0,0],[0,0,0,2402.5,0,0],[0,0,0,1836.1000000238419,0,0],[0,0,0,1719.3999999761581,0,0]],"response":[[0,0,0,1,0,0],[0,0,0,1,0,0],[0,0,0,1,0,0],[0,0,0,1,0,0],[0,0,0,1,0,0]],"framerate":[58.73287671232877,58.6050705183883,59.84463412295003,59.359944942717874,57.55110140870717]}
