{"practice":[0,0,0,0,0,0,0,0,0,0,0,0,0,0,0,0,0,0,0,0],"center_interval":[0,100,75,50,25,50,75,25,75,75,75,50,100,25,50,0,100,25,25,0],"image_pair":[4,2,2,1,4,4,2,4,2,4,4,2,2,4,3,1,3,2,3,3],"feature_space":[2,1,2,2,2,1,2,1,1,1,2,2,1,1,1,1,1,2,2,1],"left_img":[2,1,2,2,1,1,1,1,1,1,2,1,1,2,1,1,2,1,2,2],"img1Sample":[1,2,2,1,1,3,2,1,1,3,2,2,2,1,3,1,2,1,1,2],"img2Sample":[3,1,1,3,3,2,1,2,1,1,1,1,1,3,2,1,2,3,2,1],"key":[49,50,50,50,49,50,49,50,50,50,49,49,50,49,50,50,50,49,49,49],"correct":[false,true,false,true,true,false,false,false,true,true,true,true,true,false,false,false,false,true,false,false],"right_img":[1,2,1,1,2,2,2,2,2,2,1,2,2,1,2,2,1,2,1,1],"img_choice":[2,2,1,1,1,2,1,2,2,2,2,1,2,2,2,2,1,1,2,2],"center_sample":[2,3,1,2,2,2,1,2,1,1,3,3,3,1,1,2,1,1,3,1],"left_sample":[3,2,1,3,1,3,2,1,1,3,1,2,2,3,3,1,2,1,2,1],"right_sample":[1,1,2,1,3,2,1,2,1,1,2,1,1,1,2,1,2,3,1,2],"RT":[[0,0,0,792.1000000238419,0,0],[0,0,0,652.3999999761581,0,0],[0,0,0,644.7999999523163,0,0],[0,0,0,626.8000000715256,0,0],[0,0,0,629.6999999284744,0,0],[0,0,0,773.1000000238419,0,0],[0,0,0,718.7999999523163,0,0],[0,0,0,755.6999999284744,0,0],[0,0,0,694,0,0],[0,0,0,741.8999999761581,0,0],[0,0,0,723.3000000715256,0,0],[0,0,0,851.8000000715256,0,0],[0,0,0,685.6000000238419,0,0],[0,0,0,817.3999999761581,0,0],[0,0,0,771.5999999046326,0,0],[0,0,0,672.2999999523163,0,0],[0,0,0,685.7000000476837,0,0],[0,0,0,695.9000000953674,0,0],[0,0,0,996.9000000953674,0,0],[0,0,0,757.8999999761581,0,0]],"response":[[0,0,0,1,0,0],[0,0,0,1,0,0],[0,0,0,1,0,0],[0,0,0,1,0,0],[0,0,0,1,0,0],[0,0,0,1,0,0],[0,0,0,1,0,0],[0,0,0,1,0,0],[0,0,0,1,0,0],[0,0,0,1,0,0],[0,0,0,1,0,0],[0,0,0,1,0,0],[0,0,0,1,0,0],[0,0,0,1,0,0],[0,0,0,1,0,0],[0,0,0,1,0,0],[0,0,0,1,0,0],[0,0,0,1,0,0],[0,0,0,1,0,0],[0,0,0,1,0,0]],"framerate":[60.01500375054017,60.00634682597043,60.03480278422274,60.01631511312097,60.00407794871178,60.01730731533016,60.00396252542226,59.16496088462026,60.04117108833729,60.01690617075232,60.015853244658274,58.63263246922411,50.59021922359381,60.01376462491397,60.02568541036972,59.983353900556686,60.02744111634781,60.00342876817567,59.51440459298966,59.98598458304135]}
