{"practice":[0,0,0,0,0,0,0,0,0,0,0,0,0,0,0,0,0,0,0,0],"center_interval":[50,0,25,50,100,75,50,100,75,0,0,75,0,0,100,0,0,100,25,25],"image_pair":[2,4,4,4,4,2,4,2,1,1,2,3,3,3,1,1,4,1,4,4],"feature_space":[1,1,2,2,1,2,1,1,2,2,1,2,1,1,1,2,1,2,1,2],"left_img":[1,1,2,1,1,1,2,2,2,2,2,2,2,1,1,1,2,1,2,1],"img1Sample":[2,1,1,3,3,3,3,1,2,3,3,3,3,3,3,2,1,1,2,2],"img2Sample":[1,2,3,2,2,2,2,3,3,2,2,1,1,2,1,2,1,3,2,1],"key":[49,50,50,49,50,50,50,50,50,50,49,50,49,49,50,49,49,49,50,49],"correct":[true,false,true,true,true,true,true,false,false,true,false,false,false,true,true,true,false,false,true,true],"right_img":[2,2,1,2,2,2,1,1,1,1,1,1,1,2,2,2,1,2,1,2],"img_choice":[1,2,1,1,2,2,1,1,1,1,2,1,2,1,2,1,2,1,1,1],"center_sample":[1,3,2,2,1,3,2,2,1,2,1,2,1,2,2,3,3,2,2,2],"left_sample":[2,1,3,3,3,3,2,3,3,2,2,1,1,3,3,2,1,1,2,2],"right_sample":[1,2,1,2,2,2,3,1,2,3,3,3,3,2,1,2,1,3,2,1],"RT":[[0,0,0,1122.8999999761581,0,0],[0,0,0,1441.8999999761581,0,0],[0,0,0,723.6000000238419,0,0],[0,0,0,1058.8999999761581,0,0],[0,0,0,1023.7000000476837,0,0],[0,0,0,753.5,0,0],[0,0,0,851.7000000476837,0,0],[0,0,0,678.7000000476837,0,0],[0,0,0,846.6000000238419,0,0],[0,0,0,892.5,0,0],[0,0,0,652.7000000476837,0,0],[0,0,0,841,0,0],[0,0,0,941.2999999523163,0,0],[0,0,0,830,0,0],[0,0,0,819,0,0],[0,0,0,888.7000000476837,0,0],[0,0,0,756.0999999046326,0,0],[0,0,0,1128.6000000238419,0,0],[0,0,0,701.3000000715256,0,0],[0,0,0,842.8000000715256,0,0]],"response":[[0,0,0,1,0,0],[0,0,0,1,0,0],[0,0,0,1,0,0],[0,0,0,1,0,0],[0,0,0,1,0,0],[0,0,0,1,0,0],[0,0,0,1,0,0],[0,0,0,1,0,0],[0,0,0,1,0,0],[0,0,0,1,0,0],[0,0,0,1,0,0],[0,0,0,1,0,0],[0,0,0,1,0,0],[0,0,0,1,0,0],[0,0,0,1,0,0],[0,0,0,1,0,0],[0,0,0,1,0,0],[0,0,0,1,0,0],[0,0,0,1,0,0],[0,0,0,1,0,0]],"framerate":[60.02034587995931,59.30528099506774,60.00905796979955,60.01966161365732,59.216361454951695,59.974216691088,60.07646095030039,57.13629446764541,59.9835661462613,60.043815758219004,59.994231323911166,59.47812739675686,60.00960153662739,60.00164388104621,60.061714789113964,59.96434552544135,60.066803266381065,59.97763545869166,59.98749075859417,60.08230452674897]}
