{"practice":[0,0,0,0,0,0,0,0,0,0,0,0,0,0,0,0,0,0,0,0],"center_interval":[75,100,100,75,50,50,100,50,75,50,0,75,50,0,50,0,100,75,50,25],"image_pair":[4,4,4,3,2,3,1,3,3,3,4,2,1,3,4,2,3,1,2,4],"feature_space":[1,1,1,2,1,1,2,1,2,2,1,2,1,2,1,1,2,2,2,2],"left_img":[2,2,2,2,1,1,1,1,2,2,2,1,1,1,1,1,1,2,1,1],"img1Sample":[3,1,1,3,1,3,3,1,1,3,3,3,1,1,1,3,3,2,3,2],"img2Sample":[2,1,1,2,1,1,1,3,2,3,3,3,2,3,3,2,3,1,2,2],"key":[49,49,49,50,50,50,50,49,50,50,50,49,50,49,50,50,49,49,50,49],"correct":[true,true,true,false,false,false,true,true,false,true,true,false,false,true,false,false,false,true,false,true],"right_img":[1,1,1,1,2,2,2,2,1,1,1,2,2,2,2,2,2,1,2,2],"img_choice":[2,2,2,1,2,2,2,1,1,1,1,1,2,1,2,2,1,2,2,1],"center_sample":[1,2,2,2,2,1,3,3,3,3,2,2,1,2,3,2,1,2,1,1],"left_sample":[2,1,1,2,1,3,3,1,2,3,3,3,1,1,1,3,3,1,3,2],"right_sample":[3,1,1,3,1,1,1,3,1,3,3,3,2,3,3,2,3,2,2,2],"RT":[[0,0,0,1022.5,0,0],[0,0,0,989,0,0],[0,0,0,907.5,0,0],[0,0,0,1004.4000000953674,0,0],[0,0,0,888.1000000238419,0,0],[0,0,0,1126.6999999284744,0,0],[0,0,0,1126.2999999523163,0,0],[0,0,0,1004.5,0,0],[0,0,0,1028.1000000238419,0,0],[0,0,0,1228.6000000238419,0,0],[0,0,0,987.1000000238419,0,0],[0,0,0,1094.8999999761581,0,0],[0,0,0,851.0999999046326,0,0],[0,0,0,945.3999999761581,0,0],[0,0,0,819.5,0,0],[0,0,0,1234.3999999761581,0,0],[0,0,0,1370,0,0],[0,0,0,792,0,0],[0,0,0,1041,0,0],[0,0,0,709,0,0]],"response":[[0,0,0,1,0,0],[0,0,0,1,0,0],[0,0,0,1,0,0],[0,0,0,1,0,0],[0,0,0,1,0,0],[0,0,0,1,0,0],[0,0,0,1,0,0],[0,0,0,1,0,0],[0,0,0,1,0,0],[0,0,0,1,0,0],[0,0,0,1,0,0],[0,0,0,1,0,0],[0,0,0,1,0,0],[0,0,0,1,0,0],[0,0,0,1,0,0],[0,0,0,1,0,0],[0,0,0,1,0,0],[0,0,0,1,0,0],[0,0,0,1,0,0],[0,0,0,1,0,0]],"framerate":[54.27125189132862,60.0157936299026,60.00430524201663,60.00733714090944,60.0340733933939,59.99593247879031,60.040196403768896,59.92724988765961,60.09144350097976,60.02579620958649,59.99842109568745,60.03232509666099,59.99454595036815,60.03842459326654,59.99559665306296,60.034093435071114,60.011954572624035,59.97334517952302,60.04991161559306,60.0233266016733]}
