{"practice":[0,0,0,0,0,0,0,0,0,0,0,0,0,0,0,0,0,0,0,0],"center_interval":[75,100,75,75,50,100,25,0,25,0,50,0,75,0,100,25,50,100,50,0],"image_pair":[3,2,2,3,4,2,2,1,2,1,1,4,1,3,2,2,4,4,2,2],"feature_space":[2,1,2,2,1,2,2,2,1,2,2,2,2,1,1,1,2,2,1,1],"left_img":[2,2,1,2,1,2,1,2,1,2,2,2,1,2,2,2,2,2,2,1],"img1Sample":[1,3,1,3,2,3,2,3,1,1,3,1,3,3,3,3,3,2,2,3],"img2Sample":[3,2,1,2,2,1,1,2,1,2,3,3,1,3,3,1,2,1,2,1],"key":[49,49,50,50,49,49,50,50,49,49,49,50,49,49,50,50,49,50,50,null],"correct":[true,true,true,false,true,true,false,true,true,false,false,true,false,false,false,true,false,false,true,null],"right_img":[1,1,2,1,2,1,2,1,2,1,1,1,2,1,1,1,1,1,1,2],"img_choice":[2,2,2,1,1,2,2,1,1,2,2,1,1,2,1,1,2,1,1,null],"center_sample":[1,3,3,3,2,2,2,1,3,3,3,3,3,2,1,3,2,2,1,2],"left_sample":[3,2,1,2,2,1,2,2,1,2,3,3,3,3,3,1,2,1,2,3],"right_sample":[1,3,1,3,2,3,1,3,1,1,3,1,1,3,3,3,3,2,2,1],"RT":[[0,0,0,3166,0,0],[0,0,0,1708,0,0],[0,0,0,3735,0,0],[0,0,0,1576,0,0],[0,0,0,1388,0,0],[0,0,0,2588,0,0],[0,0,0,2796,0,0],[0,0,0,2987,0,0],[0,0,0,2769,0,0],[0,0,0,3922,0,0],[0,0,0,3389,0,0],[0,0,0,3272,0,0],[0,0,0,3067,0,0],[0,0,0,4469,0,0],[0,0,0,3893,0,0],[0,0,0,4335,0,0],[0,0,0,3914,0,0],[0,0,0,2593,0,0],[0,0,0,2610,0,0],[0,0,0,0,0,0]],"response":[[0,0,0,1,0,0],[0,0,0,1,0,0],[0,0,0,1,0,0],[0,0,0,1,0,0],[0,0,0,1,0,0],[0,0,0,1,0,0],[0,0,0,1,0,0],[0,0,0,1,0,0],[0,0,0,1,0,0],[0,0,0,1,0,0],[0,0,0,1,0,0],[0,0,0,1,0,0],[0,0,0,1,0,0],[0,0,0,1,0,0],[0,0,0,1,0,0],[0,0,0,1,0,0],[0,0,0,1,0,0],[0,0,0,1,0,0],[0,0,0,1,0,0],[0,0,0,1,0,0]],"framerate":[22.278056951423785,27.58772897815052,20.61855670103093,26.189933955818724,29.613835583984837,22.832745498422128,24.715504978662874,21.269237420024208,29.546253957087583,22.528339790500787,22.420796100731113,20.531204171419258,25.720164609053498,26.933333333333334,22.00089192805114,20.594965675057207,19.30788652903609,21.70314511679235,25.796941219826792,18.160890139404014]}
