{"practice":[0,0,0,0,0,0,0,0,0,0,0,0,0,0,0,0,0,0,0,0],"center_interval":[0,0,25,0,50,0,75,0,50,0,75,75,25,25,100,50,25,0,0,25],"image_pair":[4,4,4,2,2,2,1,2,3,1,2,2,4,1,3,4,2,3,2,1],"feature_space":[1,1,2,1,2,2,2,1,1,2,2,2,1,2,2,1,1,1,2,2],"left_img":[2,2,1,2,2,1,2,1,1,1,1,2,2,1,2,2,2,2,1,2],"img1Sample":[3,3,1,3,1,2,3,2,1,1,3,2,1,3,1,3,2,3,3,3],"img2Sample":[1,2,2,2,3,3,3,2,2,3,1,1,3,3,3,2,2,1,3,3],"key":[49,50,50,50,50,49,49,50,50,50,49,49,50,49,null,50,50,50,49,50],"correct":[false,true,false,true,true,true,true,false,false,false,false,true,true,true,null,true,true,true,true,true],"right_img":[1,1,2,1,1,2,1,2,2,2,2,1,1,2,1,1,1,1,2,1],"img_choice":[2,1,2,1,1,1,2,2,2,2,1,2,1,1,null,1,1,1,1,1],"center_sample":[2,2,3,2,1,1,2,1,3,3,3,3,1,3,2,2,2,2,2,1],"left_sample":[1,2,1,2,3,2,3,2,1,1,3,1,3,3,3,2,2,1,3,3],"right_sample":[3,3,2,3,1,3,3,2,2,3,1,2,1,3,1,3,2,3,3,3],"RT":[[0,0,0,878,0,0],[0,0,0,842,0,0],[0,0,0,565,0,0],[0,0,0,813,0,0],[0,0,0,885,0,0],[0,0,0,1072,0,0],[0,0,0,1506,0,0],[0,0,0,2339,0,0],[0,0,0,1048,0,0],[0,0,0,1431,0,0],[0,0,0,1771,0,0],[0,0,0,1451,0,0],[0,0,0,1217,0,0],[0,0,0,1755,0,0],[0,0,0,0,0,0],[0,0,0,999,0,0],[0,0,0,1009,0,0],[0,0,0,907,0,0],[0,0,0,837,0,0],[0,0,0,954,0,0]],"response":[[0,0,0,1,0,0],[0,0,0,1,0,0],[0,0,0,1,0,0],[0,0,0,1,0,0],[0,0,0,1,0,0],[0,0,0,1,0,0],[0,0,0,1,0,0],[0,0,0,1,0,0],[0,0,0,1,0,0],[0,0,0,1,0,0],[0,0,0,1,0,0],[0,0,0,1,0,0],[0,0,0,1,0,0],[0,0,0,1,0,0],[0,0,0,1,0,0],[0,0,0,1,0,0],[0,0,0,1,0,0],[0,0,0,1,0,0],[0,0,0,1,0,0],[0,0,0,1,0,0]],"framerate":[23.060227889310905,24.54322334333242,24.404586886209938,27.14681440443213,22.751605995717345,23.13030069390902,23.48291095094164,22.849462365591396,23.18471337579618,22.839651518719098,21.53163152053274,23.197060174552135,25.812856788284936,26.060736592720225,24.102499048585567,23.28014648182056,24.915650142745914,24.84472049689441,24.417009602194785,24.481106971793505]}
