{"practice":[0,0,0,0,0,0,0,0,0,0,0,0,0,0,0,0,0,0,0,0],"center_interval":[100,25,100,100,25,25,100,0,0,100,100,25,0,100,75,100,0,0,75,50],"image_pair":[3,3,4,1,1,1,2,2,3,4,2,2,4,3,1,3,4,1,1,4],"feature_space":[2,2,2,1,2,2,2,1,1,1,1,2,2,1,2,1,1,2,1,1],"left_img":[1,1,1,2,1,1,2,2,1,2,2,2,2,2,1,1,2,2,1,2],"img1Sample":[2,3,3,2,3,3,1,1,3,1,1,3,1,2,1,2,2,3,3,2],"img2Sample":[1,3,1,2,1,3,2,3,2,3,2,2,3,2,2,1,2,3,1,3],"key":[49,49,50,50,50,49,49,49,49,49,49,49,49,49,49,49,49,null,50,49],"correct":[false,true,true,false,false,true,true,false,true,true,true,false,false,true,false,false,false,null,true,false],"right_img":[2,2,2,1,2,2,1,1,2,1,1,1,1,1,2,2,1,1,2,1],"img_choice":[1,1,2,1,2,1,2,2,1,2,2,2,2,2,1,1,2,null,2,2],"center_sample":[3,1,2,3,3,2,1,2,2,1,3,2,2,1,1,2,3,1,2,1],"left_sample":[2,3,3,2,3,3,2,3,3,3,2,2,3,2,1,2,2,3,3,3],"right_sample":[1,3,1,2,1,3,1,1,2,1,1,3,1,2,2,1,2,3,1,2],"RT":[[0,0,0,871,0,0],[0,0,0,1794,0,0],[0,0,0,4380,0,0],[0,0,0,737,0,0],[0,0,0,940,0,0],[0,0,0,1659,0,0],[0,0,0,1213,0,0],[0,0,0,1208,0,0],[0,0,0,1096,0,0],[0,0,0,1979,0,0],[0,0,0,1594,0,0],[0,0,0,1863,0,0],[0,0,0,1106,0,0],[0,0,0,3391,0,0],[0,0,0,1170,0,0],[0,0,0,2359,0,0],[0,0,0,812,0,0],[0,0,0,0,0,0],[0,0,0,1249,0,0],[0,0,0,818,0,0]],"response":[[0,0,0,1,0,0],[0,0,0,1,0,0],[0,0,0,1,0,0],[0,0,0,1,0,0],[0,0,0,1,0,0],[0,0,0,1,0,0],[0,0,0,1,0,0],[0,0,0,1,0,0],[0,0,0,1,0,0],[0,0,0,1,0,0],[0,0,0,1,0,0],[0,0,0,1,0,0],[0,0,0,1,0,0],[0,0,0,1,0,0],[0,0,0,1,0,0],[0,0,0,1,0,0],[0,0,0,1,0,0],[0,0,0,1,0,0],[0,0,0,1,0,0],[0,0,0,1,0,0]],"framerate":[23.615635179153095,24.64864864864865,26.202689588243448,24.079320113314445,26.093832366895096,24.515266324938715,24.49282533399307,22.777915325575638,21.141110545084054,24.603836530442038,24.671797193300137,27.91391434050714,27.411167512690355,27.853807760425052,27.81257830117765,27.60084925690021,26.71440374552465,25.897435897435894,26.28346843527389,27.382256297918946]}
