{"practice":[0,0,0,0,0,0,0,0,0,0,0,0,0,0,0,0,0,0,0,0],"center_interval":[25,100,0,100,0,50,0,25,25,100,75,0,25,0,75,75,75,25,0,100],"image_pair":[3,1,2,1,2,4,2,1,2,2,2,2,3,1,4,4,3,3,3,2],"feature_space":[1,1,1,2,2,2,1,2,1,2,1,2,2,1,1,1,1,2,1,2],"left_img":[1,1,1,2,2,1,2,1,1,2,2,1,2,1,2,1,2,2,2,2],"img1Sample":[2,2,2,3,2,1,2,2,3,3,3,3,2,1,3,3,2,3,1,3],"img2Sample":[3,3,3,3,3,1,3,3,3,2,3,3,1,1,3,2,3,3,2,3],"key":[49,49,50,50,50,49,50,50,49,49,49,50,50,49,50,49,50,50,50,49],"correct":[true,false,false,false,true,true,true,false,true,true,true,false,true,true,false,false,false,true,true,true],"right_img":[2,2,2,1,1,2,1,2,2,1,1,2,1,2,1,2,1,1,1,1],"img_choice":[1,1,2,1,1,1,1,2,1,2,2,2,1,1,1,1,1,1,1,2],"center_sample":[3,1,1,2,1,3,3,3,3,1,1,2,3,2,2,2,3,3,2,2],"left_sample":[2,2,2,3,3,1,3,2,3,2,3,3,1,1,3,3,3,3,2,3],"right_sample":[3,3,3,3,2,1,2,3,3,3,3,3,2,1,3,2,2,3,1,3],"RT":[[0,0,0,21,0,0],[0,0,0,803,0,0],[0,0,0,1024,0,0],[0,0,0,667,0,0],[0,0,0,54,0,0],[0,0,0,1282,0,0],[0,0,0,888,0,0],[0,0,0,996,0,0],[0,0,0,804,0,0],[0,0,0,1248,0,0],[0,0,0,1778,0,0],[0,0,0,1273,0,0],[0,0,0,1755,0,0],[0,0,0,2623,0,0],[0,0,0,980,0,0],[0,0,0,911,0,0],[0,0,0,811,0,0],[0,0,0,852,0,0],[0,0,0,1313,0,0],[0,0,0,1489,0,0]],"response":[[0,0,0,1,0,0],[0,0,0,1,0,0],[0,0,0,1,0,0],[0,0,0,1,0,0],[0,0,0,1,0,0],[0,0,0,1,0,0],[0,0,0,1,0,0],[0,0,0,1,0,0],[0,0,0,1,0,0],[0,0,0,1,0,0],[0,0,0,1,0,0],[0,0,0,1,0,0],[0,0,0,1,0,0],[0,0,0,1,0,0],[0,0,0,1,0,0],[0,0,0,1,0,0],[0,0,0,1,0,0],[0,0,0,1,0,0],[0,0,0,1,0,0],[0,0,0,1,0,0]],"framerate":[25.245441795231415,23.115024766097964,22.668056279312143,21.148899685624464,22.284122562674096,22.56561196958548,25.11477180664326,25.2299605781866,26.952695269526956,26.02140077821012,26.838315513855555,29.16869227029655,27.1394178157146,25.928650239058477,26.9916142557652,23.01311212202301,26.38812534359538,24.650780608052585,26.08695652173913,26.19378766805749]}
