{"practice":[1,1,1,1,1],"center_interval":[25,25,0,0,25],"image_pair":[3,3,2,2,2],"feature_space":[2,2,2,2,2],"left_img":[2,1,1,1,1],"img1Sample":[3,2,3,1,2],"img2Sample":[1,3,1,3,3],"key":[49,50,49,50,49],"correct":[false,false,true,false,true],"right_img":[1,2,2,2,2],"img_choice":[2,2,1,2,1],"center_sample":[3,1,2,2,2],"left_sample":[1,2,3,1,2],"right_sample":[3,3,1,3,3],"RT":[[0,0,0,3225,0,0],[0,0,0,346,0,0],[0,0,0,984,0,0],[0,0,0,1114,0,0],[0,0,0,2639,0,0]],"response":[[0,0,0,1,0,0],[0,0,0,1,0,0],[0,0,0,1,0,0],[0,0,0,1,0,0],[0,0,0,1,0,0]],"framerate":[19.36765436186062,23.86050780055063,20.58047493403694,22.594567149022595,17.74606659348701]}
