{"practice":[1,1,1,1,1],"center_interval":[100,50,25,0,75],"image_pair":[2,4,3,1,1],"feature_space":[1,1,2,2,2],"left_img":[2,2,1,2,1],"img1Sample":[2,3,1,3,1],"img2Sample":[2,1,3,1,2],"key":[49,50,50,49,49],"correct":[true,true,false,false,false],"right_img":[1,1,2,1,2],"img_choice":[2,1,2,2,1],"center_sample":[1,2,1,1,3],"left_sample":[2,1,1,1,1],"right_sample":[2,3,3,3,2],"RT":[[0,1924.199999988079,0,0],[0,1522.699999988079,0,0],[0,1873.800000011921,0,0],[0,1759.4000000059605,0,0],[0,1474.2999999821186,0,0]],"response":[[0,1,0,0],[0,1,0,0],[0,1,0,0],[0,1,0,0],[0,1,0,0]],"framerate":[39.084090011843664,37.52169222842439,39.86149138357126,38.973142421024654,39.44773175565029]}
