{"practice":[0,0,0,0,0,0,0,0,0,0,0,0,0,0,0,0,0,0,0,0],"center_interval":[50,100,50,50,100,75,100,25,100,75,25,0,100,0,75,75,75,25,25,0],"image_pair":[2,2,1,3,4,4,2,2,3,3,3,4,4,2,2,1,3,4,2,2],"feature_space":[2,1,1,1,1,1,2,1,1,1,1,1,1,2,2,1,2,2,2,2],"left_img":[1,2,2,1,1,1,1,2,2,1,2,1,2,2,1,2,2,1,2,1],"img1Sample":[2,2,1,1,1,3,1,3,1,1,2,1,2,3,1,2,2,1,3,3],"img2Sample":[2,3,2,2,3,1,1,2,3,2,1,1,3,1,3,3,3,3,2,1],"key":[50,50,49,50,50,49,49,50,49,49,50,50,50,49,50,49,50,49,49,49],"correct":[false,false,false,false,true,false,false,true,true,false,true,false,false,false,true,true,false,true,false,true],"right_img":[2,1,1,2,2,2,2,1,1,2,1,2,1,1,2,1,1,2,1,2],"img_choice":[2,1,2,2,2,1,1,1,2,1,1,2,1,2,2,2,1,1,2,1],"center_sample":[1,2,2,3,2,1,3,2,2,2,2,3,1,2,3,2,3,3,1,1],"left_sample":[2,3,2,1,1,3,1,2,3,1,1,1,3,1,1,3,3,1,2,3],"right_sample":[2,2,1,2,3,1,1,3,1,2,2,1,2,3,3,2,2,3,3,1],"RT":[[0,1038.6000000238419,0,0],[0,849.6000000238419,0,0],[0,1133.6000000238419,0,0],[0,853.3000000119209,0,0],[0,800,0,0],[0,1041,0,0],[0,1136.5999999642372,0,0],[0,756.3999999761581,0,0],[0,856.5,0,0],[0,798.1000000238419,0,0],[0,934.1000000238419,0,0],[0,635,0,0],[0,505.69999998807907,0,0],[0,1062.5,0,0],[0,1358,0,0],[0,909.6000000238419,0,0],[0,1227.3999999761581,0,0],[0,951.0999999642372,0,0],[0,944.1999999880791,0,0],[0,1390.5,0,0]],"response":[[0,1,0,0],[0,1,0,0],[0,1,0,0],[0,1,0,0],[0,1,0,0],[0,1,0,0],[0,1,0,0],[0,1,0,0],[0,1,0,0],[0,1,0,0],[0,1,0,0],[0,1,0,0],[0,1,0,0],[0,1,0,0],[0,1,0,0],[0,1,0,0],[0,1,0,0],[0,1,0,0],[0,1,0,0],[0,1,0,0]],"framerate":[39.85747931552303,39.81875600811755,39.901955195533446,39.86528283632848,39.84063745121287,39.893617020414226,39.87467957846767,39.83775170319043,39.848709981797874,39.908779931923995,39.861128970650874,39.83428935476462,39.90776871357504,39.86434223863582,39.852696362571216,39.82503101160459,39.87545747424405,39.90988091406502,39.86625514433851,35.826242723006956]}
