{"practice":[0,0,0,0,0,0,0,0,0,0,0,0,0,0,0,0,0,0,0,0],"center_interval":[100,0,50,25,0,50,75,100,50,100,50,75,75,100,50,100,50,0,100,25],"image_pair":[4,4,3,1,1,3,1,1,2,3,4,2,1,2,2,4,3,2,2,2],"feature_space":[2,2,2,2,1,2,2,1,1,2,2,2,2,2,2,2,2,1,2,1],"left_img":[1,2,1,2,2,1,1,2,1,2,2,1,2,1,2,2,2,1,1,1],"img1Sample":[1,2,1,3,3,1,3,1,2,2,1,1,2,2,3,3,2,1,3,2],"img2Sample":[1,3,2,3,1,3,1,2,2,3,2,1,3,1,2,3,2,1,3,2],"key":[50,49,50,49,49,49,50,49,50,50,49,49,50,50,50,49,49,50,50,50],"correct":[true,false,false,false,false,true,true,true,false,false,false,false,false,true,true,true,false,false,true,false],"right_img":[2,1,2,1,1,2,2,1,2,1,1,2,1,2,1,1,1,2,2,2],"img_choice":[2,2,2,2,2,1,2,2,2,1,2,1,1,2,1,2,2,2,2,2],"center_sample":[3,1,1,2,1,2,1,1,2,1,3,1,3,2,1,1,1,3,2,3],"left_sample":[1,3,1,3,1,1,3,2,2,3,2,1,3,2,2,3,2,1,3,2],"right_sample":[1,2,2,3,3,3,1,1,2,2,1,1,2,1,3,3,2,1,3,2],"RT":[[0,792.0999999642372,0,0],[0,1225.699999988079,0,0],[0,739.8000000119209,0,0],[0,1141.199999988079,0,0],[0,1164.5,0,0],[0,1043.1000000238419,0,0],[0,792.8999999761581,0,0],[0,750.2999999523163,0,0],[0,749,0,0],[0,782.3999999761581,0,0],[0,1008.7999999523163,0,0],[0,1139,0,0],[0,815.4000000357628,0,0],[0,892.6999999880791,0,0],[0,906.2999999523163,0,0],[0,1263.699999988079,0,0],[0,956.1000000238419,0,0],[0,760,0,0],[0,756.5,0,0],[0,1034.5,0,0]],"response":[[0,1,0,0],[0,1,0,0],[0,1,0,0],[0,1,0,0],[0,1,0,0],[0,1,0,0],[0,1,0,0],[0,1,0,0],[0,1,0,0],[0,1,0,0],[0,1,0,0],[0,1,0,0],[0,1,0,0],[0,1,0,0],[0,1,0,0],[0,1,0,0],[0,1,0,0],[0,1,0,0],[0,1,0,0],[0,1,0,0]],"framerate":[39.88603988603988,39.86674676372099,39.87299711993257,39.85651654153647,39.86748273264879,39.88156384129002,39.84063744952342,39.87888634622715,39.83769826632239,39.894564364249966,39.85773853440064,34.69654740866434,39.865715484350794,39.86181238405208,39.87449339751906,39.851222104144526,39.88351481477991,39.86662800742933,39.86662800742933,39.8671096345515]}
