{"practice":[0,0,0,0,0,0,0,0,0,0,0,0,0,0,0,0,0,0,0,0],"center_interval":[50,25,50,50,100,25,75,50,0,100,25,0,50,75,0,50,25,50,0,0],"image_pair":[1,1,3,2,1,1,1,3,1,3,3,1,3,3,3,3,1,2,4,2],"feature_space":[1,1,2,2,2,1,2,2,2,2,1,1,1,1,1,2,1,2,1,2],"left_img":[1,1,2,1,2,1,1,2,1,2,2,1,1,1,2,1,2,2,2,1],"img1Sample":[3,1,1,3,1,2,1,2,3,1,2,1,2,1,3,3,2,3,2,3],"img2Sample":[1,2,3,1,1,1,1,3,1,3,2,3,3,2,2,2,3,1,2,3],"key":[50,50,49,49,49,49,49,49,50,49,50,50,49,49,49,50,49,50,50,50],"correct":[false,false,false,true,true,true,false,false,false,true,true,false,true,false,false,false,false,true,true,false],"right_img":[2,2,1,2,1,2,2,1,2,1,1,2,2,2,1,2,1,1,1,2],"img_choice":[2,2,2,1,2,1,1,2,2,2,1,2,1,1,2,2,2,1,1,2],"center_sample":[1,1,3,2,2,1,3,3,1,2,2,2,1,1,2,1,1,3,3,2],"left_sample":[3,1,3,3,1,2,1,3,3,3,2,1,2,1,2,3,3,1,2,3],"right_sample":[1,2,1,1,1,1,1,2,1,1,2,3,3,2,3,2,2,3,2,3],"RT":[[0,851.6999999880791,0,0],[0,888.6999999880791,0,0],[0,1426.4000000357628,0,0],[0,764.8000000119209,0,0],[0,579.6999999880791,0,0],[0,1224.0999999642372,0,0],[0,620.3000000119209,0,0],[0,1218.2999999523163,0,0],[0,837.1999999880791,0,0],[0,958.8000000119209,0,0],[0,774.5,0,0],[0,796.7999999523163,0,0],[0,1098.800000011921,0,0],[0,704.7000000476837,0,0],[0,1059.7000000476837,0,0],[0,817.1999999880791,0,0],[0,1134.1000000238419,0,0],[0,1121.699999988079,0,0],[0,844.5,0,0],[0,1086.0999999642372,0,0]],"response":[[0,1,0,0],[0,1,0,0],[0,1,0,0],[0,1,0,0],[0,1,0,0],[0,1,0,0],[0,1,0,0],[0,1,0,0],[0,1,0,0],[0,1,0,0],[0,1,0,0],[0,1,0,0],[0,1,0,0],[0,1,0,0],[0,1,0,0],[0,1,0,0],[0,1,0,0],[0,1,0,0],[0,1,0,0],[0,1,0,0]],"framerate":[39.78052126200274,33.88929497030234,39.86416654292748,39.86951794128307,39.82080637211664,39.89725091571056,39.86332573877251,39.868924085199346,39.86802309726495,39.8658482563594,39.86662800742933,39.86616359398821,39.86633053906035,39.86461075592328,39.86671426814799,39.8685038822657,39.870137267457594,39.86135181975737,39.86802309563152,39.8686679168911]}
