{"practice":[0,0,0,0,0,0,0,0,0,0,0,0,0,0,0,0,0,0,0,0],"center_interval":[75,75,25,25,50,0,25,75,0,0,100,100,75,100,0,75,0,0,50,50],"image_pair":[2,4,1,4,2,4,4,3,3,1,3,3,4,1,3,2,4,1,1,3],"feature_space":[1,2,2,2,2,2,1,2,2,2,2,2,2,2,1,2,1,1,2,2],"left_img":[1,1,2,2,1,1,2,1,1,1,2,1,1,2,1,1,1,1,1,2],"img1Sample":[3,1,1,1,3,3,2,1,2,1,2,1,3,1,3,3,1,3,3,3],"img2Sample":[2,1,1,1,1,2,2,3,3,2,1,2,3,3,2,2,1,1,1,2],"key":[50,50,49,50,49,50,50,49,49,50,49,50,50,49,49,50,50,50,49,49],"correct":[true,true,false,true,true,false,true,false,true,false,true,true,true,true,true,true,false,false,true,false],"right_img":[2,2,1,1,2,2,1,2,2,2,1,2,2,1,2,2,2,2,2,1],"img_choice":[2,2,2,1,1,2,1,1,1,2,2,2,2,2,1,2,2,2,1,2],"center_sample":[2,3,1,2,2,2,3,3,1,2,2,1,2,2,2,1,2,1,1,2],"left_sample":[3,1,1,1,3,3,2,1,2,1,1,1,3,3,3,3,1,3,3,2],"right_sample":[2,1,1,1,1,2,2,3,3,2,2,2,3,1,2,2,1,1,1,3],"RT":[[0,1539.699999988079,0,0],[0,717.0999999642372,0,0],[0,943.8999999761581,0,0],[0,866.8999999761581,0,0],[0,968.5,0,0],[0,976.3999999761581,0,0],[0,1239.1000000238419,0,0],[0,1072.5999999642372,0,0],[0,890.6999999880791,0,0],[0,1114.5999999642372,0,0],[0,866.8999999761581,0,0],[0,782.8999999761581,0,0],[0,894,0,0],[0,884.1999999880791,0,0],[0,1157.5999999642372,0,0],[0,848,0,0],[0,758.3000000119209,0,0],[0,1350.699999988079,0,0],[0,680.3999999761581,0,0],[0,685.6999999880791,0,0]],"response":[[0,1,0,0],[0,1,0,0],[0,1,0,0],[0,1,0,0],[0,1,0,0],[0,1,0,0],[0,1,0,0],[0,1,0,0],[0,1,0,0],[0,1,0,0],[0,1,0,0],[0,1,0,0],[0,1,0,0],[0,1,0,0],[0,1,0,0],[0,1,0,0],[0,1,0,0],[0,1,0,0],[0,1,0,0],[0,1,0,0]],"framerate":[39.85910270737183,39.87660823041853,39.861128970650874,39.82987915987659,39.891090989377865,39.891090989377865,39.87068965517241,39.807498069885106,39.93078663586316,39.86135181975737,39.87025273653514,39.82930298719772,39.89626969941565,39.84328308715714,39.85405557114791,39.90642630973774,39.85507246376812,39.81623277182236,39.87118540137656,38.33180006203151]}
