{"practice":[1,1,1,1,1],"center_interval":[0,100,0,50,50],"image_pair":[3,2,4,2,1],"feature_space":[1,1,2,2,2],"left_img":[1,2,1,1,2],"img1Sample":[2,3,2,2,1],"img2Sample":[1,3,2,1,3],"key":[49,50,49,49,49],"correct":[true,false,true,true,false],"right_img":[2,1,2,2,1],"img_choice":[1,1,1,1,2],"center_sample":[1,2,1,3,3],"left_sample":[2,3,2,2,3],"right_sample":[1,3,2,1,1],"RT":[[0,4221,0,0],[0,2865,0,0],[0,2740,0,0],[0,3098,0,0],[0,2441,0,0]],"response":[[0,1,0,0],[0,1,0,0],[0,1,0,0],[0,1,0,0],[0,1,0,0]],"framerate":[58.336781133636734,59.434506635891516,59.42072260376232,59.729729729729726,59.34426229508196]}
