{"practice":[0,0,0,0,0,0,0,0,0,0,0,0,0,0,0,0,0,0,0,0],"center_interval":[25,100,100,50,50,75,25,0,0,50,0,50,50,100,0,0,25,0,25,100],"image_pair":[3,1,2,2,4,3,3,3,4,3,4,4,4,4,3,2,1,1,3,2],"feature_space":[2,2,2,2,1,2,2,2,1,2,1,2,2,1,1,1,1,1,1,1],"left_img":[2,2,1,2,2,2,1,1,1,2,1,1,1,1,1,2,2,2,1,2],"img1Sample":[2,3,2,3,2,2,3,2,1,1,3,3,3,2,1,1,2,3,2,3],"img2Sample":[3,2,3,3,2,2,3,2,1,2,2,2,3,2,2,1,2,1,1,1],"key":[50,49,50,50,50,50,49,50,49,49,50,49,50,49,50,50,50,null,50,50],"correct":[true,true,true,true,true,false,true,false,true,false,false,true,false,false,false,true,true,null,false,false],"right_img":[1,1,2,1,1,1,2,2,2,1,2,2,2,2,2,1,1,1,2,1],"img_choice":[1,2,2,1,1,1,1,2,1,2,2,1,2,1,2,1,1,null,2,1],"center_sample":[2,1,1,3,3,1,3,3,3,2,1,3,1,1,3,2,2,1,3,2],"left_sample":[3,2,2,3,2,2,3,2,1,2,3,3,3,2,1,1,2,1,2,1],"right_sample":[2,3,3,3,2,2,3,2,1,1,2,2,3,2,2,1,2,3,1,3],"RT":[[0,2858,0,0],[0,1223,0,0],[0,1472,0,0],[0,1240,0,0],[0,2490,0,0],[0,1407,0,0],[0,1481,0,0],[0,1378,0,0],[0,1623,0,0],[0,1550,0,0],[0,1572,0,0],[0,1215,0,0],[0,1090,0,0],[0,1573,0,0],[0,2456,0,0],[0,964,0,0],[0,1787,0,0],[0,0,0,0],[0,1982,0,0],[0,2126,0,0]],"response":[[0,1,0,0],[0,1,0,0],[0,1,0,0],[0,1,0,0],[0,1,0,0],[0,1,0,0],[0,1,0,0],[0,1,0,0],[0,1,0,0],[0,1,0,0],[0,1,0,0],[0,1,0,0],[0,1,0,0],[0,1,0,0],[0,1,0,0],[0,1,0,0],[0,1,0,0],[0,1,0,0],[0,1,0,0],[0,1,0,0]],"framerate":[59.72302365839584,58.8876772082879,59.558117195004805,59.967585089141,59.373991610196846,59.494298463063956,59.558117195004805,59.94962216624685,59.13978494623655,59.99077065066913,60.00916170407696,59.955995599559955,58.85815185403179,60.00916170407696,59.993478969677206,58.71091257179323,59.63302752293578,59.64037742567207,59.984520123839005,59.98536942209217]}
