{"practice":[0,0,0,0,0,0,0,0,0,0,0,0,0,0,0,0,0,0,0,0],"center_interval":[100,25,50,75,50,0,25,100,50,0,50,0,100,25,25,100,0,25,100,100],"image_pair":[1,3,1,3,3,3,1,2,3,1,1,1,1,1,1,1,2,2,2,2],"feature_space":[1,2,1,1,2,1,2,2,1,2,1,1,2,2,1,2,2,2,1,2],"left_img":[2,2,2,1,1,2,1,1,2,2,1,1,1,2,1,1,1,2,1,2],"img1Sample":[3,1,2,3,3,1,1,1,2,2,2,1,3,3,1,3,1,1,2,2],"img2Sample":[2,3,2,3,2,2,2,2,3,2,3,1,2,2,2,2,2,2,1,1],"key":[50,50,50,49,50,49,50,49,50,49,49,50,49,50,50,49,50,50,50,50],"correct":[false,true,true,false,false,false,false,false,true,false,true,false,false,true,false,false,false,true,true,false],"right_img":[1,1,1,2,2,1,2,2,1,1,2,2,2,1,2,2,2,1,2,1],"img_choice":[1,1,1,1,2,2,2,1,1,2,1,2,1,1,2,1,2,1,2,1],"center_sample":[1,1,2,1,1,3,2,3,2,1,2,3,3,1,2,1,3,3,2,3],"left_sample":[2,3,2,3,3,2,1,1,3,2,2,1,3,2,1,3,1,2,2,1],"right_sample":[3,1,2,3,2,1,2,2,2,2,3,1,2,3,2,2,2,1,1,2],"RT":[[0,712,0,0],[0,1462,0,0],[0,1629,0,0],[0,1054,0,0],[0,873,0,0],[0,1130,0,0],[0,1088,0,0],[0,775,0,0],[0,793,0,0],[0,1454,0,0],[0,1394,0,0],[0,1508,0,0],[0,1574,0,0],[0,645,0,0],[0,910,0,0],[0,1107,0,0],[0,990,0,0],[0,1938,0,0],[0,1727,0,0],[0,1179,0,0]],"response":[[0,1,0,0],[0,1,0,0],[0,1,0,0],[0,1,0,0],[0,1,0,0],[0,1,0,0],[0,1,0,0],[0,1,0,0],[0,1,0,0],[0,1,0,0],[0,1,0,0],[0,1,0,0],[0,1,0,0],[0,1,0,0],[0,1,0,0],[0,1,0,0],[0,1,0,0],[0,1,0,0],[0,1,0,0],[0,1,0,0]],"framerate":[60.07604562737642,59.99032414126754,59.982094897045656,58.1883623275345,59.3391773432232,60.01154068090017,59.41176470588235,59.205776173285194,59.32809149392423,59.0513068731849,60.03001500750375,59.96222851746931,59.09299129638113,59.2,59.366754617414244,57.65870704717531,59.96252342286072,59.631227932522556,59.60548885077188,59.4170403587444]}
