{"practice":[0,0,0,0,0,0,0,0,0,0,0,0,0,0,0,0,0,0,0,0],"center_interval":[50,75,100,50,25,100,0,75,50,50,50,50,50,25,0,75,75,50,75,50],"image_pair":[1,2,2,3,4,2,4,4,1,2,4,1,3,1,1,4,2,4,4,3],"feature_space":[1,1,1,1,2,1,2,2,1,2,2,1,1,1,1,2,1,1,2,2],"left_img":[1,1,1,2,2,1,1,1,2,2,1,1,2,2,1,2,2,1,2,2],"img1Sample":[2,3,1,1,3,2,1,3,3,3,3,3,3,3,3,1,2,2,3,1],"img2Sample":[1,3,3,1,3,1,2,3,1,1,1,1,1,1,2,1,1,1,2,1],"key":[49,49,50,50,50,50,50,50,50,50,50,49,49,50,50,49,50,49,49,50],"correct":[true,false,true,true,true,true,false,true,true,true,false,true,false,true,false,true,false,true,true,true],"right_img":[2,2,2,1,1,2,2,2,1,1,2,2,1,1,2,1,1,2,1,1],"img_choice":[1,1,2,1,1,2,2,2,1,1,2,1,2,1,2,2,1,1,2,1],"center_sample":[2,1,2,2,2,3,2,3,2,1,2,3,2,1,1,3,2,1,1,1],"left_sample":[2,3,1,1,3,2,1,3,1,1,3,3,1,1,3,1,1,2,2,1],"right_sample":[1,3,3,1,3,1,2,3,3,3,1,1,3,3,2,1,2,1,3,1],"RT":[[0,1297,0,0],[0,1060,0,0],[0,913,0,0],[0,944,0,0],[0,971,0,0],[0,973,0,0],[0,1464,0,0],[0,1627,0,0],[0,1073,0,0],[0,1076,0,0],[0,1473,0,0],[0,1075,0,0],[0,1089,0,0],[0,1645,0,0],[0,1207,0,0],[0,1160,0,0],[0,1132,0,0],[0,1721,0,0],[0,1822,0,0],[0,2057,0,0]],"response":[[0,1,0,0],[0,1,0,0],[0,1,0,0],[0,1,0,0],[0,1,0,0],[0,1,0,0],[0,1,0,0],[0,1,0,0],[0,1,0,0],[0,1,0,0],[0,1,0,0],[0,1,0,0],[0,1,0,0],[0,1,0,0],[0,1,0,0],[0,1,0,0],[0,1,0,0],[0,1,0,0],[0,1,0,0],[0,1,0,0]],"framerate":[59.473684210526315,59.98800239952009,59.986816084377054,59.39315687540349,59.38092229943146,59.30599369085174,59.50653120464441,59.587813620071685,60.0118835412953,60.0118835412953,59.980806142034545,58.263971462544596,59.99999999999999,59.97334517992004,60.022026431718054,59.42275042444822,58.280438545874205,59.151307329618525,59.1861898890259,59.63990997749437]}
