{"practice":[0,0,0,0,0,0,0,0,0,0,0,0,0,0,0,0,0,0,0,0],"center_interval":[50,25,25,50,0,25,25,0,75,75,25,0,0,25,50,75,0,50,50,100],"image_pair":[1,4,4,3,3,4,1,2,2,4,4,1,1,4,2,1,2,2,1,2],"feature_space":[1,2,2,1,1,2,2,1,1,1,2,1,2,1,2,1,2,2,2,2],"left_img":[1,1,2,2,1,1,2,2,2,1,1,1,2,1,1,1,2,2,1,2],"img1Sample":[3,3,2,2,1,1,1,3,1,2,3,1,2,1,2,2,2,2,2,3],"img2Sample":[1,1,2,3,1,2,2,2,2,2,1,3,1,1,1,1,1,1,1,2],"key":[49,50,50,50,50,49,49,50,50,49,50,50,49,50,49,49,50,50,50,50],"correct":[true,false,true,true,false,true,false,true,false,false,false,false,false,false,true,false,true,true,false,false],"right_img":[2,2,1,1,2,2,1,1,1,2,2,2,1,2,2,2,1,1,2,1],"img_choice":[1,2,1,1,2,1,2,1,1,1,2,2,2,2,1,1,1,1,2,1],"center_sample":[1,1,3,2,3,2,2,2,1,2,1,3,1,1,1,3,3,1,1,1],"left_sample":[3,3,2,3,1,1,2,2,2,2,3,1,1,1,2,2,1,1,2,2],"right_sample":[1,1,2,2,1,2,1,3,1,2,1,3,2,1,1,1,2,2,1,3],"RT":[[0,1860,0,0],[0,1456,0,0],[0,1516,0,0],[0,1210,0,0],[0,1623,0,0],[0,2225,0,0],[0,998,0,0],[0,841,0,0],[0,1510,0,0],[0,1141,0,0],[0,658,0,0],[0,1478,0,0],[0,1120,0,0],[0,2093,0,0],[0,1782,0,0],[0,1289,0,0],[0,889,0,0],[0,999,0,0],[0,2475,0,0],[0,1358,0,0]],"response":[[0,1,0,0],[0,1,0,0],[0,1,0,0],[0,1,0,0],[0,1,0,0],[0,1,0,0],[0,1,0,0],[0,1,0,0],[0,1,0,0],[0,1,0,0],[0,1,0,0],[0,1,0,0],[0,1,0,0],[0,1,0,0],[0,1,0,0],[0,1,0,0],[0,1,0,0],[0,1,0,0],[0,1,0,0],[0,1,0,0]],"framerate":[59.99189298743413,58.53894533139816,59.071729957805914,58.37004405286344,59.982094897045656,60.007059654076954,59.375,59.310344827586206,59.518186112423244,59.96573386636207,60.07905138339921,59.52952472395584,59.4002306805075,59.62962962962963,59.19395465994962,59.44239873750658,60.04002668445631,59.33791380387258,60.0259571706684,59.98983223182511]}
