{"practice":[0,0,0,0,0,0,0,0,0,0,0,0,0,0,0,0,0,0,0,0],"center_interval":[50,0,75,100,0,100,0,100,25,75,25,100,0,0,50,0,75,75,25,25],"image_pair":[1,3,1,4,1,3,1,2,1,2,4,2,3,3,2,4,1,4,3,2],"feature_space":[2,2,2,1,1,2,2,2,1,1,2,1,1,1,1,2,2,2,1,2],"left_img":[1,1,1,2,1,1,1,1,1,1,1,1,1,2,2,2,1,2,2,1],"img1Sample":[2,2,2,1,2,2,2,3,1,2,3,2,2,3,2,1,3,2,2,3],"img2Sample":[2,2,3,2,3,2,2,3,2,3,1,2,3,1,1,2,2,2,2,1],"key":[49,50,50,49,49,49,50,49,49,49,50,49,49,49,50,49,50,50,49,50],"correct":[true,false,true,true,true,false,false,false,true,false,false,false,true,false,true,false,true,false,false,false],"right_img":[2,2,2,1,2,2,2,2,2,2,2,2,2,1,1,1,2,1,1,2],"img_choice":[1,2,2,2,1,1,2,1,1,1,2,1,1,2,1,2,2,1,2,2],"center_sample":[3,3,2,1,3,1,1,2,3,1,2,3,1,1,1,3,2,2,2,1],"left_sample":[2,2,2,2,2,2,2,3,1,2,3,2,2,1,1,2,3,2,2,3],"right_sample":[2,2,3,1,3,2,2,3,2,3,1,2,3,3,2,1,2,2,2,1],"RT":[[0,541.8999999985099,0,0],[0,989.4000000003725,0,0],[0,1177.1000000014901,0,0],[0,1133.9000000003725,0,0],[0,764.4000000003725,0,0],[0,944.7999999988824,0,0],[0,911.8000000007451,0,0],[0,721.9000000003725,0,0],[0,1159.5,0,0],[0,1536.300000000745,0,0],[0,2029.1000000014901,0,0],[0,1129.699999999255,0,0],[0,990.3000000007451,0,0],[0,1635.199999999255,0,0],[0,1374,0,0],[0,1882.800000000745,0,0],[0,1172.5999999996275,0,0],[0,1209.4000000003725,0,0],[0,940.5,0,0],[0,971.1999999992549,0,0]],"response":[[0,1,0,0],[0,1,0,0],[0,1,0,0],[0,1,0,0],[0,1,0,0],[0,1,0,0],[0,1,0,0],[0,1,0,0],[0,1,0,0],[0,1,0,0],[0,1,0,0],[0,1,0,0],[0,1,0,0],[0,1,0,0],[0,1,0,0],[0,1,0,0],[0,1,0,0],[0,1,0,0],[0,1,0,0],[0,1,0,0]],"framerate":[60.07836308228124,58.81984857012224,59.6632095461631,60.08583690987125,59.093893630943285,60.298928731783654,59.687786960528825,60.07359014796483,60.16915479362704,59.79911235692595,59.83715205453512,59.890584509069974,60.08637416288713,60.17651778549415,59.98588567399286,59.858589104906436,59.56394695438424,60.06171478948382,60.23706198593805,59.493670886075954]}
