{"practice":[1,1,1,1,1],"center_interval":[25,25,100,50,100],"image_pair":[1,3,2,2,3],"feature_space":[2,1,1,2,1],"left_img":[2,1,2,2,1],"img1Sample":[1,1,2,2,1],"img2Sample":[2,1,1,1,1],"key":[null,50,49,49,50],"correct":[null,false,true,false,true],"right_img":[1,2,1,1,2],"img_choice":[null,2,2,2,2],"center_sample":[2,1,3,2,3],"left_sample":[2,1,1,1,1],"right_sample":[1,1,2,2,1],"RT":[[0,0,0,0],[0,1970.1000000014901,0,0],[0,2419.60000000149,0,0],[0,2337.2999999988824,0,0],[0,1615.0999999996275,0,0]],"response":[[0,1,0,0],[0,1,0,0],[0,1,0,0],[0,1,0,0],[0,1,0,0]],"framerate":[58.689214741866685,59.29083510947491,59.933480422842116,60.01627560014001,59.78871656552034]}
