{"practice":[0,0,0,0,0,0,0,0,0,0,0,0,0,0,0,0,0,0,0,0],"center_interval":[100,50,75,75,100,50,50,0,75,50,25,75,100,0,75,50,100,25,25,100],"image_pair":[1,2,3,3,3,1,1,3,1,2,3,3,2,2,3,1,3,4,4,2],"feature_space":[1,1,2,1,1,2,2,2,2,2,2,2,1,2,2,2,2,1,2,2],"left_img":[1,1,2,1,1,2,1,2,2,2,2,1,2,2,1,1,2,2,2,1],"img1Sample":[1,1,2,2,1,3,3,2,2,1,2,1,2,3,2,3,1,3,1,1],"img2Sample":[1,3,2,1,2,3,1,1,2,3,1,2,3,2,1,1,1,3,1,1],"key":[50,49,50,49,50,49,50,49,50,50,50,50,50,49,49,50,49,50,49,50],"correct":[true,true,false,false,true,false,false,false,false,true,true,true,false,false,false,false,true,true,false,true],"right_img":[2,2,1,2,2,1,2,1,1,1,1,2,1,1,2,2,1,1,1,2],"img_choice":[2,1,1,1,2,2,2,2,1,1,1,2,1,2,1,2,2,1,2,2],"center_sample":[3,2,2,3,3,2,3,3,3,1,1,2,2,2,3,1,2,1,1,3],"left_sample":[1,1,2,2,1,3,3,1,2,3,1,1,3,2,2,3,1,3,1,1],"right_sample":[1,3,2,1,2,3,1,2,2,1,2,2,2,3,1,1,1,3,1,1],"RT":[[0,662.9000000003725,0,0],[0,675,0,0],[0,612.5999999996275,0,0],[0,812.4000000003725,0,0],[0,452.09999999962747,0,0],[0,2567.199999999255,0,0],[0,1121,0,0],[0,991.4000000003725,0,0],[0,521.5,0,0],[0,528.9000000003725,0,0],[0,1396.300000000745,0,0],[0,906.3000000007451,0,0],[0,1041,0,0],[0,432.80000000074506,0,0],[0,627.1999999992549,0,0],[0,773.0999999996275,0,0],[0,1525.4000000003725,0,0],[0,936.7999999988824,0,0],[0,3284.199999999255,0,0],[0,619,0,0]],"response":[[0,1,0,0],[0,1,0,0],[0,1,0,0],[0,1,0,0],[0,1,0,0],[0,1,0,0],[0,1,0,0],[0,1,0,0],[0,1,0,0],[0,1,0,0],[0,1,0,0],[0,1,0,0],[0,1,0,0],[0,1,0,0],[0,1,0,0],[0,1,0,0],[0,1,0,0],[0,1,0,0],[0,1,0,0],[0,1,0,0]],"framerate":[59.31938807362918,59.791893151162306,59.70881727467876,59.00533857819055,60.47434564874571,59.89534077294404,60.15385505239727,59.175283418448956,60.589860108665114,60.198918164408354,59.642147117296226,60.14143149826344,58.287795992714024,60.14162382382151,59.64855714978415,60.549268362974765,60.17299736745244,60.15134855436929,45.992959736907046,59.94815294878294]}
