{"practice":[0,0,0,0,0,0,0,0,0,0,0,0,0,0,0,0,0,0,0,0],"center_interval":[50,0,75,100,75,25,50,0,50,25,25,50,25,0,50,100,100,75,100,50],"image_pair":[4,2,3,4,4,4,1,2,4,2,4,4,1,4,1,1,2,1,1,4],"feature_space":[1,1,2,2,2,1,1,2,1,1,2,1,1,1,1,2,2,2,1,1],"left_img":[1,2,2,1,2,2,2,1,2,2,2,2,2,2,1,1,2,2,1,1],"img1Sample":[1,2,3,3,3,2,2,1,1,2,1,3,2,1,3,3,1,3,3,1],"img2Sample":[1,3,1,1,1,3,1,1,1,3,1,3,2,2,1,3,3,3,2,1],"key":[49,50,49,50,49,50,50,50,49,49,50,50,49,50,49,50,50,49,49,50],"correct":[true,true,true,true,true,true,true,false,false,false,true,true,false,true,true,true,false,true,false,false],"right_img":[2,1,1,2,1,1,1,2,1,1,1,1,1,1,2,2,1,1,2,2],"img_choice":[1,1,2,2,2,1,1,2,2,2,1,1,2,1,1,2,1,2,1,2],"center_sample":[3,3,1,3,3,1,1,3,1,2,3,3,3,2,2,2,2,3,3,3],"left_sample":[1,3,1,3,1,3,1,1,1,3,1,3,2,2,3,3,3,3,3,1],"right_sample":[1,2,3,1,3,2,2,1,1,2,1,3,2,1,1,3,1,3,2,1],"RT":[[0,551.4000000003725,0,0],[0,578.0999999996275,0,0],[0,660.8000000007451,0,0],[0,977.3000000007451,0,0],[0,776.9000000003725,0,0],[0,659.2999999988824,0,0],[0,935.3000000007451,0,0],[0,407.7000000011176,0,0],[0,373.2000000011176,0,0],[0,814.6999999992549,0,0],[0,640.5,0,0],[0,1234.5,0,0],[0,830.9000000003725,0,0],[0,423.6000000014901,0,0],[0,1758.800000000745,0,0],[0,574.3000000007451,0,0],[0,526.9000000003725,0,0],[0,450.2999999988824,0,0],[0,622.9000000003725,0,0],[0,397.3999999985099,0,0]],"response":[[0,1,0,0],[0,1,0,0],[0,1,0,0],[0,1,0,0],[0,1,0,0],[0,1,0,0],[0,1,0,0],[0,1,0,0],[0,1,0,0],[0,1,0,0],[0,1,0,0],[0,1,0,0],[0,1,0,0],[0,1,0,0],[0,1,0,0],[0,1,0,0],[0,1,0,0],[0,1,0,0],[0,1,0,0],[0,1,0,0]],"framerate":[60.08067976999603,59.276822762281235,60.14561570118899,59.95203836931866,60.12749927555607,60.354287505843416,59.489169091496926,60.205865216612246,59.12334352701325,60.09783368273934,60.18778589191101,60.139784363680334,60.161814535663105,60.14745828478384,59.27682276232799,60.10327605176942,60.17699115044248,60.0995398628769,59.37098844670883,60.084117764893236]}
