{"practice":[0,0,0,0,0,0,0,0,0,0,0,0,0,0,0,0,0,0,0,0],"center_interval":[50,75,50,100,25,0,100,0,0,75,25,0,0,25,75,0,0,25,100,50],"image_pair":[2,2,3,4,1,1,1,2,1,1,4,4,2,4,3,1,4,3,3,4],"feature_space":[1,1,1,1,2,1,1,2,2,2,1,1,1,1,2,1,2,1,2,1],"left_img":[2,1,1,2,2,1,1,1,1,2,2,1,2,2,1,1,1,1,2,2],"img1Sample":[3,1,3,1,2,3,2,2,2,3,3,1,1,1,3,3,2,3,3,1],"img2Sample":[2,1,3,2,2,3,3,1,3,3,3,3,1,2,2,1,2,3,3,1],"key":[50,50,49,49,49,50,50,50,50,49,49,49,49,50,49,49,49,50,49,50],"correct":[true,true,true,true,false,false,true,false,false,true,false,true,false,true,false,true,true,false,true,true],"right_img":[1,2,2,1,1,2,2,2,2,1,1,2,1,1,2,2,2,2,1,1],"img_choice":[1,2,1,2,2,2,2,2,2,2,2,1,2,1,1,1,1,2,2,1],"center_sample":[1,2,2,3,2,2,1,3,3,1,1,2,3,1,3,1,3,2,2,2],"left_sample":[2,1,3,2,2,3,2,2,2,3,3,1,1,2,3,3,2,3,3,1],"right_sample":[3,1,3,1,2,3,3,1,3,3,3,3,1,1,2,1,2,3,3,1],"RT":[[0,78.90000009536743,0,0],[0,28.799999713897705,0,0],[0,96.5,0,0],[0,99.69999980926514,0,0],[0,96.80000019073486,0,0],[0,112.5,0,0],[0,110.09999990463257,0,0],[0,120,0,0],[0,118.09999990463257,0,0],[0,107.40000009536743,0,0],[0,95.90000009536743,0,0],[0,163.7000002861023,0,0],[0,215.80000019073486,0,0],[0,153.19999980926514,0,0],[0,119,0,0],[0,175.7999997138977,0,0],[0,88.5,0,0],[0,100.7999997138977,0,0],[0,89.19999980926514,0,0],[0,107.30000019073486,0,0]],"response":[[0,1,0,0],[0,1,0,0],[0,1,0,0],[0,1,0,0],[0,1,0,0],[0,1,0,0],[0,1,0,0],[0,1,0,0],[0,1,0,0],[0,1,0,0],[0,1,0,0],[0,1,0,0],[0,1,0,0],[0,1,0,0],[0,1,0,0],[0,1,0,0],[0,1,0,0],[0,1,0,0],[0,1,0,0],[0,1,0,0]],"framerate":[38.7986779656558,46.00983660663735,43.95916050400338,45.44808976613303,37.7961913016361,38.65801465008994,42.099354454028024,41.129695661762725,40.11619863905688,37.36507058339802,40.72461730721078,41.194644711361846,33.94762365849297,44.21326397919376,37.11850425688768,45.0856627758587,40.515120827469,43.252595131921055,46.32879406606033,42.3848544672446]}
