{"practice":[0,0,0,0,0,0,0,0,0,0,0,0,0,0,0,0,0,0,0,0],"center_interval":[50,100,25,25,100,50,0,50,100,100,0,0,100,0,50,0,25,0,100,50],"image_pair":[2,1,1,3,1,4,2,2,3,1,2,1,2,1,1,1,2,1,2,2],"feature_space":[1,1,2,2,2,1,1,1,1,1,1,2,1,1,1,1,2,2,1,1],"left_img":[1,2,1,1,1,1,2,1,2,2,1,1,1,1,1,1,2,1,2,1],"img1Sample":[2,1,1,1,1,2,3,1,3,1,3,3,3,2,3,2,2,3,3,3],"img2Sample":[3,3,1,2,1,3,3,2,3,3,2,1,1,2,3,3,2,2,2,1],"key":[49,49,49,49,49,49,49,49,49,49,49,49,49,49,49,49,49,49,49,49],"correct":[true,true,true,true,false,true,false,true,true,true,true,true,false,true,true,true,false,true,true,true],"right_img":[2,1,2,2,2,2,1,2,1,1,2,2,2,2,2,2,1,2,1,2],"img_choice":[1,2,1,1,1,1,2,1,2,2,1,1,1,1,1,1,2,1,2,1],"center_sample":[1,2,2,2,3,3,1,3,1,1,2,2,3,3,2,1,1,1,3,3],"left_sample":[2,3,1,1,1,2,3,1,3,3,3,3,3,2,3,2,2,3,2,3],"right_sample":[3,1,1,2,1,3,3,2,3,1,2,1,1,2,3,3,2,2,3,1],"RT":[[0,0,0,51,0,0],[0,0,0,415,0,0],[0,0,0,376,0,0],[0,0,0,399,0,0],[0,0,0,397,0,0],[0,0,0,380,0,0],[0,0,0,291,0,0],[0,0,0,159,0,0],[0,0,0,390,0,0],[0,0,0,164,0,0],[0,0,0,406,0,0],[0,0,0,82,0,0],[0,0,0,191,0,0],[0,0,0,93,0,0],[0,0,0,381,0,0],[0,0,0,460,0,0],[0,0,0,153,0,0],[0,0,0,177,0,0],[0,0,0,3480,0,0],[0,0,0,1853,0,0]],"response":[[0,0,0,1,0,0],[0,0,0,1,0,0],[0,0,0,1,0,0],[0,0,0,1,0,0],[0,0,0,1,0,0],[0,0,0,1,0,0],[0,0,0,1,0,0],[0,0,0,1,0,0],[0,0,0,1,0,0],[0,0,0,1,0,0],[0,0,0,1,0,0],[0,0,0,1,0,0],[0,0,0,1,0,0],[0,0,0,1,0,0],[0,0,0,1,0,0],[0,0,0,1,0,0],[0,0,0,1,0,0],[0,0,0,1,0,0],[0,0,0,1,0,0],[0,0,0,1,0,0]],"framerate":[13.429752066115702,11.966861000306842,13.278533038254821,12.38390092879257,11.949685534591195,12.025901942645698,12.297734627831716,12.17450118363206,11.994949494949495,12.288276320159417,12.187690432663011,12.776243093922652,12.373819602735265,11.982197877439233,11.83063511830635,12.172854534388312,12.50422440013518,12.833168805528135,11.008296107211232,11.52614727854856]}
