{"practice":[0,0,0,0,0,0,0,0,0,0,0,0,0,0,0,0,0,0,0,0],"center_interval":[50,100,50,25,25,25,100,25,25,25,25,0,0,25,100,50,0,0,25,50],"image_pair":[4,4,1,4,4,3,4,3,4,3,4,2,1,4,4,2,4,1,4,3],"feature_space":[2,1,2,1,1,2,2,2,1,2,2,2,2,1,1,2,2,1,2,2],"left_img":[2,1,1,1,1,2,2,1,1,1,1,2,1,1,2,1,2,1,2,1],"img1Sample":[1,1,3,2,3,3,2,1,1,3,1,2,2,3,1,1,1,1,2,3],"img2Sample":[1,3,2,1,3,1,3,2,1,3,1,1,2,2,1,2,3,2,2,2],"key":[null,null,null,null,null,null,null,49,50,50,49,49,50,null,null,null,null,null,null,49],"correct":[null,null,null,null,null,null,null,true,false,false,true,false,false,null,null,null,null,null,null,true],"right_img":[1,2,2,2,2,1,1,2,2,2,2,1,2,2,1,2,1,2,1,2],"img_choice":[null,null,null,null,null,null,null,1,2,2,1,2,2,null,null,null,null,null,null,1],"center_sample":[1,1,2,3,1,1,2,3,1,1,3,1,3,3,2,1,3,2,1,2],"left_sample":[1,1,3,2,3,1,3,1,1,3,1,1,2,3,1,1,3,1,2,3],"right_sample":[1,3,2,1,3,3,2,2,1,3,1,2,2,2,1,2,1,2,2,2],"RT":[[0,0,0,0],[0,0,0,0],[0,0,0,0],[0,0,0,0],[0,0,0,0],[0,0,0,0],[0,0,0,0],[0,2919,0,0],[0,64,0,0],[0,33,0,0],[0,186,0,0],[0,29,0,0],[0,148,0,0],[0,0,0,0],[0,0,0,0],[0,0,0,0],[0,0,0,0],[0,0,0,0],[0,0,0,0],[0,43,0,0]],"response":[[0,1,0,0],[0,1,0,0],[0,1,0,0],[0,1,0,0],[0,1,0,0],[0,1,0,0],[0,1,0,0],[0,1,0,0],[0,1,0,0],[0,1,0,0],[0,1,0,0],[0,1,0,0],[0,1,0,0],[0,1,0,0],[0,1,0,0],[0,1,0,0],[0,1,0,0],[0,1,0,0],[0,1,0,0],[0,1,0,0]],"framerate":[15.689071135674807,14.024498491034972,13.886416236425138,15.458422174840084,17.042428546067814,16.263036945377408,17.425320056899004,15.850551938862157,24.637681159420293,22.151898734177212,18.915510718789406,19.14580265095729,21.73913043478261,16.946160635481025,17.045454545454547,15.370866845397677,16.734911874666192,15.297047314123088,16.35264841805901,21.472392638036812]}
