{"practice":[0,0,0,0,0,0,0,0,0,0,0,0,0,0,0,0,0,0,0,0],"center_interval":[100,100,100,0,75,50,75,75,75,100,25,100,50,75,50,0,100,100,50,0],"image_pair":[1,1,3,4,4,2,4,2,2,4,3,1,3,1,2,4,2,3,1,1],"feature_space":[1,2,2,2,2,1,1,1,2,1,2,2,1,1,2,2,2,2,2,1],"left_img":[2,1,2,1,2,2,2,1,1,1,2,1,2,1,2,2,2,2,2,2],"img1Sample":[1,1,2,1,3,1,2,3,1,1,1,1,3,2,1,3,3,1,2,1],"img2Sample":[1,1,2,2,2,3,2,1,1,3,2,2,2,2,2,3,1,3,2,2],"key":[null,49,49,49,49,50,49,49,49,49,50,49,49,50,50,50,50,50,49,50],"correct":[null,false,true,true,true,true,true,false,false,false,true,false,false,true,true,true,false,false,false,true],"right_img":[1,2,1,2,1,1,1,2,2,2,1,2,1,2,1,1,1,1,1,1],"img_choice":[null,1,2,1,2,1,2,1,1,1,1,1,2,2,1,1,1,1,2,1],"center_sample":[2,2,3,2,1,2,3,2,2,1,2,1,1,3,1,2,3,2,2,3],"left_sample":[1,1,2,1,2,3,2,3,1,1,2,1,2,2,2,3,1,3,2,2],"right_sample":[1,1,2,2,3,1,2,1,1,3,1,2,3,2,1,3,3,1,2,1],"RT":[[0,0,0,0],[0,3717,0,0],[0,28,0,0],[0,119,0,0],[0,71,0,0],[0,30,0,0],[0,24,0,0],[0,30,0,0],[0,164,0,0],[0,41,0,0],[0,19,0,0],[0,128,0,0],[0,833,0,0],[0,264,0,0],[0,286,0,0],[0,1225,0,0],[0,377,0,0],[0,149,0,0],[0,1873,0,0],[0,89,0,0]],"response":[[0,1,0,0],[0,1,0,0],[0,1,0,0],[0,1,0,0],[0,1,0,0],[0,1,0,0],[0,1,0,0],[0,1,0,0],[0,1,0,0],[0,1,0,0],[0,1,0,0],[0,1,0,0],[0,1,0,0],[0,1,0,0],[0,1,0,0],[0,1,0,0],[0,1,0,0],[0,1,0,0],[0,1,0,0],[0,1,0,0]],"framerate":[16.252902303982854,16.929764355982613,19.448946515397083,20.026702269692926,21.73913043478261,25.078369905956112,24.311183144246353,21.802325581395348,20.100502512562816,23.80952380952381,23.006134969325153,22.10663198959688,19.3503800967519,18.867924528301888,21.57497303128371,18.83745963401507,19.447287615148415,23.4375,17.585931254996,23.480662983425415]}
