{"practice":[1,1,1,1,1],"center_interval":[100,75,75,100,50],"image_pair":[4,3,4,2,1],"feature_space":[2,2,1,2,2],"left_img":[1,1,1,1,1],"img1Sample":[3,2,3,2,2],"img2Sample":[1,2,2,2,3],"key":[null,null,null,null,49],"correct":[null,null,null,null,true],"right_img":[2,2,2,2,2],"img_choice":[null,null,null,null,1],"center_sample":[2,1,2,1,1],"left_sample":[3,2,3,2,2],"right_sample":[1,2,2,2,3],"RT":[[0,0,0,0],[0,0,0,0],[0,0,0,0],[0,0,0,0],[0,2136,0,0]],"response":[[0,1,0,0],[0,1,0,0],[0,1,0,0],[0,1,0,0],[0,1,0,0]],"framerate":[16.848897651908942,15.771752613857878,15.221238938053098,16.708140774973337,17.178362573099417]}
