{"practice":[0,0,0,0,0,0,0,0,0,0,0,0,0,0,0,0,0,0,0,0],"center_interval":[75,75,0,0,50,0,100,100,0,75,100,50,75,0,75,50,25,100,50,50],"image_pair":[2,4,2,3,3,3,2,4,2,4,1,1,3,1,3,3,4,3,1,3],"feature_space":[2,2,2,2,2,1,2,2,1,1,1,1,2,1,2,1,2,2,2,1],"left_img":[1,2,2,1,1,2,1,2,1,2,1,1,1,1,2,1,2,2,1,2],"img1Sample":[1,1,2,3,2,1,1,3,2,1,3,2,2,3,2,3,3,2,1,3],"img2Sample":[1,1,3,2,2,1,3,2,3,3,3,2,1,2,2,2,1,3,3,2],"key":[null,null,null,null,null,49,49,50,null,49,49,49,49,49,49,50,49,49,50,50],"correct":[null,null,null,null,null,false,false,false,null,true,false,true,false,true,true,false,false,true,false,true],"right_img":[2,1,1,2,2,1,2,1,2,1,2,2,2,2,1,2,1,1,2,1],"img_choice":[null,null,null,null,null,2,1,1,null,2,1,1,1,1,2,2,2,2,2,1],"center_sample":[3,3,1,2,1,2,1,3,3,1,2,1,2,1,1,1,1,2,3,2],"left_sample":[1,1,3,3,2,1,1,2,2,3,3,2,2,3,2,3,1,3,1,2],"right_sample":[1,1,2,2,2,1,3,3,3,1,3,2,1,2,2,2,3,2,3,3],"RT":[[0,0,0,0],[0,0,0,0],[0,0,0,0],[0,0,0,0],[0,0,0,0],[0,4836,0,0],[0,145,0,0],[0,21,0,0],[0,0,0,0],[0,2416,0,0],[0,80,0,0],[0,196,0,0],[0,236,0,0],[0,154,0,0],[0,31,0,0],[0,18,0,0],[0,220,0,0],[0,156,0,0],[0,151,0,0],[0,45,0,0]],"response":[[0,1,0,0],[0,1,0,0],[0,1,0,0],[0,1,0,0],[0,1,0,0],[0,1,0,0],[0,1,0,0],[0,1,0,0],[0,1,0,0],[0,1,0,0],[0,1,0,0],[0,1,0,0],[0,1,0,0],[0,1,0,0],[0,1,0,0],[0,1,0,0],[0,1,0,0],[0,1,0,0],[0,1,0,0],[0,1,0,0]],"framerate":[17.103153393907,14.217167229429535,15.463917525773194,16.937065430558032,16.375934496262015,15.957446808510639,19.68503937007874,20.833333333333332,15.591397849462364,16.73228346456693,22.026431718061676,18.564356435643564,19.047619047619047,17.92573623559539,20.66772655007949,22.321428571428573,16.883116883116884,19.002375296912113,22.04928664072633,22.727272727272727]}
