{"practice":[0,0,0,0,0,0,0,0,0,0,0,0,0,0,0,0,0,0,0,0],"center_interval":[0,75,100,75,75,25,75,25,50,50,100,25,0,75,0,50,100,0,25,0],"image_pair":[4,1,3,1,3,3,3,2,1,2,4,3,2,1,4,2,3,4,2,1],"feature_space":[1,2,1,2,2,1,1,2,2,2,2,1,2,2,2,2,2,1,2,1],"left_img":[2,1,2,2,2,2,2,1,2,2,1,1,2,2,2,2,1,2,1,1],"img1Sample":[3,1,2,2,2,2,1,3,1,1,1,3,3,1,3,1,3,3,3,3],"img2Sample":[3,3,1,2,2,3,2,1,1,2,2,1,1,3,1,2,2,3,2,3],"key":[null,49,49,50,50,50,50,49,50,49,50,50,49,50,50,49,49,49,50,49],"correct":[null,false,true,false,false,true,false,true,true,false,true,false,false,false,true,false,false,false,false,true],"right_img":[1,2,1,1,1,1,1,2,1,1,2,2,1,1,1,1,2,1,2,2],"img_choice":[null,1,2,1,1,1,1,1,1,2,2,2,2,1,1,2,1,2,2,1],"center_sample":[1,1,2,2,3,3,3,1,1,1,1,3,2,3,1,2,3,2,1,2],"left_sample":[3,1,1,2,2,3,2,3,1,2,1,3,1,3,1,2,3,3,3,3],"right_sample":[3,3,2,2,2,2,1,1,1,1,2,1,3,1,3,1,2,3,2,3],"RT":[[0,0,0,0],[0,5053,0,0],[0,231,0,0],[0,206,0,0],[0,167,0,0],[0,23,0,0],[0,23,0,0],[0,166,0,0],[0,46,0,0],[0,30,0,0],[0,185,0,0],[0,202,0,0],[0,159,0,0],[0,17,0,0],[0,168,0,0],[0,17,0,0],[0,152,0,0],[0,172,0,0],[0,96,0,0],[0,213,0,0]],"response":[[0,1,0,0],[0,1,0,0],[0,1,0,0],[0,1,0,0],[0,1,0,0],[0,1,0,0],[0,1,0,0],[0,1,0,0],[0,1,0,0],[0,1,0,0],[0,1,0,0],[0,1,0,0],[0,1,0,0],[0,1,0,0],[0,1,0,0],[0,1,0,0],[0,1,0,0],[0,1,0,0],[0,1,0,0],[0,1,0,0]],"framerate":[15.140845070422534,15.932023366967606,14.722536806342017,19.27710843373494,20.050125313283207,22.76176024279211,23.006134969325153,17.565872020075282,16.08187134502924,17.804154302670625,17.114914425427873,18.028846153846153,21.822849807445444,19.25925925925926,21.390374331550802,20.09273570324575,20.72538860103627,17.22017220172202,18.13110181311018,18.404907975460123]}
