{"practice":[0,0,0,0,0,0,0,0,0,0,0,0,0,0,0,0,0,0,0,0],"center_interval":[0,0,25,25,25,100,0,100,25,75,0,100,100,25,0,25,75,75,50,25],"image_pair":[2,4,4,3,2,2,3,1,3,1,1,4,1,3,4,1,3,3,3,4],"feature_space":[2,1,2,2,2,1,1,2,1,1,1,1,2,1,1,2,1,1,2,2],"left_img":[2,1,2,2,1,2,2,1,1,1,1,1,1,2,2,1,2,1,1,2],"img1Sample":[2,2,2,1,3,1,1,3,2,1,1,1,1,3,3,1,2,2,1,3],"img2Sample":[1,1,2,2,2,3,1,3,1,2,3,2,1,1,3,2,2,3,2,1],"key":[49,50,49,50,49,50,50,50,49,50,49,50,50,50,49,50,50,null,null,null],"correct":[false,false,false,true,true,false,true,true,true,true,true,true,true,true,false,false,false,null,null,null],"right_img":[1,2,1,1,2,1,1,2,2,2,2,2,2,1,1,2,1,2,2,1],"img_choice":[2,2,2,1,1,1,1,2,1,2,1,2,2,1,2,2,1,null,null,null],"center_sample":[3,1,2,3,3,2,3,2,2,1,2,3,2,3,1,3,1,2,1,2],"left_sample":[1,2,2,2,3,3,1,3,2,1,1,1,1,1,3,1,2,2,1,1],"right_sample":[2,1,2,1,2,1,1,3,1,2,3,2,1,3,3,2,2,3,2,3],"RT":[[0,3418,0,0],[0,197,0,0],[0,146,0,0],[0,145,0,0],[0,117,0,0],[0,88,0,0],[0,84,0,0],[0,45,0,0],[0,45,0,0],[0,105,0,0],[0,43,0,0],[0,114,0,0],[0,184,0,0],[0,181,0,0],[0,132,0,0],[0,371,0,0],[0,90,0,0],[0,0,0,0],[0,0,0,0],[0,0,0,0]],"response":[[0,1,0,0],[0,1,0,0],[0,1,0,0],[0,1,0,0],[0,1,0,0],[0,1,0,0],[0,1,0,0],[0,1,0,0],[0,1,0,0],[0,1,0,0],[0,1,0,0],[0,1,0,0],[0,1,0,0],[0,1,0,0],[0,1,0,0],[0,1,0,0],[0,1,0,0],[0,1,0,0],[0,1,0,0],[0,1,0,0]],"framerate":[16.304347826086957,18.203883495145632,19.337016574585636,23.37023370233702,21.03786816269285,21.136063408190225,21.03786816269285,22.831050228310502,22.95081967213115,22.911051212938006,24.72952086553323,18.817204301075268,22.140221402214024,21.09181141439206,21.390374331550802,18.499486125385406,22.95552367288379,16.83800070896845,17.2813112417602,17.857142857142858]}
