{"practice":[0,0,0,0,0,0,0,0,0,0,0,0,0,0,0,0,0,0,0,0],"center_interval":[75,75,100,25,50,0,75,25,25,100,50,25,100,0,50,25,75,100,25,25],"image_pair":[2,2,4,2,3,3,4,3,3,2,2,4,4,2,3,2,2,1,4,4],"feature_space":[2,2,1,1,2,1,2,2,1,2,2,1,2,1,2,2,1,2,2,2],"left_img":[2,2,2,2,1,2,1,1,2,2,2,1,2,1,1,2,2,2,1,1],"img1Sample":[2,3,2,2,2,2,1,1,2,1,1,1,2,3,3,3,2,3,1,2],"img2Sample":[3,2,3,2,1,2,2,3,2,3,2,3,1,1,1,2,1,1,2,1],"key":[null,null,null,null,null,null,null,null,null,null,null,null,null,null,null,null,null,null,null,null],"correct":[null,null,null,null,null,null,null,null,null,null,null,null,null,null,null,null,null,null,null,null],"right_img":[1,1,1,1,2,1,2,2,1,1,1,2,1,2,2,1,1,1,2,2],"img_choice":[null,null,null,null,null,null,null,null,null,null,null,null,null,null,null,null,null,null,null,null],"center_sample":[1,1,2,2,1,3,2,3,1,2,1,2,2,1,3,2,3,2,2,1],"left_sample":[3,2,3,2,2,2,1,1,2,3,2,1,1,3,3,2,1,1,1,2],"right_sample":[2,3,2,2,1,2,2,3,2,1,1,3,2,1,1,3,2,3,2,1],"RT":[[0,0,0,0],[0,0,0,0],[0,0,0,0],[0,0,0,0],[0,0,0,0],[0,0,0,0],[0,0,0,0],[0,0,0,0],[0,0,0,0],[0,0,0,0],[0,0,0,0],[0,0,0,0],[0,0,0,0],[0,0,0,0],[0,0,0,0],[0,0,0,0],[0,0,0,0],[0,0,0,0],[0,0,0,0],[0,0,0,0]],"response":[[0,1,0,0],[0,1,0,0],[0,1,0,0],[0,1,0,0],[0,1,0,0],[0,1,0,0],[0,1,0,0],[0,1,0,0],[0,1,0,0],[0,1,0,0],[0,1,0,0],[0,1,0,0],[0,1,0,0],[0,1,0,0],[0,1,0,0],[0,1,0,0],[0,1,0,0],[0,1,0,0],[0,1,0,0],[0,1,0,0]],"framerate":[18.59566935469699,16.69804952569771,16.587593193742567,17.964817416974658,16.924392503387125,16.070854612337413,18.00773797850008,17.87022641576155,18.846454732954285,17.615658362989322,19.089416969959007,17.459469089613396,17.66311620188773,17.632286676049144,18.16853992625228,19.223923104307584,18.585699733726585,18.33555852247441,18.747656542934628,19.07580403622873]}
