{"practice":[0,0,0,0,0,0,0,0,0,0,0,0,0,0,0,0,0,0,0,0],"center_interval":[0,0,0,50,0,50,50,75,50,25,75,0,50,75,25,0,0,0,50,25],"image_pair":[3,2,1,2,2,4,2,2,1,2,2,4,3,1,3,2,3,4,4,4],"feature_space":[1,1,2,1,2,1,1,1,2,1,2,2,2,2,1,1,1,2,1,1],"left_img":[2,1,1,1,1,2,1,2,2,1,1,2,2,2,1,1,2,1,2,2],"img1Sample":[2,1,3,3,3,1,1,1,2,1,1,3,3,3,2,1,1,2,2,3],"img2Sample":[1,2,1,3,2,2,2,1,1,3,3,3,2,1,3,3,3,3,2,3],"key":[null,null,null,null,null,null,null,null,null,null,null,null,null,null,null,null,null,null,null,null],"correct":[null,null,null,null,null,null,null,null,null,null,null,null,null,null,null,null,null,null,null,null],"right_img":[1,2,2,2,2,1,2,1,1,2,2,1,1,1,2,2,1,2,1,1],"img_choice":[null,null,null,null,null,null,null,null,null,null,null,null,null,null,null,null,null,null,null,null],"center_sample":[3,3,1,3,2,3,1,2,1,1,2,1,1,1,3,2,2,3,2,3],"left_sample":[1,1,3,3,3,2,1,1,1,1,1,3,2,1,2,1,3,2,2,3],"right_sample":[2,2,1,3,2,1,2,1,2,3,3,3,3,3,3,3,1,3,2,3],"RT":[[0,0,0,0],[0,0,0,0],[0,0,0,0],[0,0,0,0],[0,0,0,0],[0,0,0,0],[0,0,0,0],[0,0,0,0],[0,0,0,0],[0,0,0,0],[0,0,0,0],[0,0,0,0],[0,0,0,0],[0,0,0,0],[0,0,0,0],[0,0,0,0],[0,0,0,0],[0,0,0,0],[0,0,0,0],[0,0,0,0]],"response":[[0,1,0,0],[0,1,0,0],[0,1,0,0],[0,1,0,0],[0,1,0,0],[0,1,0,0],[0,1,0,0],[0,1,0,0],[0,1,0,0],[0,1,0,0],[0,1,0,0],[0,1,0,0],[0,1,0,0],[0,1,0,0],[0,1,0,0],[0,1,0,0],[0,1,0,0],[0,1,0,0],[0,1,0,0],[0,1,0,0]],"framerate":[20.76161408241313,25.341756790509933,18.848465450404703,16.61396645050867,19.22768787053867,18.24817518247689,19.203413940256045,18.011591618368257,18.366619115549216,18.143655057096744,19.193857965461223,16.976108361175587,19.564946729983355,18.732939644260025,16.932537207022545,17.815467388782217,17.992339894896233,17.87437886532967,20.50532246849511,20.10711934375257]}
