{"practice":[0,0,0,0,0,0,0,0,0,0,0,0,0,0,0,0,0,0,0,0],"center_interval":[50,0,75,0,0,0,50,50,25,50,50,100,100,0,75,50,50,0,100,0],"image_pair":[2,4,1,1,3,3,1,3,1,1,1,1,3,3,2,3,3,2,4,2],"feature_space":[2,1,1,2,2,1,2,1,1,2,2,1,1,2,1,2,1,2,1,2],"left_img":[2,2,2,2,1,1,1,2,1,2,1,1,1,2,2,2,2,2,1,1],"img1Sample":[1,2,3,1,3,1,2,1,3,2,1,3,3,1,1,3,2,1,1,3],"img2Sample":[1,3,3,2,1,3,1,2,3,1,2,3,2,2,2,2,1,3,1,2],"key":[null,null,null,null,null,null,null,32,null,null,32,null,null,null,null,null,null,null,null,null],"correct":[null,null,null,null,null,null,null,null,null,null,null,null,null,null,null,null,null,null,null,null],"right_img":[1,1,1,1,2,2,2,1,2,1,2,2,2,1,1,1,1,1,2,2],"img_choice":[null,null,null,null,null,null,null,null,null,null,null,null,null,null,null,null,null,null,null,null],"center_sample":[3,3,2,2,1,2,1,3,1,3,1,1,3,2,1,2,2,2,3,1],"left_sample":[1,3,3,2,3,1,2,2,3,1,1,3,3,2,2,2,1,3,1,3],"right_sample":[1,2,3,1,1,3,1,1,3,2,2,3,2,1,1,3,2,1,1,2],"RT":[[0,0,0,0],[0,0,0,0],[0,0,0,0],[0,0,0,0],[0,0,0,0],[0,0,0,0],[0,0,0,0],[0,1836.4000000022352,0,0],[0,0,0,0],[0,0,0,0],[0,3274.599999997765,0,0],[0,0,0,0],[0,0,0,0],[0,0,0,0],[0,0,0,0],[0,0,0,0],[0,0,0,0],[0,0,0,0],[0,0,0,0],[0,0,0,0]],"response":[[0,1,0,0],[0,1,0,0],[0,1,0,0],[0,1,0,0],[0,1,0,0],[0,1,0,0],[0,1,0,0],[0,1,0,0],[0,1,0,0],[0,1,0,0],[0,1,0,0],[0,1,0,0],[0,1,0,0],[0,1,0,0],[0,1,0,0],[0,1,0,0],[0,1,0,0],[0,1,0,0],[0,1,0,0],[0,1,0,0]],"framerate":[19.061870913720234,16.924694019354337,18.380712743356213,18.674966651845263,18.318927186718057,17.58436944937833,16.738785903807624,21.007655332027774,17.239847151870613,18.572755196794827,18.181170011766703,19.470196309591394,17.524295045401544,18.172424237030246,18.51291453798063,17.274848177231796,18.905951807661207,18.517529334256754,18.514562415440754,18.936687151631375]}
