{"practice":[1,1,1,1,1],"center_interval":[0,0,50,50,75],"image_pair":[4,1,3,1,3],"feature_space":[2,1,2,2,1],"left_img":[2,2,2,2,2],"img1Sample":[3,1,2,3,3],"img2Sample":[3,3,2,1,3],"key":[null,null,null,null,null],"correct":[null,null,null,null,null],"right_img":[1,1,1,1,1],"img_choice":[null,null,null,null,null],"center_sample":[1,3,3,1,1],"left_sample":[3,3,2,1,3],"right_sample":[3,1,2,3,3],"RT":[[0,0,0,0],[0,0,0,0],[0,0,0,0],[0,0,0,0],[0,0,0,0]],"response":[[0,1,0,0],[0,1,0,0],[0,1,0,0],[0,1,0,0],[0,1,0,0]],"framerate":[12.214250816425068,19.999642863514975,23.70175000891673,19.63689594230584,20.34007172550527]}
