{"practice":[0,0,0,0,0,0,0,0,0,0,0,0,0,0,0,0,0,0,0,0],"center_interval":[25,25,75,75,75,75,0,25,75,100,0,100,100,0,50,25,50,100,0,50],"image_pair":[4,3,1,3,2,2,4,1,4,4,1,4,3,2,3,1,3,1,2,4],"feature_space":[1,1,1,1,1,1,2,1,2,1,2,1,1,2,1,1,1,2,2,2],"left_img":[2,1,1,1,2,2,2,1,1,1,2,1,1,2,2,2,2,1,2,2],"img1Sample":[2,1,1,3,1,1,1,1,1,2,2,1,3,2,3,1,2,3,3,2],"img2Sample":[3,3,3,3,2,3,1,1,3,1,1,2,1,1,1,2,2,2,2,2],"key":[null,null,null,null,null,null,null,null,null,null,null,null,null,null,null,null,null,null,null,null],"correct":[null,null,null,null,null,null,null,null,null,null,null,null,null,null,null,null,null,null,null,null],"right_img":[1,2,2,2,1,1,1,2,2,2,1,2,2,1,1,1,1,2,1,1],"img_choice":[null,null,null,null,null,null,null,null,null,null,null,null,null,null,null,null,null,null,null,null],"center_sample":[2,2,3,3,1,3,2,3,3,3,3,1,3,3,1,3,3,3,1,1],"left_sample":[3,1,1,3,2,3,1,1,1,2,1,1,3,1,1,2,2,3,2,2],"right_sample":[2,3,3,3,1,1,1,1,3,1,2,2,1,2,3,1,2,2,3,2],"RT":[[0,0,0,0],[0,0,0,0],[0,0,0,0],[0,0,0,0],[0,0,0,0],[0,0,0,0],[0,0,0,0],[0,0,0,0],[0,0,0,0],[0,0,0,0],[0,0,0,0],[0,0,0,0],[0,0,0,0],[0,0,0,0],[0,0,0,0],[0,0,0,0],[0,0,0,0],[0,0,0,0],[0,0,0,0],[0,0,0,0]],"response":[[0,1,0,0],[0,1,0,0],[0,1,0,0],[0,1,0,0],[0,1,0,0],[0,1,0,0],[0,1,0,0],[0,1,0,0],[0,1,0,0],[0,1,0,0],[0,1,0,0],[0,1,0,0],[0,1,0,0],[0,1,0,0],[0,1,0,0],[0,1,0,0],[0,1,0,0],[0,1,0,0],[0,1,0,0],[0,1,0,0]],"framerate":[18.566123964588957,18.517859050606067,18.686599038974908,19.750186826081126,18.401071907101386,18.88069537957573,18.742302268708574,18.871619576639805,18.006453798287275,18.340129271209737,18.20323375092967,18.0463898374127,17.443309244956215,17.865437524557844,17.774617845716318,18.397456506991233,17.66879049097351,19.37708881462249,17.124814927123516,20.37824890064981]}
