{"practice":[0,0,0,0,0,0,0,0,0,0,0,0,0,0,0,0,0,0,0,0],"center_interval":[100,75,0,100,75,50,75,0,50,25,100,75,75,0,0,100,75,50,100,75],"image_pair":[1,1,3,3,1,3,4,1,1,1,2,2,4,4,2,2,3,3,2,2],"feature_space":[1,2,1,2,2,1,1,2,2,2,1,1,2,2,2,1,1,1,1,1],"left_img":[1,2,1,1,1,2,1,1,1,2,1,1,2,2,1,1,2,1,1,1],"img1Sample":[2,3,3,3,1,1,3,1,2,1,2,2,1,3,1,2,1,1,3,2],"img2Sample":[3,1,3,2,2,1,1,2,3,3,2,3,1,3,1,3,2,3,1,2],"key":[49,49,49,49,50,49,49,49,49,50,49,50,50,50,49,49,50,50,49,50],"correct":[false,true,true,false,true,false,false,true,true,true,false,true,false,true,true,false,false,false,false,true],"right_img":[2,1,2,2,2,1,2,2,2,1,2,2,1,1,2,2,1,2,2,2],"img_choice":[1,2,1,1,2,2,1,1,1,1,1,2,1,1,1,1,1,2,1,2],"center_sample":[1,3,2,3,3,3,1,3,1,3,3,3,2,2,2,2,2,3,2,1],"left_sample":[2,1,3,3,1,1,3,1,2,3,2,2,1,3,1,2,2,1,3,2],"right_sample":[3,3,3,2,2,1,1,2,3,1,2,3,1,3,1,3,1,3,1,2],"RT":[[0,0,0,2108.7000000029802,0,0],[0,0,0,1506.199999988079,0,0],[0,0,0,1326.7999999970198,0,0],[0,0,0,1354.9000000059605,0,0],[0,0,0,1886,0,0],[0,0,0,1842,0,0],[0,0,0,1329.5,0,0],[0,0,0,2325.5,0,0],[0,0,0,1786,0,0],[0,0,0,2871.4000000059605,0,0],[0,0,0,2024.7999999970198,0,0],[0,0,0,1105,0,0],[0,0,0,2110.3999999910593,0,0],[0,0,0,2658.7000000029802,0,0],[0,0,0,1553.0999999940395,0,0],[0,0,0,1740,0,0],[0,0,0,1895.2000000029802,0,0],[0,0,0,1853.2000000029802,0,0],[0,0,0,1003.6999999880791,0,0],[0,0,0,1163.4000000059605,0,0]],"response":[[0,0,0,1,0,0],[0,0,0,1,0,0],[0,0,0,1,0,0],[0,0,0,1,0,0],[0,0,0,1,0,0],[0,0,0,1,0,0],[0,0,0,1,0,0],[0,0,0,1,0,0],[0,0,0,1,0,0],[0,0,0,1,0,0],[0,0,0,1,0,0],[0,0,0,1,0,0],[0,0,0,1,0,0],[0,0,0,1,0,0],[0,0,0,1,0,0],[0,0,0,1,0,0],[0,0,0,1,0,0],[0,0,0,1,0,0],[0,0,0,1,0,0],[0,0,0,1,0,0]],"framerate":[60.02034587995931,60.017611345331204,60.01645612502327,60.01536393325276,60.01532306124518,60.01936108422072,60.01936108422072,60.017927432904415,60.01696131511539,57.90520442822174,60.01531425267642,60.01787766568766,60.016682603154344,60.01720005129966,60.020159442825324,60.015828350373475,60.01532306124518,60.018863071212614,60.015200356375274,60.02067939378581]}
