{"practice":[0,0,0,0,0,0,0,0,0,0,0,0,0,0,0,0,0,0,0,0],"center_interval":[50,50,75,75,75,100,50,100,100,0,100,0,50,50,25,25,50,100,100,75],"image_pair":[1,4,2,1,2,1,2,4,1,4,4,1,2,2,1,1,2,3,1,1],"feature_space":[1,2,2,2,1,2,2,2,1,1,1,2,1,1,2,1,1,2,2,2],"left_img":[1,1,2,2,1,1,1,1,1,2,1,1,1,1,1,1,1,2,2,1],"img1Sample":[2,2,3,2,2,3,1,3,3,3,3,1,1,2,3,3,2,3,2,2],"img2Sample":[3,1,3,3,3,1,1,1,3,2,2,1,3,3,3,1,3,3,1,1],"key":[49,50,49,50,50,49,49,49,49,50,50,49,50,50,49,50,49,50,50,51],"correct":[true,false,true,false,true,false,true,false,false,true,true,true,false,false,true,false,true,false,false,null],"right_img":[2,2,1,1,2,2,2,2,2,1,2,2,2,2,2,2,2,1,1,2],"img_choice":[1,2,2,1,2,1,1,1,1,1,2,1,2,2,1,2,1,1,1,null],"center_sample":[1,1,3,2,1,2,2,2,1,2,1,3,3,1,2,1,1,1,2,3],"left_sample":[2,2,3,3,2,3,1,3,3,2,3,1,1,2,3,3,2,3,1,2],"right_sample":[3,1,3,2,3,1,1,1,3,3,2,1,3,3,3,1,3,3,2,1],"RT":[[0,0,0,1073.2000000029802,0,0],[0,0,0,1295.4000000059605,0,0],[0,0,0,788.3999999910593,0,0],[0,0,0,1413.4000000059605,0,0],[0,0,0,1767.9000000059605,0,0],[0,0,0,1440.7000000029802,0,0],[0,0,0,2175.2999999970198,0,0],[0,0,0,1777.5,0,0],[0,0,0,1916.7999999970198,0,0],[0,0,0,1047.699999988079,0,0],[0,0,0,1745.2000000029802,0,0],[0,0,0,1705.5,0,0],[0,0,0,1262.2999999970198,0,0],[0,0,0,1789,0,0],[0,0,0,1583.300000011921,0,0],[0,0,0,1375.8999999910593,0,0],[0,0,0,722.4000000059605,0,0],[0,0,0,1237.5999999940395,0,0],[0,0,0,1948.2999999970198,0,0],[0,0,0,1552.2000000029802,0,0]],"response":[[0,0,0,1,0,0],[0,0,0,1,0,0],[0,0,0,1,0,0],[0,0,0,1,0,0],[0,0,0,1,0,0],[0,0,0,1,0,0],[0,0,0,1,0,0],[0,0,0,1,0,0],[0,0,0,1,0,0],[0,0,0,1,0,0],[0,0,0,1,0,0],[0,0,0,1,0,0],[0,0,0,1,0,0],[0,0,0,1,0,0],[0,0,0,1,0,0],[0,0,0,1,0,0],[0,0,0,1,0,0],[0,0,0,1,0,0],[0,0,0,1,0,0],[0,0,0,1,0,0]],"framerate":[60.023700345016344,60.01756611695591,60.01500375103713,60.01802913119568,60.01222067050815,60.01977121862811,60.02087682679416,60.008292054863105,60.027054447036925,60.009352106961224,57.60267346751751,60.0181604766414,60.01426568606172,60.01826642899094,60.01636810022836,60.0133894415973,60.02434950016768,60.017783046872864,60.0176894243267,60.01740376735799]}
