{"practice":[1,1,1,1,1],"center_interval":[75,0,100,100,100],"image_pair":[2,3,1,3,3],"feature_space":[1,2,2,2,1],"left_img":[1,2,2,1,2],"img1Sample":[2,3,3,2,1],"img2Sample":[2,2,1,1,1],"key":[50,50,49,49,49],"correct":[true,true,true,false,true],"right_img":[2,1,1,2,1],"img_choice":[2,1,2,1,2],"center_sample":[1,1,3,2,2],"left_sample":[2,2,1,2,1],"right_sample":[2,3,3,1,1],"RT":[[0,0,0,3427.7000000029802,0,0],[0,0,0,1237,0,0],[0,0,0,1317.5,0,0],[0,0,0,1280.5,0,0],[0,0,0,1254,0,0]],"response":[[0,0,0,1,0,0],[0,0,0,1,0,0],[0,0,0,1,0,0],[0,0,0,1,0,0],[0,0,0,1,0,0]],"framerate":[60.027285129604365,60.02074791294713,60.01064705015329,60.02400960379771,60.01574183401164]}
