{"practice":[0,0,0,0,0,0,0,0,0,0,0,0,0,0,0,0,0,0,0,0],"center_interval":[50,75,75,75,0,50,50,50,50,75,25,50,25,25,75,0,100,75,100,100],"image_pair":[1,1,1,3,1,3,4,4,2,2,2,4,1,1,2,4,4,4,4,1],"feature_space":[2,1,2,2,2,2,2,2,2,2,1,1,2,2,1,1,1,2,2,2],"left_img":[2,2,1,1,2,1,1,2,2,1,2,2,1,1,2,2,2,1,2,2],"img1Sample":[2,2,1,1,2,3,3,2,1,3,3,3,3,1,3,2,2,2,3,1],"img2Sample":[3,2,1,2,2,3,3,3,2,1,1,2,3,2,2,1,1,3,1,3],"key":[50,49,50,49,49,50,49,49,49,50,50,49,50,50,49,50,50,49,49,49],"correct":[true,true,true,false,false,false,true,false,false,true,true,false,false,false,true,true,false,false,true,true],"right_img":[1,1,2,2,1,2,2,1,1,2,1,1,2,2,1,1,1,2,1,1],"img_choice":[1,2,2,1,2,2,1,2,2,2,1,2,2,2,2,1,1,1,2,2],"center_sample":[3,2,1,2,1,2,3,3,2,2,3,1,1,1,2,1,3,3,2,2],"left_sample":[3,2,1,1,2,3,3,3,2,3,1,2,3,1,2,1,1,2,1,3],"right_sample":[2,2,1,2,2,3,3,2,1,1,3,3,3,2,3,2,2,3,3,1],"RT":[[0,0,0,1254.7999999970198,0,0],[0,0,0,1429,0,0],[0,0,0,1901.4000000059605,0,0],[0,0,0,1937.6000000089407,0,0],[0,0,0,1734.3999999910593,0,0],[0,0,0,1640.2000000029802,0,0],[0,0,0,1215.2999999970198,0,0],[0,0,0,3000.5,0,0],[0,0,0,2769.7000000029802,0,0],[0,0,0,1099.0999999940395,0,0],[0,0,0,2119.5999999940395,0,0],[0,0,0,1533.8999999910593,0,0],[0,0,0,1719.4000000059605,0,0],[0,0,0,2386.6000000089407,0,0],[0,0,0,2436.9000000059605,0,0],[0,0,0,1579.7000000029802,0,0],[0,0,0,1750.7000000029802,0,0],[0,0,0,1440.5999999940395,0,0],[0,0,0,2144.2000000029802,0,0],[0,0,0,1587.5999999940395,0,0]],"response":[[0,0,0,1,0,0],[0,0,0,1,0,0],[0,0,0,1,0,0],[0,0,0,1,0,0],[0,0,0,1,0,0],[0,0,0,1,0,0],[0,0,0,1,0,0],[0,0,0,1,0,0],[0,0,0,1,0,0],[0,0,0,1,0,0],[0,0,0,1,0,0],[0,0,0,1,0,0],[0,0,0,1,0,0],[0,0,0,1,0,0],[0,0,0,1,0,0],[0,0,0,1,0,0],[0,0,0,1,0,0],[0,0,0,1,0,0],[0,0,0,1,0,0],[0,0,0,1,0,0]],"framerate":[60.01131360821523,60.02032184138014,60.017390197904454,60.01516172491672,60.021106323220614,60.01213728607212,57.26806433959531,60.025454920680595,60.01648213841034,60.01787766568766,60.01865444650727,60.016556291431854,60.01765225066197,60.01846722078651,60.017147756501856,60.016886880596836,60.01796157978202,60.0183585566929,60.01697449791006,60.01636810043168]}
