{"practice":[1,1,1,1,1],"center_interval":[100,0,50,75,0],"image_pair":[2,4,3,3,3],"feature_space":[1,1,2,2,2],"left_img":[1,1,1,1,2],"img1Sample":[1,3,2,1,1],"img2Sample":[2,2,3,1,1],"key":[50,49,49,50,50],"correct":[true,true,true,true,true],"right_img":[2,2,2,2,1],"img_choice":[2,1,1,2,1],"center_sample":[3,2,1,3,2],"left_sample":[1,3,2,1,1],"right_sample":[2,2,3,1,1],"RT":[[0,0,0,373,0,0],[0,0,0,409,0,0],[0,0,0,1613,0,0],[0,0,0,1938,0,0],[0,0,0,1182,0,0]],"response":[[0,0,0,1,0,0],[0,0,0,1,0,0],[0,0,0,1,0,0],[0,0,0,1,0,0],[0,0,0,1,0,0]],"framerate":[32.005020395356134,31.07520198881293,31.996394772420008,31.796167614234573,31.492126968257935]}
