{"practice":[0,0,0,0,0,0,0,0,0,0,0,0,0,0,0,0,0,0,0,0],"center_interval":[50,100,25,50,100,100,75,25,50,25,25,75,100,100,0,25,25,0,25,75],"image_pair":[2,3,1,3,1,2,2,1,4,4,1,2,2,2,4,2,2,2,4,4],"feature_space":[1,1,1,1,2,2,2,2,2,2,2,1,1,1,2,1,1,2,2,1],"left_img":[1,1,2,1,1,2,1,1,1,2,2,2,1,2,1,2,1,2,1,1],"img1Sample":[2,1,2,1,3,2,1,3,1,1,2,2,3,2,1,3,1,2,3,2],"img2Sample":[2,1,2,1,3,2,2,2,3,2,3,1,1,1,2,3,1,2,3,2],"key":[49,50,49,49,50,49,50,49,50,49,49,50,49,49,49,49,50,50,50,50],"correct":[true,true,false,true,true,true,true,true,false,false,false,false,false,true,true,false,false,true,false,true],"right_img":[2,2,1,2,2,1,2,2,2,1,1,1,2,1,2,1,2,1,2,2],"img_choice":[1,2,2,1,2,2,2,1,2,2,2,1,1,2,1,2,2,1,2,2],"center_sample":[1,3,2,3,2,3,2,1,3,2,3,2,2,2,2,1,3,3,1,1],"left_sample":[2,1,2,1,3,2,1,3,1,2,3,1,3,1,1,3,1,2,3,2],"right_sample":[2,1,2,1,3,2,2,2,3,1,2,2,1,2,2,3,1,2,3,2],"RT":[[0,0,0,965,0,0],[0,0,0,3244,0,0],[0,0,0,1915,0,0],[0,0,0,1624,0,0],[0,0,0,2226,0,0],[0,0,0,3217,0,0],[0,0,0,1434,0,0],[0,0,0,2358,0,0],[0,0,0,1504,0,0],[0,0,0,1826,0,0],[0,0,0,1507,0,0],[0,0,0,852,0,0],[0,0,0,1401,0,0],[0,0,0,156,0,0],[0,0,0,1963,0,0],[0,0,0,2459,0,0],[0,0,0,214,0,0],[0,0,0,66,0,0],[0,0,0,213,0,0],[0,0,0,499,0,0]],"response":[[0,0,0,1,0,0],[0,0,0,1,0,0],[0,0,0,1,0,0],[0,0,0,1,0,0],[0,0,0,1,0,0],[0,0,0,1,0,0],[0,0,0,1,0,0],[0,0,0,1,0,0],[0,0,0,1,0,0],[0,0,0,1,0,0],[0,0,0,1,0,0],[0,0,0,1,0,0],[0,0,0,1,0,0],[0,0,0,1,0,0],[0,0,0,1,0,0],[0,0,0,1,0,0],[0,0,0,1,0,0],[0,0,0,1,0,0],[0,0,0,1,0,0],[0,0,0,1,0,0]],"framerate":[31.993654151242726,31.982942430703627,31.779661016949156,31.58132190390255,31.59777424483307,31.835516498093188,31.969910672308416,30.285493827160494,31.742354031510658,31.821113738980863,31.525266573945295,31.741725447639716,31.982942430703627,32.00808625336927,31.374189500104578,32.00757575757576,32.00263939293963,32,31.98153643257501,32.0144971307762]}
