{"practice":[0,0,0,0,0,0,0,0,0,0,0,0,0,0,0,0,0,0,0,0],"center_interval":[0,0,75,100,25,25,100,100,25,50,75,50,0,75,0,25,0,100,75,25],"image_pair":[3,1,4,1,3,1,1,3,1,4,3,1,3,3,1,3,4,3,2,2],"feature_space":[1,2,2,1,2,1,1,1,1,2,2,2,1,2,1,1,1,1,1,1],"left_img":[2,2,2,2,2,1,1,1,1,1,2,2,2,1,2,1,1,1,1,1],"img1Sample":[1,3,3,2,2,3,2,3,3,2,2,2,1,2,1,2,2,1,2,3],"img2Sample":[2,3,3,1,1,3,2,3,1,1,2,3,3,2,3,3,2,1,3,3],"key":[50,50,50,49,50,49,49,50,50,49,50,49,49,49,49,49,50,50,50,50],"correct":[true,true,false,true,true,true,false,true,false,true,false,false,false,false,false,true,false,true,true,false],"right_img":[1,1,1,1,1,2,2,2,2,2,1,1,1,2,1,2,2,2,2,2],"img_choice":[1,1,1,2,1,1,1,2,2,1,1,2,2,1,2,1,2,2,2,2],"center_sample":[3,1,3,3,3,2,3,2,3,3,1,2,2,3,3,2,3,3,3,1],"left_sample":[2,3,3,1,1,3,2,3,3,2,2,3,3,2,3,2,2,1,2,3],"right_sample":[1,3,3,2,2,3,2,3,1,1,2,2,1,2,1,3,2,1,3,3],"RT":[[0,0,0,2379,0,0],[0,0,0,2829,0,0],[0,0,0,3220,0,0],[0,0,0,1475,0,0],[0,0,0,2192,0,0],[0,0,0,755,0,0],[0,0,0,1279,0,0],[0,0,0,985,0,0],[0,0,0,397,0,0],[0,0,0,1220,0,0],[0,0,0,863,0,0],[0,0,0,476,0,0],[0,0,0,1119,0,0],[0,0,0,963,0,0],[0,0,0,774,0,0],[0,0,0,57,0,0],[0,0,0,70,0,0],[0,0,0,59,0,0],[0,0,0,1362,0,0],[0,0,0,308,0,0]],"response":[[0,0,0,1,0,0],[0,0,0,1,0,0],[0,0,0,1,0,0],[0,0,0,1,0,0],[0,0,0,1,0,0],[0,0,0,1,0,0],[0,0,0,1,0,0],[0,0,0,1,0,0],[0,0,0,1,0,0],[0,0,0,1,0,0],[0,0,0,1,0,0],[0,0,0,1,0,0],[0,0,0,1,0,0],[0,0,0,1,0,0],[0,0,0,1,0,0],[0,0,0,1,0,0],[0,0,0,1,0,0],[0,0,0,1,0,0],[0,0,0,1,0,0],[0,0,0,1,0,0]],"framerate":[31.773541305603697,31.68141592920354,31.83023872679045,31.779169566225935,30.18792483006797,32.004491858506455,31.761544099682386,31.471282454760033,32.00745804847732,31.962338949454907,31.995661605206074,32.041501373207204,31.758130081300813,31.678986272439282,32.042351629980494,31.315240083507305,32.011134307585245,32,31.988541417999524,32.010243277848915]}
