{"practice":[0,0,0,0,0,0,0,0,0,0,0,0,0,0,0,0,0,0,0,0],"center_interval":[25,50,100,25,100,50,0,50,25,25,25,0,75,100,25,25,0,100,0,25],"image_pair":[3,4,3,1,4,1,2,3,3,4,3,3,1,2,3,2,2,2,3,1],"feature_space":[2,1,1,1,1,1,2,2,2,1,1,2,1,2,2,2,2,1,1,1],"left_img":[1,2,1,2,1,2,2,2,1,2,1,2,2,2,1,1,1,1,1,1],"img1Sample":[3,2,2,3,2,3,2,2,3,3,2,3,3,3,2,1,3,2,1,3],"img2Sample":[1,2,1,3,1,2,2,2,1,1,2,1,1,3,1,1,3,3,1,2],"key":[49,50,50,50,49,49,50,49,49,49,50,49,50,49,49,49,50,50,49,50],"correct":[true,true,true,true,false,false,true,false,true,false,false,false,false,true,true,true,false,true,true,false],"right_img":[2,1,2,1,2,1,1,1,2,1,2,1,1,1,2,2,2,2,2,2],"img_choice":[1,1,2,1,1,2,1,2,1,2,2,2,1,2,1,1,2,2,1,2],"center_sample":[1,1,2,3,3,3,3,3,2,3,3,2,3,2,3,3,1,1,2,3],"left_sample":[3,2,2,3,2,2,2,2,3,1,2,1,1,3,2,1,3,2,1,3],"right_sample":[1,2,1,3,1,3,2,2,1,3,2,3,3,3,1,1,3,3,1,2],"RT":[[0,0,0,63,0,0],[0,0,0,212,0,0],[0,0,0,219,0,0],[0,0,0,97,0,0],[0,0,0,1211,0,0],[0,0,0,268,0,0],[0,0,0,125,0,0],[0,0,0,64,0,0],[0,0,0,27,0,0],[0,0,0,182,0,0],[0,0,0,25,0,0],[0,0,0,146,0,0],[0,0,0,69,0,0],[0,0,0,841,0,0],[0,0,0,67,0,0],[0,0,0,131,0,0],[0,0,0,98,0,0],[0,0,0,234,0,0],[0,0,0,85,0,0],[0,0,0,115,0,0]],"response":[[0,0,0,1,0,0],[0,0,0,1,0,0],[0,0,0,1,0,0],[0,0,0,1,0,0],[0,0,0,1,0,0],[0,0,0,1,0,0],[0,0,0,1,0,0],[0,0,0,1,0,0],[0,0,0,1,0,0],[0,0,0,1,0,0],[0,0,0,1,0,0],[0,0,0,1,0,0],[0,0,0,1,0,0],[0,0,0,1,0,0],[0,0,0,1,0,0],[0,0,0,1,0,0],[0,0,0,1,0,0],[0,0,0,1,0,0],[0,0,0,1,0,0],[0,0,0,1,0,0]],"framerate":[32,31.99208443271768,31.683168316831683,31.99174406604747,31.746031746031747,31.674208144796378,32.00544773578481,31.93335647344672,32.06483439041579,32,30.59071729957806,32.00808625336927,32,32.00218818380744,31.988873435326845,32.00544773578481,31.893004115226336,32.09957418932198,32.002752924982794,31.994554118447923]}
