{"practice":[0,0,0,0,0,0,0,0,0,0,0,0,0,0,0,0,0,0,0,0],"center_interval":[75,25,0,25,0,50,50,50,50,100,25,100,0,50,25,25,100,100,50,75],"image_pair":[1,3,4,4,1,4,4,4,4,2,4,1,2,2,1,3,2,2,3,4],"feature_space":[1,1,2,1,1,1,1,2,2,1,1,2,2,2,2,2,2,2,1,1],"left_img":[1,1,2,2,2,2,1,2,2,2,2,1,1,1,2,2,1,2,2,1],"img1Sample":[2,3,1,1,2,1,3,1,3,1,2,3,3,1,1,1,3,2,1,2],"img2Sample":[2,2,1,3,2,1,3,1,3,1,3,2,3,3,1,2,2,1,3,2],"stim_time":[2000,2000,2000,2000,2000,2000,2000,2000,2000,2000,2000,2000,2000,2000,2000,2000,2000,2000,2000,2000],"key":[49,50,49,49,49,50,49,50,50,49,49,49,49,49,49,49,49,49,49,49],"correct":[false,false,false,false,false,true,true,true,true,true,false,false,true,true,false,false,false,true,false,false],"right_img":[2,2,1,1,1,1,2,1,1,1,1,2,2,2,1,1,2,1,1,2],"img_choice":[1,2,2,2,2,1,1,1,1,2,2,1,1,1,2,2,1,2,2,1],"center_sample":[2,1,2,1,1,2,2,1,3,3,3,3,2,3,2,2,3,3,3,1],"left_sample":[2,3,1,3,2,1,3,1,3,1,3,3,3,1,1,2,3,1,3,2],"right_sample":[2,2,1,1,2,1,3,1,3,1,2,2,3,3,1,1,2,2,1,2],"exact_match":[0,0,0,0,0,0,0,0,0,0,0,0,0,0,0,0,0,0,0,0],"RT":[[0,0,0,640,0,0],[0,0,0,183,0,0],[0,0,0,503,0,0],[0,0,0,624,0,0],[0,0,0,420,0,0],[0,0,0,379,0,0],[0,0,0,301,0,0],[0,0,0,1020,0,0],[0,0,0,145,0,0],[0,0,0,290,0,0],[0,0,0,290,0,0],[0,0,0,151,0,0],[0,0,0,307,0,0],[0,0,0,600,0,0],[0,0,0,609,0,0],[0,0,0,444,0,0],[0,0,0,151,0,0],[0,0,0,282,0,0],[0,0,0,520,0,0],[0,0,0,141,0,0]],"response":[[0,0,0,1,0,0],[0,0,0,1,0,0],[0,0,0,1,0,0],[0,0,0,1,0,0],[0,0,0,1,0,0],[0,0,0,1,0,0],[0,0,0,1,0,0],[0,0,0,1,0,0],[0,0,0,1,0,0],[0,0,0,1,0,0],[0,0,0,1,0,0],[0,0,0,1,0,0],[0,0,0,1,0,0],[0,0,0,1,0,0],[0,0,0,1,0,0],[0,0,0,1,0,0],[0,0,0,1,0,0],[0,0,0,1,0,0],[0,0,0,1,0,0],[0,0,0,1,0,0]],"framerate":[16.227180527383368,17.068273092369477,16.903108964684577,15.652173913043478,16.368128474366895,18.570978910922253,17.0582555519794,17.987486965589156,17.57944557133198,17.096774193548388,16.774193548387096,17.537942664418214,16.774193548387096,16.388645010242904,18.13926272674078,16.539050535987748,17.845117845117844,17.43622860833064,16.124216183935502,19.53519703603907]}
