{"practice":[1,1,1,1,1],"center_interval":[50,75,25,75,0],"image_pair":[1,4,4,2,4],"feature_space":[2,2,1,1,1],"left_img":[1,2,1,2,1],"img1Sample":[2,3,2,1,3],"img2Sample":[3,2,3,3,2],"stim_time":[2000,2000,2000,2000,2000],"key":[50,49,50,50,50],"correct":[false,true,false,false,false],"right_img":[2,1,2,1,2],"img_choice":[2,2,2,1,2],"center_sample":[1,2,3,1,2],"left_sample":[2,2,2,3,3],"right_sample":[3,3,3,1,2],"exact_match":[0,0,0,0,0],"RT":[[0,0,0,293,0,0],[0,0,0,866,0,0],[0,0,0,325,0,0],[0,0,0,284,0,0],[0,0,0,162,0,0]],"response":[[0,0,0,1,0,0],[0,0,0,1,0,0],[0,0,0,1,0,0],[0,0,0,1,0,0],[0,0,0,1,0,0]],"framerate":[16.693418940609952,16.268980477223426,17.555059048834984,18.39303000968054,17.373872368860674]}
