{"practice":[0,0,0,0,0,0,0,0,0,0,0,0,0,0,0,0,0,0,0,0],"center_interval":[0,0,75,100,25,0,100,0,50,75,100,0,100,50,0,50,25,25,75,25],"image_pair":[2,4,4,2,2,4,3,4,3,4,1,4,4,4,1,3,4,1,4,1],"feature_space":[2,1,2,2,2,1,1,2,1,2,2,2,1,1,1,2,1,1,1,1],"left_img":[1,2,1,2,1,2,1,1,1,1,1,2,2,2,1,1,1,1,1,1],"img1Sample":[1,1,1,2,1,1,2,1,2,2,2,2,3,2,3,3,2,3,3,3],"img2Sample":[3,3,3,3,1,2,2,2,3,2,2,3,2,2,1,2,3,3,1,3],"stim_time":[250,250,250,250,250,250,250,250,250,250,250,250,250,250,250,250,250,250,250,250],"key":[49,49,49,49,50,50,50,49,49,49,49,50,49,49,49,49,49,50,49,49],"correct":[true,false,false,true,false,true,true,true,true,false,false,true,true,false,true,true,true,false,false,true],"right_img":[2,1,2,1,2,1,2,2,2,2,2,1,1,1,2,2,2,2,2,2],"img_choice":[1,2,1,2,2,1,2,1,1,1,1,1,2,2,1,1,1,2,1,1],"center_sample":[2,3,3,2,1,3,1,3,1,2,1,2,3,3,1,2,2,1,2,1],"left_sample":[1,3,1,3,1,2,2,1,2,2,2,3,2,2,3,3,2,3,3,3],"right_sample":[3,1,3,2,1,1,2,2,3,2,2,2,3,2,1,2,3,3,1,3],"exact_match":[0,0,0,0,0,0,0,0,0,0,0,1,0,0,0,0,0,0,0,0],"RT":[[0,0,0,1392,0,0],[0,0,0,290,0,0],[0,0,0,286,0,0],[0,0,0,398,0,0],[0,0,0,609,0,0],[0,0,0,283,0,0],[0,0,0,145,0,0],[0,0,0,271,0,0],[0,0,0,145,0,0],[0,0,0,162,0,0],[0,0,0,402,0,0],[0,0,0,30,0,0],[0,0,0,438,0,0],[0,0,0,273,0,0],[0,0,0,291,0,0],[0,0,0,147,0,0],[0,0,0,527,0,0],[0,0,0,609,0,0],[0,0,0,341,0,0],[0,0,0,1593,0,0]],"response":[[0,0,0,1,0,0],[0,0,0,1,0,0],[0,0,0,1,0,0],[0,0,0,1,0,0],[0,0,0,1,0,0],[0,0,0,1,0,0],[0,0,0,1,0,0],[0,0,0,1,0,0],[0,0,0,1,0,0],[0,0,0,1,0,0],[0,0,0,1,0,0],[0,0,0,1,0,0],[0,0,0,1,0,0],[0,0,0,1,0,0],[0,0,0,1,0,0],[0,0,0,1,0,0],[0,0,0,1,0,0],[0,0,0,1,0,0],[0,0,0,1,0,0],[0,0,0,1,0,0]],"framerate":[15.466015466015465,20.104244229337304,20.74074074074074,19.554956169925823,17.825311942959,21.198830409356727,21.222410865874366,20.408163265306122,21.364009860312244,19.67493584260051,18.49405548216645,24.029574861367838,19.2435301924353,22.388059701492537,21.513353115727,21.026072329688812,19.77750309023486,20.771513353115726,19.815994338287332,15.378844711177793]}
