{"practice":[0,0,0,0,0,0,0,0,0,0,0,0,0,0,0,0,0,0,0,0],"center_interval":[50,50,50,75,25,0,75,50,75,75,50,0,25,0,25,50,0,0,50,50],"image_pair":[3,3,1,1,4,4,4,2,3,4,3,4,2,2,2,1,4,2,2,3],"feature_space":[1,1,1,1,2,2,1,1,2,1,1,1,2,1,1,2,1,2,2,1],"left_img":[2,2,1,1,1,2,1,2,1,1,2,1,2,2,2,2,1,1,2,1],"img1Sample":[1,2,1,2,2,2,2,3,3,1,1,1,1,2,2,3,3,1,3,1],"img2Sample":[3,1,1,3,2,2,2,3,3,1,3,1,1,2,1,1,2,2,3,3],"stim_time":[2000,2000,2000,2000,2000,2000,2000,2000,2000,2000,2000,2000,2000,2000,2000,2000,2000,2000,2000,2000],"key":[50,50,50,49,50,50,49,50,50,49,50,50,49,50,50,50,50,50,50,50],"correct":[true,true,false,false,false,true,false,true,true,false,true,false,false,true,true,true,false,false,true,false],"right_img":[1,1,2,2,2,1,2,1,2,2,1,2,1,1,1,1,2,2,1,2],"img_choice":[1,1,2,1,2,1,1,1,2,1,1,2,2,1,1,1,2,2,1,2],"center_sample":[3,3,1,3,3,3,2,3,3,2,3,2,3,3,1,1,1,1,1,1],"left_sample":[3,1,1,2,2,2,2,3,3,1,3,1,1,2,1,1,3,1,3,1],"right_sample":[1,2,1,3,2,2,2,3,3,1,1,1,1,2,2,3,2,2,3,3],"exact_match":[0,0,0,0,0,0,0,0,0,0,0,0,0,0,0,0,0,1,0,0],"RT":[[0,0,0,25,0,0],[0,0,0,299,0,0],[0,0,0,1280,0,0],[0,0,0,1393,0,0],[0,0,0,881,0,0],[0,0,0,390,0,0],[0,0,0,1393,0,0],[0,0,0,1611,0,0],[0,0,0,1991,0,0],[0,0,0,1047,0,0],[0,0,0,1106,0,0],[0,0,0,931,0,0],[0,0,0,496,0,0],[0,0,0,1718,0,0],[0,0,0,616,0,0],[0,0,0,1937,0,0],[0,0,0,382,0,0],[0,0,0,1376,0,0],[0,0,0,1065,0,0],[0,0,0,1195,0,0]],"response":[[0,0,0,1,0,0],[0,0,0,1,0,0],[0,0,0,1,0,0],[0,0,0,1,0,0],[0,0,0,1,0,0],[0,0,0,1,0,0],[0,0,0,1,0,0],[0,0,0,1,0,0],[0,0,0,1,0,0],[0,0,0,1,0,0],[0,0,0,1,0,0],[0,0,0,1,0,0],[0,0,0,1,0,0],[0,0,0,1,0,0],[0,0,0,1,0,0],[0,0,0,1,0,0],[0,0,0,1,0,0],[0,0,0,1,0,0],[0,0,0,1,0,0],[0,0,0,1,0,0]],"framerate":[20.127118644067796,17.26894787336105,15.876893014167075,15.191075243294565,15.984827959902466,17.144638403990026,16.595542911332384,15.346422929361319,14.574224443056423,16.070502851218247,15.29051987767584,16.26233004532125,17.288444040036396,14.767467489530526,18.856977081520164,14.155926473695333,17.40211311373524,15.003572279114076,15.942401645667266,15.71072319201995]}
