{"practice":[1,1,1,1,1],"center_interval":[25,75,50,0,50],"image_pair":[2,1,1,1,2],"feature_space":[2,1,2,1,1],"left_img":[2,1,2,1,2],"img1Sample":[3,2,2,1,3],"img2Sample":[2,2,1,2,3],"key":[null,49,50,49,49],"correct":[null,false,true,true,false],"right_img":[1,2,1,2,1],"img_choice":[null,1,1,1,2],"center_sample":[3,3,1,2,1],"left_sample":[2,2,1,1,3],"right_sample":[3,2,2,2,3],"RT":[[0,0,0,0],[0,2799,0,0],[0,2003,0,0],[0,646,0,0],[0,1398,0,0]],"response":[[0,1,0,0],[0,1,0,0],[0,1,0,0],[0,1,0,0],[0,1,0,0]],"framerate":[19.384670104926197,16.923076923076923,17.478616586091483,17.004578155657292,16.659162539396668]}
