{"practice":[0,0,0,0,0,0,0,0,0,0,0,0,0,0,0,0,0,0,0,0],"center_interval":[25,25,100,25,100,100,0,75,50,25,100,0,100,50,75,75,75,0,100,100],"image_pair":[1,1,3,3,4,2,4,3,2,2,4,3,3,3,2,1,4,4,2,4],"feature_space":[2,1,2,1,2,2,2,1,1,2,1,2,1,1,1,2,1,1,1,2],"left_img":[1,1,2,1,1,1,1,1,2,2,1,2,2,1,1,1,2,2,2,1],"img1Sample":[1,1,3,3,1,2,3,3,3,2,2,2,3,1,1,2,2,3,2,2],"img2Sample":[1,3,3,1,3,3,2,3,1,3,1,2,2,2,2,1,2,1,1,1],"key":[null,50,50,null,49,49,50,49,49,49,50,49,49,49,49,49,50,49,49,50],"correct":[null,false,false,null,false,false,false,false,false,false,true,false,true,true,false,false,false,false,true,true],"right_img":[2,2,1,2,2,2,2,2,1,1,2,1,1,2,2,2,1,1,1,2],"img_choice":[null,2,1,null,1,1,2,1,2,2,2,2,2,1,1,1,1,2,2,2],"center_sample":[1,3,2,1,2,2,1,3,2,2,2,1,3,3,1,3,1,2,2,2],"left_sample":[1,1,3,3,1,2,3,3,1,3,2,2,2,1,1,2,2,1,1,2],"right_sample":[1,3,3,1,3,3,2,3,3,2,1,2,3,2,2,1,2,3,2,1],"RT":[[0,0,0,0],[0,1398,0,0],[0,3189,0,0],[0,0,0,0],[0,1245,0,0],[0,911,0,0],[0,24,0,0],[0,133,0,0],[0,291,0,0],[0,496,0,0],[0,856,0,0],[0,3412,0,0],[0,887,0,0],[0,80,0,0],[0,251,0,0],[0,2093,0,0],[0,2872,0,0],[0,226,0,0],[0,2022,0,0],[0,4354,0,0]],"response":[[0,1,0,0],[0,1,0,0],[0,1,0,0],[0,1,0,0],[0,1,0,0],[0,1,0,0],[0,1,0,0],[0,1,0,0],[0,1,0,0],[0,1,0,0],[0,1,0,0],[0,1,0,0],[0,1,0,0],[0,1,0,0],[0,1,0,0],[0,1,0,0],[0,1,0,0],[0,1,0,0],[0,1,0,0],[0,1,0,0]],"framerate":[14.349775784753364,15.25165226232842,14.184397163120567,19.203413940256045,23.019271948608136,19.867549668874172,28.83156297420334,22.880215343203233,19.672131147540984,21.50537634408602,13.626040878122636,9.341199606686333,6.828057107386716,10.695187165775401,9.868421052631579,8.717762440973484,7.633587786259542,10.368663594470046,9.228497600590623,6.670709520921771]}
