{"practice":[0,0,0,0,0,0,0,0,0,0,0,0,0,0,0,0,0,0,0,0],"center_interval":[50,0,75,25,25,0,100,50,25,75,0,100,50,100,75,25,0,50,0,0],"image_pair":[4,3,2,2,4,4,1,3,4,2,4,1,4,1,2,1,4,3,1,1],"feature_space":[1,1,2,1,1,2,1,1,1,1,1,2,2,1,1,1,1,1,2,1],"left_img":[1,1,1,1,1,2,2,1,2,1,2,1,2,1,1,1,1,1,2,1],"img1Sample":[3,3,2,1,2,2,2,3,2,1,1,1,1,1,2,1,3,2,3,1],"img2Sample":[3,2,2,1,1,2,1,1,1,2,2,2,1,2,1,3,3,2,3,1],"key":[49,49,49,49,49,49,49,49,50,49,49,49,49,49,50,49,50,49,50,50],"correct":[true,true,false,true,true,false,true,true,true,false,false,false,false,false,true,true,false,true,true,false],"right_img":[2,2,2,2,2,1,1,2,1,2,1,2,1,2,2,2,2,2,1,2],"img_choice":[1,1,1,1,1,2,2,1,1,1,2,1,2,1,2,1,2,1,1,2],"center_sample":[2,2,1,1,3,3,3,3,3,3,3,3,2,1,2,2,2,1,1,3],"left_sample":[3,3,2,1,2,2,1,3,1,1,2,1,1,1,2,1,3,2,3,1],"right_sample":[3,2,2,1,1,2,2,1,2,2,1,2,1,2,1,3,3,2,3,1],"RT":[[0,0,0,158.60000014305115,0,0],[0,0,0,240.70000004768372,0,0],[0,0,0,68.20000004768372,0,0],[0,0,0,162.69999980926514,0,0],[0,0,0,122,0,0],[0,0,0,226.79999995231628,0,0],[0,0,0,57,0,0],[0,0,0,57.09999990463257,0,0],[0,0,0,142.79999995231628,0,0],[0,0,0,138.40000009536743,0,0],[0,0,0,72.39999985694885,0,0],[0,0,0,164.20000004768372,0,0],[0,0,0,5.700000047683716,0,0],[0,0,0,35.39999985694885,0,0],[0,0,0,42.90000009536743,0,0],[0,0,0,112.29999995231628,0,0],[0,0,0,244.90000009536743,0,0],[0,0,0,89,0,0],[0,0,0,79.5,0,0],[0,0,0,218.29999995231628,0,0]],"response":[[0,0,0,1,0,0],[0,0,0,1,0,0],[0,0,0,1,0,0],[0,0,0,1,0,0],[0,0,0,1,0,0],[0,0,0,1,0,0],[0,0,0,1,0,0],[0,0,0,1,0,0],[0,0,0,1,0,0],[0,0,0,1,0,0],[0,0,0,1,0,0],[0,0,0,1,0,0],[0,0,0,1,0,0],[0,0,0,1,0,0],[0,0,0,1,0,0],[0,0,0,1,0,0],[0,0,0,1,0,0],[0,0,0,1,0,0],[0,0,0,1,0,0],[0,0,0,1,0,0]],"framerate":[39.96775710543341,39.933226406431054,39.954139596951386,39.955679415070755,39.94810161223193,39.95113414933634,39.9527515273033,39.95275153061259,39.94854086326254,39.95395137678259,39.9527515273033,39.9476316780404,39.95050380060103,39.95513808989723,39.94253880516072,39.95492264876522,33.387888707037646,39.962793264072175,39.95728703602496,39.949815108922664]}
