{"practice":[0,0,0,0,0,0,0,0,0,0,0,0,0,0,0,0,0,0,0,0],"center_interval":[50,100,75,75,50,0,100,25,25,50,50,0,25,100,100,25,100,50,100,0],"image_pair":[3,1,4,4,1,2,1,4,4,1,1,3,3,2,4,3,3,4,1,3],"feature_space":[2,1,2,2,2,1,1,2,2,1,2,1,2,1,1,1,2,1,2,2],"left_img":[2,1,1,1,1,2,2,2,2,1,1,2,2,1,2,1,1,1,2,1],"img1Sample":[1,1,2,2,2,3,2,2,1,3,3,1,1,3,2,2,2,1,2,2],"img2Sample":[1,3,1,2,2,2,1,1,3,2,3,1,1,1,1,1,3,2,1,2],"key":[49,49,50,50,49,50,49,50,49,49,49,49,49,50,50,50,49,49,49,49],"correct":[false,false,true,true,true,true,true,true,false,true,true,false,false,true,false,false,false,true,true,true],"right_img":[1,2,2,2,2,1,1,1,1,2,2,1,1,2,1,2,2,2,1,2],"img_choice":[2,1,2,2,1,1,2,1,2,1,1,2,2,2,1,2,1,1,2,1],"center_sample":[2,1,2,1,3,2,3,3,1,3,2,3,1,2,2,2,2,3,2,3],"left_sample":[1,1,2,2,2,2,1,1,3,3,3,1,1,3,1,2,2,1,1,2],"right_sample":[1,3,1,2,2,3,2,2,1,2,3,1,1,1,2,1,3,2,2,2],"RT":[[0,0,0,151.09999990463257,0,0],[0,0,0,41.40000009536743,0,0],[0,0,0,110.20000004768372,0,0],[0,0,0,326.90000009536743,0,0],[0,0,0,304.90000009536743,0,0],[0,0,0,8,0,0],[0,0,0,115.69999980926514,0,0],[0,0,0,179.40000009536743,0,0],[0,0,0,79.09999990463257,0,0],[0,0,0,210.29999995231628,0,0],[0,0,0,10.400000095367432,0,0],[0,0,0,118.09999990463257,0,0],[0,0,0,33.09999990463257,0,0],[0,0,0,79.09999990463257,0,0],[0,0,0,217.59999990463257,0,0],[0,0,0,134.70000004768372,0,0],[0,0,0,66.70000004768372,0,0],[0,0,0,36.80000019073486,0,0],[0,0,0,457.89999985694885,0,0],[0,0,0,113.19999980926514,0,0]],"response":[[0,0,0,1,0,0],[0,0,0,1,0,0],[0,0,0,1,0,0],[0,0,0,1,0,0],[0,0,0,1,0,0],[0,0,0,1,0,0],[0,0,0,1,0,0],[0,0,0,1,0,0],[0,0,0,1,0,0],[0,0,0,1,0,0],[0,0,0,1,0,0],[0,0,0,1,0,0],[0,0,0,1,0,0],[0,0,0,1,0,0],[0,0,0,1,0,0],[0,0,0,1,0,0],[0,0,0,1,0,0],[0,0,0,1,0,0],[0,0,0,1,0,0],[0,0,0,1,0,0]],"framerate":[39.928264474640116,39.95513808989723,39.954922652018304,39.95014222128865,39.96674766716061,39.95191627640711,39.93719279212476,39.96270147608156,39.951782331668674,39.93662948112229,39.95050380060103,39.95628713820597,39.96074032596238,39.93471542108406,39.95245328000071,39.95395137678259,39.95552776305362,39.95653849997693,39.95120463555962,39.94673768504026]}
