{"practice":[0,0,0,0,0,0,0,0,0,0,0,0,0,0,0,0,0,0,0,0],"center_interval":[100,25,50,75,0,0,25,50,25,50,100,75,100,50,100,100,25,75,75,100],"image_pair":[2,2,4,2,3,2,4,4,2,4,1,4,1,1,4,2,1,2,3,3],"feature_space":[2,1,1,2,1,1,2,1,1,2,1,1,2,1,2,1,1,1,2,1],"left_img":[1,1,2,2,1,1,1,2,2,2,2,1,2,1,1,1,1,1,2,1],"img1Sample":[3,2,2,1,3,1,3,3,2,1,1,2,1,1,1,3,3,2,2,3],"img2Sample":[2,1,2,3,2,2,3,2,3,3,1,2,2,2,2,2,2,1,1,2],"key":[50,49,50,49,50,50,49,50,49,50,49,50,50,49,50,49,49,49,50,50],"correct":[true,true,true,true,false,false,true,true,false,true,true,true,false,true,true,false,true,false,false,true],"right_img":[2,2,1,1,2,2,2,1,1,1,1,2,1,2,2,2,2,2,1,2],"img_choice":[2,1,1,2,2,2,1,1,2,1,2,2,1,1,2,1,1,1,1,2],"center_sample":[1,1,2,1,1,3,1,3,2,3,2,3,1,3,3,1,3,2,1,1],"left_sample":[3,2,2,3,3,1,3,2,3,3,1,2,2,1,1,3,3,2,1,3],"right_sample":[2,1,2,1,2,2,3,3,2,1,1,2,1,2,2,2,2,1,2,2],"RT":[[0,0,0,57.5,0,0],[0,0,0,66.5,0,0],[0,0,0,1.5999999046325684,0,0],[0,0,0,99,0,0],[0,0,0,113.10000014305115,0,0],[0,0,0,84.5,0,0],[0,0,0,92.5,0,0],[0,0,0,42.90000009536743,0,0],[0,0,0,31.100000143051147,0,0],[0,0,0,18,0,0],[0,0,0,21.100000143051147,0,0],[0,0,0,35,0,0],[0,0,0,8.5,0,0],[0,0,0,122.79999995231628,0,0],[0,0,0,55.200000047683716,0,0],[0,0,0,163.89999985694885,0,0],[0,0,0,170.80000019073486,0,0],[0,0,0,81.79999995231628,0,0],[0,0,0,62.40000009536743,0,0],[0,0,0,86.89999985694885,0,0]],"response":[[0,0,0,1,0,0],[0,0,0,1,0,0],[0,0,0,1,0,0],[0,0,0,1,0,0],[0,0,0,1,0,0],[0,0,0,1,0,0],[0,0,0,1,0,0],[0,0,0,1,0,0],[0,0,0,1,0,0],[0,0,0,1,0,0],[0,0,0,1,0,0],[0,0,0,1,0,0],[0,0,0,1,0,0],[0,0,0,1,0,0],[0,0,0,1,0,0],[0,0,0,1,0,0],[0,0,0,1,0,0],[0,0,0,1,0,0],[0,0,0,1,0,0],[0,0,0,1,0,0]],"framerate":[39.93055555555556,39.96663654555796,39.95291263935544,39.953158364741256,39.957651720846506,39.94215274364555,39.955910718550136,39.94813750502685,39.959339621338366,39.944854889246905,39.95756718528996,39.94673768375667,39.96180641443381,39.95628713820597,39.93610223774434,39.955679415070755,39.95433789826405,39.943528116734726,39.968025580198734,39.93527730853298]}
