{"practice":[1,1,1,1,1],"center_interval":[100,50,0,100,50],"image_pair":[2,4,1,3,1],"feature_space":[2,1,2,1,1],"left_img":[1,2,1,1,2],"img1Sample":[1,2,3,3,3],"img2Sample":[3,3,1,2,2],"key":[49,49,49,50,49],"correct":[false,false,true,true,false],"right_img":[2,1,2,2,1],"img_choice":[1,2,1,2,2],"center_sample":[2,2,1,1,1],"left_sample":[1,3,3,3,2],"right_sample":[3,2,1,2,3],"RT":[[0,0,0,207.59999990463257,0,0],[0,0,0,12.200000047683716,0,0],[0,0,0,185.09999990463257,0,0],[0,0,0,103.39999985694885,0,0],[0,0,0,78.10000014305115,0,0]],"response":[[0,0,0,1,0,0],[0,0,0,1,0,0],[0,0,0,1,0,0],[0,0,0,1,0,0],[0,0,0,1,0,0]],"framerate":[39.937947650954094,39.9660465431805,39.938760568398074,39.94264645572012,39.94997568394703]}
