{"practice":[0,0,0,0,0,0,0,0,0,0,0,0,0,0,0,0,0,0,0,0],"center_interval":[75,0,0,50,0,100,0,25,50,0,100,100,50,25,75,0,75,25,100,50],"image_pair":[2,4,1,2,3,1,1,1,1,1,3,1,2,1,4,3,4,1,3,4],"feature_space":[1,2,2,2,2,2,1,2,2,1,1,1,2,1,2,2,1,1,1,2],"left_img":[1,1,1,1,1,2,2,2,1,1,1,1,1,2,2,1,2,2,2,2],"img1Sample":[2,2,1,3,2,2,2,1,3,2,2,1,2,3,2,1,3,1,1,1],"img2Sample":[3,3,1,3,3,1,2,2,1,1,1,2,2,3,2,3,2,1,2,3],"key":[49,49,50,50,49,49,49,50,49,49,50,50,50,50,50,50,50,50,50,49],"correct":[false,true,false,false,true,true,false,true,true,true,true,true,false,true,false,false,false,true,false,false],"right_img":[2,2,2,2,2,1,1,1,2,2,2,2,2,1,1,2,1,1,1,1],"img_choice":[1,1,2,2,1,2,2,1,1,1,2,2,2,1,1,2,1,1,1,2],"center_sample":[3,3,3,3,3,2,3,1,3,1,2,3,3,1,2,3,3,1,3,3],"left_sample":[2,2,1,3,2,1,2,2,3,2,2,1,2,3,2,1,2,1,2,3],"right_sample":[3,3,1,3,3,2,2,1,1,1,1,2,2,3,2,3,3,1,1,1],"RT":[[0,0,0,83.30000019073486,0,0],[0,0,0,1246.7000000476837,0,0],[0,0,0,368.5,0,0],[0,0,0,257.2999999523163,0,0],[0,0,0,174.29999995231628,0,0],[0,0,0,112.40000009536743,0,0],[0,0,0,453.2999999523163,0,0],[0,0,0,138.90000009536743,0,0],[0,0,0,732.8999998569489,0,0],[0,0,0,1701.9000000953674,0,0],[0,0,0,493.69999980926514,0,0],[0,0,0,2299.0999999046326,0,0],[0,0,0,96.59999990463257,0,0],[0,0,0,2039.4000000953674,0,0],[0,0,0,91.79999995231628,0,0],[0,0,0,1442.5999999046326,0,0],[0,0,0,422.2999999523163,0,0],[0,0,0,384,0,0],[0,0,0,246.5,0,0],[0,0,0,218.29999995231628,0,0]],"response":[[0,0,0,1,0,0],[0,0,0,1,0,0],[0,0,0,1,0,0],[0,0,0,1,0,0],[0,0,0,1,0,0],[0,0,0,1,0,0],[0,0,0,1,0,0],[0,0,0,1,0,0],[0,0,0,1,0,0],[0,0,0,1,0,0],[0,0,0,1,0,0],[0,0,0,1,0,0],[0,0,0,1,0,0],[0,0,0,1,0,0],[0,0,0,1,0,0],[0,0,0,1,0,0],[0,0,0,1,0,0],[0,0,0,1,0,0],[0,0,0,1,0,0],[0,0,0,1,0,0]],"framerate":[39.95453449588578,39.95264871310671,39.94087492470845,39.97270157089861,39.939587179056886,39.94810160897996,39.955741333848806,39.94718846142061,39.952731981211066,39.953831128050886,39.94552882433046,39.96160551552214,39.93115318416523,39.95139932982868,39.96279326078976,39.93704042993296,39.960349420139565,39.956297799282034,39.948917779139705,39.9392659078052]}
