{"practice":[1,1,1,1,1],"center_interval":[25,100,0,25,0],"image_pair":[2,4,4,4,4],"feature_space":[2,2,2,1,2],"left_img":[1,1,2,2,1],"img1Sample":[3,1,3,1,3],"img2Sample":[3,1,3,2,2],"key":[50,50,50,50,50],"correct":[false,true,true,true,false],"right_img":[2,2,1,1,2],"img_choice":[2,2,1,1,2],"center_sample":[3,3,1,1,1],"left_sample":[3,1,3,2,3],"right_sample":[3,1,3,1,2],"RT":[[0,0,0,178.19999980926514,0,0],[0,0,0,1170.8999996185303,0,0],[0,0,0,1178.1000003814697,0,0],[0,0,0,1232.5999994277954,0,0],[0,0,0,1667.1000003814697,0,0]],"response":[[0,0,0,1,0,0],[0,0,0,1,0,0],[0,0,0,1,0,0],[0,0,0,1,0,0],[0,0,0,1,0,0]],"framerate":[21.89417813899486,20.820790690332757,20.74844386572071,21.076644600173598,20.18588762279002]}
