{"practice":[0,0,0,0,0,0,0,0,0,0,0,0,0,0,0,0,0,0,0,0],"center_interval":[100,25,75,25,0,0,100,25,25,50,50,100,100,0,75,0,25,25,0,75],"image_pair":[4,2,3,2,3,3,4,4,3,4,3,3,3,2,2,3,4,4,2,3],"feature_space":[2,1,2,2,1,2,2,2,2,2,1,1,2,2,1,2,1,2,1,2],"left_img":[1,1,1,2,1,1,2,2,2,1,2,1,2,1,1,2,2,1,1,1],"img1Sample":[1,1,3,3,1,3,1,3,2,1,1,2,3,2,3,1,2,3,1,2],"img2Sample":[2,2,3,3,2,3,2,1,2,3,2,2,2,1,2,2,1,3,1,3],"key":[50,49,50,49,49,50,50,50,49,49,50,50,50,50,50,49,50,49,49,49],"correct":[true,true,true,false,true,false,false,true,false,true,true,true,false,false,true,false,true,true,true,false],"right_img":[2,2,2,1,2,2,1,1,1,2,1,2,1,2,2,1,1,2,2,2],"img_choice":[2,1,2,2,1,2,1,1,2,1,1,2,1,2,2,2,1,1,1,1],"center_sample":[3,1,1,2,2,2,1,2,1,3,2,3,3,3,2,2,3,1,3,3],"left_sample":[1,1,3,3,1,3,2,1,2,1,2,2,2,2,3,2,1,3,1,2],"right_sample":[2,2,3,3,2,3,1,3,2,3,1,2,3,1,2,1,2,3,1,3],"RT":[[0,0,0,1218.1000003814697,0,0],[0,0,0,1141.6000003814697,0,0],[0,0,0,978.6000003814697,0,0],[0,0,0,1207.5,0,0],[0,0,0,1200.1000003814697,0,0],[0,0,0,1256.9000005722046,0,0],[0,0,0,1852.5,0,0],[0,0,0,1027.1999998092651,0,0],[0,0,0,1106.4000005722046,0,0],[0,0,0,1122.4000005722046,0,0],[0,0,0,1076.6999998092651,0,0],[0,0,0,1077.9000005722046,0,0],[0,0,0,1151.4000005722046,0,0],[0,0,0,142.5999994277954,0,0],[0,0,0,145.30000019073486,0,0],[0,0,0,217.70000076293945,0,0],[0,0,0,156.30000019073486,0,0],[0,0,0,15.40000057220459,0,0],[0,0,0,257.79999923706055,0,0],[0,0,0,19.600000381469727,0,0]],"response":[[0,0,0,1,0,0],[0,0,0,1,0,0],[0,0,0,1,0,0],[0,0,0,1,0,0],[0,0,0,1,0,0],[0,0,0,1,0,0],[0,0,0,1,0,0],[0,0,0,1,0,0],[0,0,0,1,0,0],[0,0,0,1,0,0],[0,0,0,1,0,0],[0,0,0,1,0,0],[0,0,0,1,0,0],[0,0,0,1,0,0],[0,0,0,1,0,0],[0,0,0,1,0,0],[0,0,0,1,0,0],[0,0,0,1,0,0],[0,0,0,1,0,0],[0,0,0,1,0,0]],"framerate":[22.412137033156473,22.76406313562973,22.975756613118747,22.162458288702833,20.711166562694945,22.0848056547439,20.750438538502618,23.20004170909365,22.389578671010828,22.73071677198398,21.623848018424873,20.008721749527652,22.57166503541113,25.451257497928175,23.854320651239902,25.39996701302985,24.51556570664472,24.992079978011798,22.94170867119821,24.46374756248892]}
