{"practice":[0,0,0,0,0,0,0,0,0,0,0,0,0,0,0,0,0,0,0,0],"center_interval":[25,50,50,25,75,0,25,0,50,0,25,0,100,25,25,0,100,50,0,50],"image_pair":[1,4,3,4,4,3,4,3,2,1,3,2,4,2,4,1,1,3,1,1],"feature_space":[1,1,2,1,2,1,2,1,2,2,2,2,2,2,2,2,2,2,1,1],"left_img":[1,2,1,1,1,2,1,1,2,2,2,1,2,1,2,2,1,2,1,1],"img1Sample":[1,1,1,3,2,3,1,1,1,2,3,3,1,2,3,1,1,2,1,2],"img2Sample":[3,3,2,2,1,3,2,3,2,1,2,2,3,2,3,1,3,1,3,3],"key":[50,50,49,49,50,50,49,50,49,50,50,50,49,50,50,49,50,50,50,49],"correct":[false,true,true,true,true,true,true,false,false,true,true,false,true,false,true,false,true,true,false,true],"right_img":[2,1,2,2,2,1,2,2,1,1,1,2,1,2,1,1,2,1,2,2],"img_choice":[2,1,1,1,2,1,1,2,2,1,1,2,2,2,1,2,2,1,2,1],"center_sample":[3,1,2,2,3,1,2,3,1,1,3,2,1,3,2,2,2,2,3,2],"left_sample":[1,3,1,3,2,3,1,1,2,1,2,3,3,2,3,1,1,1,1,2],"right_sample":[3,1,2,2,1,3,2,3,1,2,3,2,1,2,3,1,3,2,3,3],"RT":[[0,0,0,619.6000003814697,0,0],[0,0,0,1289.8999996185303,0,0],[0,0,0,1195.1999998092651,0,0],[0,0,0,1340.9000005722046,0,0],[0,0,0,1556.5,0,0],[0,0,0,1130.6000003814697,0,0],[0,0,0,1161.6000003814697,0,0],[0,0,0,1171.7000007629395,0,0],[0,0,0,1252.1000003814697,0,0],[0,0,0,1509.7000007629395,0,0],[0,0,0,1200,0,0],[0,0,0,1051.1000003814697,0,0],[0,0,0,904.8999996185303,0,0],[0,0,0,1382,0,0],[0,0,0,1073.7000007629395,0,0],[0,0,0,1222.7000007629395,0,0],[0,0,0,1024.6999998092651,0,0],[0,0,0,1013.5999994277954,0,0],[0,0,0,1085.3000001907349,0,0],[0,0,0,1054.1000003814697,0,0]],"response":[[0,0,0,1,0,0],[0,0,0,1,0,0],[0,0,0,1,0,0],[0,0,0,1,0,0],[0,0,0,1,0,0],[0,0,0,1,0,0],[0,0,0,1,0,0],[0,0,0,1,0,0],[0,0,0,1,0,0],[0,0,0,1,0,0],[0,0,0,1,0,0],[0,0,0,1,0,0],[0,0,0,1,0,0],[0,0,0,1,0,0],[0,0,0,1,0,0],[0,0,0,1,0,0],[0,0,0,1,0,0],[0,0,0,1,0,0],[0,0,0,1,0,0],[0,0,0,1,0,0]],"framerate":[20.09026059106129,19.95133819951338,20.943698410742883,21.54295425811068,20.720139974237014,17.93563381252535,20.521547624026685,20.765574180635475,20.70393374741201,19.918011905366065,21.952253848925352,22.08824904712541,21.72397146715404,21.746403477442144,21.02749150126737,22.890539388773895,22.015592216167885,22.349272349272347,22.03151018316895,19.286155111170913]}
