{"practice":[0,0,0,0,0,0,0,0,0,0,0,0,0,0,0,0,0,0,0,0],"center_interval":[75,75,100,75,100,50,0,0,75,25,75,25,0,50,25,75,100,0,0,0],"image_pair":[1,4,3,3,2,4,1,4,2,4,1,3,2,1,1,4,4,3,2,1],"feature_space":[1,1,1,1,2,1,2,2,2,2,2,1,2,2,2,1,1,2,2,1],"left_img":[1,2,1,1,2,1,1,2,1,1,1,1,2,1,1,2,1,1,1,2],"img1Sample":[1,3,2,3,2,1,2,1,1,3,2,3,1,1,1,2,3,1,3,2],"img2Sample":[2,1,2,1,2,3,3,2,1,2,2,1,3,3,3,3,1,2,1,1],"key":[49,50,49,50,49,50,50,50,50,50,50,49,50,49,50,50,50,49,50,50],"correct":[false,false,false,true,true,false,false,true,true,false,true,true,true,true,false,false,true,true,false,true],"right_img":[2,1,2,2,1,2,2,1,2,2,2,2,1,2,2,1,2,2,2,1],"img_choice":[1,1,1,2,2,2,2,1,2,2,2,1,1,1,2,1,2,1,2,1],"center_sample":[3,1,3,1,3,1,1,3,3,1,2,2,3,3,1,2,2,3,2,3],"left_sample":[1,1,2,3,2,1,2,2,1,3,2,3,3,1,1,3,3,1,3,1],"right_sample":[2,3,2,1,2,3,3,1,1,2,2,1,1,3,3,2,1,2,1,2],"RT":[[0,0,0,1080.8000001907349,0,0],[0,0,0,1016.5999994277954,0,0],[0,0,0,925.6999998092651,0,0],[0,0,0,1080.3999996185303,0,0],[0,0,0,1608.6999998092651,0,0],[0,0,0,1104.7999992370605,0,0],[0,0,0,517.3999996185303,0,0],[0,0,0,105,0,0],[0,0,0,156.10000038146973,0,0],[0,0,0,239.39999961853027,0,0],[0,0,0,26.300000190734863,0,0],[0,0,0,142.29999923706055,0,0],[0,0,0,247.5999994277954,0,0],[0,0,0,116.30000019073486,0,0],[0,0,0,204.30000019073486,0,0],[0,0,0,80.19999980926514,0,0],[0,0,0,184.79999923706055,0,0],[0,0,0,39.69999980926514,0,0],[0,0,0,189.10000038146973,0,0],[0,0,0,1277.5,0,0]],"response":[[0,0,0,1,0,0],[0,0,0,1,0,0],[0,0,0,1,0,0],[0,0,0,1,0,0],[0,0,0,1,0,0],[0,0,0,1,0,0],[0,0,0,1,0,0],[0,0,0,1,0,0],[0,0,0,1,0,0],[0,0,0,1,0,0],[0,0,0,1,0,0],[0,0,0,1,0,0],[0,0,0,1,0,0],[0,0,0,1,0,0],[0,0,0,1,0,0],[0,0,0,1,0,0],[0,0,0,1,0,0],[0,0,0,1,0,0],[0,0,0,1,0,0],[0,0,0,1,0,0]],"framerate":[20.81887578172845,20.23451281419025,22.269922189428495,21.236311536204333,20.410477378387572,21.698618945666997,22.205551387846963,24.029384501333123,23.921026924189793,24.2607042100487,22.697450084877538,23.442277641143754,22.59741098373313,23.290064041590263,20.50113895216401,19.871179942154484,21.90362404861571,20.655370399061546,22.668933561464065,19.80633802632152]}
