{"practice":[1,1,1,1,1],"center_interval":[75,50,100,25,75],"image_pair":[4,1,2,2,4],"feature_space":[1,2,2,2,2],"left_img":[1,2,2,1,2],"img1Sample":[3,3,1,2,1],"img2Sample":[3,2,1,3,2],"key":[null,50,null,49,50],"correct":[null,true,null,true,false],"right_img":[2,1,1,2,1],"img_choice":[null,1,null,1,1],"center_sample":[3,1,2,3,3],"left_sample":[3,2,1,2,2],"right_sample":[3,3,1,3,1],"RT":[[0,0,0,0],[0,5043,0,0],[0,0,0,0],[0,1290,0,0],[0,1863,0,0]],"response":[[0,1,0,0],[0,1,0,0],[0,1,0,0],[0,1,0,0],[0,1,0,0]],"framerate":[4.32043204320432,3.607007901064926,3.3634271552487163,1.762891141472014,1.5802781289506955]}
