{"practice":[0,0,0,0,0,0,0,0,0,0,0,0,0,0,0,0,0,0,0,0],"center_interval":[75,100,25,75,75,25,50,100,50,0,75,25,25,100,100,0,100,0,0,0],"image_pair":[2,2,3,4,2,3,3,2,1,2,2,3,2,3,1,4,2,3,4,3],"feature_space":[1,2,2,1,1,2,2,1,1,2,1,1,1,1,2,1,2,2,1,2],"left_img":[1,2,2,1,2,2,2,2,2,1,1,2,1,2,2,2,2,2,1,1],"img1Sample":[2,3,2,2,3,1,1,3,2,1,2,1,1,1,1,3,1,3,2,3],"img2Sample":[1,1,1,2,3,2,1,3,2,2,2,3,2,3,2,3,1,1,3,1],"key":[50,49,49,49,49,49,49,50,50,49,50,50,50,49,49,49,50,49,49,49],"correct":[true,true,false,false,true,false,false,false,true,true,true,true,false,true,true,false,false,false,true,true],"right_img":[2,1,1,2,1,1,1,1,1,2,2,1,2,1,1,1,1,1,2,2],"img_choice":[2,2,2,1,2,2,2,1,1,1,2,1,2,2,2,2,1,2,1,1],"center_sample":[2,2,3,3,1,2,1,2,2,2,1,2,3,2,3,1,2,1,3,1],"left_sample":[2,1,1,2,3,2,1,3,2,1,2,3,1,3,2,3,1,1,2,3],"right_sample":[1,3,2,2,3,1,1,3,2,2,2,1,2,1,1,3,1,3,3,1],"RT":[[0,0,0,2095.699996948242,0,0],[0,0,0,1963.3000030517578,0,0],[0,0,0,2400.099998474121,0,0],[0,0,0,2698.8999977111816,0,0],[0,0,0,2028.400001525879,0,0],[0,0,0,1430.2999992370605,0,0],[0,0,0,1927.099998474121,0,0],[0,0,0,1206.3999977111816,0,0],[0,0,0,2782.2000007629395,0,0],[0,0,0,1036.1000022888184,0,0],[0,0,0,1100,0,0],[0,0,0,992.7000007629395,0,0],[0,0,0,1382.7999992370605,0,0],[0,0,0,1080.7000007629395,0,0],[0,0,0,973.5999984741211,0,0],[0,0,0,1150.099998474121,0,0],[0,0,0,1296.2000007629395,0,0],[0,0,0,68.39999771118164,0,0],[0,0,0,201.60000228881836,0,0],[0,0,0,1472.1000022888184,0,0]],"response":[[0,0,0,1,0,0],[0,0,0,1,0,0],[0,0,0,1,0,0],[0,0,0,1,0,0],[0,0,0,1,0,0],[0,0,0,1,0,0],[0,0,0,1,0,0],[0,0,0,1,0,0],[0,0,0,1,0,0],[0,0,0,1,0,0],[0,0,0,1,0,0],[0,0,0,1,0,0],[0,0,0,1,0,0],[0,0,0,1,0,0],[0,0,0,1,0,0],[0,0,0,1,0,0],[0,0,0,1,0,0],[0,0,0,1,0,0],[0,0,0,1,0,0],[0,0,0,1,0,0]],"framerate":[17.544209408726182,18.04979253112033,19.441770933589993,14.283389689325803,18.794663129960604,19.40415060564911,18.144608305622036,20.178366794032467,18.596001864673898,19.37984496124031,19.18368376842366,21.24311565696302,19.74779919105401,21.129270399643513,19.555508583240226,20.894169763396945,20.410642692260964,22.743972865410555,22.276898506786882,19.74173170524979]}
