{"practice":[0,0,0,0,0,0,0,0,0,0,0,0,0,0,0,0,0,0,0,0],"center_interval":[100,100,50,25,25,75,100,50,0,25,75,25,75,25,75,0,100,25,50,25],"image_pair":[3,1,4,3,3,3,1,2,1,3,1,3,1,1,2,3,4,2,4,1],"feature_space":[1,1,1,2,2,1,1,1,1,1,2,2,2,2,2,2,1,2,2,2],"left_img":[2,2,2,2,2,1,2,2,1,1,1,1,1,2,2,2,1,1,1,1],"img1Sample":[1,3,2,3,3,3,2,2,2,1,1,1,3,3,2,2,2,2,1,3],"img2Sample":[2,3,3,2,3,3,1,2,2,1,2,3,1,1,2,3,1,1,2,3],"key":[50,null,50,50,50,50,49,50,50,50,49,49,50,49,49,50,49,49,49,50],"correct":[false,null,true,true,true,true,true,true,false,false,false,true,true,false,true,true,false,true,true,false],"right_img":[1,1,1,1,1,2,1,1,2,2,2,2,2,1,1,1,2,2,2,2],"img_choice":[1,null,1,1,1,2,2,1,2,2,1,1,2,2,2,1,1,1,1,2],"center_sample":[1,2,1,3,2,1,2,3,3,3,2,2,2,2,2,1,2,1,2,1],"left_sample":[2,3,3,2,3,3,1,2,2,1,1,1,3,1,2,3,2,2,1,3],"right_sample":[1,3,2,3,3,3,2,2,2,1,2,3,1,3,2,2,1,1,2,3],"RT":[[0,0,0,1563.2000007629395,0,0],[0,0,0,0,0,0],[0,0,0,1147.7999992370605,0,0],[0,0,0,2514.6000022888184,0,0],[0,0,0,1103.900001525879,0,0],[0,0,0,1487,0,0],[0,0,0,1230.7999992370605,0,0],[0,0,0,1392.5,0,0],[0,0,0,1885.099998474121,0,0],[0,0,0,1727.7999992370605,0,0],[0,0,0,1396.400001525879,0,0],[0,0,0,1006.5,0,0],[0,0,0,1404,0,0],[0,0,0,1180.2000007629395,0,0],[0,0,0,1391.3000030517578,0,0],[0,0,0,1684.1999969482422,0,0],[0,0,0,1444,0,0],[0,0,0,1501.400001525879,0,0],[0,0,0,1236.8999977111816,0,0],[0,0,0,1087.1999969482422,0,0]],"response":[[0,0,0,1,0,0],[0,0,0,1,0,0],[0,0,0,1,0,0],[0,0,0,1,0,0],[0,0,0,1,0,0],[0,0,0,1,0,0],[0,0,0,1,0,0],[0,0,0,1,0,0],[0,0,0,1,0,0],[0,0,0,1,0,0],[0,0,0,1,0,0],[0,0,0,1,0,0],[0,0,0,1,0,0],[0,0,0,1,0,0],[0,0,0,1,0,0],[0,0,0,1,0,0],[0,0,0,1,0,0],[0,0,0,1,0,0],[0,0,0,1,0,0],[0,0,0,1,0,0]],"framerate":[20.300631818055138,17.434332823106306,20.290072882332534,19.16752795264493,19.20663782528631,19.669096378572252,20.454488754717985,17.926026775584297,20.18613743245064,18.24657052715464,19.87083954655696,19.377815024296666,18.03041445249974,20.969070632815196,21.017333384946664,19.403617544705536,19.21139564104143,18.352460165405294,20.25191405285256,18.786633932585275]}
