{"practice":[0,0,0,0,0,0,0,0,0,0,0,0,0,0,0,0,0,0,0,0],"center_interval":[0,75,25,100,75,0,25,100,0,75,0,50,100,100,100,25,50,25,25,75],"image_pair":[4,4,3,3,3,3,4,4,1,4,2,2,3,4,4,1,1,4,4,1],"feature_space":[2,2,2,1,1,2,1,1,1,2,1,2,1,2,1,1,1,2,1,2],"left_img":[1,2,1,2,1,1,1,2,2,2,2,2,2,1,1,1,2,2,2,2],"img1Sample":[2,2,3,3,2,3,2,3,3,2,2,1,1,1,3,3,2,2,3,3],"img2Sample":[2,3,3,3,1,2,2,2,3,1,2,3,1,2,1,1,3,3,2,2],"key":[50,49,49,49,49,49,49,null,50,49,49,49,50,49,49,49,49,50,49,49],"correct":[false,true,true,true,false,true,true,null,true,true,false,false,false,false,false,true,false,true,false,true],"right_img":[2,1,2,1,2,2,2,1,1,1,1,1,1,2,2,2,1,1,1,1],"img_choice":[2,2,1,2,1,1,1,null,1,2,2,2,1,1,1,1,2,1,2,2],"center_sample":[3,2,3,1,1,1,2,3,2,3,1,1,2,3,2,3,2,2,3,2],"left_sample":[2,3,3,3,2,3,2,2,3,1,2,3,1,1,3,3,3,3,2,2],"right_sample":[2,2,3,3,1,2,2,3,3,2,2,1,1,2,1,1,2,2,3,3],"RT":[[0,0,0,1939.3999977111816,0,0],[0,0,0,1125.7999992370605,0,0],[0,0,0,1078.099998474121,0,0],[0,0,0,2193.1000022888184,0,0],[0,0,0,1266.6000022888184,0,0],[0,0,0,1202.7999992370605,0,0],[0,0,0,1114.2999992370605,0,0],[0,0,0,0,0,0],[0,0,0,116.39999771118164,0,0],[0,0,0,181.9000015258789,0,0],[0,0,0,838.7999992370605,0,0],[0,0,0,146.6999969482422,0,0],[0,0,0,113.39999771118164,0,0],[0,0,0,165.5999984741211,0,0],[0,0,0,526.9000015258789,0,0],[0,0,0,616.2000007629395,0,0],[0,0,0,871.2000007629395,0,0],[0,0,0,1423.099998474121,0,0],[0,0,0,1086.7000007629395,0,0],[0,0,0,1201.900001525879,0,0]],"response":[[0,0,0,1,0,0],[0,0,0,1,0,0],[0,0,0,1,0,0],[0,0,0,1,0,0],[0,0,0,1,0,0],[0,0,0,1,0,0],[0,0,0,1,0,0],[0,0,0,1,0,0],[0,0,0,1,0,0],[0,0,0,1,0,0],[0,0,0,1,0,0],[0,0,0,1,0,0],[0,0,0,1,0,0],[0,0,0,1,0,0],[0,0,0,1,0,0],[0,0,0,1,0,0],[0,0,0,1,0,0],[0,0,0,1,0,0],[0,0,0,1,0,0],[0,0,0,1,0,0]],"framerate":[18.35985312117503,20.528156524826837,20.98206290320516,18.988606835898462,19.352784095368804,20.666301475084126,19.633841607164932,15.498315680430403,23.103319409379417,21.918900053080808,18.61279904817466,23.345513583220452,19.988077308622493,22.448912201187984,17.18671288911239,20.919286424533716,20.85251585111261,20.141225530693678,20.443626695390666,20.089783984221302]}
