{"practice":[0,0,0,0,0,0,0,0,0,0,0,0,0,0,0,0,0,0,0,0],"center_interval":[0,75,0,25,100,100,75,25,75,75,50,50,0,25,0,75,75,100,25,100],"image_pair":[2,4,3,4,2,2,4,2,2,2,1,3,2,1,2,3,4,4,2,4],"feature_space":[1,2,2,1,2,2,1,2,2,1,2,2,2,2,2,2,1,1,2,1],"left_img":[2,2,1,2,2,1,2,2,2,1,1,1,2,1,1,2,2,1,1,2],"img1Sample":[1,1,1,2,3,3,1,3,3,2,1,3,1,2,1,3,3,1,2,3],"img2Sample":[2,3,1,1,1,3,3,1,3,1,3,2,1,2,2,2,2,2,2,1],"key":[50,49,49,50,49,50,49,49,49,49,49,50,null,null,null,50,50,50,49,50],"correct":[true,true,true,true,true,true,true,false,true,false,true,false,null,null,null,false,false,true,true,false],"right_img":[1,1,2,1,1,2,1,1,1,2,2,2,1,2,2,1,1,2,2,1],"img_choice":[1,2,1,1,2,2,2,2,2,1,1,2,null,null,null,1,1,2,1,1],"center_sample":[3,3,3,1,2,2,1,1,2,1,1,2,2,2,3,2,3,3,1,2],"left_sample":[2,3,1,1,1,3,3,1,3,2,1,3,1,2,1,2,2,1,2,1],"right_sample":[1,1,1,2,3,3,1,3,3,1,3,2,1,2,2,3,3,2,2,3],"RT":[[0,0,0,1241,0,0],[0,0,0,1300.6000022888184,0,0],[0,0,0,1566.7999992370605,0,0],[0,0,0,1290.2000007629395,0,0],[0,0,0,1218.3000030517578,0,0],[0,0,0,1319.2000007629395,0,0],[0,0,0,1171.599998474121,0,0],[0,0,0,1206.099998474121,0,0],[0,0,0,1263.099998474121,0,0],[0,0,0,1065.2999992370605,0,0],[0,0,0,1132.1000022888184,0,0],[0,0,0,1641,0,0],[0,0,0,0,0,0],[0,0,0,0,0,0],[0,0,0,0,0,0],[0,0,0,1204.6000022888184,0,0],[0,0,0,1059.5,0,0],[0,0,0,1105.1000022888184,0,0],[0,0,0,3120.400001525879,0,0],[0,0,0,322.8000030517578,0,0]],"response":[[0,0,0,1,0,0],[0,0,0,1,0,0],[0,0,0,1,0,0],[0,0,0,1,0,0],[0,0,0,1,0,0],[0,0,0,1,0,0],[0,0,0,1,0,0],[0,0,0,1,0,0],[0,0,0,1,0,0],[0,0,0,1,0,0],[0,0,0,1,0,0],[0,0,0,1,0,0],[0,0,0,1,0,0],[0,0,0,1,0,0],[0,0,0,1,0,0],[0,0,0,1,0,0],[0,0,0,1,0,0],[0,0,0,1,0,0],[0,0,0,1,0,0],[0,0,0,1,0,0]],"framerate":[19.166031890649798,20.288933967841196,19.428442335931322,20.566672323809765,17.85625712672406,20.55573020070897,21.137393054856567,19.45865036796807,13.942225377452015,20.053991515618975,15.684290412345055,19.054371436968136,16.35657329311015,14.957127200051577,17.683689327953463,22.325304475446774,19.31496265773886,19.949359330330815,18.145771029578302,18.517336053212563]}
