{"practice":[1,1,1,1,1],"center_interval":[75,75,50,100,50],"image_pair":[1,1,2,3,2],"feature_space":[1,2,1,2,2],"left_img":[1,1,1,2,2],"img1Sample":[1,3,3,2,1],"img2Sample":[3,3,2,1,2],"key":[50,49,49,49,49],"correct":[true,false,true,true,false],"right_img":[2,2,2,1,1],"img_choice":[2,1,1,2,2],"center_sample":[3,2,2,2,3],"left_sample":[1,3,3,1,2],"right_sample":[3,3,2,2,1],"RT":[[0,0,0,1468,0,0],[0,0,0,2169,0,0],[0,0,0,1115.6999969482422,0,0],[0,0,0,1667.599998474121,0,0],[0,0,0,1572.2999992370605,0,0]],"response":[[0,0,0,1,0,0],[0,0,0,1,0,0],[0,0,0,1,0,0],[0,0,0,1,0,0],[0,0,0,1,0,0]],"framerate":[17.486593611564466,19.602352291248195,20.576667625790833,18.766582534430093,18.498218693275103]}
