{"practice":[0,0,0,0,0,0,0,0,0,0,0,0,0,0,0,0,0,0,0,0],"center_interval":[100,50,75,25,0,100,100,50,100,100,0,0,75,100,100,100,75,25,0,100],"image_pair":[1,3,2,4,1,1,2,4,4,4,3,2,2,2,4,3,2,4,2,3],"feature_space":[2,2,2,1,1,2,1,2,1,1,2,2,1,2,1,1,1,1,1,2],"left_img":[1,2,2,2,1,1,1,1,2,2,1,2,2,1,1,1,2,1,1,2],"img1Sample":[3,2,1,3,1,1,3,1,2,2,3,1,2,1,1,2,1,2,3,2],"img2Sample":[1,2,1,3,2,1,2,2,2,1,2,2,1,1,3,2,1,2,1,1],"stim_time":[250,250,250,250,250,250,250,250,250,250,250,250,250,250,250,250,250,250,250,250],"key":[49,50,49,49,49,50,49,49,49,49,49,49,49,49,50,49,49,50,49,50],"correct":[false,true,true,false,true,true,false,true,true,true,true,false,true,false,true,false,true,false,true,false],"right_img":[2,1,1,1,2,2,2,2,1,1,2,1,1,2,2,2,1,2,2,1],"img_choice":[1,1,2,2,1,2,1,1,2,2,1,2,2,1,2,1,2,2,1,1],"center_sample":[2,2,3,1,2,2,3,2,3,2,3,3,2,2,2,1,1,1,3,2],"left_sample":[3,2,1,3,1,1,3,1,2,1,3,2,1,1,1,2,1,2,3,1],"right_sample":[1,2,1,3,2,1,2,2,2,2,2,1,2,1,3,2,1,2,1,2],"exact_match":[0,0,0,0,0,0,0,0,0,0,1,0,0,0,0,0,0,0,1,0],"RT":[[0,0,0,180,0,0],[0,0,0,20,0,0],[0,0,0,37,0,0],[0,0,0,144,0,0],[0,0,0,214,0,0],[0,0,0,12,0,0],[0,0,0,95,0,0],[0,0,0,14,0,0],[0,0,0,141,0,0],[0,0,0,184,0,0],[0,0,0,185,0,0],[0,0,0,244,0,0],[0,0,0,187,0,0],[0,0,0,33,0,0],[0,0,0,114,0,0],[0,0,0,19,0,0],[0,0,0,102,0,0],[0,0,0,85,0,0],[0,0,0,27,0,0],[0,0,0,24,0,0]],"response":[[0,0,0,1,0,0],[0,0,0,1,0,0],[0,0,0,1,0,0],[0,0,0,1,0,0],[0,0,0,1,0,0],[0,0,0,1,0,0],[0,0,0,1,0,0],[0,0,0,1,0,0],[0,0,0,1,0,0],[0,0,0,1,0,0],[0,0,0,1,0,0],[0,0,0,1,0,0],[0,0,0,1,0,0],[0,0,0,1,0,0],[0,0,0,1,0,0],[0,0,0,1,0,0],[0,0,0,1,0,0],[0,0,0,1,0,0],[0,0,0,1,0,0],[0,0,0,1,0,0]],"framerate":[25.682182985553773,20.9471766848816,24.911032028469748,20.358306188925084,23.961661341853034,23.57207615593835,22.74641954507161,19.681349578256796,18.136850783182194,19.73164956590371,18.867924528301888,22.27342549923195,24.21875,22.727272727272727,22.727272727272727,23.875114784205692,23.72881355932203,22.827041264266903,22.977941176470587,17.24137931034483]}
