{"practice":[0,0,0,0,0,0,0,0,0,0,0,0,0,0,0,0,0,0,0,0],"center_interval":[100,100,0,0,0,75,75,100,0,25,100,25,50,100,100,50,50,25,100,0],"image_pair":[1,2,3,1,3,1,4,1,3,2,4,3,3,2,2,2,3,2,3,4],"feature_space":[2,2,2,1,1,2,2,2,1,2,1,2,1,1,2,2,2,2,1,2],"left_img":[1,1,2,1,1,1,1,1,2,1,1,2,1,1,1,2,1,2,2,1],"img1Sample":[3,2,2,1,3,2,2,2,2,2,1,3,1,2,3,3,1,2,1,1],"img2Sample":[1,3,1,2,3,2,1,1,3,3,3,2,1,1,2,2,1,2,2,2],"stim_time":[2000,2000,2000,2000,2000,2000,2000,2000,2000,2000,2000,2000,2000,2000,2000,2000,2000,2000,2000,2000],"key":[50,50,49,49,50,50,50,50,49,49,49,49,49,49,49,50,50,50,49,49],"correct":[true,true,false,true,false,true,true,true,false,true,false,false,true,false,false,true,false,true,true,true],"right_img":[2,2,1,2,2,2,2,2,1,2,2,1,2,2,2,1,2,1,1,2],"img_choice":[2,2,2,1,2,2,2,2,2,1,1,2,1,1,1,1,2,1,2,1],"center_sample":[2,2,1,3,2,1,3,3,2,1,2,1,2,1,1,3,2,1,1,3],"left_sample":[3,2,1,1,3,2,2,2,3,2,1,2,1,2,3,2,1,2,2,1],"right_sample":[1,3,2,2,3,2,1,1,2,3,3,3,1,1,2,3,1,2,1,2],"exact_match":[0,0,0,0,0,0,0,0,1,0,0,0,0,1,0,0,0,0,0,0],"RT":[[0,0,0,148,0,0],[0,0,0,371,0,0],[0,0,0,138,0,0],[0,0,0,144,0,0],[0,0,0,166,0,0],[0,0,0,61,0,0],[0,0,0,166,0,0],[0,0,0,175,0,0],[0,0,0,252,0,0],[0,0,0,42,0,0],[0,0,0,235,0,0],[0,0,0,119,0,0],[0,0,0,394,0,0],[0,0,0,90,0,0],[0,0,0,111,0,0],[0,0,0,30,0,0],[0,0,0,207,0,0],[0,0,0,124,0,0],[0,0,0,241,0,0],[0,0,0,125,0,0]],"response":[[0,0,0,1,0,0],[0,0,0,1,0,0],[0,0,0,1,0,0],[0,0,0,1,0,0],[0,0,0,1,0,0],[0,0,0,1,0,0],[0,0,0,1,0,0],[0,0,0,1,0,0],[0,0,0,1,0,0],[0,0,0,1,0,0],[0,0,0,1,0,0],[0,0,0,1,0,0],[0,0,0,1,0,0],[0,0,0,1,0,0],[0,0,0,1,0,0],[0,0,0,1,0,0],[0,0,0,1,0,0],[0,0,0,1,0,0],[0,0,0,1,0,0],[0,0,0,1,0,0]],"framerate":[23.279352226720647,21.376925495127317,21.541568495456076,23.720772619451033,21.46930560214693,20.013802622498275,20.178630499503807,22.61390089790489,23.3387358184765,23.45117255862793,20.833333333333332,23.68064952638701,22.9127432517263,22.146507666098806,21.05263157894737,22.416812609457093,21.53744201457919,22.47956403269755,20.08422416585682,16.57645466847091]}
