{"practice":[0,0,0,0,0,0,0,0,0,0,0,0,0,0,0,0,0,0,0,0],"center_interval":[25,75,0,50,50,75,100,100,25,0,75,75,100,25,25,50,100,25,75,100],"image_pair":[1,1,3,2,1,3,4,1,4,4,3,3,1,2,1,2,2,3,4,2],"feature_space":[2,2,1,1,1,2,1,2,2,2,1,1,2,2,1,2,1,1,2,2],"left_img":[1,1,2,2,1,1,1,1,2,2,1,2,1,1,2,1,2,2,2,1],"img1Sample":[1,3,3,3,1,3,3,3,1,2,2,2,3,3,3,1,1,1,2,1],"img2Sample":[3,3,2,1,1,2,2,2,1,3,1,3,3,2,1,1,2,2,1,2],"stim_time":[2000,2000,2000,2000,2000,2000,2000,2000,2000,2000,2000,2000,2000,2000,2000,2000,2000,2000,2000,2000],"key":[50,49,50,50,50,50,50,49,49,50,50,50,49,50,49,49,49,49,49,50],"correct":[false,false,true,true,false,true,true,false,false,true,true,false,false,false,false,true,true,false,true,true],"right_img":[2,2,1,1,2,2,2,2,1,1,2,1,2,2,1,2,1,1,1,2],"img_choice":[2,1,1,1,2,2,2,1,2,1,2,1,1,2,2,1,2,2,2,2],"center_sample":[2,3,1,1,1,2,2,2,1,1,3,2,3,2,3,1,1,2,2,1],"left_sample":[1,3,2,1,1,3,3,3,1,3,2,3,3,3,1,1,2,2,1,1],"right_sample":[3,3,3,3,1,2,2,2,1,2,1,2,3,2,3,1,1,1,2,2],"exact_match":[0,0,0,0,0,0,1,1,0,0,0,0,1,0,0,0,0,0,0,0],"RT":[[0,0,0,1270,0,0],[0,0,0,1148,0,0],[0,0,0,1448,0,0],[0,0,0,1920,0,0],[0,0,0,1842,0,0],[0,0,0,239,0,0],[0,0,0,123,0,0],[0,0,0,250,0,0],[0,0,0,1442,0,0],[0,0,0,1156,0,0],[0,0,0,1238,0,0],[0,0,0,1083,0,0],[0,0,0,140,0,0],[0,0,0,304,0,0],[0,0,0,263,0,0],[0,0,0,116,0,0],[0,0,0,188,0,0],[0,0,0,231,0,0],[0,0,0,116,0,0],[0,0,0,352,0,0]],"response":[[0,0,0,1,0,0],[0,0,0,1,0,0],[0,0,0,1,0,0],[0,0,0,1,0,0],[0,0,0,1,0,0],[0,0,0,1,0,0],[0,0,0,1,0,0],[0,0,0,1,0,0],[0,0,0,1,0,0],[0,0,0,1,0,0],[0,0,0,1,0,0],[0,0,0,1,0,0],[0,0,0,1,0,0],[0,0,0,1,0,0],[0,0,0,1,0,0],[0,0,0,1,0,0],[0,0,0,1,0,0],[0,0,0,1,0,0],[0,0,0,1,0,0],[0,0,0,1,0,0]],"framerate":[21.2091662603608,22.75025278058645,22.63182454503033,22.27358688800168,22.849752101746066,19.64636542239686,22.290809327846368,21.788617886178862,22.700401986285172,22.631186272071623,22.51039882554441,21.845283988691854,23.9298955173576,21.91427650660651,19.86970684039088,20.790729379686432,22.36842105263158,23.989484061781138,21.702271956595457,22.432859399684045]}
