{"practice":[0,0,0,0,0,0,0,0,0,0,0,0,0,0,0,0,0,0,0,0],"center_interval":[50,75,50,75,75,75,0,100,25,25,0,100,75,25,0,25,100,0,50,75],"image_pair":[2,3,3,2,3,2,3,4,1,4,1,4,3,1,4,2,2,1,2,4],"feature_space":[1,2,1,1,2,2,1,1,2,1,1,1,1,2,2,1,1,1,1,1],"left_img":[2,1,1,1,2,2,2,2,2,2,2,1,2,1,2,1,1,2,1,1],"img1Sample":[2,2,3,1,2,1,2,3,3,1,2,1,2,2,1,3,3,3,2,1],"img2Sample":[1,3,3,2,1,3,3,1,3,3,3,3,2,3,3,3,2,2,3,2],"key":[null,null,null,null,null,null,null,null,null,null,null,null,null,null,null,null,null,null,null,null],"correct":[null,null,null,null,null,null,null,null,null,null,null,null,null,null,null,null,null,null,null,null],"right_img":[1,2,2,2,1,1,1,1,1,1,1,2,1,2,1,2,2,1,2,2],"img_choice":[null,null,null,null,null,null,null,null,null,null,null,null,null,null,null,null,null,null,null,null],"center_sample":[2,2,2,3,2,3,3,3,2,2,3,2,3,3,2,2,1,1,3,1],"left_sample":[1,2,3,1,1,3,3,1,3,3,3,1,2,2,3,3,3,2,2,1],"right_sample":[2,3,3,2,2,1,2,3,3,1,2,3,2,3,1,3,2,3,3,2],"RT":[[0,0,0,0],[0,0,0,0],[0,0,0,0],[0,0,0,0],[0,0,0,0],[0,0,0,0],[0,0,0,0],[0,0,0,0],[0,0,0,0],[0,0,0,0],[0,0,0,0],[0,0,0,0],[0,0,0,0],[0,0,0,0],[0,0,0,0],[0,0,0,0],[0,0,0,0],[0,0,0,0],[0,0,0,0],[0,0,0,0]],"response":[[0,1,0,0],[0,1,0,0],[0,1,0,0],[0,1,0,0],[0,1,0,0],[0,1,0,0],[0,1,0,0],[0,1,0,0],[0,1,0,0],[0,1,0,0],[0,1,0,0],[0,1,0,0],[0,1,0,0],[0,1,0,0],[0,1,0,0],[0,1,0,0],[0,1,0,0],[0,1,0,0],[0,1,0,0],[0,1,0,0]],"framerate":[13.26963906581741,11.72291296625222,11.416339636104174,14.260249554367201,13.759828448892065,13.03735024665257,13.32859427759019,13.710826210826212,12.834224598930481,13.764747944225956,13.090394480806651,13.705945176219295,12.945557723000533,13.589834098129192,13.431232091690545,13.962530929657124,13.650062045736572,13.340448239060834,7.079324741332366,8.964668658815258]}
