{"practice":[0,0,0,0,0,0,0,0,0,0,0,0,0,0,0,0,0,0,0,0],"center_interval":[0,50,50,100,25,100,50,25,100,75,75,25,100,25,25,25,25,25,25,0],"image_pair":[4,3,2,3,1,1,1,1,4,2,4,1,2,1,3,2,1,3,4,4],"feature_space":[1,2,1,2,1,1,1,2,1,2,1,2,2,2,2,1,2,2,2,1],"left_img":[1,2,2,2,1,1,1,1,2,1,2,2,1,2,1,1,2,1,1,1],"img1Sample":[3,2,1,2,3,3,3,3,2,1,1,2,2,3,2,1,1,3,1,3],"img2Sample":[3,2,3,2,2,3,3,1,3,3,1,2,2,2,1,1,2,3,3,1],"key":[null,null,null,null,null,null,null,null,null,null,null,null,null,null,null,null,null,null,null,null],"correct":[null,null,null,null,null,null,null,null,null,null,null,null,null,null,null,null,null,null,null,null],"right_img":[2,1,1,1,2,2,2,2,1,2,1,1,2,1,2,2,1,2,2,2],"img_choice":[null,null,null,null,null,null,null,null,null,null,null,null,null,null,null,null,null,null,null,null],"center_sample":[1,3,3,1,2,2,2,3,1,3,1,3,3,1,1,2,2,1,3,1],"left_sample":[3,2,3,2,3,3,3,3,3,1,1,2,2,2,2,1,2,3,1,3],"right_sample":[3,2,1,2,2,3,3,1,2,3,1,2,2,3,1,1,1,3,3,1],"RT":[[0,0,0,0],[0,0,0,0],[0,0,0,0],[0,0,0,0],[0,0,0,0],[0,0,0,0],[0,0,0,0],[0,0,0,0],[0,0,0,0],[0,0,0,0],[0,0,0,0],[0,0,0,0],[0,0,0,0],[0,0,0,0],[0,0,0,0],[0,0,0,0],[0,0,0,0],[0,0,0,0],[0,0,0,0],[0,0,0,0]],"response":[[0,1,0,0],[0,1,0,0],[0,1,0,0],[0,1,0,0],[0,1,0,0],[0,1,0,0],[0,1,0,0],[0,1,0,0],[0,1,0,0],[0,1,0,0],[0,1,0,0],[0,1,0,0],[0,1,0,0],[0,1,0,0],[0,1,0,0],[0,1,0,0],[0,1,0,0],[0,1,0,0],[0,1,0,0],[0,1,0,0]],"framerate":[11.873117136275031,12.317029632274187,12.22537207654146,11.75632347702173,11.136644864769313,11.963406052076001,12.758310871518418,12.67605633802817,12.802275960170697,13.049696102967467,13.274336283185841,12.444444444444445,12.535310734463279,13.861738048693798,13.300230537329314,13.537271448663853,13.859275053304902,13.45132743362832,13.577852230647151,13.003206270039188]}
