{"practice":[0,0,0,0,0,0,0,0,0,0,0,0,0,0,0,0,0,0,0,0],"center_interval":[0,25,75,75,100,100,0,0,25,0,50,75,100,0,100,50,0,0,100,25],"image_pair":[2,4,4,2,3,2,2,4,2,1,4,1,1,2,4,1,1,1,3,3],"feature_space":[1,1,2,1,2,2,1,2,1,2,2,1,2,1,2,2,2,1,1,2],"left_img":[1,2,1,1,1,2,1,1,2,1,2,1,1,2,1,1,1,2,1,1],"img1Sample":[2,2,1,2,1,3,2,3,3,1,3,3,3,2,1,3,2,3,1,3],"img2Sample":[3,1,3,1,3,2,3,1,2,2,3,1,2,3,1,1,1,1,3,2],"key":[null,null,null,null,null,null,null,null,null,null,null,null,null,null,null,null,null,null,null,null],"correct":[null,null,null,null,null,null,null,null,null,null,null,null,null,null,null,null,null,null,null,null],"right_img":[2,1,2,2,2,1,2,2,1,2,1,2,2,1,2,2,2,1,2,2],"img_choice":[null,null,null,null,null,null,null,null,null,null,null,null,null,null,null,null,null,null,null,null],"center_sample":[3,2,2,3,2,3,1,2,1,3,3,3,3,1,2,1,1,2,2,2],"left_sample":[2,1,1,2,1,2,2,3,2,1,3,3,3,3,1,3,2,1,1,3],"right_sample":[3,2,3,1,3,3,3,1,3,2,3,1,2,2,1,1,1,3,3,2],"RT":[[0,0,0,0],[0,0,0,0],[0,0,0,0],[0,0,0,0],[0,0,0,0],[0,0,0,0],[0,0,0,0],[0,0,0,0],[0,0,0,0],[0,0,0,0],[0,0,0,0],[0,0,0,0],[0,0,0,0],[0,0,0,0],[0,0,0,0],[0,0,0,0],[0,0,0,0],[0,0,0,0],[0,0,0,0],[0,0,0,0]],"response":[[0,1,0,0],[0,1,0,0],[0,1,0,0],[0,1,0,0],[0,1,0,0],[0,1,0,0],[0,1,0,0],[0,1,0,0],[0,1,0,0],[0,1,0,0],[0,1,0,0],[0,1,0,0],[0,1,0,0],[0,1,0,0],[0,1,0,0],[0,1,0,0],[0,1,0,0],[0,1,0,0],[0,1,0,0],[0,1,0,0]],"framerate":[11.952891545087011,13.549652344446425,12.420156139105748,13.419216317767043,12.929507616011335,12.772751463544438,11.968560200071455,7.427055702917772,12.271029699448693,11.592652042090243,11.203983638627067,13.569005534725942,12.151536812008578,12.389380530973453,12.175470008952553,9.255962976148096,7.7642491618140115,8.04976216611782,8.605851979345955,12.266666666666667]}
