{"practice":[0,0,0,0,0,0,0,0,0,0,0,0,0,0,0,0,0,0,0,0],"center_interval":[25,50,25,0,75,0,0,0,100,0,25,100,0,75,50,0,50,0,50,75],"image_pair":[2,1,1,4,2,1,1,1,3,3,3,2,1,3,1,2,2,1,4,1],"feature_space":[2,2,2,1,2,1,2,1,2,1,1,1,2,1,2,2,2,1,1,2],"left_img":[2,2,2,1,2,1,2,2,1,2,2,2,2,2,1,2,1,1,2,1],"img1Sample":[2,2,3,3,1,1,3,2,2,2,2,1,2,2,3,1,1,2,3,3],"img2Sample":[1,3,1,3,1,1,2,3,1,3,1,2,2,2,3,2,2,1,2,2],"key":[50,50,50,49,49,49,49,49,50,50,49,50,49,50,49,50,50,49,49,50],"correct":[true,true,true,true,true,true,false,false,true,true,false,false,false,false,true,true,false,true,false,true],"right_img":[1,1,1,2,1,2,1,1,2,1,1,1,1,1,2,1,2,2,1,2],"img_choice":[1,1,1,1,2,1,2,2,2,1,2,1,2,1,1,1,2,1,2,2],"center_sample":[2,2,1,1,1,3,2,1,2,1,3,1,1,2,2,3,3,3,3,3],"left_sample":[1,3,1,3,1,1,2,3,2,3,1,2,2,2,3,2,1,2,2,3],"right_sample":[2,2,3,3,1,1,3,2,1,2,2,1,2,2,3,1,2,1,3,2],"RT":[[0,1465,0,0],[0,319,0,0],[0,4628,0,0],[0,2719,0,0],[0,1656,0,0],[0,901,0,0],[0,4603,0,0],[0,1677,0,0],[0,1045,0,0],[0,512,0,0],[0,765,0,0],[0,753,0,0],[0,471,0,0],[0,3740,0,0],[0,1593,0,0],[0,624,0,0],[0,747,0,0],[0,1457,0,0],[0,706,0,0],[0,561,0,0]],"response":[[0,1,0,0],[0,1,0,0],[0,1,0,0],[0,1,0,0],[0,1,0,0],[0,1,0,0],[0,1,0,0],[0,1,0,0],[0,1,0,0],[0,1,0,0],[0,1,0,0],[0,1,0,0],[0,1,0,0],[0,1,0,0],[0,1,0,0],[0,1,0,0],[0,1,0,0],[0,1,0,0],[0,1,0,0],[0,1,0,0]],"framerate":[31.026252983293553,30.91684434968017,27.62430939226519,30.50239234449761,28.90932982917214,30.04572175048988,26.643664941537285,28.934677772906618,27.157513578756788,29.333333333333332,29.112081513828237,30.545454545454543,31.078610603290674,28.775322283609576,31.55996393146979,31.12529928172386,31.295487627365357,30.567685589519648,32.01219512195122,31.959629941126995]}
