{"practice":[0,0,0,0,0,0,0,0,0,0,0,0,0,0,0,0,0,0,0,0],"center_interval":[100,75,75,75,75,100,0,0,100,100,100,75,50,0,25,0,25,0,0,100],"image_pair":[3,3,1,3,2,4,1,2,2,4,2,1,2,3,4,4,2,2,1,4],"feature_space":[2,2,1,1,1,1,2,1,1,2,1,1,2,1,2,2,2,1,2,2],"left_img":[1,2,2,1,2,2,2,1,2,1,2,2,2,1,1,1,1,2,1,1],"img1Sample":[1,2,2,2,2,2,2,3,2,1,2,2,2,2,2,1,3,1,3,3],"img2Sample":[1,3,3,2,1,2,1,2,1,1,1,1,3,3,1,1,2,2,1,3],"key":[49,49,50,49,49,49,49,50,49,50,49,50,49,49,49,50,49,49,50,49],"correct":[false,true,false,false,true,true,false,false,true,true,true,false,false,true,true,false,true,false,false,false],"right_img":[2,1,1,2,1,1,1,2,1,2,1,1,1,2,2,2,2,1,2,2],"img_choice":[1,2,1,1,2,2,2,2,2,2,2,1,2,1,1,2,1,2,2,1],"center_sample":[2,1,3,2,2,3,1,2,2,2,2,2,1,3,3,2,2,3,2,1],"left_sample":[1,3,3,2,1,2,1,3,1,1,1,1,3,2,2,1,3,2,3,3],"right_sample":[1,2,2,2,2,2,2,2,2,1,2,2,2,3,1,1,2,1,1,3],"RT":[[0,679,0,0],[0,1147,0,0],[0,1976,0,0],[0,1286,0,0],[0,1806,0,0],[0,2151,0,0],[0,315,0,0],[0,593,0,0],[0,1658,0,0],[0,761,0,0],[0,1937,0,0],[0,904,0,0],[0,1050,0,0],[0,2114,0,0],[0,1518,0,0],[0,876,0,0],[0,687,0,0],[0,1665,0,0],[0,227,0,0],[0,368,0,0]],"response":[[0,1,0,0],[0,1,0,0],[0,1,0,0],[0,1,0,0],[0,1,0,0],[0,1,0,0],[0,1,0,0],[0,1,0,0],[0,1,0,0],[0,1,0,0],[0,1,0,0],[0,1,0,0],[0,1,0,0],[0,1,0,0],[0,1,0,0],[0,1,0,0],[0,1,0,0],[0,1,0,0],[0,1,0,0],[0,1,0,0]],"framerate":[31.939163498098857,31.94523673702225,30.12746234067207,30.890052356020945,28.360049321824906,29.115744069015097,30.91684434968017,32.01970443349754,30.236634531113054,26.143790849673202,28.10304449648712,32.02614379084967,29.60725075528701,29.054799558661273,31.000469704086424,30.080213903743314,31.939163498098857,29.850746268656717,31.990521327014218,31.99174406604747]}
