{"practice":[0,0,0,0,0,0,0,0,0,0,0,0,0,0,0,0,0,0,0,0],"center_interval":[25,50,75,25,100,75,50,0,75,50,100,0,50,100,100,0,0,50,50,0],"image_pair":[3,1,3,2,4,2,1,3,3,4,2,2,3,3,1,1,4,2,1,4],"feature_space":[2,2,1,1,2,2,2,2,1,2,1,2,2,1,1,2,2,1,2,2],"left_img":[1,2,1,1,1,2,2,2,2,1,2,2,1,1,1,2,1,1,2,1],"img1Sample":[3,2,1,3,1,1,3,3,3,1,1,3,2,2,1,1,1,2,1,2],"img2Sample":[3,3,2,3,2,3,3,2,1,3,1,1,2,3,3,1,3,2,1,2],"key":[null,null,null,null,50,49,49,49,49,50,49,50,49,49,null,49,50,49,null,49],"correct":[null,null,null,null,true,true,false,false,true,false,true,true,true,false,null,false,false,true,null,true],"right_img":[2,1,2,2,2,1,1,1,1,2,1,1,2,2,2,1,2,2,1,2],"img_choice":[null,null,null,null,2,2,2,2,2,2,2,1,1,1,null,2,2,1,null,1],"center_sample":[3,2,3,2,1,2,2,1,1,3,3,2,3,2,1,3,3,1,3,3],"left_sample":[3,3,1,3,1,3,3,2,1,1,1,1,2,2,1,1,1,2,1,2],"right_sample":[3,2,2,3,2,1,3,3,3,3,1,3,2,3,3,1,3,2,1,2],"RT":[[0,0,0,0],[0,0,0,0],[0,0,0,0],[0,0,0,0],[0,629,0,0],[0,1070,0,0],[0,956,0,0],[0,1705,0,0],[0,3542,0,0],[0,774,0,0],[0,1769,0,0],[0,15,0,0],[0,612,0,0],[0,975,0,0],[0,0,0,0],[0,863,0,0],[0,454,0,0],[0,3406,0,0],[0,0,0,0],[0,2105,0,0]],"response":[[0,1,0,0],[0,1,0,0],[0,1,0,0],[0,1,0,0],[0,1,0,0],[0,1,0,0],[0,1,0,0],[0,1,0,0],[0,1,0,0],[0,1,0,0],[0,1,0,0],[0,1,0,0],[0,1,0,0],[0,1,0,0],[0,1,0,0],[0,1,0,0],[0,1,0,0],[0,1,0,0],[0,1,0,0],[0,1,0,0]],"framerate":[29.328119445431927,30.227596017069697,31.288888888888888,29.86135798080341,31.224979983987186,27.15466351829988,26.992287917737787,26.80501513186338,27.176527176527173,29.202279202279204,30.736842105263158,31.963470319634705,31.198686371100163,30.740276035131743,28.60696517412935,27.285129604365622,32.015065913371,30.490827962320278,28.098879601636135,29.801324503311257]}
