{"practice":[1,1,1,1,1],"center_interval":[100,25,100,25,75],"image_pair":[1,4,4,1,2],"feature_space":[2,2,2,2,1],"left_img":[1,1,1,1,1],"img1Sample":[3,1,1,1,3],"img2Sample":[3,2,1,3,3],"key":[49,50,49,49,49],"correct":[false,false,false,true,false],"right_img":[2,2,2,2,2],"img_choice":[1,2,1,1,1],"center_sample":[1,1,2,2,3],"left_sample":[3,1,1,1,3],"right_sample":[3,2,1,3,3],"RT":[[0,2411,0,0],[0,1281,0,0],[0,1403,0,0],[0,772,0,0],[0,890,0,0]],"response":[[0,1,0,0],[0,1,0,0],[0,1,0,0],[0,1,0,0],[0,1,0,0]],"framerate":[30.68294292312768,30.446194225721783,28.55736090595766,31.907179115300945,31.375166889185582]}
