{"practice":[0,0,0,0,0,0,0,0,0,0,0,0,0,0,0,0,0,0,0,0],"center_interval":[0,0,100,100,25,75,50,75,100,0,0,75,50,75,75,50,50,25,0,100],"image_pair":[2,4,1,2,1,3,4,4,2,4,3,1,1,3,3,1,4,1,3,4],"feature_space":[1,1,2,1,2,2,2,1,2,2,1,1,1,1,2,2,1,2,1,1],"left_img":[1,2,2,1,2,1,1,1,2,2,1,2,2,2,2,1,2,2,1,1],"img1Sample":[3,2,2,1,2,1,3,1,1,1,1,3,3,3,2,2,1,3,3,3],"img2Sample":[3,1,1,3,2,1,2,1,2,2,2,1,2,2,3,3,3,1,1,2],"key":[49,49,49,49,50,49,50,49,49,50,50,49,49,50,50,49,49,49,50,50],"correct":[true,false,true,false,true,false,false,false,true,true,false,true,false,false,false,true,false,false,false,true],"right_img":[2,1,1,2,1,2,2,2,1,1,2,1,1,1,1,2,1,1,2,2],"img_choice":[1,2,2,1,1,1,2,1,2,1,2,2,2,1,1,1,2,2,2,2],"center_sample":[1,1,3,2,2,1,2,1,1,2,3,3,1,2,1,1,1,3,2,3],"left_sample":[3,1,1,1,2,1,3,1,2,2,1,1,2,2,3,2,3,1,3,3],"right_sample":[3,2,2,3,2,1,2,1,1,1,2,3,3,3,2,3,1,3,1,2],"RT":[[0,1309.8999999761581,0,0],[0,1676.5,0,0],[0,1410.7000000476837,0,0],[0,1590.6000000238419,0,0],[0,1478.6999999284744,0,0],[0,1657.6999999284744,0,0],[0,1411.5,0,0],[0,1376,0,0],[0,1590.2999999523163,0,0],[0,1196.5,0,0],[0,1507.2000000476837,0,0],[0,1408.8999999761581,0,0],[0,1424.3999999761581,0,0],[0,1425.9000000953674,0,0],[0,1617.1000000238419,0,0],[0,2087,0,0],[0,1640.1999999284744,0,0],[0,1642,0,0],[0,1266.2999999523163,0,0],[0,1324.1000000238419,0,0]],"response":[[0,1,0,0],[0,1,0,0],[0,1,0,0],[0,1,0,0],[0,1,0,0],[0,1,0,0],[0,1,0,0],[0,1,0,0],[0,1,0,0],[0,1,0,0],[0,1,0,0],[0,1,0,0],[0,1,0,0],[0,1,0,0],[0,1,0,0],[0,1,0,0],[0,1,0,0],[0,1,0,0],[0,1,0,0],[0,1,0,0]],"framerate":[29.988108163634266,30.027416336966755,29.99016715830875,29.99590964770919,30.001428639799656,30.018099148647583,30.010823575363816,29.98500749625187,30.010913058643585,29.990003331825495,30.013130745036378,30.003443017699407,30.004918839153955,29.99606609109985,29.997761361092454,30.002222386048622,30.027377903066363,29.978397919776697,30.004286327001374,30.00206910747434]}
