{"practice":[0,0,0,0,0,0,0,0,0,0,0,0,0,0,0,0,0,0,0,0],"center_interval":[0,75,100,75,25,50,50,75,75,0,50,50,50,50,25,50,100,0,25,25],"image_pair":[2,3,4,1,3,4,1,2,3,4,3,1,3,3,4,2,2,2,2,3],"feature_space":[1,1,2,2,2,2,1,2,1,2,1,2,1,1,1,1,1,1,2,1],"left_img":[2,2,2,1,2,1,2,1,1,2,1,1,2,2,2,2,2,1,1,2],"img1Sample":[1,1,3,1,2,1,3,2,3,3,3,1,1,1,2,1,1,3,3,3],"img2Sample":[3,1,1,1,3,2,1,3,2,3,3,2,1,2,3,3,1,2,3,3],"key":[49,49,49,50,50,49,49,50,49,50,49,50,49,50,50,50,49,49,49,50],"correct":[false,true,true,true,true,true,false,true,false,true,true,false,false,true,true,true,true,true,true,true],"right_img":[1,1,1,2,1,2,1,2,2,1,2,2,1,1,1,1,1,2,2,1],"img_choice":[2,2,2,2,1,1,2,2,1,1,1,2,2,1,1,1,2,1,1,1],"center_sample":[2,1,3,3,2,2,2,3,2,1,2,1,3,1,1,1,3,2,2,1],"left_sample":[3,1,1,1,3,1,1,2,3,3,3,1,1,2,3,3,1,3,3,3],"right_sample":[1,1,3,1,2,2,3,3,2,3,3,2,1,1,2,1,1,2,3,3],"RT":[[0,1120.2999999523163,0,0],[0,1285.3000000715256,0,0],[0,1308.8999999761581,0,0],[0,1288.6000000238419,0,0],[0,1685.7000000476837,0,0],[0,1884.1000000238419,0,0],[0,1606.8999999761581,0,0],[0,1614.5,0,0],[0,1283.6000000238419,0,0],[0,1117.1000000238419,0,0],[0,1576.2000000476837,0,0],[0,1831.6000000238419,0,0],[0,1472.1999999284744,0,0],[0,944,0,0],[0,1304.5,0,0],[0,1242.5,0,0],[0,1246.5999999046326,0,0],[0,1274.6000000238419,0,0],[0,1676.5,0,0],[0,1087,0,0]],"response":[[0,1,0,0],[0,1,0,0],[0,1,0,0],[0,1,0,0],[0,1,0,0],[0,1,0,0],[0,1,0,0],[0,1,0,0],[0,1,0,0],[0,1,0,0],[0,1,0,0],[0,1,0,0],[0,1,0,0],[0,1,0,0],[0,1,0,0],[0,1,0,0],[0,1,0,0],[0,1,0,0],[0,1,0,0],[0,1,0,0]],"framerate":[29.988465974625143,30.015797788309634,30.005173305742368,30.009476675338565,29.98956884624044,30.012004801920767,30.008509875294077,30.00044776851768,30.009476677222004,29.998846198635757,29.999999999999996,30.016447368421055,29.992858843132588,29.99361837906828,29.99586263926605,30.017152658278484,30.013935042036216,29.998421135353286,29.992175953788113,29.99823539749708]}
