{"practice":[0,0,0,0,0,0,0,0,0,0,0,0,0,0,0,0,0,0,0,0],"center_interval":[50,100,0,75,75,0,75,100,50,50,50,0,0,50,25,25,0,25,75,75],"image_pair":[2,4,2,3,4,4,1,2,2,3,2,4,3,4,2,3,4,4,2,1],"feature_space":[1,2,2,1,1,1,1,1,1,2,1,2,1,1,1,2,1,1,2,2],"left_img":[2,2,2,1,1,1,1,1,2,2,2,1,2,2,2,1,1,2,1,1],"img1Sample":[3,3,2,1,2,3,1,3,1,3,3,3,2,1,1,1,3,2,1,2],"img2Sample":[2,2,2,3,2,3,1,3,3,1,3,3,1,2,3,3,2,3,2,3],"key":[49,49,50,49,49,49,49,49,49,50,49,49,50,50,49,49,49,50,50,50],"correct":[false,true,true,false,false,true,false,false,false,true,false,true,true,true,false,true,true,true,true,true],"right_img":[1,1,1,2,2,2,2,2,1,1,1,2,1,1,1,2,2,1,2,2],"img_choice":[2,2,1,1,1,1,1,1,2,1,2,1,1,1,2,1,1,1,2,2],"center_sample":[1,3,1,2,2,2,3,1,3,2,3,1,3,3,2,1,2,1,2,1],"left_sample":[2,2,2,1,2,3,1,3,3,1,3,3,1,2,3,1,3,3,1,2],"right_sample":[3,3,2,3,2,3,1,3,1,3,3,3,2,1,1,3,2,2,2,3],"RT":[[0,1375.6000000238419,0,0],[0,1375.2000000476837,0,0],[0,1628.5,0,0],[0,1146.7000000476837,0,0],[0,1463.8000000715256,0,0],[0,1064.0999999046326,0,0],[0,1015.5999999046326,0,0],[0,1109.5,0,0],[0,1174.6000000238419,0,0],[0,1587.6000000238419,0,0],[0,1513.7000000476837,0,0],[0,905.8999999761581,0,0],[0,2170.600000023842,0,0],[0,1639.7000000476837,0,0],[0,1130.5,0,0],[0,1309.3000000715256,0,0],[0,1420.3999999761581,0,0],[0,1471.5,0,0],[0,1640.8000000715256,0,0],[0,1811.2000000476837,0,0]],"response":[[0,1,0,0],[0,1,0,0],[0,1,0,0],[0,1,0,0],[0,1,0,0],[0,1,0,0],[0,1,0,0],[0,1,0,0],[0,1,0,0],[0,1,0,0],[0,1,0,0],[0,1,0,0],[0,1,0,0],[0,1,0,0],[0,1,0,0],[0,1,0,0],[0,1,0,0],[0,1,0,0],[0,1,0,0],[0,1,0,0]],"framerate":[29.989503672999447,30.025521694155895,29.980311436305545,30.00452898591223,30.01839837354299,30.010203468750078,29.97858672376874,30.005770340450084,30.00500083267725,30.01227775129016,30.0060949867028,29.98696219035202,30.006429949530403,29.991619989163375,30.033498903035724,29.99586263926605,30.01377681593957,29.985721085197525,30.003529825775964,30.0127451389348]}
