{"practice":[0,0,0,0,0,0,0,0,0,0,0,0,0,0,0,0,0,0,0,0],"center_interval":[100,50,75,0,75,50,75,0,0,75,50,50,50,0,50,25,0,50,0,75],"image_pair":[4,2,1,2,2,1,4,4,2,3,1,1,4,4,2,1,2,1,2,2],"feature_space":[1,2,2,2,1,2,2,1,2,1,2,1,2,1,1,2,1,2,2,1],"left_img":[1,2,2,1,2,2,2,1,2,1,2,1,2,2,1,2,1,2,1,2],"img1Sample":[1,1,3,3,2,3,1,1,3,2,3,3,3,1,2,3,1,1,1,1],"img2Sample":[1,3,3,2,2,2,1,2,3,1,2,1,1,2,1,1,3,1,3,3],"key":[50,49,50,49,50,50,50,49,49,49,50,50,50,50,49,49,50,49,50,49],"correct":[true,false,false,true,false,true,false,true,false,false,true,false,true,true,true,false,false,false,false,true],"right_img":[2,1,1,2,1,1,1,2,1,2,1,2,1,1,2,1,2,1,2,1],"img_choice":[2,2,1,1,1,1,1,1,2,1,1,2,1,1,1,2,2,2,2,2],"center_sample":[2,2,3,1,2,2,1,2,1,1,3,3,1,2,2,2,3,1,2,2],"left_sample":[1,3,3,3,2,2,1,1,3,2,2,3,1,2,2,1,1,1,1,3],"right_sample":[1,1,3,2,2,3,1,2,3,1,3,1,3,1,1,3,3,1,3,1],"RT":[[0,1052.6000000238419,0,0],[0,1130.1000000238419,0,0],[0,706.1000000238419,0,0],[0,1628.1000000238419,0,0],[0,1375.4000000953674,0,0],[0,896.2999999523163,0,0],[0,975,0,0],[0,821.1999999284744,0,0],[0,1074.1999999284744,0,0],[0,975.8999999761581,0,0],[0,813.7999999523163,0,0],[0,1178,0,0],[0,1247.1999999284744,0,0],[0,1632,0,0],[0,1708.5,0,0],[0,1573.3000000715256,0,0],[0,1243,0,0],[0,1205.8999999761581,0,0],[0,1538.2999999523163,0,0],[0,878.2000000476837,0,0]],"response":[[0,1,0,0],[0,1,0,0],[0,1,0,0],[0,1,0,0],[0,1,0,0],[0,1,0,0],[0,1,0,0],[0,1,0,0],[0,1,0,0],[0,1,0,0],[0,1,0,0],[0,1,0,0],[0,1,0,0],[0,1,0,0],[0,1,0,0],[0,1,0,0],[0,1,0,0],[0,1,0,0],[0,1,0,0],[0,1,0,0]],"framerate":[29.974222170648382,30.00923360910294,29.994001199223817,30.01657631954778,30.001500073573094,29.996000534692364,30.011254220779996,29.99023573570577,30.0282618939684,29.992501874978178,30.023739700159446,29.999999999999996,29.99143102085752,29.997761361092454,30.021014709683275,29.985007495927082,30.02358996469411,29.98582488200314,29.99261720125962,30.020013342228154]}
