{"practice":[1,1,1,1,1],"center_interval":[0,75,100,25,100],"image_pair":[4,4,4,2,4],"feature_space":[1,2,1,1,1],"left_img":[2,1,2,1,2],"img1Sample":[3,3,2,3,1],"img2Sample":[1,2,3,1,3],"key":[50,50,49,49,49],"correct":[true,true,true,true,true],"right_img":[1,2,1,2,1],"img_choice":[1,2,2,1,2],"center_sample":[2,2,2,1,2],"left_sample":[1,3,3,3,3],"right_sample":[3,2,2,1,1],"RT":[[0,2054.7999999523163,0,0],[0,1627.6999999284744,0,0],[0,1956.7000000476837,0,0],[0,2091.7000000476837,0,0],[0,1777.2000000476837,0,0]],"response":[[0,1,0,0],[0,1,0,0],[0,1,0,0],[0,1,0,0],[0,1,0,0]],"framerate":[29.995125793131326,30.019266094868556,29.999610395506192,30.001111152529827,29.992501874233493]}
