{"practice":[0,0,0,0,0,0,0,0,0,0,0,0,0,0,0,0,0,0,0,0],"center_interval":[100,100,50,0,0,0,75,100,0,0,0,0,75,0,100,0,75,100,50,0],"image_pair":[3,3,4,2,4,4,2,3,1,1,2,2,2,2,2,2,3,1,2,3],"feature_space":[1,2,2,2,2,1,1,2,1,1,1,2,2,1,1,1,1,1,1,2],"left_img":[1,1,1,1,2,1,2,2,2,1,1,1,2,1,1,1,1,1,1,2],"img1Sample":[3,1,2,3,2,3,2,2,3,2,2,2,3,2,1,2,2,1,3,2],"img2Sample":[1,1,1,3,2,2,2,3,3,2,2,2,3,3,2,3,1,2,2,3],"key":[49,50,50,49,50,50,49,49,49,49,50,50,50,49,49,49,49,50,49,50],"correct":[false,true,false,true,true,false,true,true,false,true,false,false,false,true,false,true,false,true,true,true],"right_img":[2,2,2,2,1,2,1,1,1,2,2,2,1,2,2,2,2,2,2,1],"img_choice":[1,2,2,1,1,2,2,2,2,1,2,2,1,1,1,1,1,2,1,1],"center_sample":[3,3,3,1,1,1,2,1,1,1,1,3,3,1,3,3,1,1,2,1],"left_sample":[3,1,2,3,2,3,2,3,3,2,2,2,3,2,1,2,2,1,3,3],"right_sample":[1,1,1,3,2,2,2,2,3,2,2,2,3,3,2,3,1,2,2,2],"RT":[[0,1459.4000000953674,0,0],[0,1775.1000000238419,0,0],[0,1626.8999999761581,0,0],[0,1431.3999999761581,0,0],[0,1296.8999999761581,0,0],[0,1190.1999999284744,0,0],[0,1198.7000000476837,0,0],[0,1274.3000000715256,0,0],[0,1239.6000000238419,0,0],[0,1213.7000000476837,0,0],[0,1137.1999999284744,0,0],[0,1375.2999999523163,0,0],[0,1638.1000000238419,0,0],[0,1065.5,0,0],[0,1211.1000000238419,0,0],[0,1524.4000000953674,0,0],[0,1159.3999999761581,0,0],[0,938.8999999761581,0,0],[0,1241.3000000715256,0,0],[0,1749.2999999523163,0,0]],"response":[[0,1,0,0],[0,1,0,0],[0,1,0,0],[0,1,0,0],[0,1,0,0],[0,1,0,0],[0,1,0,0],[0,1,0,0],[0,1,0,0],[0,1,0,0],[0,1,0,0],[0,1,0,0],[0,1,0,0],[0,1,0,0],[0,1,0,0],[0,1,0,0],[0,1,0,0],[0,1,0,0],[0,1,0,0],[0,1,0,0]],"framerate":[30.003871467632283,30.02126506185745,29.996418337788697,29.99754118514876,29.99526390645176,30.016675931072818,30.00500083267725,30.003158227934865,29.985007495869088,30.013642564802183,29.9909461306842,30.004500674385795,30.01677407994864,30.015608114931634,29.98745979110181,30.004688232536335,29.987552335147768,30.016604931301128,30.01232649162096,30.016064936465565]}
