{"practice":[0,0,0,0,0,0,0,0,0,0,0,0,0,0,0,0,0,0,0,0],"center_interval":[75,0,25,75,25,100,100,25,100,25,75,25,25,50,25,25,50,75,0,25],"image_pair":[2,2,4,3,1,4,2,1,4,4,4,1,4,2,4,1,4,4,4,1],"feature_space":[1,2,1,1,2,1,2,2,2,1,2,2,1,1,1,1,2,2,2,1],"left_img":[1,1,2,2,1,2,1,2,2,2,2,2,2,1,2,2,1,1,2,2],"img1Sample":[3,3,2,1,3,3,3,3,1,2,2,3,1,3,1,1,1,1,2,1],"img2Sample":[1,1,1,2,3,2,3,1,1,1,3,2,2,3,2,1,2,3,3,2],"key":[50,49,49,49,49,49,49,50,49,50,49,49,50,50,49,50,50,null,50,49],"correct":[true,true,false,true,true,true,false,true,true,true,true,false,true,false,false,true,false,null,true,false],"right_img":[2,2,1,1,2,1,2,1,1,1,1,1,1,2,1,1,2,2,1,1],"img_choice":[2,1,2,2,1,2,1,1,2,1,2,2,1,2,2,1,2,null,1,2],"center_sample":[1,1,3,1,1,3,1,3,2,2,2,3,2,2,3,1,2,1,1,3],"left_sample":[3,3,1,2,3,2,3,1,1,1,3,2,2,3,2,1,1,1,3,2],"right_sample":[1,1,2,1,3,3,3,3,1,2,2,3,1,3,1,1,2,3,2,1],"RT":[[0,2031,0,0],[0,3822,0,0],[0,1822,0,0],[0,858,0,0],[0,522,0,0],[0,4215,0,0],[0,1080,0,0],[0,20,0,0],[0,3900,0,0],[0,16,0,0],[0,533,0,0],[0,912,0,0],[0,2594,0,0],[0,360,0,0],[0,2197,0,0],[0,312,0,0],[0,2757,0,0],[0,0,0,0],[0,733,0,0],[0,239,0,0]],"response":[[0,1,0,0],[0,1,0,0],[0,1,0,0],[0,1,0,0],[0,1,0,0],[0,1,0,0],[0,1,0,0],[0,1,0,0],[0,1,0,0],[0,1,0,0],[0,1,0,0],[0,1,0,0],[0,1,0,0],[0,1,0,0],[0,1,0,0],[0,1,0,0],[0,1,0,0],[0,1,0,0],[0,1,0,0],[0,1,0,0]],"framerate":[19.585687382297554,15.99099099099099,16.406890894175554,20.026702269692926,19.249278152069298,14.104372355430183,15.393724097098874,28.985507246376812,15.326521545979565,27.11323763955343,23.295944779982744,19.65923984272608,13.962147067949116,21.560574948665298,12.086740135087096,22.364217252396166,15.457788347205707,14.265335235378032,10.51051051051051,22.123893805309734]}
