{"practice":[1,1,1,1,1],"center_interval":[75,75,100,75,0],"image_pair":[1,1,3,3,4],"feature_space":[2,1,2,1,2],"left_img":[2,1,1,2,2],"img1Sample":[1,3,3,3,3],"img2Sample":[2,3,1,2,2],"key":[49,49,49,49,49],"correct":[true,false,false,true,false],"right_img":[1,2,2,1,1],"img_choice":[2,1,1,2,2],"center_sample":[3,2,3,3,1],"left_sample":[2,3,3,2,2],"right_sample":[1,3,1,3,3],"RT":[[0,1177,0,0],[0,1728,0,0],[0,1095,0,0],[0,998,0,0],[0,896,0,0]],"response":[[0,1,0,0],[0,1,0,0],[0,1,0,0],[0,1,0,0],[0,1,0,0]],"framerate":[29.801324503311257,29.424307036247335,17.804154302670625,16.74641148325359,18.024032042723633]}
