{"practice":[0,0,0,0,0,0,0,0,0,0,0,0,0,0,0,0,0,0,0,0],"center_interval":[25,100,25,0,50,0,75,50,100,100,0,75,25,25,100,25,50,50,100,0],"image_pair":[3,4,4,2,4,1,1,2,2,1,1,2,3,1,2,1,3,2,4,2],"feature_space":[1,2,2,2,1,2,1,1,1,1,1,2,1,1,1,1,1,1,2,1],"left_img":[1,2,1,2,2,2,1,2,1,2,2,1,2,2,2,2,1,1,1,1],"img1Sample":[1,2,1,1,2,1,1,2,3,1,2,1,1,1,2,2,2,2,1,1],"img2Sample":[1,2,1,1,3,3,3,2,2,3,2,3,1,1,2,1,1,1,3,3],"key":[49,49,50,49,49,49,49,49,50,49,null,50,null,49,49,null,49,49,null,50],"correct":[true,true,false,false,false,false,false,false,true,true,null,true,null,false,true,null,true,true,null,false],"right_img":[2,1,2,1,1,1,2,1,2,1,1,2,1,1,1,1,2,2,2,2],"img_choice":[1,2,2,2,2,2,1,2,2,2,null,2,null,2,2,null,1,1,null,2],"center_sample":[2,1,1,2,3,3,2,2,1,2,3,3,1,3,1,3,1,2,1,3],"left_sample":[1,2,1,1,3,3,1,2,3,3,2,1,1,1,2,1,2,2,1,1],"right_sample":[1,2,1,1,2,1,3,2,2,1,2,3,1,1,2,2,1,1,3,3],"RT":[[0,13,0,0],[0,1425,0,0],[0,200,0,0],[0,1359,0,0],[0,423,0,0],[0,2803,0,0],[0,34,0,0],[0,2121,0,0],[0,2032,0,0],[0,2459,0,0],[0,0,0,0],[0,554,0,0],[0,0,0,0],[0,2665,0,0],[0,976,0,0],[0,0,0,0],[0,3124,0,0],[0,2650,0,0],[0,0,0,0],[0,811,0,0]],"response":[[0,1,0,0],[0,1,0,0],[0,1,0,0],[0,1,0,0],[0,1,0,0],[0,1,0,0],[0,1,0,0],[0,1,0,0],[0,1,0,0],[0,1,0,0],[0,1,0,0],[0,1,0,0],[0,1,0,0],[0,1,0,0],[0,1,0,0],[0,1,0,0],[0,1,0,0],[0,1,0,0],[0,1,0,0],[0,1,0,0]],"framerate":[28.75399361022364,18.172888015717092,24.453024453024454,13.945119208277104,21.235521235521233,13.38766006984866,27.607361963190186,13.113525665043088,16.96165191740413,17.27386934673367,12.93335728399497,19.72062448644207,12.922641175429279,12.808783165599268,19.362898188632105,15.480427046263344,14.901543374135178,13.222632226322263,11.211959423384943,18.828451882845187]}
