{"practice":[0,0,0,0,0,0,0,0,0,0,0,0,0,0,0,0,0,0,0,0],"center_interval":[0,0,100,100,100,75,50,75,100,0,50,75,75,25,75,50,100,100,75,100],"image_pair":[3,3,1,3,3,2,3,2,2,2,1,2,1,2,1,1,3,2,4,4],"feature_space":[2,2,1,1,1,1,2,1,1,1,1,2,1,1,1,2,2,1,1,2],"left_img":[2,1,2,2,2,1,1,2,1,1,1,1,1,1,2,2,1,2,1,2],"img1Sample":[3,3,3,3,1,1,1,1,3,2,2,3,1,3,2,2,1,3,2,2],"img2Sample":[3,2,2,2,1,2,3,1,3,1,3,2,1,3,2,3,3,1,3,1],"stim_time":[250,250,250,250,250,250,250,250,250,250,250,250,250,250,250,250,250,250,250,250],"key":[null,null,50,49,49,49,null,49,50,50,null,49,null,49,50,null,49,50,null,50],"correct":[null,null,false,true,true,false,null,true,true,false,null,false,null,true,false,null,false,false,null,false],"right_img":[1,2,1,1,1,2,2,1,2,2,2,2,2,2,1,1,2,1,2,1],"img_choice":[null,null,1,2,2,1,null,2,2,2,null,1,null,1,1,null,1,1,null,1],"center_sample":[1,1,1,3,3,2,3,3,1,1,1,3,3,2,3,3,1,1,3,2],"left_sample":[3,3,2,2,1,1,1,1,3,2,2,3,1,3,2,3,1,1,2,1],"right_sample":[3,2,3,3,1,2,3,1,3,1,3,2,1,3,2,2,3,3,3,2],"exact_match":[0,0,0,0,0,0,0,0,0,0,0,0,0,0,0,0,0,1,0,0],"RT":[[0,0,0,0,0,0],[0,0,0,0,0,0],[0,0,0,3917.7999999523163,0,0],[0,0,0,3745,0,0],[0,0,0,4037.600000143051,0,0],[0,0,0,3935.9000000953674,0,0],[0,0,0,0,0,0],[0,0,0,4062.5999999046326,0,0],[0,0,0,4000.899999856949,0,0],[0,0,0,4072.7999999523163,0,0],[0,0,0,0,0,0],[0,0,0,3829,0,0],[0,0,0,0,0,0],[0,0,0,4071.199999809265,0,0],[0,0,0,3871.7000000476837,0,0],[0,0,0,0,0,0],[0,0,0,3951.9000000953674,0,0],[0,0,0,4182.800000190735,0,0],[0,0,0,0,0,0],[0,0,0,3828.2000000476837,0,0]],"response":[[0,0,0,1,0,0],[0,0,0,1,0,0],[0,0,0,1,0,0],[0,0,0,1,0,0],[0,0,0,1,0,0],[0,0,0,1,0,0],[0,0,0,1,0,0],[0,0,0,1,0,0],[0,0,0,1,0,0],[0,0,0,1,0,0],[0,0,0,1,0,0],[0,0,0,1,0,0],[0,0,0,1,0,0],[0,0,0,1,0,0],[0,0,0,1,0,0],[0,0,0,1,0,0],[0,0,0,1,0,0],[0,0,0,1,0,0],[0,0,0,1,0,0],[0,0,0,1,0,0]],"framerate":[21.195143190610167,20.930500848592047,21.996040712252256,22.10636079249218,22.28782576456789,21.92457944649497,22.061971089112582,21.40077821011673,22.130888397299888,21.226874391431355,21.385096232933048,22.21542851319678,21.42598147443001,22.073761525032708,21.93776919093752,21.589373413927532,21.748239190312244,21.761954758041426,21.55101503669517,21.664486591699607]}
