{"practice":[0,0,0,0,0,0,0,0,0,0,0,0,0,0,0,0,0,0,0,0],"center_interval":[100,50,25,50,75,0,25,75,50,75,75,25,75,25,75,75,50,75,25,50],"image_pair":[3,4,4,2,2,4,1,2,2,4,3,4,3,2,1,3,4,2,3,3],"feature_space":[1,2,2,2,2,1,2,1,1,2,2,1,2,1,1,1,1,1,1,1],"left_img":[2,1,2,1,1,1,2,1,2,2,1,2,1,1,2,1,1,1,2,1],"img1Sample":[1,1,2,1,2,2,3,3,2,2,3,1,3,2,2,1,1,3,1,3],"img2Sample":[3,3,1,3,2,2,2,3,2,1,2,1,3,2,2,2,2,1,3,2],"stim_time":[250,250,250,250,250,250,250,250,250,250,250,250,250,250,250,250,250,250,250,250],"key":[49,null,49,49,null,49,null,49,50,49,49,49,49,50,49,50,49,49,49,50],"correct":[true,null,false,true,null,true,null,false,true,true,false,false,false,false,true,true,true,false,false,false],"right_img":[1,2,1,2,2,2,1,2,1,1,2,1,2,2,1,2,2,2,1,2],"img_choice":[2,null,2,1,null,1,null,1,1,2,1,2,1,2,2,2,1,1,2,2],"center_sample":[2,2,1,2,2,1,3,2,3,1,1,1,2,3,3,3,2,2,2,3],"left_sample":[3,1,1,1,2,2,2,3,2,1,3,1,3,2,2,1,1,3,3,3],"right_sample":[1,3,2,3,2,2,3,3,2,2,2,1,3,2,2,2,2,1,1,2],"exact_match":[0,0,0,0,0,0,0,0,0,0,0,0,0,0,0,0,0,0,0,0],"RT":[[0,0,0,233.5,0,0],[0,0,0,0,0,0],[0,0,0,4928.400000095367,0,0],[0,0,0,2434.0999999046326,0,0],[0,0,0,0,0,0],[0,0,0,3952.4000000953674,0,0],[0,0,0,0,0,0],[0,0,0,4159.099999904633,0,0],[0,0,0,1296.5,0,0],[0,0,0,4029,0,0],[0,0,0,682.5999999046326,0,0],[0,0,0,3936.2999999523163,0,0],[0,0,0,4045.2999999523163,0,0],[0,0,0,4091.600000143051,0,0],[0,0,0,2791.4000000953674,0,0],[0,0,0,3773.5,0,0],[0,0,0,4022.9000000953674,0,0],[0,0,0,4142.200000047684,0,0],[0,0,0,4083.9000000953674,0,0],[0,0,0,3116.4000000953674,0,0]],"response":[[0,0,0,1,0,0],[0,0,0,1,0,0],[0,0,0,1,0,0],[0,0,0,1,0,0],[0,0,0,1,0,0],[0,0,0,1,0,0],[0,0,0,1,0,0],[0,0,0,1,0,0],[0,0,0,1,0,0],[0,0,0,1,0,0],[0,0,0,1,0,0],[0,0,0,1,0,0],[0,0,0,1,0,0],[0,0,0,1,0,0],[0,0,0,1,0,0],[0,0,0,1,0,0],[0,0,0,1,0,0],[0,0,0,1,0,0],[0,0,0,1,0,0],[0,0,0,1,0,0]],"framerate":[28.180039138943247,21.75812220794872,21.940843466668753,23.240654139701327,22.050353792989963,22.14375486243823,21.774632553418222,21.94079833631301,24.37794216738808,22.528258271578306,26.40491360784269,21.831437269876822,21.740407779337474,21.945582723600804,22.59446825087651,22.048217597362456,21.791624948261756,21.73829402465535,22.040058774099617,22.6346763233571]}
