{"practice":[0,0,0,0,0,0,0,0,0,0,0,0,0,0,0,0,0,0,0,0],"center_interval":[100,75,25,75,25,100,25,0,75,25,50,25,0,0,0,100,25,50,100,50],"image_pair":[3,4,1,2,2,1,3,3,4,2,3,2,2,4,2,3,4,4,1,3],"feature_space":[1,2,2,2,2,1,2,1,1,2,2,2,1,2,1,2,1,2,1,2],"left_img":[2,1,2,2,2,1,2,1,1,1,2,1,1,1,2,1,2,2,1,1],"img1Sample":[3,2,3,3,2,1,3,3,3,1,2,3,3,3,2,1,3,3,1,2],"img2Sample":[3,3,1,1,1,3,1,2,2,3,3,2,3,3,1,1,2,1,2,2],"stim_time":[2000,2000,2000,2000,2000,2000,2000,2000,2000,2000,2000,2000,2000,2000,2000,2000,2000,2000,2000,2000],"key":[50,49,50,49,49,50,49,49,49,50,49,49,49,50,50,49,49,50,49,49],"correct":[false,false,true,true,false,true,false,true,false,false,false,true,true,false,true,false,false,true,false,true],"right_img":[1,2,1,1,1,2,1,2,2,2,1,2,2,2,1,2,1,1,2,2],"img_choice":[1,1,1,2,2,2,2,1,1,2,2,1,1,2,1,1,2,1,1,1],"center_sample":[1,2,1,2,1,2,2,1,3,3,1,2,3,2,1,2,1,1,1,3],"left_sample":[3,2,1,1,1,1,1,3,3,1,3,3,3,3,1,1,2,1,1,2],"right_sample":[3,3,3,3,2,3,3,2,2,3,2,2,3,3,2,1,3,3,2,2],"exact_match":[0,0,0,0,0,0,0,0,0,0,0,0,1,0,0,0,0,0,0,0],"RT":[[0,0,0,1066.5,0,0],[0,0,0,3857.800000190735,0,0],[0,0,0,3819.2999999523163,0,0],[0,0,0,3803.600000143051,0,0],[0,0,0,258.5,0,0],[0,0,0,8,0,0],[0,0,0,3710,0,0],[0,0,0,4030.300000190735,0,0],[0,0,0,2745.7999999523163,0,0],[0,0,0,4193.900000095367,0,0],[0,0,0,4271.400000095367,0,0],[0,0,0,3955.899999856949,0,0],[0,0,0,3768,0,0],[0,0,0,4116.600000143051,0,0],[0,0,0,7.8999998569488525,0,0],[0,0,0,20,0,0],[0,0,0,3848.4000000953674,0,0],[0,0,0,7.400000095367432,0,0],[0,0,0,1366.9000000953674,0,0],[0,0,0,4152.5,0,0]],"response":[[0,0,0,1,0,0],[0,0,0,1,0,0],[0,0,0,1,0,0],[0,0,0,1,0,0],[0,0,0,1,0,0],[0,0,0,1,0,0],[0,0,0,1,0,0],[0,0,0,1,0,0],[0,0,0,1,0,0],[0,0,0,1,0,0],[0,0,0,1,0,0],[0,0,0,1,0,0],[0,0,0,1,0,0],[0,0,0,1,0,0],[0,0,0,1,0,0],[0,0,0,1,0,0],[0,0,0,1,0,0],[0,0,0,1,0,0],[0,0,0,1,0,0],[0,0,0,1,0,0]],"framerate":[25.39242843983041,23.807028313723446,23.59766728775248,23.81634283509011,28.13530819437889,29.125523903254376,23.9870439412967,25.41258945523587,24.33572484365273,23.775626423690206,23.153377004587753,23.48423306993575,24.118316268486915,24.09256160227042,29.965451595471134,29.423233721226925,24.06051218780815,29.354553492484527,26.344150401149562,23.406424561430853]}
