{"practice":[0,0,0,0,0,0,0,0,0,0,0,0,0,0,0,0,0,0,0,0],"center_interval":[25,25,75,100,75,75,50,0,0,25,0,50,100,0,50,50,0,75,75,25],"image_pair":[4,2,4,2,4,1,1,1,2,2,2,2,1,1,2,4,1,2,1,4],"feature_space":[1,1,1,2,1,2,2,2,1,2,2,1,1,1,1,2,1,1,1,2],"left_img":[2,2,2,2,2,1,1,1,2,2,2,2,2,1,2,1,2,1,2,2],"img1Sample":[1,3,3,2,3,1,2,1,1,1,1,3,1,3,1,1,2,1,1,1],"img2Sample":[3,1,3,1,1,1,3,2,3,1,3,2,2,1,3,2,2,3,1,3],"stim_time":[250,250,250,250,250,250,250,250,250,250,250,250,250,250,250,250,250,250,250,250],"key":[50,50,49,49,49,49,null,null,null,50,50,49,49,50,49,50,49,49,49,49],"correct":[true,true,true,true,true,false,null,null,null,true,true,false,true,false,false,false,false,false,true,false],"right_img":[1,1,1,1,1,2,2,2,1,1,1,1,1,2,1,2,1,2,1,1],"img_choice":[1,1,2,2,2,1,null,null,null,1,1,2,2,2,2,2,2,1,2,2],"center_sample":[1,2,1,2,1,1,1,3,1,1,1,3,2,2,2,2,1,2,2,1],"left_sample":[3,1,3,1,1,1,2,1,3,1,3,2,2,3,3,1,2,1,1,3],"right_sample":[1,3,3,2,3,1,3,2,1,1,1,3,1,1,1,2,2,3,1,1],"exact_match":[0,0,0,0,0,0,0,0,1,0,1,0,1,0,0,0,0,0,0,0],"RT":[[0,0,0,1268.2000000476837,0,0],[0,0,0,4079.4000000953674,0,0],[0,0,0,4027.9000000953674,0,0],[0,0,0,4057.7999999523163,0,0],[0,0,0,4099.700000047684,0,0],[0,0,0,3488.7000000476837,0,0],[0,0,0,0,0,0],[0,0,0,0,0,0],[0,0,0,0,0,0],[0,0,0,126.59999990463257,0,0],[0,0,0,912.7999999523163,0,0],[0,0,0,2131.5,0,0],[0,0,0,2584.2000000476837,0,0],[0,0,0,217.29999995231628,0,0],[0,0,0,885,0,0],[0,0,0,1746.2000000476837,0,0],[0,0,0,324.09999990463257,0,0],[0,0,0,375.40000009536743,0,0],[0,0,0,1025.7000000476837,0,0],[0,0,0,147.29999995231628,0,0]],"response":[[0,0,0,1,0,0],[0,0,0,1,0,0],[0,0,0,1,0,0],[0,0,0,1,0,0],[0,0,0,1,0,0],[0,0,0,1,0,0],[0,0,0,1,0,0],[0,0,0,1,0,0],[0,0,0,1,0,0],[0,0,0,1,0,0],[0,0,0,1,0,0],[0,0,0,1,0,0],[0,0,0,1,0,0],[0,0,0,1,0,0],[0,0,0,1,0,0],[0,0,0,1,0,0],[0,0,0,1,0,0],[0,0,0,1,0,0],[0,0,0,1,0,0],[0,0,0,1,0,0]],"framerate":[29.91197333500286,21.88607619493855,21.98190418286125,22.36353382644624,21.904743443925405,25.3415601586602,24.915024914436835,25.24377567747548,17.179008572715386,16.837851490825805,15.143102315801201,13.950460366016939,13.046669021807958,17.214397496087635,15.14080952970925,16.581407655671192,15.767218517159494,17.036936079076703,15.698587126090242,16.917747523408284]}
