{"practice":[0,0,0,0,0,0,0,0,0,0,0,0,0,0,0,0,0,0,0,0],"center_interval":[75,0,100,50,0,75,50,100,100,0,100,50,100,0,100,25,0,50,50,100],"image_pair":[4,2,4,1,3,1,3,3,4,2,4,1,2,4,1,1,3,1,3,4],"feature_space":[1,1,1,2,1,1,1,2,2,2,1,2,1,2,1,2,1,2,1,2],"left_img":[1,2,2,2,2,1,2,2,2,2,2,1,1,2,1,2,2,2,2,2],"img1Sample":[1,2,1,3,1,3,1,2,3,3,3,3,2,2,1,1,3,3,3,1],"img2Sample":[2,1,2,2,3,2,2,2,3,2,1,2,3,3,2,1,2,2,1,1],"stim_time":[2000,2000,2000,2000,2000,2000,2000,2000,2000,2000,2000,2000,2000,2000,2000,2000,2000,2000,2000,2000],"key":[49,49,null,null,49,null,50,49,50,49,50,null,null,null,49,null,50,null,null,null],"correct":[false,false,null,null,false,null,true,true,false,false,false,null,null,null,false,null,true,null,null,null],"right_img":[2,1,1,1,1,2,1,1,1,1,1,2,2,1,2,1,1,1,1,1],"img_choice":[1,2,null,null,2,null,1,2,1,2,1,null,null,null,1,null,1,null,null,null],"center_sample":[3,3,3,2,2,3,3,2,2,2,3,3,3,1,3,2,2,3,3,3],"left_sample":[1,1,2,2,3,3,2,2,3,2,1,3,2,3,1,1,2,2,1,1],"right_sample":[2,2,1,3,1,2,1,2,3,3,3,2,3,2,2,1,3,3,3,1],"exact_match":[0,0,0,0,0,0,0,1,0,0,0,0,1,0,0,0,0,0,0,0],"RT":[[0,0,0,1057.2000000476837,0,0],[0,0,0,3525.9000000953674,0,0],[0,0,0,0,0,0],[0,0,0,0,0,0],[0,0,0,919.2999999523163,0,0],[0,0,0,0,0,0],[0,0,0,3782.199999809265,0,0],[0,0,0,2687.2999999523163,0,0],[0,0,0,3810.5999999046326,0,0],[0,0,0,4128.599999904633,0,0],[0,0,0,3953.2000000476837,0,0],[0,0,0,0,0,0],[0,0,0,0,0,0],[0,0,0,0,0,0],[0,0,0,3988.7000000476837,0,0],[0,0,0,0,0,0],[0,0,0,2705.899999856949,0,0],[0,0,0,0,0,0],[0,0,0,0,0,0],[0,0,0,0,0,0]],"response":[[0,0,0,1,0,0],[0,0,0,1,0,0],[0,0,0,1,0,0],[0,0,0,1,0,0],[0,0,0,1,0,0],[0,0,0,1,0,0],[0,0,0,1,0,0],[0,0,0,1,0,0],[0,0,0,1,0,0],[0,0,0,1,0,0],[0,0,0,1,0,0],[0,0,0,1,0,0],[0,0,0,1,0,0],[0,0,0,1,0,0],[0,0,0,1,0,0],[0,0,0,1,0,0],[0,0,0,1,0,0],[0,0,0,1,0,0],[0,0,0,1,0,0],[0,0,0,1,0,0]],"framerate":[27.297074577332708,23.868234699578654,23.3115161445767,22.681548496780525,26.975775218648298,23.64519427402863,23.815663729068095,24.91271457644968,23.657870791628756,20.825553672763924,23.64660154015157,23.269193888640288,23.38090431687772,23.434798754980225,24.03172777869929,23.22554299263578,24.481801860828643,23.541453428863868,22.94518791966696,23.107366270905146]}
