{"practice":[0,0,0,0,0,0,0,0,0,0,0,0,0,0,0,0,0,0,0,0],"center_interval":[25,25,100,50,0,50,100,100,75,75,25,25,100,25,25,100,50,50,0,50],"image_pair":[1,3,1,3,1,2,3,4,4,2,4,3,4,2,2,4,2,2,1,1],"feature_space":[1,1,2,2,1,1,1,1,1,2,2,1,2,1,2,1,1,1,2,1],"left_img":[1,1,2,1,2,1,1,2,1,1,2,2,2,2,1,2,2,2,1,2],"img1Sample":[1,3,3,2,1,1,1,3,2,2,3,2,1,3,1,1,3,2,1,2],"img2Sample":[1,3,1,1,3,1,1,1,2,2,3,3,1,3,1,2,1,2,1,3],"key":[49,50,49,49,49,49,49,49,50,49,null,50,49,50,49,49,49,49,49,49],"correct":[true,false,true,true,false,true,false,true,true,false,null,true,true,true,true,true,false,false,true,false],"right_img":[2,2,1,2,1,2,2,1,2,2,1,1,1,1,2,1,1,1,2,1],"img_choice":[1,2,2,1,2,1,1,2,2,1,null,1,2,1,1,2,2,2,1,2],"center_sample":[1,2,2,2,2,1,3,2,1,3,1,2,3,2,3,1,2,3,3,2],"left_sample":[1,3,1,2,3,1,1,1,2,2,3,3,1,3,1,2,1,2,1,3],"right_sample":[1,3,3,1,1,1,1,3,2,2,3,2,1,3,1,1,3,2,1,2],"RT":[[0,2825.5999999046326,0,0],[0,2770.2000000476837,0,0],[0,1524.7999999523163,0,0],[0,1846.8999998569489,0,0],[0,1702.8999998569489,0,0],[0,3061.2999999523163,0,0],[0,3462.2999999523163,0,0],[0,2061.2999999523163,0,0],[0,2017.5999999046326,0,0],[0,1817.7999999523163,0,0],[0,0,0,0],[0,1870.7999999523163,0,0],[0,1384.7000000476837,0,0],[0,3317.600000143051,0,0],[0,1595.2999999523163,0,0],[0,2118,0,0],[0,1606.9000000953674,0,0],[0,2401.9000000953674,0,0],[0,1774.2000000476837,0,0],[0,2283.600000143051,0,0]],"response":[[0,1,0,0],[0,1,0,0],[0,1,0,0],[0,1,0,0],[0,1,0,0],[0,1,0,0],[0,1,0,0],[0,1,0,0],[0,1,0,0],[0,1,0,0],[0,1,0,0],[0,1,0,0],[0,1,0,0],[0,1,0,0],[0,1,0,0],[0,1,0,0],[0,1,0,0],[0,1,0,0],[0,1,0,0],[0,1,0,0]],"framerate":[20.566595215782044,20.667257159728372,22.31831496672515,21.523716698321692,21.91945674085821,20.320247094992233,19.689399718732844,21.262309758659306,20.539348066623095,21.49382052702224,19.36882507591678,21.429726669488172,22.331397946568256,20.264451086925956,22.064121037937724,20.564042302812656,21.902377971998753,20.27116841653376,21.39261744966443,20.929115488230273]}
