{"practice":[0,0,0,0,0,0,0,0,0,0,0,0,0,0,0,0,0,0,0,0],"center_interval":[50,50,50,100,50,100,0,50,25,0,100,0,100,0,0,100,0,50,25,25],"image_pair":[4,4,2,2,1,3,1,4,1,1,4,3,3,4,3,4,1,3,1,4],"feature_space":[1,2,2,2,2,1,1,1,2,2,2,1,1,1,2,1,1,2,1,2],"left_img":[2,2,2,2,1,1,1,1,2,1,2,2,2,1,1,1,1,2,1,2],"img1Sample":[3,1,1,3,1,1,2,3,2,1,3,3,1,3,1,1,3,3,1,3],"img2Sample":[2,2,1,2,2,1,2,2,1,3,1,2,3,2,1,3,2,3,3,2],"key":[50,49,49,49,49,50,50,49,50,49,49,50,49,49,49,50,49,50,49,50],"correct":[true,false,false,true,true,true,false,true,true,true,true,true,true,true,true,true,true,true,true,true],"right_img":[1,1,1,1,2,2,2,2,1,2,1,1,1,2,2,2,2,1,2,1],"img_choice":[1,2,2,2,1,2,2,1,1,1,2,1,2,1,1,2,1,1,1,1],"center_sample":[1,2,1,3,1,2,3,1,1,2,2,1,2,2,3,1,1,3,1,1],"left_sample":[2,2,1,2,1,1,2,3,1,1,1,2,3,3,1,1,3,3,1,2],"right_sample":[3,1,1,3,2,1,2,2,2,3,3,3,1,2,1,3,2,3,3,3],"RT":[[0,2718.0999999046326,0,0],[0,3442.4000000953674,0,0],[0,2676.4000000953674,0,0],[0,2974.7000000476837,0,0],[0,1565.5,0,0],[0,2445.7000000476837,0,0],[0,2044.3000001907349,0,0],[0,1424.1000001430511,0,0],[0,2328.2000000476837,0,0],[0,1646,0,0],[0,2706.600000143051,0,0],[0,3253.399999856949,0,0],[0,1373.6999998092651,0,0],[0,2341.0999999046326,0,0],[0,3158.5999999046326,0,0],[0,2753.7000000476837,0,0],[0,2098.100000143051,0,0],[0,4708.799999952316,0,0],[0,2657.5,0,0],[0,2341.300000190735,0,0]],"response":[[0,1,0,0],[0,1,0,0],[0,1,0,0],[0,1,0,0],[0,1,0,0],[0,1,0,0],[0,1,0,0],[0,1,0,0],[0,1,0,0],[0,1,0,0],[0,1,0,0],[0,1,0,0],[0,1,0,0],[0,1,0,0],[0,1,0,0],[0,1,0,0],[0,1,0,0],[0,1,0,0],[0,1,0,0],[0,1,0,0]],"framerate":[20.32095149895974,19.92472880253612,19.729946359498364,19.920869876933402,21.6500069110033,20.527190380588305,20.77196162889587,22.455455211130097,20.992043338412053,21.966435286421472,20.80820265379976,20.118648439515088,22.167363596740927,21.001998576266264,20.2133035460761,20.426287744227352,21.253985121467647,19.740552735476594,20.686927687619136,20.698313595412127]}
