{"practice":[0,0,0,0,0,0,0,0,0,0,0,0,0,0,0,0,0,0,0,0],"center_interval":[100,50,0,25,50,100,25,0,50,100,50,0,75,100,50,25,25,75,75,25],"image_pair":[4,3,1,3,4,1,4,1,1,4,4,1,1,1,1,1,2,1,1,1],"feature_space":[2,2,1,2,1,1,1,2,2,2,2,1,2,1,1,2,2,1,2,2],"left_img":[2,1,2,2,1,2,1,1,2,2,2,2,2,2,2,1,2,2,2,1],"img1Sample":[1,1,2,1,1,2,2,1,3,3,3,2,3,1,3,1,2,1,3,3],"img2Sample":[1,1,2,2,2,1,1,3,3,1,1,1,1,3,1,2,2,1,2,1],"key":[49,50,49,50,50,49,49,49,50,49,50,49,50,49,50,49,49,50,49,50],"correct":[true,false,false,true,false,true,true,true,true,true,true,false,false,true,true,true,false,false,true,false],"right_img":[1,2,1,1,2,1,2,2,1,1,1,1,1,1,1,2,1,1,1,2],"img_choice":[2,2,2,1,2,2,1,1,1,2,1,2,1,2,1,1,2,1,2,2],"center_sample":[3,1,1,2,1,2,3,2,2,2,1,1,3,2,3,2,1,3,2,1],"left_sample":[1,1,2,2,1,1,2,1,3,1,1,1,1,3,1,1,2,1,2,3],"right_sample":[1,1,2,1,2,2,1,3,3,3,3,2,3,1,3,2,2,1,3,1],"RT":[[0,1971.2000000476837,0,0],[0,2568.300000190735,0,0],[0,1566.5999999046326,0,0],[0,1824.7999999523163,0,0],[0,1788.5999999046326,0,0],[0,1267.0999999046326,0,0],[0,1776.2999999523163,0,0],[0,1834.7000000476837,0,0],[0,2446.5999999046326,0,0],[0,2981.2000000476837,0,0],[0,2385.9000000953674,0,0],[0,1704.6000001430511,0,0],[0,2045.9000000953674,0,0],[0,1501.3999998569489,0,0],[0,3071.600000143051,0,0],[0,3476.4000000953674,0,0],[0,3030.100000143051,0,0],[0,1801.7999999523163,0,0],[0,1995.2000000476837,0,0],[0,2024,0,0]],"response":[[0,1,0,0],[0,1,0,0],[0,1,0,0],[0,1,0,0],[0,1,0,0],[0,1,0,0],[0,1,0,0],[0,1,0,0],[0,1,0,0],[0,1,0,0],[0,1,0,0],[0,1,0,0],[0,1,0,0],[0,1,0,0],[0,1,0,0],[0,1,0,0],[0,1,0,0],[0,1,0,0],[0,1,0,0],[0,1,0,0]],"framerate":[21.1864406779661,20.35320641343344,21.314058010834803,20.158851752191772,21.333556430199334,22.661396574440055,21.698310035468392,21.35611318656344,20.824520873651448,20.2676439560682,20.945541590532933,21.91380569803847,21.350713562940374,20.884754129958164,19.798220871950516,19.999512207484525,20.350356131499158,21.919847800946922,21.039745993652314,20.94599741069342]}
