{"practice":[0,0,0,0,0,0,0,0,0,0,0,0,0,0,0,0,0,0,0,0],"center_interval":[100,25,75,50,25,75,50,50,75,25,25,0,100,100,25,0,25,100,25,25],"image_pair":[2,4,1,2,4,4,1,2,4,3,3,2,3,1,2,1,3,2,1,3],"feature_space":[2,2,1,2,2,2,2,2,1,2,1,2,2,2,2,1,1,1,1,2],"left_img":[1,1,1,2,2,1,2,1,2,1,2,2,1,1,1,2,2,1,2,1],"img1Sample":[3,2,1,1,1,2,3,2,2,2,1,2,1,1,2,1,1,3,3,3],"img2Sample":[2,2,3,2,1,1,2,3,2,1,1,2,3,1,2,1,1,2,1,3],"key":[50,49,50,50,49,50,50,50,49,50,49,50,49,50,50,49,50,49,50,50],"correct":[true,true,true,true,false,true,true,false,true,false,false,true,false,true,false,false,true,false,true,false],"right_img":[2,2,2,1,1,2,1,2,1,2,1,1,2,2,2,1,1,2,1,2],"img_choice":[2,1,2,1,2,2,1,2,2,2,2,1,1,2,2,2,1,1,1,2],"center_sample":[3,2,1,2,2,2,3,1,3,2,2,3,1,2,2,3,2,3,2,3],"left_sample":[3,2,1,2,1,2,2,2,2,2,1,2,1,1,2,1,1,3,1,3],"right_sample":[2,2,3,1,1,1,3,3,2,1,1,2,3,1,2,1,1,2,3,3],"RT":[[0,2745.4000000953674,0,0],[0,2354.0999999046326,0,0],[0,2284.2999999523163,0,0],[0,2947.0999999046326,0,0],[0,3540.7999999523163,0,0],[0,2379.800000190735,0,0],[0,3646.100000143051,0,0],[0,2491.5999999046326,0,0],[0,1407.7999999523163,0,0],[0,2666.100000143051,0,0],[0,1637.4000000953674,0,0],[0,3058.7999999523163,0,0],[0,1736,0,0],[0,2580.7999999523163,0,0],[0,217.20000004768372,0,0],[0,1960.1000001430511,0,0],[0,1765.5,0,0],[0,2529.2000000476837,0,0],[0,3435.5,0,0],[0,2694.100000143051,0,0]],"response":[[0,1,0,0],[0,1,0,0],[0,1,0,0],[0,1,0,0],[0,1,0,0],[0,1,0,0],[0,1,0,0],[0,1,0,0],[0,1,0,0],[0,1,0,0],[0,1,0,0],[0,1,0,0],[0,1,0,0],[0,1,0,0],[0,1,0,0],[0,1,0,0],[0,1,0,0],[0,1,0,0],[0,1,0,0],[0,1,0,0]],"framerate":[20.615476546160743,20.807463838308493,20.939892211732168,20.75270626396369,20.191822312426538,20.95250764966047,20.18921520272256,20.576793235694684,22.851465474416294,20.66052927444632,22.07505518763797,20.201468700584247,21.64869683378567,20.671510899832654,28.643036158573086,21.72310795729373,21.81757153558753,20.98302282634924,20.20351344121357,17.82908255746097]}
