{"practice":[0,0,0,0,0,0,0,0,0,0,0,0,0,0,0,0,0,0,0,0],"center_interval":[50,100,50,50,0,50,100,0,100,50,100,50,50,25,0,100,25,0,100,100],"image_pair":[3,1,1,3,4,1,2,1,2,3,2,3,3,3,1,1,3,3,3,2],"feature_space":[2,1,1,1,1,2,1,2,2,1,2,2,1,2,2,2,1,2,2,1],"left_img":[1,2,2,1,1,1,2,2,2,1,2,1,1,2,2,1,1,1,1,1],"img1Sample":[3,3,2,2,2,3,3,1,1,3,3,1,2,2,1,1,3,1,3,2],"img2Sample":[3,1,1,2,3,3,3,3,2,1,1,3,3,2,2,3,3,2,2,3],"stim_time":[250,250,250,250,250,250,250,250,250,250,250,250,250,250,250,250,250,250,250,250],"key":[49,49,49,49,49,49,50,50,50,50,50,50,49,49,50,50,49,49,50,50],"correct":[true,true,false,true,true,true,false,true,false,false,false,false,true,false,true,true,true,true,true,true],"right_img":[2,1,1,2,2,2,1,1,1,2,1,2,2,1,1,2,2,2,2,2],"img_choice":[1,2,2,1,1,1,1,1,1,2,1,2,1,2,1,2,1,1,2,2],"center_sample":[3,2,3,3,2,2,1,3,3,2,2,1,1,2,1,3,2,2,2,1],"left_sample":[3,1,1,2,2,3,3,3,2,3,1,1,2,2,2,1,3,1,3,2],"right_sample":[3,3,2,2,3,3,3,1,1,1,3,3,3,2,1,3,3,2,2,3],"exact_match":[0,0,0,0,1,0,0,0,0,0,0,0,0,0,1,1,0,0,1,0],"RT":[[0,0,0,1796,0,0],[0,0,0,1690,0,0],[0,0,0,1122,0,0],[0,0,0,1728,0,0],[0,0,0,1230,0,0],[0,0,0,1253,0,0],[0,0,0,1169,0,0],[0,0,0,1100,0,0],[0,0,0,1320,0,0],[0,0,0,1624,0,0],[0,0,0,1338,0,0],[0,0,0,1345,0,0],[0,0,0,737,0,0],[0,0,0,1020,0,0],[0,0,0,1009,0,0],[0,0,0,910,0,0],[0,0,0,1104,0,0],[0,0,0,1006,0,0],[0,0,0,1300,0,0],[0,0,0,1454,0,0]],"response":[[0,0,0,1,0,0],[0,0,0,1,0,0],[0,0,0,1,0,0],[0,0,0,1,0,0],[0,0,0,1,0,0],[0,0,0,1,0,0],[0,0,0,1,0,0],[0,0,0,1,0,0],[0,0,0,1,0,0],[0,0,0,1,0,0],[0,0,0,1,0,0],[0,0,0,1,0,0],[0,0,0,1,0,0],[0,0,0,1,0,0],[0,0,0,1,0,0],[0,0,0,1,0,0],[0,0,0,1,0,0],[0,0,0,1,0,0],[0,0,0,1,0,0],[0,0,0,1,0,0]],"framerate":[59.91590749824808,59.99999999999999,59.981684981684985,59.964093357271096,59.9562363238512,59.93962915049591,59.955257270693515,59.91639572689271,59.983221476510074,59.91812430219575,59.975010412328196,59.95004163197335,59.96668517490283,59.95203836930456,59.932334461092324,58.94308943089431,60.018467220683284,59.874456784162234,59.974478945129725,52.42255758538523]}
