{"practice":[0,0,0,0,0,0,0,0,0,0,0,0,0,0,0,0,0,0,0,0],"center_interval":[75,100,75,100,100,50,25,0,100,0,75,0,0,75,75,75,25,75,25,0],"image_pair":[2,3,3,4,2,4,1,3,2,3,3,2,1,2,3,4,2,1,1,1],"feature_space":[1,1,2,2,1,1,1,2,1,2,1,2,2,1,2,1,1,2,1,2],"left_img":[1,1,2,2,2,1,1,1,1,1,2,1,2,1,1,1,2,2,2,2],"img1Sample":[2,2,2,3,3,1,2,3,1,3,1,3,2,2,3,3,3,1,3,3],"img2Sample":[3,3,1,2,1,3,3,1,3,1,3,3,3,1,1,1,3,3,3,2],"stim_time":[250,250,250,250,250,250,250,250,250,250,250,250,250,250,250,250,250,250,250,250],"key":[50,50,49,50,49,50,50,49,49,49,50,50,50,50,49,50,50,49,50,50],"correct":[true,true,true,false,true,false,false,true,false,true,false,false,true,true,false,true,true,true,true,true],"right_img":[2,2,1,1,1,2,2,2,2,2,1,2,1,2,2,2,1,1,1,1],"img_choice":[2,2,2,1,2,2,2,1,1,1,1,2,1,2,1,2,1,2,1,1],"center_sample":[3,1,3,1,2,3,3,3,2,2,3,2,1,1,2,2,1,2,3,3],"left_sample":[2,2,1,2,1,1,2,3,1,3,3,3,3,2,3,3,3,3,3,2],"right_sample":[3,3,2,3,3,3,3,1,3,1,1,3,2,1,1,1,3,1,3,3],"exact_match":[0,0,0,0,0,0,0,1,0,0,0,0,0,0,0,0,0,0,0,1],"RT":[[0,0,0,1272,0,0],[0,0,0,1369,0,0],[0,0,0,1135,0,0],[0,0,0,1443,0,0],[0,0,0,1478,0,0],[0,0,0,1137,0,0],[0,0,0,1075,0,0],[0,0,0,893,0,0],[0,0,0,1003,0,0],[0,0,0,1556,0,0],[0,0,0,1054,0,0],[0,0,0,1491,0,0],[0,0,0,1659,0,0],[0,0,0,1839,0,0],[0,0,0,1406,0,0],[0,0,0,1408,0,0],[0,0,0,1570,0,0],[0,0,0,1440,0,0],[0,0,0,1600,0,0],[0,0,0,1043,0,0]],"response":[[0,0,0,1,0,0],[0,0,0,1,0,0],[0,0,0,1,0,0],[0,0,0,1,0,0],[0,0,0,1,0,0],[0,0,0,1,0,0],[0,0,0,1,0,0],[0,0,0,1,0,0],[0,0,0,1,0,0],[0,0,0,1,0,0],[0,0,0,1,0,0],[0,0,0,1,0,0],[0,0,0,1,0,0],[0,0,0,1,0,0],[0,0,0,1,0,0],[0,0,0,1,0,0],[0,0,0,1,0,0],[0,0,0,1,0,0],[0,0,0,1,0,0],[0,0,0,1,0,0]],"framerate":[59.93150684931506,59.95893223819302,59.89940557841792,59.97600959616154,59.96055226824457,59.972739663789184,60.00937646507267,59.93852459016393,59.82490272373541,60.08419441255263,59.905660377358494,59.97647981183849,59.9264705882353,59.97931747673216,59.967585089141,59.967585089141,59.893858984078854,59.97600959616154,59.97736703130894,59.94291151284491]}
