{"practice":[0,0,0,0,0,0,0,0,0,0,0,0,0,0,0,0,0,0,0,0],"center_interval":[50,0,25,75,100,100,50,50,25,100,25,25,100,75,75,75,75,25,50,25],"image_pair":[1,3,3,4,2,2,4,4,1,4,3,3,4,2,3,3,4,3,4,2],"feature_space":[2,1,2,1,1,1,2,1,2,2,2,1,2,1,1,2,1,1,1,1],"left_img":[1,1,2,2,1,1,1,1,1,1,2,2,2,1,2,2,1,2,1,1],"img1Sample":[1,2,1,2,1,3,3,3,3,3,1,3,3,2,1,1,3,2,1,3],"img2Sample":[2,1,2,3,3,3,2,1,3,3,1,2,1,1,2,2,1,1,1,3],"stim_time":[250,250,250,250,250,250,250,250,250,250,250,250,250,250,250,250,250,250,250,250],"key":[50,50,50,50,49,49,50,49,49,49,49,50,50,50,50,49,49,49,49,50],"correct":[false,false,true,false,false,false,false,true,true,false,false,true,false,true,false,true,false,false,true,false],"right_img":[2,2,1,1,2,2,2,2,2,2,1,1,1,2,1,1,2,1,2,2],"img_choice":[2,2,1,1,1,1,2,1,1,1,2,1,1,2,1,2,1,2,1,2],"center_sample":[3,1,3,3,2,3,2,3,3,2,1,3,2,3,3,2,1,3,1,3],"left_sample":[1,2,2,3,1,3,3,3,3,3,1,2,1,2,2,2,3,1,1,3],"right_sample":[2,1,1,2,3,3,2,1,3,3,1,3,3,1,1,1,1,2,1,3],"exact_match":[0,0,0,0,0,1,0,0,0,0,0,0,0,0,0,0,0,0,0,0],"RT":[[0,0,0,1713,0,0],[0,0,0,1287,0,0],[0,0,0,2128,0,0],[0,0,0,1815,0,0],[0,0,0,1020,0,0],[0,0,0,1205,0,0],[0,0,0,1744,0,0],[0,0,0,1834,0,0],[0,0,0,1155,0,0],[0,0,0,1526,0,0],[0,0,0,2078,0,0],[0,0,0,2171,0,0],[0,0,0,2676,0,0],[0,0,0,1229,0,0],[0,0,0,1343,0,0],[0,0,0,2305,0,0],[0,0,0,1925,0,0],[0,0,0,2118,0,0],[0,0,0,2673,0,0],[0,0,0,1612,0,0]],"response":[[0,0,0,1,0,0],[0,0,0,1,0,0],[0,0,0,1,0,0],[0,0,0,1,0,0],[0,0,0,1,0,0],[0,0,0,1,0,0],[0,0,0,1,0,0],[0,0,0,1,0,0],[0,0,0,1,0,0],[0,0,0,1,0,0],[0,0,0,1,0,0],[0,0,0,1,0,0],[0,0,0,1,0,0],[0,0,0,1,0,0],[0,0,0,1,0,0],[0,0,0,1,0,0],[0,0,0,1,0,0],[0,0,0,1,0,0],[0,0,0,1,0,0],[0,0,0,1,0,0]],"framerate":[59.94944023113037,59.92350191245219,59.94978028876334,59.96533795493934,59.95203836930456,59.9911777679753,59.93578308954691,59.94455994455995,59.963931469792605,59.96131528046422,59.98723675813656,59.9135268684373,59.98928762720943,59.492563429571305,59.975010412328196,59.9406528189911,59.96649916247906,59.95582202587567,59.95717344753748,59.947545897339836]}
