{"practice":[0,0,0,0,0,0,0,0,0,0,0,0,0,0,0,0,0,0,0,0],"center_interval":[100,25,100,0,25,25,0,75,100,50,100,75,25,100,25,50,0,100,100,0],"image_pair":[1,1,1,4,4,2,3,3,4,3,4,1,1,1,2,1,2,4,1,4],"feature_space":[2,2,1,2,1,1,1,1,1,2,1,2,1,2,1,1,2,1,2,2],"left_img":[2,2,1,1,1,2,2,2,2,2,2,1,1,2,2,2,2,2,1,2],"img1Sample":[1,1,2,3,2,3,2,2,1,1,1,1,2,1,3,3,2,1,1,3],"img2Sample":[2,1,3,3,1,3,1,3,3,1,3,3,1,2,1,1,2,2,2,1],"key":[50,50,50,49,49,50,50,50,49,50,49,50,49,49,49,50,49,49,49,50],"correct":[false,true,true,true,true,true,true,false,true,true,true,true,true,true,false,true,false,true,false,true],"right_img":[1,1,2,2,2,1,1,1,1,1,1,2,2,1,1,1,1,1,2,1],"img_choice":[1,1,2,1,1,1,1,1,2,1,2,2,1,2,2,1,2,2,1,1],"center_sample":[1,2,2,1,2,1,1,1,1,1,2,2,3,1,1,1,3,1,3,1],"left_sample":[2,1,2,3,2,3,1,3,3,1,3,1,2,2,1,1,2,2,1,1],"right_sample":[1,1,3,3,1,3,2,2,1,1,1,3,1,1,3,3,2,1,2,3],"RT":[[0,0,0,1432.4000000357628,0,0],[0,0,0,1427.199999988079,0,0],[0,0,0,1176.1000000238419,0,0],[0,0,0,1271.800000011921,0,0],[0,0,0,1075.0999999642372,0,0],[0,0,0,795.3000000119209,0,0],[0,0,0,554.8000000119209,0,0],[0,0,0,599.2999999523163,0,0],[0,0,0,1146,0,0],[0,0,0,998.6999999880791,0,0],[0,0,0,1154.6000000238419,0,0],[0,0,0,1466.800000011921,0,0],[0,0,0,1422.6000000238419,0,0],[0,0,0,1788.5999999642372,0,0],[0,0,0,1971.1000000238419,0,0],[0,0,0,791.1999999880791,0,0],[0,0,0,2361.899999976158,0,0],[0,0,0,1538,0,0],[0,0,0,963.4000000357628,0,0],[0,0,0,752.4000000357628,0,0]],"response":[[0,0,0,1,0,0],[0,0,0,1,0,0],[0,0,0,1,0,0],[0,0,0,1,0,0],[0,0,0,1,0,0],[0,0,0,1,0,0],[0,0,0,1,0,0],[0,0,0,1,0,0],[0,0,0,1,0,0],[0,0,0,1,0,0],[0,0,0,1,0,0],[0,0,0,1,0,0],[0,0,0,1,0,0],[0,0,0,1,0,0],[0,0,0,1,0,0],[0,0,0,1,0,0],[0,0,0,1,0,0],[0,0,0,1,0,0],[0,0,0,1,0,0],[0,0,0,1,0,0]],"framerate":[60.001889823470485,59.99622071101324,60.0035148498831,59.99461272882807,60.00360536647766,60.00166671336164,59.99940594668823,59.99647079499416,59.99999999999999,59.99999999999999,59.9994958027366,59.992500937550425,60.00472478147885,59.99869568021772,60.00041812197877,59.998333379231006,60.00077420326122,59.99999999999999,59.98832085826571,60.00785149478867]}
