{"practice":[0,0,0,0,0,0,0,0,0,0,0,0,0,0,0,0,0,0,0,0],"center_interval":[25,50,50,25,75,100,100,0,75,25,50,75,75,25,50,0,75,100,25,50],"image_pair":[3,3,2,4,4,1,3,2,2,1,2,1,1,2,3,2,1,4,2,2],"feature_space":[2,1,2,1,2,1,2,1,1,2,1,1,1,1,1,2,2,1,1,2],"left_img":[2,1,1,1,2,1,2,2,2,2,1,2,2,2,2,1,1,2,1,2],"img1Sample":[2,2,3,3,2,1,2,3,3,3,2,3,3,2,1,3,3,2,1,1],"img2Sample":[2,2,1,2,2,3,2,3,1,1,1,3,2,2,3,2,2,3,3,1],"key":[50,49,49,49,49,50,50,49,49,50,49,49,50,50,49,50,49,49,50,50],"correct":[true,true,true,true,true,true,false,false,true,true,true,true,false,true,false,false,false,true,false,true],"right_img":[1,2,2,2,1,2,1,1,1,1,2,1,1,1,1,2,2,1,2,1],"img_choice":[1,1,1,1,2,2,1,2,2,1,1,2,1,1,2,2,1,2,2,1],"center_sample":[1,2,1,2,2,2,3,1,1,2,1,2,1,3,3,2,1,2,3,3],"left_sample":[2,2,3,3,2,1,2,3,1,1,2,3,2,2,3,3,3,3,1,1],"right_sample":[2,2,1,2,2,3,2,3,3,3,1,3,3,2,1,2,2,2,3,1],"RT":[[0,0,0,1313.3999999761581,0,0],[0,0,0,939.7000000476837,0,0],[0,0,0,1647.8999999761581,0,0],[0,0,0,1385.199999988079,0,0],[0,0,0,1070,0,0],[0,0,0,913.5,0,0],[0,0,0,1659.2999999523163,0,0],[0,0,0,1824.1000000238419,0,0],[0,0,0,1110.7999999523163,0,0],[0,0,0,1847.7999999523163,0,0],[0,0,0,1729.5,0,0],[0,0,0,943.0999999642372,0,0],[0,0,0,1508.7999999523163,0,0],[0,0,0,2350.800000011921,0,0],[0,0,0,2544.199999988079,0,0],[0,0,0,2405,0,0],[0,0,0,3002.199999988079,0,0],[0,0,0,1765.8999999761581,0,0],[0,0,0,1085.2999999523163,0,0],[0,0,0,1368.5,0,0]],"response":[[0,0,0,1,0,0],[0,0,0,1,0,0],[0,0,0,1,0,0],[0,0,0,1,0,0],[0,0,0,1,0,0],[0,0,0,1,0,0],[0,0,0,1,0,0],[0,0,0,1,0,0],[0,0,0,1,0,0],[0,0,0,1,0,0],[0,0,0,1,0,0],[0,0,0,1,0,0],[0,0,0,1,0,0],[0,0,0,1,0,0],[0,0,0,1,0,0],[0,0,0,1,0,0],[0,0,0,1,0,0],[0,0,0,1,0,0],[0,0,0,1,0,0],[0,0,0,1,0,0]],"framerate":[60.0024292481477,59.99680016989471,60.00269675105873,59.99857146224364,59.99896997513274,59.99946188746442,59.99955224230757,59.99784180425165,59.997957516157264,60.00129035063776,59.99911766034996,59.99520038377858,60.002316691764165,60.00193554630794,59.998878525367665,59.998466492732085,59.99965616255183,59.99562075760894,60.00461573985571,59.99617554225299]}
