{"practice":[0,0,0,0,0,0,0,0,0,0,0,0,0,0,0,0,0,0,0,0],"center_interval":[0,75,0,0,100,100,75,0,25,50,50,50,25,100,50,50,25,50,100,0],"image_pair":[1,3,3,1,3,4,4,3,4,4,2,1,1,2,1,2,4,4,4,2],"feature_space":[1,2,1,1,2,1,1,2,2,1,1,1,1,2,2,2,2,1,2,1],"left_img":[2,1,2,2,2,1,2,2,2,1,2,1,1,2,2,2,2,2,1,2],"img1Sample":[1,1,1,1,1,2,2,3,2,2,2,2,3,1,3,2,3,2,3,3],"img2Sample":[1,1,2,2,1,3,1,1,2,3,1,2,2,2,3,2,1,3,2,1],"key":[49,50,50,49,49,50,49,50,49,50,49,50,50,49,49,49,49,49,50,50],"correct":[false,true,true,false,true,true,true,true,false,false,false,false,false,true,false,false,false,false,true,true],"right_img":[1,2,1,1,1,2,1,1,1,2,1,2,2,1,1,1,1,1,2,1],"img_choice":[2,2,1,2,2,2,2,1,2,2,2,2,2,2,2,2,2,2,2,1],"center_sample":[2,1,2,3,2,1,1,2,2,3,1,1,2,1,1,1,3,2,1,1],"left_sample":[1,1,2,2,1,2,1,1,2,2,1,2,3,2,3,2,1,3,3,1],"right_sample":[1,1,1,1,1,3,2,3,2,3,2,2,2,1,3,2,3,2,2,3],"RT":[[0,0,0,729.5999999642372,0,0],[0,0,0,2050.599999964237,0,0],[0,0,0,1397.4000000357628,0,0],[0,0,0,1380.0999999642372,0,0],[0,0,0,2373.5,0,0],[0,0,0,1497.300000011921,0,0],[0,0,0,1669.6000000238419,0,0],[0,0,0,1288.800000011921,0,0],[0,0,0,3211.800000011921,0,0],[0,0,0,2218.399999976158,0,0],[0,0,0,2005,0,0],[0,0,0,1184.300000011921,0,0],[0,0,0,3062.5,0,0],[0,0,0,2158,0,0],[0,0,0,3258.099999964237,0,0],[0,0,0,1394.0999999642372,0,0],[0,0,0,1301,0,0],[0,0,0,1483.1000000238419,0,0],[0,0,0,1283,0,0],[0,0,0,1674.699999988079,0,0]],"response":[[0,0,0,1,0,0],[0,0,0,1,0,0],[0,0,0,1,0,0],[0,0,0,1,0,0],[0,0,0,1,0,0],[0,0,0,1,0,0],[0,0,0,1,0,0],[0,0,0,1,0,0],[0,0,0,1,0,0],[0,0,0,1,0,0],[0,0,0,1,0,0],[0,0,0,1,0,0],[0,0,0,1,0,0],[0,0,0,1,0,0],[0,0,0,1,0,0],[0,0,0,1,0,0],[0,0,0,1,0,0],[0,0,0,1,0,0],[0,0,0,1,0,0],[0,0,0,1,0,0]],"framerate":[59.995472039441246,60.002054864892635,59.99571459164459,60.00047809128792,60.00038585512338,59.99581424535143,60.00312283878776,59.99999999999999,59.99867038945698,60.000397354193275,59.997093565956185,60.00150003785858,59.994545950490036,60.00442985709375,59.99967033159959,59.99857146224364,59.99951417414805,59.9962648236459,60.00342876788368,59.99375529668693]}
