{"practice":[1,1,1,1,1],"center_interval":[50,75,0,25,25],"image_pair":[2,2,3,1,3],"feature_space":[1,2,2,1,2],"left_img":[2,1,1,1,2],"img1Sample":[2,2,3,1,1],"img2Sample":[2,3,3,2,3],"key":[null,50,49,50,50],"correct":[null,true,true,false,true],"right_img":[1,2,2,2,1],"img_choice":[null,2,1,2,1],"center_sample":[3,2,1,2,3],"left_sample":[2,2,3,1,3],"right_sample":[2,3,3,2,1],"RT":[[0,0,0,0,0,0],[0,0,0,3566.5,0,0],[0,0,0,1810.0999999642372,0,0],[0,0,0,1135.1000000238419,0,0],[0,0,0,1771.699999988079,0,0]],"response":[[0,0,0,1,0,0],[0,0,0,1,0,0],[0,0,0,1,0,0],[0,0,0,1,0,0],[0,0,0,1,0,0]],"framerate":[59.99820900841181,60.00031331745096,59.998267198678946,59.99544338386573,60.00043636665389]}
