{"practice":[0,0,0,0,0,0,0,0,0,0,0,0,0,0,0,0,0,0,0,0],"center_interval":[75,100,25,75,100,0,100,25,25,100,75,50,0,100,0,75,0,75,25,50],"image_pair":[2,3,1,1,3,1,1,1,2,3,3,4,1,4,3,2,4,1,4,4],"feature_space":[2,1,1,1,1,2,2,2,2,1,1,2,1,1,2,1,2,1,1,1],"left_img":[1,1,2,2,1,2,2,2,2,2,1,1,2,1,2,2,1,1,2,1],"img1Sample":[1,1,3,3,1,3,1,2,2,1,2,3,2,3,3,3,1,1,2,2],"img2Sample":[3,1,3,1,1,2,2,2,3,2,1,3,1,1,3,3,3,2,1,1],"key":[49,49,50,49,49,49,50,49,null,49,49,50,49,50,49,49,49,49,50,50],"correct":[false,false,true,true,false,false,false,false,null,true,false,false,false,true,false,true,true,false,true,false],"right_img":[2,2,1,1,2,1,1,1,1,1,2,2,1,2,1,1,2,2,1,2],"img_choice":[1,1,1,2,1,2,1,2,null,2,1,2,2,2,2,2,1,1,1,2],"center_sample":[2,2,2,1,2,2,1,1,1,1,1,3,3,3,1,1,3,1,1,2],"left_sample":[1,1,3,1,1,2,2,2,3,2,2,3,1,3,3,3,1,1,1,2],"right_sample":[3,1,3,3,1,3,1,2,2,1,1,3,2,1,3,3,3,2,2,1],"RT":[[0,3594,0,0],[0,2555,0,0],[0,4275,0,0],[0,2632,0,0],[0,2775,0,0],[0,1632,0,0],[0,1125,0,0],[0,2531,0,0],[0,0,0,0],[0,30,0,0],[0,245,0,0],[0,4633,0,0],[0,633,0,0],[0,1363,0,0],[0,2001,0,0],[0,2759,0,0],[0,1003,0,0],[0,1877,0,0],[0,2614,0,0],[0,2330,0,0]],"response":[[0,1,0,0],[0,1,0,0],[0,1,0,0],[0,1,0,0],[0,1,0,0],[0,1,0,0],[0,1,0,0],[0,1,0,0],[0,1,0,0],[0,1,0,0],[0,1,0,0],[0,1,0,0],[0,1,0,0],[0,1,0,0],[0,1,0,0],[0,1,0,0],[0,1,0,0],[0,1,0,0],[0,1,0,0],[0,1,0,0]],"framerate":[14.565425023877745,11.38159974707556,12.05065359477124,13.226699477083974,12.744516893894488,12.241452089489236,15.063731170336036,15.34443356186745,13.751087902523935,29.09647779479326,21.582733812949638,11.419249592169658,14.438166980539862,15.736040609137056,14.828897338403044,15.731671119026418,17.188459177409452,14.782261286456253,13.983840894965818,12.858555885262115]}
