{"practice":[0,0,0,0,0,0,0,0,0,0,0,0,0,0,0,0,0,0,0,0],"center_interval":[25,25,75,50,75,0,25,100,0,50,100,25,100,75,50,100,0,75,100,0],"image_pair":[1,2,1,1,1,4,4,2,3,1,4,4,3,1,1,3,1,1,1,2],"feature_space":[1,1,1,1,1,2,1,2,1,2,2,2,1,1,2,2,2,2,1,1],"left_img":[1,2,1,2,1,2,1,2,1,2,2,1,2,1,1,2,2,1,1,1],"img1Sample":[1,2,3,3,3,1,3,1,2,3,3,3,2,1,1,1,3,1,2,3],"img2Sample":[2,1,1,1,3,1,3,3,1,1,1,3,3,1,3,1,1,2,3,2],"key":[49,50,49,null,50,49,49,49,49,49,49,50,49,50,null,49,50,49,49,50],"correct":[true,true,false,null,true,false,true,true,true,false,true,false,true,true,null,true,true,false,false,false],"right_img":[2,1,2,1,2,1,2,1,2,1,1,2,1,2,2,1,1,2,2,2],"img_choice":[1,1,1,null,2,2,1,2,1,2,2,2,2,2,null,2,1,1,1,2],"center_sample":[2,3,3,3,1,2,3,1,1,1,2,2,1,2,2,2,2,2,1,2],"left_sample":[1,1,3,1,3,1,3,3,2,1,1,3,3,1,1,1,1,1,2,3],"right_sample":[2,2,1,3,3,1,3,1,1,3,3,3,2,1,3,1,3,2,3,2],"RT":[[0,3752,0,0],[0,2045,0,0],[0,2148,0,0],[0,0,0,0],[0,259,0,0],[0,71,0,0],[0,388,0,0],[0,162,0,0],[0,1489,0,0],[0,1371,0,0],[0,1155,0,0],[0,1976,0,0],[0,3123,0,0],[0,2950,0,0],[0,0,0,0],[0,239,0,0],[0,1842,0,0],[0,1740,0,0],[0,1885,0,0],[0,1686,0,0]],"response":[[0,1,0,0],[0,1,0,0],[0,1,0,0],[0,1,0,0],[0,1,0,0],[0,1,0,0],[0,1,0,0],[0,1,0,0],[0,1,0,0],[0,1,0,0],[0,1,0,0],[0,1,0,0],[0,1,0,0],[0,1,0,0],[0,1,0,0],[0,1,0,0],[0,1,0,0],[0,1,0,0],[0,1,0,0],[0,1,0,0]],"framerate":[14.029438822447101,11.430678466076696,12.458776108464638,12.048192771084338,21.839080459770113,24.355300859598852,19,16.455696202531648,12.470023980815348,10.095911155981828,16.920473773265652,13.534416086620263,12.74223520042474,12.870733072188024,11.553501599715606,13.88888888888889,13.45291479820628,12.236286919831224,11.980830670926517,11.216566005176876]}
