{"practice":[0,0,0,0,0,0,0,0,0,0,0,0,0,0,0,0,0,0,0,0],"center_interval":[50,0,0,0,100,75,25,100,50,100,75,0,0,100,75,50,0,0,25,50],"image_pair":[2,4,2,1,2,4,2,2,3,2,4,4,3,3,4,2,3,3,4,1],"feature_space":[1,1,2,2,1,1,2,2,1,2,1,2,2,1,2,2,1,1,2,2],"left_img":[1,1,2,1,2,2,2,2,2,2,1,2,2,1,2,2,1,1,2,2],"img1Sample":[1,1,2,2,2,3,2,3,3,2,3,2,2,2,2,2,2,2,1,1],"img2Sample":[3,3,3,2,3,1,1,3,1,3,2,2,2,3,3,1,3,2,1,3],"key":[49,49,50,50,50,50,49,49,50,49,49,null,50,50,null,49,50,49,49,49],"correct":[true,true,true,false,false,false,false,true,true,true,false,null,true,true,null,false,false,true,false,false],"right_img":[2,2,1,2,1,1,1,1,1,1,2,1,1,2,1,1,2,2,1,1],"img_choice":[1,1,1,2,1,1,2,2,1,2,1,null,1,2,null,2,2,1,2,2],"center_sample":[3,3,1,3,1,1,2,2,1,1,1,1,1,2,1,1,3,3,3,1],"left_sample":[1,1,3,2,3,1,1,3,1,3,3,2,2,2,3,1,2,2,1,3],"right_sample":[3,3,2,2,2,3,2,3,3,2,2,2,2,3,2,2,3,2,1,1],"RT":[[0,797,0,0],[0,2170,0,0],[0,3165,0,0],[0,234,0,0],[0,3023,0,0],[0,2679,0,0],[0,2631,0,0],[0,3406,0,0],[0,238,0,0],[0,2103,0,0],[0,1656,0,0],[0,0,0,0],[0,374,0,0],[0,4231,0,0],[0,0,0,0],[0,583,0,0],[0,4224,0,0],[0,237,0,0],[0,1168,0,0],[0,2983,0,0]],"response":[[0,1,0,0],[0,1,0,0],[0,1,0,0],[0,1,0,0],[0,1,0,0],[0,1,0,0],[0,1,0,0],[0,1,0,0],[0,1,0,0],[0,1,0,0],[0,1,0,0],[0,1,0,0],[0,1,0,0],[0,1,0,0],[0,1,0,0],[0,1,0,0],[0,1,0,0],[0,1,0,0],[0,1,0,0],[0,1,0,0]],"framerate":[19.203413940256045,13.63962670495334,12.745618693574084,22.43211334120425,11.77822464808963,12.799564270152505,11.325374961738598,12.379301807378063,22.727272727272727,11.83206106870229,11.940298507462687,11.971703246871032,17.761989342806395,14.663362247005368,14.624576422329232,15.126050420168067,11.966164637920363,22.198731501057082,17.554125219426563,18.558364712210867]}
