{"practice":[0,0,0,0,0,0,0,0,0,0,0,0,0,0,0,0,0,0,0,0],"center_interval":[75,50,25,0,25,0,0,25,75,100,100,100,50,75,0,0,75,50,50,0],"image_pair":[3,3,1,3,3,3,3,1,1,2,4,3,2,3,3,2,3,1,4,3],"feature_space":[1,2,2,2,1,2,1,1,1,2,2,1,2,2,1,1,1,2,2,1],"left_img":[2,2,2,2,2,2,2,2,2,1,1,1,1,2,2,1,1,1,1,2],"img1Sample":[1,2,1,3,2,1,1,1,2,2,3,2,1,3,2,2,1,2,1,2],"img2Sample":[1,3,1,1,3,1,3,1,3,3,2,3,3,3,3,2,1,2,1,3],"key":[49,50,null,49,50,50,49,50,49,49,49,49,50,49,50,49,null,50,50,49],"correct":[true,true,null,false,true,true,false,true,true,false,false,false,false,true,true,true,null,false,false,false],"right_img":[1,1,1,1,1,1,1,1,1,2,2,2,2,1,1,2,2,2,2,1],"img_choice":[2,1,null,2,1,1,2,1,2,1,1,1,2,2,1,1,null,2,2,2],"center_sample":[1,2,2,1,3,3,3,1,2,2,1,2,3,2,1,1,2,3,3,3],"left_sample":[1,3,1,1,3,1,3,1,3,2,3,2,1,3,3,2,1,2,1,3],"right_sample":[1,2,1,3,2,1,1,1,2,3,2,3,3,3,2,2,1,2,1,2],"RT":[[0,998,0,0],[0,3842,0,0],[0,0,0,0],[0,1561,0,0],[0,2855,0,0],[0,2252,0,0],[0,2048,0,0],[0,3797,0,0],[0,264,0,0],[0,1297,0,0],[0,2958,0,0],[0,688,0,0],[0,105,0,0],[0,2609,0,0],[0,2273,0,0],[0,3473,0,0],[0,0,0,0],[0,1668,0,0],[0,1097,0,0],[0,446,0,0]],"response":[[0,1,0,0],[0,1,0,0],[0,1,0,0],[0,1,0,0],[0,1,0,0],[0,1,0,0],[0,1,0,0],[0,1,0,0],[0,1,0,0],[0,1,0,0],[0,1,0,0],[0,1,0,0],[0,1,0,0],[0,1,0,0],[0,1,0,0],[0,1,0,0],[0,1,0,0],[0,1,0,0],[0,1,0,0],[0,1,0,0]],"framerate":[18.45018450184502,11.643528884908195,15.890213073311665,16.673979815708645,15.588914549653579,14.23611111111111,10.116148370176097,16.62112932604736,21.73913043478261,14.650027129679872,12.068019747668679,19.37984496124031,20.862308762169683,13.88888888888889,14.355742296918768,12.23021582733813,12.129860863360685,16.48590021691974,18.36605446485117,14.797507788161994]}
