{"practice":[0,0,0,0,0,0,0,0,0,0,0,0,0,0,0,0,0,0,0,0],"center_interval":[25,25,50,75,0,100,100,0,0,100,100,0,75,50,25,75,0,100,25,0],"image_pair":[1,2,2,1,2,2,2,2,4,3,4,1,3,3,4,1,2,3,2,1],"feature_space":[2,2,1,1,2,1,2,2,1,2,2,1,2,2,2,2,1,1,1,1],"left_img":[2,1,1,1,1,2,1,2,1,2,2,1,1,2,2,2,1,1,1,1],"img1Sample":[2,2,3,2,3,1,3,3,3,2,3,1,2,1,2,2,2,3,1,3],"img2Sample":[2,1,3,2,3,3,3,3,3,2,2,2,1,3,2,2,3,3,1,2],"key":[49,50,49,49,49,49,null,49,49,50,49,49,50,50,50,50,49,50,50,50],"correct":[false,false,true,false,true,true,null,false,true,false,true,true,true,true,true,false,true,true,false,false],"right_img":[1,2,2,2,2,1,2,1,2,1,1,2,2,1,1,1,2,2,2,2],"img_choice":[2,2,1,1,1,2,null,2,1,1,2,1,2,1,1,1,1,2,2,2],"center_sample":[3,2,2,1,2,2,1,2,2,1,1,2,1,2,1,2,3,1,1,1],"left_sample":[2,2,3,2,3,3,3,3,3,2,2,1,2,3,2,2,2,3,1,3],"right_sample":[2,1,3,2,3,1,3,3,3,2,3,2,1,1,2,2,3,3,1,2],"RT":[[0,1532,0,0],[0,1580,0,0],[0,1040,0,0],[0,886,0,0],[0,2020,0,0],[0,150,0,0],[0,0,0,0],[0,3257,0,0],[0,2722,0,0],[0,4163,0,0],[0,1577,0,0],[0,1102,0,0],[0,2770,0,0],[0,1786,0,0],[0,1680,0,0],[0,1829,0,0],[0,2307,0,0],[0,2014,0,0],[0,1806,0,0],[0,2176,0,0]],"response":[[0,1,0,0],[0,1,0,0],[0,1,0,0],[0,1,0,0],[0,1,0,0],[0,1,0,0],[0,1,0,0],[0,1,0,0],[0,1,0,0],[0,1,0,0],[0,1,0,0],[0,1,0,0],[0,1,0,0],[0,1,0,0],[0,1,0,0],[0,1,0,0],[0,1,0,0],[0,1,0,0],[0,1,0,0],[0,1,0,0]],"framerate":[15.755329008341057,13.104383190239494,16.889924286546304,15.272244355909693,12.485811577752553,22.371364653243848,9.310682783404117,9.33852140077821,12.399077277970012,15.474696779590127,16.8718650250798,14.602803738317757,16.568047337278106,17.580577647551276,16.507384882710685,10.774968918358889,11.972065181243766,18.00076599004213,14.40922190201729,12.847965738758031]}
