{"practice":[1,1,1,1,1],"center_interval":[0,0,50,0,75],"image_pair":[2,4,2,1,2],"feature_space":[2,1,1,1,1],"left_img":[1,1,1,2,1],"img1Sample":[2,1,2,3,1],"img2Sample":[1,3,2,2,2],"key":[49,49,50,49,49],"correct":[true,true,false,false,false],"right_img":[2,2,2,1,2],"img_choice":[1,1,2,2,1],"center_sample":[3,2,1,2,3],"left_sample":[2,1,2,2,1],"right_sample":[1,3,2,3,2],"RT":[[0,3030,0,0],[0,2244,0,0],[0,2356,0,0],[0,2474,0,0],[0,2107,0,0]],"response":[[0,1,0,0],[0,1,0,0],[0,1,0,0],[0,1,0,0],[0,1,0,0]],"framerate":[22.13114754098361,27.583798882681563,26.68918918918919,23.994811932555123,25.173294418095583]}
