{"practice":[0,0,0,0,0,0,0,0,0,0,0,0,0,0,0,0,0,0,0,0],"center_interval":[100,25,75,100,75,0,75,0,50,0,0,0,0,25,50,0,75,25,0,0],"image_pair":[4,4,3,2,1,2,2,2,3,2,3,2,3,3,4,3,3,3,4,4],"feature_space":[2,1,1,2,2,2,2,1,1,1,2,2,1,1,2,1,1,2,1,1],"left_img":[2,2,2,1,2,2,2,2,1,1,2,1,2,1,2,2,2,2,1,1],"img1Sample":[3,2,2,2,3,3,3,2,2,3,3,1,2,3,1,1,2,2,3,2],"img2Sample":[3,1,1,2,2,2,1,2,2,2,1,1,2,1,2,2,1,1,3,3],"stim_time":[2000,2000,2000,2000,2000,2000,2000,2000,2000,2000,2000,2000,2000,2000,2000,2000,2000,2000,2000,2000],"key":[49,50,49,50,49,49,49,49,50,49,50,49,50,50,49,49,50,50,50,49],"correct":[true,true,true,true,true,false,true,false,false,true,true,true,true,false,false,false,false,true,false,true],"right_img":[1,1,1,2,1,1,1,1,2,2,1,2,1,2,1,1,1,1,2,2],"img_choice":[2,1,2,2,2,2,2,2,2,1,1,1,1,2,2,2,1,1,2,1],"center_sample":[1,3,1,3,2,2,2,3,3,1,2,2,1,2,3,3,3,1,1,1],"left_sample":[3,1,1,2,2,2,1,2,2,3,1,1,2,3,2,2,1,1,3,2],"right_sample":[3,2,2,2,3,3,3,2,2,2,3,1,2,1,1,1,2,2,3,3],"exact_match":[0,0,0,0,0,0,0,0,0,0,0,0,0,0,0,0,0,0,0,0],"RT":[[0,0,0,725.9000000059605,0,0],[0,0,0,991.5,0,0],[0,0,0,847.1999999880791,0,0],[0,0,0,871.0999999940395,0,0],[0,0,0,1273,0,0],[0,0,0,1221.199999988079,0,0],[0,0,0,816.3999999761581,0,0],[0,0,0,797.6000000238419,0,0],[0,0,0,1005.5,0,0],[0,0,0,590.0999999940395,0,0],[0,0,0,798.4000000059605,0,0],[0,0,0,1315.5,0,0],[0,0,0,998.3000000119209,0,0],[0,0,0,787.0999999940395,0,0],[0,0,0,636.4000000059605,0,0],[0,0,0,885.0999999940395,0,0],[0,0,0,1056.800000011921,0,0],[0,0,0,852.9000000059605,0,0],[0,0,0,1069.8999999761581,0,0],[0,0,0,773.3000000119209,0,0]],"response":[[0,0,0,1,0,0],[0,0,0,1,0,0],[0,0,0,1,0,0],[0,0,0,1,0,0],[0,0,0,1,0,0],[0,0,0,1,0,0],[0,0,0,1,0,0],[0,0,0,1,0,0],[0,0,0,1,0,0],[0,0,0,1,0,0],[0,0,0,1,0,0],[0,0,0,1,0,0],[0,0,0,1,0,0],[0,0,0,1,0,0],[0,0,0,1,0,0],[0,0,0,1,0,0],[0,0,0,1,0,0],[0,0,0,1,0,0],[0,0,0,1,0,0],[0,0,0,1,0,0]],"framerate":[28.75588508927614,28.072200650469803,27.36876676350358,27.25166916473634,26.993865030674847,26.262976635900138,24.32148582155909,24.83717849656365,24.131780505680453,26.524425790041477,26.775609352008505,27.328351350658323,26.54541631635688,26.634852814605466,27.3017717107174,27.284023988461797,27.42561448900388,27.290341947895826,25.462308068247157,27.353671811625553]}
