{"practice":[0,0,0,0,0,0,0,0,0,0,0,0,0,0,0,0,0,0,0,0],"center_interval":[25,0,75,100,100,25,25,100,50,50,100,50,100,25,100,0,25,0,75,75],"image_pair":[4,4,2,2,2,3,4,4,1,1,3,2,4,4,1,4,2,4,2,3],"feature_space":[1,2,1,1,1,1,2,2,2,2,2,1,2,1,2,1,1,1,1,2],"left_img":[2,1,1,1,2,2,2,1,1,2,1,1,1,2,2,2,1,2,2,2],"img1Sample":[3,3,2,2,2,3,1,1,3,2,3,1,1,3,3,1,2,3,1,1],"img2Sample":[2,3,3,1,1,1,2,3,2,2,1,1,2,2,3,2,2,2,3,1],"stim_time":[2000,2000,2000,2000,2000,2000,2000,2000,2000,2000,2000,2000,2000,2000,2000,2000,2000,2000,2000,2000],"key":[49,49,50,50,49,49,50,50,49,50,50,50,49,50,49,49,50,49,49,49],"correct":[false,true,true,true,true,false,true,true,true,true,true,false,false,true,true,false,false,false,true,true],"right_img":[1,2,2,2,1,1,1,2,2,1,2,2,2,1,1,1,2,1,1,1],"img_choice":[2,1,2,2,2,2,1,2,1,1,2,2,1,1,2,2,2,2,2,2],"center_sample":[3,1,1,3,1,2,2,3,3,1,2,2,1,2,1,3,2,1,2,3],"left_sample":[2,3,2,2,1,1,2,1,3,2,3,1,1,2,3,2,2,2,3,1],"right_sample":[3,3,3,1,2,3,1,3,2,2,1,1,2,3,3,1,2,3,1,1],"exact_match":[0,0,0,0,1,0,0,1,0,0,0,0,0,0,0,0,0,0,0,0],"RT":[[0,0,0,861.5,0,0],[0,0,0,1491,0,0],[0,0,0,937.0999999940395,0,0],[0,0,0,1321.300000011921,0,0],[0,0,0,800,0,0],[0,0,0,749.3000000119209,0,0],[0,0,0,1237.300000011921,0,0],[0,0,0,661.0999999940395,0,0],[0,0,0,1075.300000011921,0,0],[0,0,0,685.3000000119209,0,0],[0,0,0,928.5999999940395,0,0],[0,0,0,818.2999999821186,0,0],[0,0,0,781.3000000119209,0,0],[0,0,0,1181.300000011921,0,0],[0,0,0,1350.5,0,0],[0,0,0,679.4000000059605,0,0],[0,0,0,1356.9000000059605,0,0],[0,0,0,685.2000000178814,0,0],[0,0,0,997.9000000059605,0,0],[0,0,0,1151.0999999940395,0,0]],"response":[[0,0,0,1,0,0],[0,0,0,1,0,0],[0,0,0,1,0,0],[0,0,0,1,0,0],[0,0,0,1,0,0],[0,0,0,1,0,0],[0,0,0,1,0,0],[0,0,0,1,0,0],[0,0,0,1,0,0],[0,0,0,1,0,0],[0,0,0,1,0,0],[0,0,0,1,0,0],[0,0,0,1,0,0],[0,0,0,1,0,0],[0,0,0,1,0,0],[0,0,0,1,0,0],[0,0,0,1,0,0],[0,0,0,1,0,0],[0,0,0,1,0,0],[0,0,0,1,0,0]],"framerate":[26.374462994095815,25.78397212543554,27.564428506524095,27.51031636859867,28.532646333646344,27.665995975809047,26.934862113393702,29.312029426878148,27.546081762906965,27.723791014203652,26.995242422579544,27.71451307512269,27.500763910063082,27.02229339212904,27.124339894383102,28.947292998243828,27.403846153846153,27.456812721609754,27.03979838294717,25.275907805462932]}
