{"practice":[0,0,0,0,0,0,0,0,0,0,0,0,0,0,0,0,0,0,0,0],"center_interval":[0,0,50,50,75,0,75,25,25,50,25,0,50,50,25,25,75,0,0,100],"image_pair":[4,3,4,1,1,1,2,4,2,2,4,4,2,2,4,1,1,2,2,3],"feature_space":[2,2,1,1,2,1,1,1,2,1,1,1,2,1,1,1,2,1,1,1],"left_img":[2,1,2,1,2,1,1,2,2,1,2,1,1,2,1,2,1,1,2,2],"img1Sample":[2,2,3,3,2,3,1,1,1,1,1,1,3,1,1,2,3,2,1,1],"img2Sample":[3,2,2,1,2,1,2,3,2,1,1,2,1,1,3,3,2,2,1,2],"stim_time":[250,250,250,250,250,250,250,250,250,250,250,250,250,250,250,250,250,250,250,250],"key":[50,50,50,49,50,49,50,50,50,49,50,49,49,50,49,49,50,50,49,49],"correct":[true,false,true,true,false,true,true,true,true,true,true,true,true,true,true,false,true,false,false,true],"right_img":[1,2,1,2,1,2,2,1,1,2,1,2,2,1,2,1,2,2,1,1],"img_choice":[1,2,1,1,1,1,2,1,1,1,1,1,1,1,1,2,2,2,2,2],"center_sample":[3,3,3,3,3,2,2,2,3,3,1,2,3,1,2,2,2,1,2,3],"left_sample":[3,2,2,3,2,3,1,3,2,1,1,1,3,1,1,3,3,2,1,2],"right_sample":[2,2,3,1,2,1,2,1,1,1,1,2,1,1,3,2,2,2,1,1],"exact_match":[0,0,0,0,0,0,0,0,0,0,0,0,0,0,0,0,0,0,0,0],"RT":[[0,0,0,535.6000000089407,0,0],[0,0,0,991.1999999880791,0,0],[0,0,0,710.4000000059605,0,0],[0,0,0,559.8000000119209,0,0],[0,0,0,479,0,0],[0,0,0,529.5,0,0],[0,0,0,843.2999999970198,0,0],[0,0,0,623.1000000089407,0,0],[0,0,0,971.5,0,0],[0,0,0,659.0999999940395,0,0],[0,0,0,693.8000000119209,0,0],[0,0,0,480.79999999701977,0,0],[0,0,0,843.6000000089407,0,0],[0,0,0,559.2999999970198,0,0],[0,0,0,623.5,0,0],[0,0,0,843.5999999940395,0,0],[0,0,0,575.2999999970198,0,0],[0,0,0,838.5,0,0],[0,0,0,636,0,0],[0,0,0,520.3999999910593,0,0]],"response":[[0,0,0,1,0,0],[0,0,0,1,0,0],[0,0,0,1,0,0],[0,0,0,1,0,0],[0,0,0,1,0,0],[0,0,0,1,0,0],[0,0,0,1,0,0],[0,0,0,1,0,0],[0,0,0,1,0,0],[0,0,0,1,0,0],[0,0,0,1,0,0],[0,0,0,1,0,0],[0,0,0,1,0,0],[0,0,0,1,0,0],[0,0,0,1,0,0],[0,0,0,1,0,0],[0,0,0,1,0,0],[0,0,0,1,0,0],[0,0,0,1,0,0],[0,0,0,1,0,0]],"framerate":[60.01875586120663,60.00292697187295,56.049368737002226,60.00247432905953,60.0091318240581,60.00884340872825,59.99684227164761,60.01544952144647,60.00688603627842,60.00932183619337,60.00685792672239,60.00521784491336,60.00315806076233,60.00989854029728,60.00831798435238,60.00631645445775,60.0085726534552,60.00631645445775,59.99999999999999,60.01642554781874]}
