{"practice":[1,1,1,1,1],"center_interval":[25,0,75,75,25],"image_pair":[4,3,3,3,2],"feature_space":[2,1,2,2,1],"left_img":[1,2,1,1,1],"img1Sample":[3,1,3,3,3],"img2Sample":[3,3,1,3,1],"stim_time":[2000,2000,2000,2000,2000],"key":[49,50,49,50,49],"correct":[true,true,false,true,true],"right_img":[2,1,2,2,2],"img_choice":[1,1,1,2,1],"center_sample":[1,2,1,3,1],"left_sample":[3,3,3,3,3],"right_sample":[3,1,1,3,1],"exact_match":[0,0,0,0,0],"RT":[[0,0,0,3011.2000000029802,0,0],[0,0,0,1523.5,0,0],[0,0,0,1351.5999999940395,0,0],[0,0,0,1560.5,0,0],[0,0,0,1857.300000011921,0,0]],"response":[[0,0,0,1,0,0],[0,0,0,1,0,0],[0,0,0,1,0,0],[0,0,0,1,0,0],[0,0,0,1,0,0]],"framerate":[60.00378247342449,60.008770512572106,60.0081611099968,60.00503859106768,60.00857265323618]}
