{"practice":[0,0,0,0,0,0,0,0,0,0,0,0,0,0,0,0,0,0,0,0],"center_interval":[0,0,25,75,100,0,0,50,100,75,0,75,25,0,50,100,25,0,50,50],"image_pair":[4,4,1,2,3,4,4,2,1,4,4,2,2,2,1,3,2,4,4,3],"feature_space":[1,2,2,2,2,2,1,1,1,2,2,2,1,1,2,2,1,2,2,2],"left_img":[1,2,2,1,2,2,1,1,1,1,1,1,2,2,2,2,1,2,1,1],"img1Sample":[1,2,1,1,3,3,1,3,1,3,2,3,3,1,2,3,2,1,2,3],"img2Sample":[1,3,3,3,2,2,1,2,2,1,1,2,2,1,3,1,3,2,3,2],"stim_time":[2000,2000,2000,2000,2000,2000,2000,2000,2000,2000,2000,2000,2000,2000,2000,2000,2000,2000,2000,2000],"key":[49,50,50,50,49,50,49,49,50,49,49,50,50,50,50,49,50,50,49,49],"correct":[true,true,true,true,true,true,true,true,true,false,true,true,true,true,true,true,false,true,true,true],"right_img":[2,1,1,2,1,1,2,2,2,2,2,2,1,1,1,1,2,1,2,2],"img_choice":[1,1,1,2,2,1,1,1,2,1,1,2,1,1,1,2,2,1,1,1],"center_sample":[3,3,3,3,2,2,1,2,1,3,3,2,2,1,1,3,1,3,3,2],"left_sample":[1,3,3,1,2,2,1,3,1,3,2,3,2,1,3,1,2,2,2,3],"right_sample":[1,2,1,3,3,3,1,2,2,1,1,2,3,1,2,3,3,1,3,2],"exact_match":[0,0,0,0,1,0,1,0,0,0,0,0,0,1,0,0,0,0,0,0],"RT":[[0,0,0,688.8999999910593,0,0],[0,0,0,588.9000000059605,0,0],[0,0,0,973.6000000089407,0,0],[0,0,0,774.9000000059605,0,0],[0,0,0,711.8999999910593,0,0],[0,0,0,475.20000000298023,0,0],[0,0,0,648.2999999970198,0,0],[0,0,0,752.6000000089407,0,0],[0,0,0,847.7999999970198,0,0],[0,0,0,678.9000000059605,0,0],[0,0,0,723.7000000029802,0,0],[0,0,0,574.5999999940395,0,0],[0,0,0,713.1000000089407,0,0],[0,0,0,844.2000000029802,0,0],[0,0,0,738.0999999940395,0,0],[0,0,0,796.8999999910593,0,0],[0,0,0,853.5,0,0],[0,0,0,755.1000000089407,0,0],[0,0,0,973.1000000089407,0,0],[0,0,0,798,0,0]],"response":[[0,0,0,1,0,0],[0,0,0,1,0,0],[0,0,0,1,0,0],[0,0,0,1,0,0],[0,0,0,1,0,0],[0,0,0,1,0,0],[0,0,0,1,0,0],[0,0,0,1,0,0],[0,0,0,1,0,0],[0,0,0,1,0,0],[0,0,0,1,0,0],[0,0,0,1,0,0],[0,0,0,1,0,0],[0,0,0,1,0,0],[0,0,0,1,0,0],[0,0,0,1,0,0],[0,0,0,1,0,0],[0,0,0,1,0,0],[0,0,0,1,0,0],[0,0,0,1,0,0]],"framerate":[60.00342876740923,60.00882482718047,60.0068730340576,60.003907231018815,60.0096698047148,60.006091989034424,57.68283138631733,60.009534225164096,60.00328785143811,60.0109110746895,60.005660911406736,60.00236462515405,60.0096698047148,60.009864635184506,60.00676132532051,60.00333351833011,60.007637335856025,60.0061688582802,60.01163221074333,60.00833449090152]}
