{"practice":[0,0,0,0,0,0,0,0,0,0,0,0,0,0,0,0,0,0,0,0],"center_interval":[25,100,25,100,50,25,50,0,25,50,0,50,100,50,25,100,0,25,75,25],"image_pair":[3,3,4,4,4,4,4,2,4,2,2,2,1,1,2,1,4,3,2,3],"feature_space":[2,1,1,1,2,1,1,1,1,2,1,1,2,1,1,1,2,1,1,1],"left_img":[1,1,1,1,2,1,2,1,2,1,2,1,1,2,2,1,2,2,1,1],"img1Sample":[1,3,2,3,3,3,2,3,2,3,1,2,3,2,3,1,1,3,3,1],"img2Sample":[2,2,2,2,1,2,1,2,1,3,1,3,3,3,2,2,2,3,2,3],"stim_time":[2000,2000,2000,2000,2000,2000,2000,2000,2000,2000,2000,2000,2000,2000,2000,2000,2000,2000,2000,2000],"key":[50,50,49,50,49,49,49,50,50,50,50,49,50,49,49,50,50,49,49,49],"correct":[false,true,true,true,false,true,false,false,true,false,true,true,true,false,false,true,true,false,false,true],"right_img":[2,2,2,2,1,2,1,2,1,2,1,2,2,1,1,2,1,1,2,2],"img_choice":[2,2,1,2,2,1,2,2,1,2,1,1,2,2,2,2,1,2,1,1],"center_sample":[2,1,2,1,2,3,1,2,2,1,1,1,1,2,3,1,3,3,1,3],"left_sample":[1,3,2,3,1,3,1,3,1,3,1,2,3,3,2,1,2,3,3,1],"right_sample":[2,2,2,2,3,2,2,2,2,3,1,3,3,2,3,2,1,3,2,3],"exact_match":[0,0,0,0,0,0,0,0,0,0,1,0,0,0,0,0,0,0,0,0],"RT":[[0,0,0,651.3999999910593,0,0],[0,0,0,1008.1000000089407,0,0],[0,0,0,991.5,0,0],[0,0,0,656.7000000029802,0,0],[0,0,0,910.4000000059605,0,0],[0,0,0,601.7000000029802,0,0],[0,0,0,1041.7000000029802,0,0],[0,0,0,1112.5,0,0],[0,0,0,739.2999999970198,0,0],[0,0,0,1430.4000000059605,0,0],[0,0,0,1077.7000000029802,0,0],[0,0,0,1106.7000000029802,0,0],[0,0,0,1119.4000000059605,0,0],[0,0,0,1097.2000000029802,0,0],[0,0,0,1358,0,0],[0,0,0,1023.4000000059605,0,0],[0,0,0,752.5999999940395,0,0],[0,0,0,1064.6000000089407,0,0],[0,0,0,670.4000000059605,0,0],[0,0,0,859.4000000059605,0,0]],"response":[[0,0,0,1,0,0],[0,0,0,1,0,0],[0,0,0,1,0,0],[0,0,0,1,0,0],[0,0,0,1,0,0],[0,0,0,1,0,0],[0,0,0,1,0,0],[0,0,0,1,0,0],[0,0,0,1,0,0],[0,0,0,1,0,0],[0,0,0,1,0,0],[0,0,0,1,0,0],[0,0,0,1,0,0],[0,0,0,1,0,0],[0,0,0,1,0,0],[0,0,0,1,0,0],[0,0,0,1,0,0],[0,0,0,1,0,0],[0,0,0,1,0,0],[0,0,0,1,0,0]],"framerate":[60.00461573956911,60.005764746004985,59.21675965900435,60.00115386818888,60.012379235322946,60.002926972047426,60.01091107455501,60.007149788242515,60.00507085100746,60.00472478147885,60.00824147527012,60.010214504596526,60.00355953305625,60.00615447747401,60.01104203164798,60.00052174371398,60.01289996905193,60.0056901948061,60.0022967385798,60.0125480783809]}
