{"practice":[0,0,0,0,0,0,0,0,0,0,0,0,0,0,0,0,0,0,0,0],"center_interval":[75,50,50,100,75,0,50,25,0,50,50,0,0,0,25,0,50,50,100,25],"image_pair":[3,4,4,1,2,2,3,2,2,1,1,1,4,4,3,2,2,1,1,3],"feature_space":[1,2,1,2,2,1,2,2,2,2,1,1,1,2,2,1,1,1,1,2],"left_img":[2,1,1,1,1,2,1,2,1,1,2,1,2,2,1,1,1,1,2,1],"img1Sample":[2,2,2,1,1,3,1,2,2,1,2,1,2,1,3,3,2,2,3,3],"img2Sample":[1,2,3,1,2,2,2,1,3,2,1,1,2,2,2,1,2,2,2,1],"stim_time":[2000,2000,2000,2000,2000,2000,2000,2000,2000,2000,2000,2000,2000,2000,2000,2000,2000,2000,2000,2000],"key":[49,50,50,50,50,50,50,50,49,50,49,49,50,50,50,50,50,49,49,49],"correct":[true,false,false,true,true,true,false,true,true,false,false,true,true,true,false,false,false,true,true,true],"right_img":[1,2,2,2,2,1,2,1,2,2,1,2,1,1,2,2,2,2,1,2],"img_choice":[2,2,2,2,2,1,2,1,1,2,2,1,1,1,2,2,2,1,2,1],"center_sample":[3,3,2,1,3,1,3,3,1,1,2,1,2,1,2,1,2,1,2,2],"left_sample":[1,2,2,1,1,2,1,1,2,1,1,1,2,2,3,3,2,2,2,3],"right_sample":[2,2,3,1,2,3,2,2,3,2,2,1,2,1,2,1,2,2,3,1],"exact_match":[0,0,0,1,0,0,0,0,0,0,0,1,1,1,0,0,0,0,1,0],"RT":[[0,0,0,765.4000000059605,0,0],[0,0,0,910.6000000089407,0,0],[0,0,0,731.2000000029802,0,0],[0,0,0,838.2000000029802,0,0],[0,0,0,1156.9000000059605,0,0],[0,0,0,670.5999999940395,0,0],[0,0,0,747.4000000059605,0,0],[0,0,0,738.2000000029802,0,0],[0,0,0,944.2000000029802,0,0],[0,0,0,1114.2000000029802,0,0],[0,0,0,605.9000000059605,0,0],[0,0,0,606,0,0],[0,0,0,582.1000000089407,0,0],[0,0,0,654.7000000029802,0,0],[0,0,0,676.2000000029802,0,0],[0,0,0,1002.7000000029802,0,0],[0,0,0,681.5999999940395,0,0],[0,0,0,870.3999999910593,0,0],[0,0,0,771.1000000089407,0,0],[0,0,0,972.2000000029802,0,0]],"response":[[0,0,0,1,0,0],[0,0,0,1,0,0],[0,0,0,1,0,0],[0,0,0,1,0,0],[0,0,0,1,0,0],[0,0,0,1,0,0],[0,0,0,1,0,0],[0,0,0,1,0,0],[0,0,0,1,0,0],[0,0,0,1,0,0],[0,0,0,1,0,0],[0,0,0,1,0,0],[0,0,0,1,0,0],[0,0,0,1,0,0],[0,0,0,1,0,0],[0,0,0,1,0,0],[0,0,0,1,0,0],[0,0,0,1,0,0],[0,0,0,1,0,0],[0,0,0,1,0,0]],"framerate":[60.00616885853093,60.00591986658204,60.007359393031884,60.00986463542954,60.005546731255535,60.00746504339555,60.00507085100746,58.87489788459573,60.01280273120164,60.0040853844455,60.00468329251156,60.008196241385505,60.00413821627015,60.01154068090017,60.00057416822519,60.01205482338022,60.005742176284805,60.00543035568829,60.0055819145967,60.01163221050692]}
