{"practice":[0,0,0,0,0,0,0,0,0,0,0,0,0,0,0,0,0,0,0,0],"center_interval":[75,75,0,75,25,25,25,25,0,25,75,100,100,0,25,25,100,25,25,50],"image_pair":[4,2,3,4,2,1,3,3,1,4,2,1,3,3,4,1,3,4,2,1],"feature_space":[1,1,1,1,1,1,2,2,1,1,1,2,2,2,1,1,1,1,1,1],"left_img":[1,1,2,1,2,2,1,1,2,1,2,1,1,2,2,1,1,1,2,1],"img1Sample":[3,1,1,2,2,1,2,3,3,1,1,1,2,2,2,2,2,2,1,1],"img2Sample":[1,3,2,2,2,3,2,3,3,2,1,3,2,3,1,3,3,3,1,2],"key":[49,49,50,50,49,49,49,50,49,50,49,49,50,49,49,50,49,50,50,49],"correct":[false,false,true,true,false,false,true,false,false,false,true,false,true,false,false,false,false,false,true,true],"right_img":[2,2,1,2,1,1,2,2,1,2,1,2,2,1,1,2,2,2,1,2],"img_choice":[1,1,1,2,2,2,1,2,2,2,2,1,2,2,2,2,1,2,1,1],"center_sample":[1,1,2,1,1,3,1,3,1,3,2,2,1,3,2,2,2,3,1,1],"left_sample":[3,1,2,2,2,3,2,3,3,1,1,1,2,3,1,2,2,2,1,1],"right_sample":[1,3,1,2,2,1,2,3,3,2,1,3,2,2,2,3,3,3,1,2],"RT":[[0,0,0,129.70000000298023,0,0],[0,0,0,94.5,0,0],[0,0,0,138.69999999925494,0,0],[0,0,0,123.40000000223517,0,0],[0,0,0,78.69999999925494,0,0],[0,0,0,89.09999999776483,0,0],[0,0,0,6,0,0],[0,0,0,6.199999999254942,0,0],[0,0,0,119.60000000149012,0,0],[0,0,0,105.40000000223517,0,0],[0,0,0,92.19999999925494,0,0],[0,0,0,35.30000000074506,0,0],[0,0,0,77.10000000149012,0,0],[0,0,0,37.099999997764826,0,0],[0,0,0,41.30000000074506,0,0],[0,0,0,24.199999999254942,0,0],[0,0,0,64.69999999925494,0,0],[0,0,0,62,0,0],[0,0,0,55.5,0,0],[0,0,0,95.5,0,0]],"response":[[0,0,0,1,0,0],[0,0,0,1,0,0],[0,0,0,1,0,0],[0,0,0,1,0,0],[0,0,0,1,0,0],[0,0,0,1,0,0],[0,0,0,1,0,0],[0,0,0,1,0,0],[0,0,0,1,0,0],[0,0,0,1,0,0],[0,0,0,1,0,0],[0,0,0,1,0,0],[0,0,0,1,0,0],[0,0,0,1,0,0],[0,0,0,1,0,0],[0,0,0,1,0,0],[0,0,0,1,0,0],[0,0,0,1,0,0],[0,0,0,1,0,0],[0,0,0,1,0,0]],"framerate":[59.967971651534754,60.018626470253025,60.024416711943466,59.99863639458168,59.998612748869185,60.008277003693806,60.00994247569231,59.62521294715757,59.994545950413865,60.02606846397264,60.018626470330155,60.008422234668224,60.0090186964825,59.99999999999999,59.993684875260605,59.64144551097936,60.02233389172744,60.00348857491714,60.00348857491714,60.00206903681709]}
