{"practice":[0,0,0,0,0,0,0,0,0,0,0,0,0,0,0,0,0,0,0,0],"center_interval":[75,100,25,75,50,100,25,100,0,75,25,100,0,0,25,75,100,0,100,100],"image_pair":[2,2,3,3,2,4,4,4,2,3,4,4,4,2,3,4,1,4,3,4],"feature_space":[1,2,1,2,1,2,2,2,2,1,1,1,1,2,1,1,2,2,2,2],"left_img":[2,1,2,1,1,1,2,2,2,1,2,1,2,1,2,2,1,2,2,1],"img1Sample":[2,3,3,2,2,2,2,2,1,2,2,3,1,1,3,1,2,2,1,3],"img2Sample":[2,1,1,3,2,3,1,2,3,3,3,3,2,1,1,2,2,2,2,2],"key":[50,49,49,49,50,49,49,50,50,49,50,49,49,49,49,50,50,49,49,49],"correct":[false,false,false,false,false,false,false,false,true,false,true,false,false,true,false,false,true,false,true,false],"right_img":[1,2,1,2,2,2,1,1,1,2,1,2,1,2,1,1,2,1,1,2],"img_choice":[1,1,2,1,2,1,2,1,1,1,1,1,2,1,2,1,2,2,2,1],"center_sample":[1,3,1,1,2,2,2,1,3,2,1,2,3,2,2,2,3,1,1,3],"left_sample":[2,3,1,2,2,2,1,2,3,2,3,3,2,1,1,2,2,2,2,3],"right_sample":[2,1,3,3,2,3,2,2,1,3,2,3,1,1,3,1,2,2,1,2],"RT":[[0,0,0,105.5,0,0],[0,0,0,112,0,0],[0,0,0,103.89999999850988,0,0],[0,0,0,55.80000000074506,0,0],[0,0,0,55.900000002235174,0,0],[0,0,0,43.100000001490116,0,0],[0,0,0,97.19999999925494,0,0],[0,0,0,105.10000000149012,0,0],[0,0,0,37.599999997764826,0,0],[0,0,0,58,0,0],[0,0,0,74.19999999925494,0,0],[0,0,0,3.900000002235174,0,0],[0,0,0,3.599999997764826,0,0],[0,0,0,112.89999999850988,0,0],[0,0,0,38.30000000074506,0,0],[0,0,0,44.19999999925494,0,0],[0,0,0,5.800000000745058,0,0],[0,0,0,9,0,0],[0,0,0,38.399999998509884,0,0],[0,0,0,171.40000000223517,0,0]],"response":[[0,0,0,1,0,0],[0,0,0,1,0,0],[0,0,0,1,0,0],[0,0,0,1,0,0],[0,0,0,1,0,0],[0,0,0,1,0,0],[0,0,0,1,0,0],[0,0,0,1,0,0],[0,0,0,1,0,0],[0,0,0,1,0,0],[0,0,0,1,0,0],[0,0,0,1,0,0],[0,0,0,1,0,0],[0,0,0,1,0,0],[0,0,0,1,0,0],[0,0,0,1,0,0],[0,0,0,1,0,0],[0,0,0,1,0,0],[0,0,0,1,0,0],[0,0,0,1,0,0]],"framerate":[60.00548621591326,60.01989230710331,59.98903057728119,60.01605080431607,60.005581914549914,60.00210533706075,59.96691480559369,60.02606846404933,59.98737107974132,60.041191049689225,59.998612748869185,59.96309963094876,58.973994600034025,59.676921493919856,59.985266776596866,60.02527379947883,59.97161107168204,60.022730501539336,60.008422234668224,59.62549827486536]}
