{"practice":[0,0,0,0,0,0,0,0,0,0,0,0,0,0,0,0,0,0,0,0],"center_interval":[100,25,100,0,25,100,25,25,0,50,75,50,0,0,75,25,75,50,25,100],"image_pair":[3,1,3,4,4,1,4,1,2,2,4,4,3,3,2,1,1,4,3,4],"feature_space":[1,2,2,1,1,2,2,1,2,1,2,1,1,1,2,1,1,1,2,1],"left_img":[1,1,2,2,1,2,2,2,2,1,2,1,2,1,1,2,2,1,2,1],"img1Sample":[1,2,1,1,1,3,2,1,2,2,2,2,3,2,3,3,3,2,1,1],"img2Sample":[2,2,2,2,1,3,3,2,3,3,3,2,1,3,1,3,1,3,3,2],"key":[49,50,50,null,null,null,null,null,null,null,null,null,null,null,null,null,null,null,null,null],"correct":[false,false,false,null,null,null,null,null,null,null,null,null,null,null,null,null,null,null,null,null],"right_img":[2,2,1,1,2,1,1,1,1,2,1,2,1,2,2,1,1,2,1,2],"img_choice":[1,2,1,null,null,null,null,null,null,null,null,null,null,null,null,null,null,null,null,null],"center_sample":[1,3,1,3,1,2,3,3,1,1,3,3,2,1,1,2,2,3,3,1],"left_sample":[1,2,2,2,1,3,3,2,3,2,3,2,1,2,3,3,1,2,3,1],"right_sample":[2,2,1,1,1,3,2,1,2,3,2,2,3,3,1,3,3,3,1,2],"RT":[[0,0,0,127,0,0],[0,0,0,26.699999999254942,0,0],[0,0,0,111.89999999850988,0,0],[0,0,0,0,0,0],[0,0,0,0,0,0],[0,0,0,0,0,0],[0,0,0,0,0,0],[0,0,0,0,0,0],[0,0,0,0,0,0],[0,0,0,0,0,0],[0,0,0,0,0,0],[0,0,0,0,0,0],[0,0,0,0,0,0],[0,0,0,0,0,0],[0,0,0,0,0,0],[0,0,0,0,0,0],[0,0,0,0,0,0],[0,0,0,0,0,0],[0,0,0,0,0,0],[0,0,0,0,0,0]],"response":[[0,0,0,1,0,0],[0,0,0,1,0,0],[0,0,0,1,0,0],[0,0,0,1,0,0],[0,0,0,1,0,0],[0,0,0,1,0,0],[0,0,0,1,0,0],[0,0,0,1,0,0],[0,0,0,1,0,0],[0,0,0,1,0,0],[0,0,0,1,0,0],[0,0,0,1,0,0],[0,0,0,1,0,0],[0,0,0,1,0,0],[0,0,0,1,0,0],[0,0,0,1,0,0],[0,0,0,1,0,0],[0,0,0,1,0,0],[0,0,0,1,0,0],[0,0,0,1,0,0]],"framerate":[60.00272739671509,59.996470795835535,59.970528768765305,60.01817181320851,60.00434999551063,59.916270852281976,59.70990723180084,59.99667395839047,59.996673958361875,60.02047606859483,59.877175025588535,59.998976563293844,59.874876859918174,60.01154068090017,60.0005117314319,59.6281557497551,59.87334484743811,59.99615409268637,60.009724390317764,60.005885438668535]}
