{"practice":[0,0,0,0,0,0,0,0,0,0,0,0,0,0,0,0,0,0,0,0],"center_interval":[0,0,0,25,25,100,75,0,75,0,25,25,75,25,0,50,100,100,50,0],"image_pair":[3,3,3,2,1,1,4,2,2,2,4,1,2,3,4,4,1,4,4,3],"feature_space":[2,1,1,2,2,2,1,1,1,1,2,2,1,1,1,1,1,1,2,2],"left_img":[1,2,1,2,1,1,1,1,1,2,1,1,1,1,1,2,1,1,2,1],"img1Sample":[1,1,3,1,2,1,2,2,2,2,3,1,1,1,3,2,2,1,2,1],"img2Sample":[2,3,3,1,2,2,2,1,3,2,3,1,1,1,3,3,1,1,2,2],"key":[49,49,50,50,49,50,49,50,50,50,50,49,49,49,50,50,49,50,49,49],"correct":[true,false,false,true,true,true,false,false,true,true,false,true,false,true,false,true,false,true,false,true],"right_img":[2,1,2,1,2,2,2,2,2,1,2,2,2,2,2,1,2,2,1,2],"img_choice":[1,2,2,1,1,2,1,2,2,1,2,1,1,1,2,1,1,2,2,1],"center_sample":[2,2,2,1,1,1,1,1,1,1,1,1,2,1,2,3,2,3,1,3],"left_sample":[1,3,3,1,2,1,2,2,2,2,3,1,1,1,3,3,2,1,2,1],"right_sample":[2,1,3,1,2,2,2,1,3,2,3,1,1,1,3,2,1,1,2,2],"RT":[[0,0,0,102.89999999850988,0,0],[0,0,0,8,0,0],[0,0,0,23.100000001490116,0,0],[0,0,0,161.5,0,0],[0,0,0,145.10000000149012,0,0],[0,0,0,51.900000002235174,0,0],[0,0,0,120.80000000074506,0,0],[0,0,0,39.5,0,0],[0,0,0,146,0,0],[0,0,0,4.800000000745058,0,0],[0,0,0,44.899999998509884,0,0],[0,0,0,105.19999999925494,0,0],[0,0,0,38.899999998509884,0,0],[0,0,0,113.69999999925494,0,0],[0,0,0,126.79999999701977,0,0],[0,0,0,26,0,0],[0,0,0,112.30000000074506,0,0],[0,0,0,90.30000000074506,0,0],[0,0,0,55.19999999925494,0,0],[0,0,0,71.30000000074506,0,0]],"response":[[0,0,0,1,0,0],[0,0,0,1,0,0],[0,0,0,1,0,0],[0,0,0,1,0,0],[0,0,0,1,0,0],[0,0,0,1,0,0],[0,0,0,1,0,0],[0,0,0,1,0,0],[0,0,0,1,0,0],[0,0,0,1,0,0],[0,0,0,1,0,0],[0,0,0,1,0,0],[0,0,0,1,0,0],[0,0,0,1,0,0],[0,0,0,1,0,0],[0,0,0,1,0,0],[0,0,0,1,0,0],[0,0,0,1,0,0],[0,0,0,1,0,0],[0,0,0,1,0,0]],"framerate":[60.01371742112483,59.967355049338124,60.007059654076954,59.68639352554376,59.993898925517854,60.011862810137174,60.000681825914604,60.00210533706075,60.02441671186763,59.99502999746739,59.985266776596866,60.00137145996507,60.033703131535525,59.99108703854311,59.66383689608642,59.994353472582794,60.019892307179994,59.92973754911114,58.66629638631017,60.023593088550804]}
