{"practice":[1,1,1,1,1],"center_interval":[100,25,50,50,25],"image_pair":[4,4,1,1,2],"feature_space":[2,1,2,2,2],"left_img":[2,1,1,2,1],"img1Sample":[1,1,3,3,3],"img2Sample":[1,2,2,2,1],"key":[49,49,50,50,49],"correct":[true,true,false,true,true],"right_img":[1,2,2,1,2],"img_choice":[2,1,2,1,1],"center_sample":[2,1,1,2,3],"left_sample":[1,1,3,2,3],"right_sample":[1,2,2,3,1],"RT":[[0,0,0,33.400000002235174,0,0],[0,0,0,5.300000000745058,0,0],[0,0,0,78.40000000223517,0,0],[0,0,0,120.90000000223517,0,0],[0,0,0,30.699999999254942,0,0]],"response":[[0,0,0,1,0,0],[0,0,0,1,0,0],[0,0,0,1,0,0],[0,0,0,1,0,0],[0,0,0,1,0,0]],"framerate":[59.95161799248162,59.66968566862013,59.666285079975175,60.01500375090723,59.998588268542875]}
