{"practice":[0,0,0,0,0,0,0,0,0,0,0,0,0,0,0,0,0,0,0,0],"center_interval":[50,75,50,100,25,75,75,25,50,75,0,0,50,0,100,25,50,75,100,25],"image_pair":[1,4,2,1,2,1,1,4,3,3,4,2,4,1,4,4,4,3,2,1],"feature_space":[1,1,1,2,1,1,2,1,2,2,1,2,1,2,1,2,1,1,2,2],"left_img":[2,2,2,2,2,1,1,2,1,1,2,2,1,2,2,2,1,2,2,1],"img1Sample":[2,2,3,3,1,3,1,1,1,2,2,1,2,2,1,1,1,1,1,2],"img2Sample":[1,1,3,1,2,2,1,1,1,3,3,1,3,3,2,3,3,3,3,3],"key":[50,50,50,49,50,49,50,49,50,49,50,50,50,49,50,49,49,49,49,49],"correct":[true,false,true,true,true,false,true,false,false,false,true,true,false,false,false,false,true,true,true,true],"right_img":[1,1,1,1,1,2,2,1,2,2,1,1,2,1,1,1,2,1,1,2],"img_choice":[1,1,1,2,1,1,2,2,2,1,1,1,2,2,1,2,1,2,2,1],"center_sample":[2,1,2,2,3,3,2,2,2,2,1,2,3,3,1,3,1,1,1,1],"left_sample":[1,1,3,1,2,3,1,1,1,2,3,1,2,3,2,3,1,3,3,2],"right_sample":[2,2,3,3,1,2,1,1,1,3,2,1,3,2,1,1,3,1,1,3],"RT":[[0,796.0999999046326,0,0],[0,709.5999999046326,0,0],[0,841.1999998092651,0,0],[0,893.4000000953674,0,0],[0,836.0999999046326,0,0],[0,880.7999999523163,0,0],[0,1037.4000000953674,0,0],[0,959.6000001430511,0,0],[0,620.2999999523163,0,0],[0,638.2000000476837,0,0],[0,555.1000001430511,0,0],[0,741.0999999046326,0,0],[0,737.6000001430511,0,0],[0,790,0,0],[0,729,0,0],[0,528.5,0,0],[0,668.1000001430511,0,0],[0,840.8999998569489,0,0],[0,939,0,0],[0,809.9000000953674,0,0]],"response":[[0,1,0,0],[0,1,0,0],[0,1,0,0],[0,1,0,0],[0,1,0,0],[0,1,0,0],[0,1,0,0],[0,1,0,0],[0,1,0,0],[0,1,0,0],[0,1,0,0],[0,1,0,0],[0,1,0,0],[0,1,0,0],[0,1,0,0],[0,1,0,0],[0,1,0,0],[0,1,0,0],[0,1,0,0],[0,1,0,0]],"framerate":[20.127706830205277,24.22774076404851,23.08176540455996,23.861602703560806,24.057171160508833,24.457958752754,23.501054534498344,24.74776318144544,22.45004864257315,25.51223790258831,24.576271186440678,25.157232704402517,19.828155980799384,24.646611090974993,24.645257654966393,23.83053839364519,26.450910220536368,24.831011174771717,21.56158118262006,23.343631994507383]}
