{"practice":[0,0,0,0,0,0,0,0,0,0,0,0,0,0,0,0,0,0,0,0],"center_interval":[0,0,50,25,0,50,50,0,75,0,75,75,0,50,25,50,50,50,100,25],"image_pair":[2,2,1,2,1,4,2,2,1,1,1,2,3,1,4,4,3,2,2,4],"feature_space":[2,1,1,2,2,1,2,2,1,1,2,1,1,1,1,2,2,1,1,2],"left_img":[1,2,2,2,2,2,2,1,1,2,2,2,1,2,2,2,1,2,2,2],"img1Sample":[2,3,3,2,1,3,3,1,2,2,1,3,1,3,3,2,1,1,1,3],"img2Sample":[2,3,2,1,3,3,3,3,2,2,3,2,3,2,3,3,3,3,1,2],"key":[50,49,50,50,50,50,50,50,49,50,49,50,49,49,50,50,50,49,49,49],"correct":[false,false,true,true,true,true,true,false,false,true,true,false,true,false,true,true,false,false,true,false],"right_img":[2,1,1,1,1,1,1,2,2,1,1,1,2,1,1,1,2,1,1,1],"img_choice":[2,2,1,1,1,1,1,2,1,1,2,1,1,2,1,1,2,2,2,2],"center_sample":[3,2,2,3,3,1,1,2,3,3,1,3,3,1,3,2,3,3,3,2],"left_sample":[2,3,2,1,3,3,3,1,2,2,3,2,1,2,3,3,1,3,1,2],"right_sample":[2,3,3,2,1,3,3,3,2,2,1,3,3,3,3,2,3,1,1,3],"RT":[[0,1519,0,0],[0,1159.2999999523163,0,0],[0,821.5999999046326,0,0],[0,904.6000001430511,0,0],[0,1013.8000001907349,0,0],[0,851.7000000476837,0,0],[0,1077,0,0],[0,955.6000001430511,0,0],[0,741.2000000476837,0,0],[0,704.5,0,0],[0,847.5,0,0],[0,694.5,0,0],[0,640.4000000953674,0,0],[0,710.7999999523163,0,0],[0,446.5,0,0],[0,831.2000000476837,0,0],[0,776.7999999523163,0,0],[0,716.5,0,0],[0,614.0999999046326,0,0],[0,1042.7000000476837,0,0]],"response":[[0,1,0,0],[0,1,0,0],[0,1,0,0],[0,1,0,0],[0,1,0,0],[0,1,0,0],[0,1,0,0],[0,1,0,0],[0,1,0,0],[0,1,0,0],[0,1,0,0],[0,1,0,0],[0,1,0,0],[0,1,0,0],[0,1,0,0],[0,1,0,0],[0,1,0,0],[0,1,0,0],[0,1,0,0],[0,1,0,0]],"framerate":[22.08927749654855,21.83895173090008,24.136266462000744,22.50463330756758,24.908869987849332,22.28525121627677,23.376775175167662,21.76557198443532,23.75473238977465,21.04114713138769,23.067290582679714,23.50978310074086,21.43707820563716,24.973512943523904,25.541576006381845,22.062486657251473,24.502940351206398,23.775912031652553,23.12520647596853,23.544646534672204]}
