{"practice":[0,0,0,0,0,0,0,0,0,0,0,0,0,0,0,0,0,0,0,0],"center_interval":[50,25,75,0,75,0,25,25,50,0,25,50,100,100,50,25,100,25,50,25],"image_pair":[2,1,1,2,3,3,3,2,3,1,4,1,2,3,1,2,2,3,3,1],"feature_space":[1,1,1,2,1,1,1,2,2,2,2,1,2,1,2,2,1,1,2,2],"left_img":[1,2,2,2,1,2,2,1,1,2,2,1,2,1,1,1,1,2,2,2],"img1Sample":[2,2,3,2,3,2,3,1,1,2,1,3,1,3,2,2,3,3,2,3],"img2Sample":[1,2,3,3,1,3,2,1,3,3,3,3,3,1,3,3,2,3,1,3],"key":[50,49,49,50,50,50,50,50,49,50,49,50,50,49,49,49,50,50,49,50],"correct":[false,false,true,true,true,true,true,false,true,true,false,false,false,false,true,true,true,true,false,true],"right_img":[2,1,1,1,2,1,1,2,2,1,1,2,1,2,2,2,2,1,1,1],"img_choice":[2,2,2,1,2,1,1,2,1,1,2,2,1,1,1,1,2,1,2,1],"center_sample":[3,2,2,3,3,1,1,3,1,3,1,3,2,2,2,1,3,1,2,2],"left_sample":[2,2,3,3,3,3,2,1,1,3,3,3,3,3,2,2,3,3,1,3],"right_sample":[1,2,3,2,1,2,3,1,3,2,1,3,1,1,3,3,2,3,2,3],"RT":[[0,613.2000000476837,0,0],[0,766.5,0,0],[0,580.9000000953674,0,0],[0,1085.0999999046326,0,0],[0,858.6999998092651,0,0],[0,569.7999999523163,0,0],[0,721.5,0,0],[0,902.9000000953674,0,0],[0,792.9000000953674,0,0],[0,1024.4000000953674,0,0],[0,992.0999999046326,0,0],[0,693.5999999046326,0,0],[0,1010.2999999523163,0,0],[0,782.7000000476837,0,0],[0,836.9000000953674,0,0],[0,895.0999999046326,0,0],[0,713.7000000476837,0,0],[0,823.4000000953674,0,0],[0,674.7000000476837,0,0],[0,691.0999999046326,0,0]],"response":[[0,1,0,0],[0,1,0,0],[0,1,0,0],[0,1,0,0],[0,1,0,0],[0,1,0,0],[0,1,0,0],[0,1,0,0],[0,1,0,0],[0,1,0,0],[0,1,0,0],[0,1,0,0],[0,1,0,0],[0,1,0,0],[0,1,0,0],[0,1,0,0],[0,1,0,0],[0,1,0,0],[0,1,0,0],[0,1,0,0]],"framerate":[26.117926394934706,25.878800946228168,26.131669899052564,21.812179450002997,20.930389576663345,25.443204200240928,24.213075062279916,21.110964504534504,24.16145537564556,22.656297836482146,21.053935230052502,20.46539831433073,23.808070326763026,22.725658690552724,24.615384615384617,20.4582651377857,25.80930610018536,23.90998593530239,24.029145024852806,25.807460701313367]}
