{"practice":[0,0,0,0,0,0,0,0,0,0,0,0,0,0,0,0,0,0,0,0],"center_interval":[50,100,50,25,75,50,100,25,25,25,50,100,50,100,0,75,50,75,0,0],"image_pair":[1,4,3,2,3,4,3,2,4,2,3,3,3,1,3,4,1,4,1,1],"feature_space":[2,1,1,1,1,2,1,1,1,2,2,1,2,2,2,1,2,2,2,1],"left_img":[2,2,2,1,2,1,1,1,2,2,2,2,2,2,1,1,1,2,1,2],"img1Sample":[2,3,3,3,1,1,3,1,2,2,1,1,1,2,1,1,1,3,2,2],"img2Sample":[1,3,2,1,2,2,1,2,3,2,2,1,2,2,3,3,3,3,1,2],"key":[null,49,49,49,49,49,49,50,49,50,50,49,null,50,null,50,50,50,49,49],"correct":[null,true,false,true,true,true,false,false,false,true,true,true,null,false,null,true,false,false,true,false],"right_img":[1,1,1,2,1,2,2,2,1,1,1,1,1,1,2,2,2,1,2,1],"img_choice":[null,2,2,1,2,1,1,2,2,1,1,2,null,1,null,2,2,1,1,2],"center_sample":[2,2,1,3,2,3,3,3,2,2,1,3,1,3,2,2,1,1,3,1],"left_sample":[1,3,2,3,2,1,3,1,3,2,2,1,2,2,1,1,1,3,2,2],"right_sample":[2,3,3,1,1,2,1,2,2,2,1,1,1,2,3,3,3,3,1,2],"RT":[[0,0,0,0,0,0],[0,0,0,449,0,0],[0,0,0,1621,0,0],[0,0,0,406,0,0],[0,0,0,554,0,0],[0,0,0,2456,0,0],[0,0,0,1455,0,0],[0,0,0,1011,0,0],[0,0,0,1305,0,0],[0,0,0,804,0,0],[0,0,0,716,0,0],[0,0,0,1436,0,0],[0,0,0,0,0,0],[0,0,0,711,0,0],[0,0,0,0,0,0],[0,0,0,2072,0,0],[0,0,0,1710,0,0],[0,0,0,713,0,0],[0,0,0,929,0,0],[0,0,0,1103,0,0]],"response":[[0,0,0,1,0,0],[0,0,0,1,0,0],[0,0,0,1,0,0],[0,0,0,1,0,0],[0,0,0,1,0,0],[0,0,0,1,0,0],[0,0,0,1,0,0],[0,0,0,1,0,0],[0,0,0,1,0,0],[0,0,0,1,0,0],[0,0,0,1,0,0],[0,0,0,1,0,0],[0,0,0,1,0,0],[0,0,0,1,0,0],[0,0,0,1,0,0],[0,0,0,1,0,0],[0,0,0,1,0,0],[0,0,0,1,0,0],[0,0,0,1,0,0],[0,0,0,1,0,0]],"framerate":[21.602965614214497,23.320036821110772,21.5633423180593,22.80537332083724,23.633677991137372,21.759877839282307,22.062238736646542,24.033437826541274,23.600973236009732,24.66740576496674,23.090079817559864,22.062238736646542,22.27342549923195,23.5024362281456,21.686439596887357,21.028991425071457,23.189045936395758,24.35610302351624,24.057738572574177,23.05327868852459]}
