{"practice":[0,0,0,0,0,0,0,0,0,0,0,0,0,0,0,0,0,0,0,0],"center_interval":[100,50,0,0,50,25,100,50,50,0,0,0,25,0,25,0,50,50,100,100],"image_pair":[1,1,1,4,4,4,1,1,4,4,3,3,3,1,1,3,3,3,4,4],"feature_space":[1,1,1,2,1,2,1,2,2,2,1,1,2,2,1,2,1,1,1,1],"left_img":[2,2,1,1,2,1,2,1,1,2,1,1,2,2,1,1,1,1,1,1],"img1Sample":[2,3,3,2,2,2,3,2,2,1,2,1,2,2,2,3,2,2,2,2],"img2Sample":[3,2,1,3,2,1,3,3,2,3,3,2,1,3,1,3,2,2,2,2],"key":[null,null,null,null,null,null,null,null,null,null,null,null,null,null,null,null,null,null,null,null],"correct":[null,null,null,null,null,null,null,null,null,null,null,null,null,null,null,null,null,null,null,null],"right_img":[1,1,2,2,1,2,1,2,2,1,2,2,1,1,2,2,2,2,2,2],"img_choice":[null,null,null,null,null,null,null,null,null,null,null,null,null,null,null,null,null,null,null,null],"center_sample":[2,2,2,1,3,1,2,2,1,2,1,3,2,3,1,1,1,2,1,1],"left_sample":[3,2,3,2,2,2,3,2,2,3,2,1,1,3,2,3,2,2,2,2],"right_sample":[2,3,1,3,2,1,3,3,2,1,3,2,2,2,1,3,2,2,2,2],"RT":[[0,0,0,0,0,0],[0,0,0,0,0,0],[0,0,0,0,0,0],[0,0,0,0,0,0],[0,0,0,0,0,0],[0,0,0,0,0,0],[0,0,0,0,0,0],[0,0,0,0,0,0],[0,0,0,0,0,0],[0,0,0,0,0,0],[0,0,0,0,0,0],[0,0,0,0,0,0],[0,0,0,0,0,0],[0,0,0,0,0,0],[0,0,0,0,0,0],[0,0,0,0,0,0],[0,0,0,0,0,0],[0,0,0,0,0,0],[0,0,0,0,0,0],[0,0,0,0,0,0]],"response":[[0,0,0,1,0,0],[0,0,0,1,0,0],[0,0,0,1,0,0],[0,0,0,1,0,0],[0,0,0,1,0,0],[0,0,0,1,0,0],[0,0,0,1,0,0],[0,0,0,1,0,0],[0,0,0,1,0,0],[0,0,0,1,0,0],[0,0,0,1,0,0],[0,0,0,1,0,0],[0,0,0,1,0,0],[0,0,0,1,0,0],[0,0,0,1,0,0],[0,0,0,1,0,0],[0,0,0,1,0,0],[0,0,0,1,0,0],[0,0,0,1,0,0],[0,0,0,1,0,0]],"framerate":[22.13691618682022,22.23926380368098,22.64919200916147,21.73913043478261,21.963989273400585,22.76505947052053,22.834545222604923,21.99207262498402,22.76797134817089,22.094508301404854,23.22910019144863,22.759237949111366,22.872476360848452,21.822849807445444,22.15676229508197,22.753419404320592,22.91933418693982,22.805893657911593,21.975214002810784,22.59959141981614]}
