{"practice":[0,0,0,0,0,0,0,0,0,0,0,0,0,0,0,0,0,0,0,0],"center_interval":[100,0,0,100,100,75,100,25,50,0,75,50,0,0,100,100,100,75,100,50],"image_pair":[2,2,3,2,1,1,3,4,4,1,4,3,1,2,3,1,1,2,3,3],"feature_space":[1,1,2,1,1,1,2,2,1,1,1,1,1,1,1,1,1,2,1,1],"left_img":[1,2,2,1,2,1,2,1,2,2,1,2,2,2,1,2,2,2,1,1],"img1Sample":[1,1,3,2,3,1,2,3,2,1,2,2,1,1,3,2,2,1,3,2],"img2Sample":[1,1,3,2,2,2,1,2,1,2,3,1,1,3,3,3,3,2,1,2],"key":[49,50,null,null,null,null,null,null,null,null,null,null,null,null,null,null,null,null,49,null],"correct":[false,true,null,null,null,null,null,null,null,null,null,null,null,null,null,null,null,null,false,null],"right_img":[2,1,1,2,1,2,1,2,1,1,2,1,1,1,2,1,1,1,2,2],"img_choice":[1,1,null,null,null,null,null,null,null,null,null,null,null,null,null,null,null,null,1,null],"center_sample":[2,2,2,1,3,1,3,2,3,2,1,1,3,2,1,1,1,1,3,2],"left_sample":[1,1,3,2,2,1,1,3,1,2,2,1,1,3,3,3,3,2,3,2],"right_sample":[1,1,3,2,3,2,2,2,2,1,3,2,1,1,3,2,2,1,1,2],"RT":[[0,0,0,1065,0,0],[0,0,0,859,0,0],[0,0,0,0,0,0],[0,0,0,0,0,0],[0,0,0,0,0,0],[0,0,0,0,0,0],[0,0,0,0,0,0],[0,0,0,0,0,0],[0,0,0,0,0,0],[0,0,0,0,0,0],[0,0,0,0,0,0],[0,0,0,0,0,0],[0,0,0,0,0,0],[0,0,0,0,0,0],[0,0,0,0,0,0],[0,0,0,0,0,0],[0,0,0,0,0,0],[0,0,0,0,0,0],[0,0,0,3011,0,0],[0,0,0,0,0,0]],"response":[[0,0,0,1,0,0],[0,0,0,1,0,0],[0,0,0,1,0,0],[0,0,0,1,0,0],[0,0,0,1,0,0],[0,0,0,1,0,0],[0,0,0,1,0,0],[0,0,0,1,0,0],[0,0,0,1,0,0],[0,0,0,1,0,0],[0,0,0,1,0,0],[0,0,0,1,0,0],[0,0,0,1,0,0],[0,0,0,1,0,0],[0,0,0,1,0,0],[0,0,0,1,0,0],[0,0,0,1,0,0],[0,0,0,1,0,0],[0,0,0,1,0,0],[0,0,0,1,0,0]],"framerate":[21.238021238021236,23.758099352051833,20.282413350449293,20.958466453674124,20.541789703427913,21.32822477650064,21.516393442622952,20.664869721473494,21.952776005105296,21.535700551211384,21.325501213127314,21.458679269383065,21.702838063439064,21.105141980046046,20.478249809208855,21.580896437236625,21.655561250640698,20.820028100651424,21.313166036438638,21.382206949217256]}
