{"practice":[0,0,0,0,0,0,0,0,0,0,0,0,0,0,0,0,0,0,0,0],"center_interval":[25,50,0,25,50,75,0,50,25,100,75,0,50,0,100,100,0,100,25,25],"image_pair":[4,1,1,3,3,4,1,3,3,2,1,2,1,3,4,3,4,3,3,4],"feature_space":[2,2,1,1,2,2,1,2,1,1,2,1,2,2,2,2,2,1,1,2],"left_img":[1,1,2,1,2,2,1,1,2,2,1,1,2,2,2,2,2,2,1,2],"img1Sample":[2,3,3,1,2,1,2,2,2,2,3,1,1,2,3,2,2,1,2,2],"img2Sample":[1,2,3,3,2,2,2,2,1,2,2,3,3,1,1,3,3,1,3,1],"key":[49,null,49,49,50,null,49,50,50,50,49,null,50,50,50,null,50,49,50,49],"correct":[true,null,false,true,true,null,true,false,true,false,false,null,true,true,false,null,true,true,false,false],"right_img":[2,2,1,2,1,1,2,2,1,1,2,2,1,1,1,1,1,1,2,1],"img_choice":[1,null,2,1,1,null,1,2,1,1,1,null,1,1,1,null,1,2,2,2],"center_sample":[1,2,2,1,3,3,3,3,1,3,2,3,3,1,2,2,3,2,1,3],"left_sample":[2,3,3,1,2,2,2,2,1,2,3,1,3,1,1,3,3,1,2,1],"right_sample":[1,2,3,3,2,1,2,2,2,2,2,3,1,2,3,2,2,1,3,2],"RT":[[0,0,0,1106,0,0],[0,0,0,0,0,0],[0,0,0,841,0,0],[0,0,0,1378,0,0],[0,0,0,1091,0,0],[0,0,0,0,0,0],[0,0,0,1172,0,0],[0,0,0,1205,0,0],[0,0,0,18,0,0],[0,0,0,220,0,0],[0,0,0,1411,0,0],[0,0,0,0,0,0],[0,0,0,1234,0,0],[0,0,0,1009,0,0],[0,0,0,114,0,0],[0,0,0,0,0,0],[0,0,0,1708,0,0],[0,0,0,1318,0,0],[0,0,0,1569,0,0],[0,0,0,1148,0,0]],"response":[[0,0,0,1,0,0],[0,0,0,1,0,0],[0,0,0,1,0,0],[0,0,0,1,0,0],[0,0,0,1,0,0],[0,0,0,1,0,0],[0,0,0,1,0,0],[0,0,0,1,0,0],[0,0,0,1,0,0],[0,0,0,1,0,0],[0,0,0,1,0,0],[0,0,0,1,0,0],[0,0,0,1,0,0],[0,0,0,1,0,0],[0,0,0,1,0,0],[0,0,0,1,0,0],[0,0,0,1,0,0],[0,0,0,1,0,0],[0,0,0,1,0,0],[0,0,0,1,0,0]],"framerate":[23.155216284987276,22.173801589336065,23.452413416962095,22.983002154656454,23.839715952320567,22.042804049724463,21.72827172827173,23.491592482690407,24.050191704426627,23.332237923102202,22.88815478999528,21.07156623409996,23.27860818426856,24.499473129610113,24.96626180836707,22.637165877989514,23.16258351893096,22.46919545784006,22.788808664259925,23.930753564154784]}
