{"practice":[0,0,0,0,0,0,0,0,0,0,0,0,0,0,0,0,0,0,0,0],"center_interval":[75,75,0,75,0,50,75,75,50,50,75,75,0,50,50,0,0,100,50,100],"image_pair":[2,3,1,4,4,1,1,3,4,1,2,2,1,2,3,3,3,2,4,2],"feature_space":[1,2,1,2,1,1,2,1,2,2,1,1,2,2,1,1,2,2,1,2],"left_img":[2,2,1,1,1,2,2,2,2,2,2,2,2,1,2,2,1,1,2,1],"img1Sample":[1,2,3,2,1,1,3,2,1,1,1,2,3,1,2,2,1,2,1,3],"img2Sample":[3,3,1,3,2,3,3,2,1,1,3,3,2,3,1,3,3,3,2,2],"key":[49,50,49,49,null,50,50,null,null,null,null,null,null,null,null,null,null,null,null,null],"correct":[true,false,true,false,null,true,false,null,null,null,null,null,null,null,null,null,null,null,null,null],"right_img":[1,1,2,2,2,1,1,1,1,1,1,1,1,2,1,1,2,2,1,2],"img_choice":[2,1,1,1,null,1,1,null,null,null,null,null,null,null,null,null,null,null,null,null],"center_sample":[2,3,1,2,2,1,3,1,1,2,1,3,1,3,1,3,3,2,3,3],"left_sample":[3,3,3,2,1,3,3,2,1,1,3,3,2,1,1,3,1,2,2,3],"right_sample":[1,2,1,3,2,1,3,2,1,1,1,2,3,3,2,2,3,3,1,2],"RT":[[0,0,0,168,0,0],[0,0,0,1131,0,0],[0,0,0,2900,0,0],[0,0,0,1281,0,0],[0,0,0,0,0,0],[0,0,0,3513,0,0],[0,0,0,408,0,0],[0,0,0,0,0,0],[0,0,0,0,0,0],[0,0,0,0,0,0],[0,0,0,0,0,0],[0,0,0,0,0,0],[0,0,0,0,0,0],[0,0,0,0,0,0],[0,0,0,0,0,0],[0,0,0,0,0,0],[0,0,0,0,0,0],[0,0,0,0,0,0],[0,0,0,0,0,0],[0,0,0,0,0,0]],"response":[[0,0,0,1,0,0],[0,0,0,1,0,0],[0,0,0,1,0,0],[0,0,0,1,0,0],[0,0,0,1,0,0],[0,0,0,1,0,0],[0,0,0,1,0,0],[0,0,0,1,0,0],[0,0,0,1,0,0],[0,0,0,1,0,0],[0,0,0,1,0,0],[0,0,0,1,0,0],[0,0,0,1,0,0],[0,0,0,1,0,0],[0,0,0,1,0,0],[0,0,0,1,0,0],[0,0,0,1,0,0],[0,0,0,1,0,0],[0,0,0,1,0,0],[0,0,0,1,0,0]],"framerate":[23.482053002348202,23.25581395348837,21.418539325842694,21.876519202722413,21.962496789108656,22.494887525562373,22.73435066957334,22.642957656389918,11.633211678832117,17.263427109974426,17.868538608806638,18.239795918367346,17.635782747603834,18.328633683670855,17.964071856287426,18.65099642309658,18.28410689170183,18.46864178530204,18.035303146584805,18.653379327967293]}
