{"practice":[0,0,0,0,0,0,0,0,0,0,0,0,0,0,0,0,0,0,0,0],"center_interval":[75,50,0,0,50,25,100,25,100,25,50,75,50,25,50,25,100,50,50,100],"image_pair":[3,1,2,3,4,1,3,2,4,2,3,3,1,1,1,4,4,1,2,4],"feature_space":[1,1,2,1,2,1,1,2,2,1,2,1,1,1,1,1,2,2,1,1],"left_img":[1,2,2,2,1,2,2,1,1,1,1,1,2,2,1,2,1,1,1,1],"img1Sample":[1,3,1,2,2,3,3,2,3,2,3,1,2,3,3,1,3,2,1,1],"img2Sample":[2,1,2,3,1,2,3,2,3,1,1,3,2,3,3,1,2,2,3,2],"key":[50,49,49,49,50,50,50,49,49,50,49,49,50,50,49,50,49,50,49,49],"correct":[true,false,false,false,false,true,false,true,false,false,true,false,true,true,true,true,false,false,true,false],"right_img":[2,1,1,1,2,1,1,2,2,2,2,2,1,1,2,1,2,2,2,2],"img_choice":[2,2,2,2,2,1,1,1,1,2,1,1,1,1,1,1,1,2,1,1],"center_sample":[3,1,2,3,1,2,2,2,1,3,3,1,1,1,1,2,3,3,3,1],"left_sample":[1,1,2,3,2,2,3,2,3,2,3,1,2,3,3,1,3,2,1,1],"right_sample":[2,3,1,2,1,3,3,2,3,1,1,3,2,3,3,1,2,2,3,2],"RT":[[0,0,0,478,0,0],[0,0,0,24,0,0],[0,0,0,32,0,0],[0,0,0,28,0,0],[0,0,0,97,0,0],[0,0,0,118,0,0],[0,0,0,220,0,0],[0,0,0,41,0,0],[0,0,0,78,0,0],[0,0,0,173,0,0],[0,0,0,76,0,0],[0,0,0,30,0,0],[0,0,0,193,0,0],[0,0,0,109,0,0],[0,0,0,28,0,0],[0,0,0,214,0,0],[0,0,0,101,0,0],[0,0,0,32,0,0],[0,0,0,32,0,0],[0,0,0,111,0,0]],"response":[[0,0,0,1,0,0],[0,0,0,1,0,0],[0,0,0,1,0,0],[0,0,0,1,0,0],[0,0,0,1,0,0],[0,0,0,1,0,0],[0,0,0,1,0,0],[0,0,0,1,0,0],[0,0,0,1,0,0],[0,0,0,1,0,0],[0,0,0,1,0,0],[0,0,0,1,0,0],[0,0,0,1,0,0],[0,0,0,1,0,0],[0,0,0,1,0,0],[0,0,0,1,0,0],[0,0,0,1,0,0],[0,0,0,1,0,0],[0,0,0,1,0,0],[0,0,0,1,0,0]],"framerate":[25.93835825450107,22.15969046781569,22.270114942528735,23.77670572019297,24.038461538461537,22.587268993839835,22.66754270696452,28.159098908834913,26.496902959394358,24.96671105193076,24.44903581267218,25.26315789473684,25.0668449197861,24.166099387338324,25.937609533824045,25.810721376571806,23.343631994507383,28.90377158970744,26.0196905766526,25.88555858310627]}
