{"practice":[0,0,0,0,0,0,0,0,0,0,0,0,0,0,0,0,0,0,0,0],"center_interval":[75,75,100,0,50,50,75,0,0,100,100,0,75,100,25,75,0,50,50,25],"image_pair":[1,4,1,1,4,2,2,4,1,1,1,2,3,3,1,3,3,3,3,2],"feature_space":[2,2,2,2,2,1,1,2,2,2,2,1,1,1,1,1,2,1,2,1],"left_img":[1,1,2,2,2,1,1,1,2,1,2,2,1,2,2,2,1,2,2,2],"img1Sample":[3,1,2,2,3,2,2,1,3,3,3,3,2,2,2,1,1,3,3,1],"img2Sample":[2,1,3,3,1,3,2,1,1,3,3,1,3,3,2,1,2,3,1,2],"key":[49,49,50,50,49,49,49,50,49,49,49,50,50,50,50,49,49,50,50,50],"correct":[false,false,false,true,false,true,false,false,false,false,true,true,true,false,true,true,true,true,true,true],"right_img":[2,2,1,1,1,2,2,2,1,2,1,1,2,1,1,1,2,1,1,1],"img_choice":[1,1,1,1,2,1,1,2,2,1,2,1,2,1,1,2,1,1,1,1],"center_sample":[1,1,2,1,3,2,2,3,1,2,2,1,2,2,3,2,2,3,1,3],"left_sample":[3,1,3,3,1,2,2,1,1,3,3,1,2,3,2,1,1,3,1,2],"right_sample":[2,1,2,2,3,3,2,1,3,3,3,3,3,2,2,1,2,3,3,1],"RT":[[0,0,0,112,0,0],[0,0,0,122,0,0],[0,0,0,162,0,0],[0,0,0,113,0,0],[0,0,0,121,0,0],[0,0,0,137,0,0],[0,0,0,241,0,0],[0,0,0,179,0,0],[0,0,0,106,0,0],[0,0,0,103,0,0],[0,0,0,186,0,0],[0,0,0,108,0,0],[0,0,0,116,0,0],[0,0,0,169,0,0],[0,0,0,188,0,0],[0,0,0,97,0,0],[0,0,0,111,0,0],[0,0,0,379,0,0],[0,0,0,108,0,0],[0,0,0,103,0,0]],"response":[[0,0,0,1,0,0],[0,0,0,1,0,0],[0,0,0,1,0,0],[0,0,0,1,0,0],[0,0,0,1,0,0],[0,0,0,1,0,0],[0,0,0,1,0,0],[0,0,0,1,0,0],[0,0,0,1,0,0],[0,0,0,1,0,0],[0,0,0,1,0,0],[0,0,0,1,0,0],[0,0,0,1,0,0],[0,0,0,1,0,0],[0,0,0,1,0,0],[0,0,0,1,0,0],[0,0,0,1,0,0],[0,0,0,1,0,0],[0,0,0,1,0,0],[0,0,0,1,0,0]],"framerate":[22.45661789724396,25.867937372362153,25.269541778975743,24.133242692046228,27.045532351934266,22.35015238740264,22.55639097744361,24,27.538726333907057,24.76780185758514,24.650233177881415,24.514811031664966,27.247956403269754,26.666666666666668,25.65811396201266,26.152787336545078,23.46938775510204,24.261275272161743,24.166099387338324,23.351648351648354]}
