{"practice":[0,0,0,0,0,0,0,0,0,0,0,0,0,0,0,0,0,0,0,0],"center_interval":[25,75,75,100,100,75,75,100,100,50,100,25,100,50,100,0,75,100,50,100],"image_pair":[1,1,2,4,1,2,4,4,1,4,1,2,1,2,1,3,2,2,3,3],"feature_space":[1,2,2,1,2,1,2,2,1,1,2,1,2,1,1,2,1,1,2,2],"left_img":[2,1,1,2,1,1,2,2,1,1,2,2,1,2,2,1,1,2,2,1],"img1Sample":[2,3,1,1,1,2,3,3,3,3,1,2,3,2,3,2,1,2,1,3],"img2Sample":[3,2,2,3,3,2,1,1,1,2,2,1,2,1,1,2,2,1,2,2],"key":[50,50,49,50,50,50,49,49,50,50,50,50,50,50,50,50,49,50,50,49],"correct":[true,true,false,false,true,true,true,true,true,false,false,true,true,true,false,false,false,false,true,false],"right_img":[1,2,2,1,2,2,1,1,2,2,1,1,2,1,1,2,2,1,1,2],"img_choice":[1,2,1,1,2,2,2,2,2,2,1,1,2,1,1,2,1,1,1,1],"center_sample":[3,2,1,1,2,3,2,3,2,1,1,2,1,1,2,1,2,3,1,1],"left_sample":[3,3,1,3,1,2,1,1,3,3,2,1,3,1,1,2,1,1,2,3],"right_sample":[2,2,2,1,3,2,3,3,1,2,1,2,2,2,3,2,2,2,1,2],"RT":[[0,0,0,1264,0,0],[0,0,0,1436,0,0],[0,0,0,1488,0,0],[0,0,0,36,0,0],[0,0,0,418,0,0],[0,0,0,135,0,0],[0,0,0,28,0,0],[0,0,0,135,0,0],[0,0,0,32,0,0],[0,0,0,175,0,0],[0,0,0,17,0,0],[0,0,0,108,0,0],[0,0,0,119,0,0],[0,0,0,105,0,0],[0,0,0,150,0,0],[0,0,0,116,0,0],[0,0,0,116,0,0],[0,0,0,276,0,0],[0,0,0,250,0,0],[0,0,0,164,0,0]],"response":[[0,0,0,1,0,0],[0,0,0,1,0,0],[0,0,0,1,0,0],[0,0,0,1,0,0],[0,0,0,1,0,0],[0,0,0,1,0,0],[0,0,0,1,0,0],[0,0,0,1,0,0],[0,0,0,1,0,0],[0,0,0,1,0,0],[0,0,0,1,0,0],[0,0,0,1,0,0],[0,0,0,1,0,0],[0,0,0,1,0,0],[0,0,0,1,0,0],[0,0,0,1,0,0],[0,0,0,1,0,0],[0,0,0,1,0,0],[0,0,0,1,0,0],[0,0,0,1,0,0]],"framerate":[22.477400439775227,23.764705882352942,23.185717597959655,23.550087873462214,24.55704072116879,25.18720217835262,24.956063268892798,24.166099387338324,24.33862433862434,25.274359827070167,23.10700319943121,27.862725110431533,23.549488054607508,23.81762504253147,24.88231338264963,26.252983293556085,23.12925170068027,22.286821705426355,23.55250245338567,26.581426648721397]}
