{"practice":[1,1,1,1,1],"center_interval":[50,100,75,25,50],"image_pair":[2,3,1,2,3],"feature_space":[1,2,2,2,2],"left_img":[2,1,1,2,1],"img1Sample":[2,2,2,2,3],"img2Sample":[1,3,1,2,3],"key":[49,50,50,49,49],"correct":[false,true,true,false,true],"right_img":[1,2,2,1,2],"img_choice":[2,2,2,2,1],"center_sample":[2,2,3,1,1],"left_sample":[1,2,2,2,3],"right_sample":[2,3,1,2,3],"RT":[[0,0,0,2121,0,0],[0,0,0,4853,0,0],[0,0,0,2157,0,0],[0,0,0,2135,0,0],[0,0,0,1077,0,0]],"response":[[0,0,0,1,0,0],[0,0,0,1,0,0],[0,0,0,1,0,0],[0,0,0,1,0,0],[0,0,0,1,0,0]],"framerate":[27.755267423014587,20.765312785686298,24.954719259408332,23.905996758508916,25.59508574353724]}
