{"practice":[0,0,0,0,0,0,0,0,0,0,0,0,0,0,0,0,0,0,0,0],"center_interval":[25,50,0,25,25,50,0,100,75,50,50,25,25,75,25,100,100,25,50,50],"image_pair":[2,4,1,3,3,1,1,2,4,4,3,3,1,1,1,4,3,4,3,2],"feature_space":[1,1,2,1,2,1,1,1,2,2,2,2,1,2,1,2,1,1,1,1],"left_img":[1,2,1,2,1,1,1,1,2,2,1,1,1,2,2,1,2,1,1,2],"img1Sample":[2,2,3,1,1,2,3,1,1,1,2,3,2,3,1,1,2,2,3,1],"img2Sample":[3,2,3,3,3,1,3,2,1,1,3,3,3,1,3,1,1,2,2,1],"key":[null,49,50,50,50,49,50,49,49,50,50,50,50,49,50,50,49,49,50,49],"correct":[null,false,false,true,false,true,false,false,true,true,false,false,false,true,true,true,true,true,false,false],"right_img":[2,1,2,1,2,2,2,2,1,1,2,2,2,1,1,2,1,2,2,1],"img_choice":[null,2,2,1,2,1,2,1,2,1,2,2,2,2,1,2,2,1,2,2],"center_sample":[3,1,2,2,1,1,2,1,2,1,3,2,3,1,2,2,2,2,1,3],"left_sample":[2,2,3,3,1,2,3,1,1,1,2,3,2,1,3,1,1,2,3,1],"right_sample":[3,2,3,1,3,1,3,2,1,1,3,3,3,3,1,1,2,2,2,1],"RT":[[0,0,0,0,0,0],[0,0,0,2902,0,0],[0,0,0,690,0,0],[0,0,0,86,0,0],[0,0,0,705,0,0],[0,0,0,121,0,0],[0,0,0,26,0,0],[0,0,0,157,0,0],[0,0,0,115,0,0],[0,0,0,111,0,0],[0,0,0,105,0,0],[0,0,0,116,0,0],[0,0,0,105,0,0],[0,0,0,235,0,0],[0,0,0,113,0,0],[0,0,0,110,0,0],[0,0,0,158,0,0],[0,0,0,22,0,0],[0,0,0,115,0,0],[0,0,0,113,0,0]],"response":[[0,0,0,1,0,0],[0,0,0,1,0,0],[0,0,0,1,0,0],[0,0,0,1,0,0],[0,0,0,1,0,0],[0,0,0,1,0,0],[0,0,0,1,0,0],[0,0,0,1,0,0],[0,0,0,1,0,0],[0,0,0,1,0,0],[0,0,0,1,0,0],[0,0,0,1,0,0],[0,0,0,1,0,0],[0,0,0,1,0,0],[0,0,0,1,0,0],[0,0,0,1,0,0],[0,0,0,1,0,0],[0,0,0,1,0,0],[0,0,0,1,0,0],[0,0,0,1,0,0]],"framerate":[19.959058341862846,21.689697393737976,25.157232704402517,26.13480055020633,21.523647691871993,22.4642614023145,24.27867698803659,24.152968802415295,25.2904989747095,25.527569775357385,28.236914600550964,29.591836734693874,25.204359673024523,24.804177545691903,25.88555858310627,22.116366110922083,30.323450134770894,26.73232500879353,26.879891119428375,23.14499659632403]}
