{"practice":[0,0,0,0,0,0,0,0,0,0,0,0,0,0,0,0,0,0,0,0],"center_interval":[100,75,25,25,50,75,0,50,50,0,0,100,50,0,50,0,50,75,75,50],"image_pair":[4,3,2,3,1,2,4,3,4,1,2,2,2,4,3,3,4,4,4,1],"feature_space":[2,2,1,2,2,2,2,1,2,1,2,1,2,2,1,2,2,2,2,1],"left_img":[1,1,2,1,1,1,1,2,1,2,1,2,1,1,2,2,2,2,1,2],"img1Sample":[1,2,3,1,3,3,2,3,2,1,1,2,2,2,2,1,2,2,1,3],"img2Sample":[1,1,3,2,1,3,1,2,1,1,3,3,2,1,2,1,1,1,2,2],"stim_time":[2000,2000,2000,2000,2000,2000,2000,2000,2000,2000,2000,2000,2000,2000,2000,2000,2000,2000,2000,2000],"key":[49,49,50,50,50,50,49,49,50,50,49,49,49,50,50,50,50,50,49,49],"correct":[false,false,true,false,false,true,true,false,false,true,true,true,true,false,true,true,true,false,false,false],"right_img":[2,2,1,2,2,2,2,1,2,1,2,1,2,2,1,1,1,1,2,1],"img_choice":[1,1,1,2,2,2,1,2,2,1,1,2,1,2,1,1,1,1,1,2],"center_sample":[2,1,1,1,2,1,2,3,1,1,3,2,2,1,3,3,2,1,1,3],"left_sample":[1,2,3,1,3,3,2,2,2,1,1,3,2,2,2,1,1,1,1,2],"right_sample":[1,1,3,2,1,3,1,3,1,1,3,2,2,1,2,1,2,2,2,3],"exact_match":[0,0,0,0,0,0,1,0,0,1,0,0,0,0,0,0,0,0,0,0],"RT":[[0,0,0,1114.9499999992258,0,0],[0,0,0,1151.8950000008917,0,0],[0,0,0,661.0149999996647,0,0],[0,0,0,758.6849999988626,0,0],[0,0,0,1072.1950000006473,0,0],[0,0,0,1080.4100000004692,0,0],[0,0,0,823.9549999998417,0,0],[0,0,0,1625.625000000582,0,0],[0,0,0,1267.6350000001548,0,0],[0,0,0,611.4600000000792,0,0],[0,0,0,1924.3850000002421,0,0],[0,0,0,1241.5100000016391,0,0],[0,0,0,921.2950000001001,0,0],[0,0,0,886.0999999997439,0,0],[0,0,0,685.9199999999255,0,0],[0,0,0,762.4899999991758,0,0],[0,0,0,669.9099999986938,0,0],[0,0,0,682.5749999989057,0,0],[0,0,0,778.7100000005157,0,0],[0,0,0,1070.9999999999127,0,0]],"response":[[0,0,0,1,0,0],[0,0,0,1,0,0],[0,0,0,1,0,0],[0,0,0,1,0,0],[0,0,0,1,0,0],[0,0,0,1,0,0],[0,0,0,1,0,0],[0,0,0,1,0,0],[0,0,0,1,0,0],[0,0,0,1,0,0],[0,0,0,1,0,0],[0,0,0,1,0,0],[0,0,0,1,0,0],[0,0,0,1,0,0],[0,0,0,1,0,0],[0,0,0,1,0,0],[0,0,0,1,0,0],[0,0,0,1,0,0],[0,0,0,1,0,0],[0,0,0,1,0,0]],"framerate":[55.74547481653578,55.12887318091606,55.391752398892336,55.62719664211415,55.67343043260243,56.054964721370716,56.139964637322244,55.74620355940366,56.1865000940432,54.90020864999481,54.86707922490569,55.871860607113135,54.57595287206159,56.154247851828394,53.9299283850891,57.155522966069796,55.461682586743265,55.3510561870631,55.598938870503105,55.686321016165614]}
