{"practice":[0,0,0,0,0,0,0,0,0,0,0,0,0,0,0,0,0,0,0,0],"center_interval":[75,50,100,0,0,25,75,75,75,0,75,50,75,25,0,25,25,25,75,100],"image_pair":[2,2,4,1,1,1,4,1,3,2,2,2,4,1,3,4,2,4,4,4],"feature_space":[2,2,1,1,1,2,1,2,2,1,1,2,1,2,2,2,2,1,1,1],"left_img":[1,1,2,1,1,1,1,2,2,1,2,2,2,1,2,2,2,2,1,1],"img1Sample":[1,2,3,2,3,3,1,3,3,1,2,2,3,3,3,2,2,3,1,2],"img2Sample":[1,1,2,2,1,2,3,1,1,1,1,2,3,1,1,1,3,1,3,2],"stim_time":[250,250,250,250,250,250,250,250,250,250,250,250,250,250,250,250,250,250,250,250],"key":[50,49,49,49,50,49,49,50,49,49,49,49,50,49,50,50,49,50,50,50],"correct":[true,true,true,true,false,true,false,false,true,true,true,false,false,true,true,true,false,true,true,true],"right_img":[2,2,1,2,2,2,2,1,1,2,1,1,1,2,1,1,1,1,2,2],"img_choice":[2,1,2,1,2,1,1,1,2,1,2,2,1,1,1,1,2,1,2,2],"center_sample":[3,2,1,1,1,2,1,3,3,1,2,3,3,2,1,3,3,2,1,3],"left_sample":[1,2,2,2,3,3,1,1,1,1,1,2,3,3,1,1,3,1,1,2],"right_sample":[1,1,3,2,1,2,3,3,3,1,2,2,3,1,3,2,2,3,3,2],"exact_match":[0,0,0,0,0,0,0,0,0,1,0,0,0,0,0,0,0,0,0,0],"RT":[[0,0,0,1975.2900000003283,0,0],[0,0,0,1154.8949999996694,0,0],[0,0,0,654.0999999997439,0,0],[0,0,0,1029.345000000787,0,0],[0,0,0,904.9250000007451,0,0],[0,0,0,616.5400000008522,0,0],[0,0,0,332.1100000012084,0,0],[0,0,0,479.62000000005355,0,0],[0,0,0,439.7650000010035,0,0],[0,0,0,810.170000000624,0,0],[0,0,0,327.79999999911524,0,0],[0,0,0,476.16500000003725,0,0],[0,0,0,425.7849999994505,0,0],[0,0,0,441.73000000050524,0,0],[0,0,0,934.0949999986915,0,0],[0,0,0,621.9550000005402,0,0],[0,0,0,853.4949999994133,0,0],[0,0,0,602.4949999991804,0,0],[0,0,0,855.1049999987008,0,0],[0,0,0,465.3650000000489,0,0]],"response":[[0,0,0,1,0,0],[0,0,0,1,0,0],[0,0,0,1,0,0],[0,0,0,1,0,0],[0,0,0,1,0,0],[0,0,0,1,0,0],[0,0,0,1,0,0],[0,0,0,1,0,0],[0,0,0,1,0,0],[0,0,0,1,0,0],[0,0,0,1,0,0],[0,0,0,1,0,0],[0,0,0,1,0,0],[0,0,0,1,0,0],[0,0,0,1,0,0],[0,0,0,1,0,0],[0,0,0,1,0,0],[0,0,0,1,0,0],[0,0,0,1,0,0],[0,0,0,1,0,0]],"framerate":[57.61535004618214,55.06069189902185,47.616558948688,59.335111791681655,57.5475085239294,55.3642281601427,54.78938527747618,55.74244398212048,56.13659905765992,57.10382222032739,55.01027823620381,54.431290216000875,56.64232395361678,58.33914489565446,56.481784624456445,55.37807445075997,56.56508520118393,56.758143887908126,56.82943869200803,57.23025309587426]}
