{"practice":[1,1,1,1,1],"center_interval":[50,100,50,25,0],"image_pair":[1,3,1,2,2],"feature_space":[2,1,1,1,1],"left_img":[2,1,2,2,2],"img1Sample":[3,1,2,1,1],"img2Sample":[1,1,3,3,1],"stim_time":[2000,2000,2000,2000,2000],"key":[null,null,null,null,null],"correct":[null,null,null,null,null],"right_img":[1,2,1,1,1],"img_choice":[null,null,null,null,null],"center_sample":[3,3,3,3,1],"left_sample":[1,1,3,3,1],"right_sample":[3,1,2,1,1],"exact_match":[0,0,0,0,1],"RT":[[0,0,0,0,0,0],[0,0,0,0,0,0],[0,0,0,0,0,0],[0,0,0,0,0,0],[0,0,0,0,0,0]],"response":[[0,0,0,1,0,0],[0,0,0,1,0,0],[0,0,0,1,0,0],[0,0,0,1,0,0],[0,0,0,1,0,0]],"framerate":[56.247175656726874,54.71086843573923,54.23327230488067,53.00258355587633,54.960822798115814]}
