{"practice":[0,0,0,0,0,0,0,0,0,0,0,0,0,0,0,0,0,0,0,0],"center_interval":[25,25,75,25,75,100,25,50,100,50,100,100,75,75,100,25,100,50,0,100],"image_pair":[1,3,3,4,2,4,2,3,4,4,2,4,3,2,3,3,1,4,1,1],"feature_space":[2,1,2,1,2,1,1,2,2,1,2,2,2,2,1,2,1,2,1,1],"left_img":[2,1,2,2,1,2,1,1,1,1,2,2,2,1,1,2,1,1,1,2],"img1Sample":[3,2,1,3,1,2,1,2,3,1,1,2,2,2,2,3,3,2,2,3],"img2Sample":[1,2,3,1,1,3,2,3,2,2,3,2,1,1,3,1,3,1,2,3],"stim_time":[250,250,250,250,250,250,250,250,250,250,250,250,250,250,250,250,250,250,250,250],"key":[50,49,49,50,49,50,50,49,49,50,49,49,50,49,49,49,50,50,49,49],"correct":[true,true,true,true,false,false,false,true,false,false,true,true,false,false,false,false,true,false,true,true],"right_img":[1,2,1,1,2,1,2,2,2,2,1,1,1,2,2,1,2,2,2,1],"img_choice":[1,1,2,1,1,1,2,1,1,2,2,2,1,1,1,2,2,2,1,2],"center_sample":[3,2,3,1,2,3,3,1,2,3,1,2,1,3,2,3,2,3,3,1],"left_sample":[1,2,3,1,1,3,1,2,3,1,3,2,1,2,2,1,3,2,2,3],"right_sample":[3,2,1,3,1,2,2,3,2,2,1,2,2,1,3,3,3,1,2,3],"exact_match":[0,0,0,0,0,1,0,0,1,0,0,1,0,0,0,0,0,0,0,0],"RT":[[0,0,0,558.1349999993108,0,0],[0,0,0,779.329999999376,0,0],[0,0,0,1158.949999999022,0,0],[0,0,0,878.189999999362,0,0],[0,0,0,736.3550000009127,0,0],[0,0,0,347.6449999997858,0,0],[0,0,0,928.7100000000792,0,0],[0,0,0,298.56999999901745,0,0],[0,0,0,592.2699999992037,0,0],[0,0,0,512.1600000002654,0,0],[0,0,0,555.4250000005122,0,0],[0,0,0,546.9150000008522,0,0],[0,0,0,865.6649999994552,0,0],[0,0,0,594.315000000177,0,0],[0,0,0,762.114999999525,0,0],[0,0,0,1151.4750000005588,0,0],[0,0,0,363.29500000097323,0,0],[0,0,0,592.6550000003772,0,0],[0,0,0,480.000000001397,0,0],[0,0,0,533.6149999984773,0,0]],"response":[[0,0,0,1,0,0],[0,0,0,1,0,0],[0,0,0,1,0,0],[0,0,0,1,0,0],[0,0,0,1,0,0],[0,0,0,1,0,0],[0,0,0,1,0,0],[0,0,0,1,0,0],[0,0,0,1,0,0],[0,0,0,1,0,0],[0,0,0,1,0,0],[0,0,0,1,0,0],[0,0,0,1,0,0],[0,0,0,1,0,0],[0,0,0,1,0,0],[0,0,0,1,0,0],[0,0,0,1,0,0],[0,0,0,1,0,0],[0,0,0,1,0,0],[0,0,0,1,0,0]],"framerate":[40.46373897207901,37.89857799123616,37.541396093008906,36.121202113599054,36.60971821611915,34.90040918947706,35.50932119680424,35.252514495761,34.662150451977276,33.221636229477106,33.57825106153367,34.72157635956512,35.17502159643395,34.30459470927173,34.797832747471354,33.8486603828581,33.4917212651538,34.49256594435389,32.96021508152923,32.93991883109196]}
