{"practice":[0,0,0,0,0,0,0,0,0,0,0,0,0,0,0,0,0,0,0,0],"center_interval":[75,25,50,0,0,100,50,0,25,100,50,0,25,25,50,50,0,50,25,75],"image_pair":[1,3,3,3,3,4,3,2,4,4,3,1,1,4,2,3,3,2,3,3],"feature_space":[1,2,1,2,1,2,2,2,2,1,1,1,2,1,2,2,1,1,1,2],"left_img":[1,2,2,1,2,2,2,1,1,2,1,2,2,1,1,1,1,2,2,1],"img1Sample":[1,1,2,1,3,3,3,3,2,1,3,2,1,3,1,3,3,1,1,1],"img2Sample":[2,1,1,3,3,3,3,3,1,3,3,3,3,1,3,3,1,3,2,3],"stim_time":[2000,2000,2000,2000,2000,2000,2000,2000,2000,2000,2000,2000,2000,2000,2000,2000,2000,2000,2000,2000],"key":[49,50,49,50,49,50,49,50,50,49,49,49,50,50,49,49,49,49,50,49],"correct":[false,true,false,false,false,false,false,false,false,true,true,false,true,false,true,true,true,false,true,false],"right_img":[2,1,1,2,1,1,1,2,2,1,2,1,1,2,2,2,2,1,1,2],"img_choice":[1,1,2,2,2,1,2,2,2,2,1,2,1,2,1,1,1,2,1,1],"center_sample":[3,3,2,3,2,2,2,2,3,1,2,1,2,1,2,2,1,3,2,2],"left_sample":[1,1,1,1,3,3,3,3,2,3,3,3,3,3,1,3,3,3,2,1],"right_sample":[2,1,2,3,3,3,3,3,1,1,3,2,1,1,3,3,1,1,1,3],"exact_match":[0,0,0,0,0,0,0,0,0,0,0,0,0,0,0,0,0,0,0,0],"RT":[[0,0,0,235.70000000298023,0,0],[0,0,0,352.20000000298023,0,0],[0,0,0,39.899999998509884,0,0],[0,0,0,253.10000000149012,0,0],[0,0,0,375.8999999985099,0,0],[0,0,0,416.30000000447035,0,0],[0,0,0,421.5,0,0],[0,0,0,418.69999999552965,0,0],[0,0,0,110.80000000447035,0,0],[0,0,0,145.20000000298023,0,0],[0,0,0,153.39999999850988,0,0],[0,0,0,354.8999999985099,0,0],[0,0,0,346.30000000447035,0,0],[0,0,0,453.1000000014901,0,0],[0,0,0,217.20000000298023,0,0],[0,0,0,1061.3000000044703,0,0],[0,0,0,417.3999999985099,0,0],[0,0,0,69.5,0,0],[0,0,0,186.39999999850988,0,0],[0,0,0,72.20000000298023,0,0]],"response":[[0,0,0,1,0,0],[0,0,0,1,0,0],[0,0,0,1,0,0],[0,0,0,1,0,0],[0,0,0,1,0,0],[0,0,0,1,0,0],[0,0,0,1,0,0],[0,0,0,1,0,0],[0,0,0,1,0,0],[0,0,0,1,0,0],[0,0,0,1,0,0],[0,0,0,1,0,0],[0,0,0,1,0,0],[0,0,0,1,0,0],[0,0,0,1,0,0],[0,0,0,1,0,0],[0,0,0,1,0,0],[0,0,0,1,0,0],[0,0,0,1,0,0],[0,0,0,1,0,0]],"framerate":[59.91945253918035,59.99368487527629,59.85089776343523,59.76095617538604,59.978018527241325,60.0049745055473,59.92463087665698,59.99690737590846,59.98491807777109,59.98170049818339,59.96092434141031,59.98989643843812,59.96192893401015,59.979190893010205,59.95958525187044,59.97621632807717,59.6792241700305,59.923796328368546,58.64907194511226,60.01318208617655]}
