{"practice":[0,0,0,0,0,0,0,0,0,0,0,0,0,0,0,0,0,0,0,0],"center_interval":[50,75,0,0,50,25,50,25,0,100,75,50,25,75,0,100,75,50,100,75],"image_pair":[3,2,1,2,2,3,2,4,4,2,4,3,3,3,1,2,1,2,4,2],"feature_space":[1,1,2,2,1,2,2,2,1,2,1,2,1,2,2,1,2,2,2,1],"left_img":[2,2,2,1,1,2,2,1,2,1,1,2,2,2,1,2,2,2,2,1],"img1Sample":[1,2,3,1,1,1,1,2,1,1,2,2,3,1,3,1,1,1,1,3],"img2Sample":[3,2,3,3,2,3,3,2,2,1,3,3,1,3,2,3,2,2,1,3],"stim_time":[250,250,250,250,250,250,250,250,250,250,250,250,250,250,250,250,250,250,250,250],"key":[49,50,50,50,50,50,50,50,50,50,50,50,50,50,49,50,49,49,49,49],"correct":[false,false,true,false,false,true,true,false,true,true,true,true,true,false,true,false,true,false,true,false],"right_img":[1,1,1,2,2,1,1,2,1,2,2,1,1,1,2,1,1,1,1,2],"img_choice":[2,1,1,2,2,1,1,2,1,2,2,1,1,1,1,1,2,2,2,1],"center_sample":[2,2,1,3,2,1,2,1,1,2,2,3,3,3,1,1,1,3,2,3],"left_sample":[3,2,3,1,1,3,3,2,2,1,2,3,1,3,3,3,2,2,1,3],"right_sample":[1,2,3,3,2,1,1,2,1,1,3,2,3,1,2,1,1,1,1,3],"exact_match":[0,0,0,0,0,0,0,0,1,0,0,0,0,0,0,0,0,0,0,0],"RT":[[0,0,0,412,0,0],[0,0,0,57.100000001490116,0,0],[0,0,0,362.5,0,0],[0,0,0,970,0,0],[0,0,0,405.59999999403954,0,0],[0,0,0,103.30000000447035,0,0],[0,0,0,162.69999999552965,0,0],[0,0,0,187.5,0,0],[0,0,0,619.6000000014901,0,0],[0,0,0,2005.3999999985099,0,0],[0,0,0,135.60000000149012,0,0],[0,0,0,240.39999999850988,0,0],[0,0,0,475.30000000447035,0,0],[0,0,0,502.80000000447035,0,0],[0,0,0,104.20000000298023,0,0],[0,0,0,384.8999999985099,0,0],[0,0,0,502,0,0],[0,0,0,567.3000000044703,0,0],[0,0,0,426.20000000298023,0,0],[0,0,0,478.70000000298023,0,0]],"response":[[0,0,0,1,0,0],[0,0,0,1,0,0],[0,0,0,1,0,0],[0,0,0,1,0,0],[0,0,0,1,0,0],[0,0,0,1,0,0],[0,0,0,1,0,0],[0,0,0,1,0,0],[0,0,0,1,0,0],[0,0,0,1,0,0],[0,0,0,1,0,0],[0,0,0,1,0,0],[0,0,0,1,0,0],[0,0,0,1,0,0],[0,0,0,1,0,0],[0,0,0,1,0,0],[0,0,0,1,0,0],[0,0,0,1,0,0],[0,0,0,1,0,0],[0,0,0,1,0,0]],"framerate":[59.95775703469464,59.998209008926494,59.939355475573436,59.95675250647665,59.92101320979893,60.08583690987125,59.92939824309227,60.014403456686516,59.901547951104355,60.00130437615294,59.99000166623997,59.88943488950341,60.04046205062908,59.9069530303427,60.0755235151227,59.97518268296611,59.975754482344634,59.96451079984011,59.956884936433994,59.981744686516336]}
