{"practice":[0,0,0,0,0,0,0,0,0,0,0,0,0,0,0,0,0,0,0,0],"center_interval":[75,100,0,50,100,25,100,75,100,25,25,100,75,25,25,25,100,75,50,75],"image_pair":[2,4,2,3,1,3,2,2,3,2,2,1,2,3,4,4,4,4,2,2],"feature_space":[1,2,1,1,1,2,1,1,1,2,1,1,2,1,1,2,2,1,2,2],"left_img":[1,2,2,2,1,1,1,2,2,1,1,1,1,2,1,1,1,2,1,1],"img1Sample":[3,1,3,2,1,1,3,1,3,1,2,2,3,1,2,2,3,1,3,3],"img2Sample":[2,1,2,1,1,2,2,2,2,1,3,2,3,3,2,1,1,3,1,2],"stim_time":[250,250,250,250,250,250,250,250,250,250,250,250,250,250,250,250,250,250,250,250],"key":[50,50,50,50,50,50,49,50,49,50,50,49,49,50,49,50,50,49,50,49],"correct":[true,false,true,true,true,false,false,false,true,false,false,false,false,true,true,false,true,true,false,false],"right_img":[2,1,1,1,2,2,2,1,1,2,2,2,2,1,2,2,2,1,2,2],"img_choice":[2,1,1,1,2,2,1,1,2,2,2,1,1,1,1,2,2,2,2,1],"center_sample":[2,2,3,2,1,3,2,2,2,1,1,1,2,2,3,1,2,1,1,2],"left_sample":[3,1,2,1,1,1,3,2,2,1,2,2,3,3,2,2,3,3,3,3],"right_sample":[2,1,3,2,1,2,2,1,3,1,3,2,3,1,2,1,1,1,1,2],"exact_match":[0,0,1,0,1,0,1,0,1,0,0,0,0,0,0,0,0,0,0,0],"RT":[[0,0,0,720.8000000044703,0,0],[0,0,0,319.90000000596046,0,0],[0,0,0,1376.6000000014901,0,0],[0,0,0,407.79999999701977,0,0],[0,0,0,361.6000000014901,0,0],[0,0,0,242.30000000447035,0,0],[0,0,0,155.70000000298023,0,0],[0,0,0,286.40000000596046,0,0],[0,0,0,121.59999999403954,0,0],[0,0,0,579.5,0,0],[0,0,0,2252.60000000149,0,0],[0,0,0,470,0,0],[0,0,0,167.69999999552965,0,0],[0,0,0,255.5,0,0],[0,0,0,53.20000000298023,0,0],[0,0,0,235.09999999403954,0,0],[0,0,0,304.8999999985099,0,0],[0,0,0,451.8999999985099,0,0],[0,0,0,10.600000001490116,0,0],[0,0,0,605.8999999985099,0,0]],"response":[[0,0,0,1,0,0],[0,0,0,1,0,0],[0,0,0,1,0,0],[0,0,0,1,0,0],[0,0,0,1,0,0],[0,0,0,1,0,0],[0,0,0,1,0,0],[0,0,0,1,0,0],[0,0,0,1,0,0],[0,0,0,1,0,0],[0,0,0,1,0,0],[0,0,0,1,0,0],[0,0,0,1,0,0],[0,0,0,1,0,0],[0,0,0,1,0,0],[0,0,0,1,0,0],[0,0,0,1,0,0],[0,0,0,1,0,0],[0,0,0,1,0,0],[0,0,0,1,0,0]],"framerate":[60.0011215163903,59.979765861925046,59.94416160285378,59.97001499256464,60.032488170131685,59.97232046740785,59.97863774538708,59.933407325194224,60.04228329809725,59.96084189922256,59.98545807082488,59.966106113819116,59.97244509286763,59.893858984078854,60.05736823226112,59.93084902036113,59.972208001300906,59.951248435397154,60.093896713615024,59.865900382928146]}
