{"practice":[1,1,1,1,1],"center_interval":[25,75,25,25,0],"image_pair":[4,3,3,1,4],"feature_space":[1,2,2,1,1],"left_img":[2,1,1,1,1],"img1Sample":[2,1,2,3,3],"img2Sample":[1,2,3,3,3],"key":[null,null,49,50,50],"correct":[null,null,true,false,false],"right_img":[1,2,2,2,2],"img_choice":[null,null,1,2,2],"center_sample":[1,2,2,2,1],"left_sample":[1,1,2,3,3],"right_sample":[2,2,3,3,3],"RT":[[0,0,0,0,0,0],[0,0,0,0,0,0],[0,0,0,3396.400001525879,0,0],[0,0,0,2139.2000007629395,0,0],[0,0,0,1550.7000007629395,0,0]],"response":[[0,0,0,1,0,0],[0,0,0,1,0,0],[0,0,0,1,0,0],[0,0,0,1,0,0],[0,0,0,1,0,0]],"framerate":[16.399743754003843,17.992955945656796,16.899028314252337,15.695156350786961,20.82284563272011]}
