{"practice":[0,0,0,0,0,0,0,0,0,0,0,0,0,0,0,0,0,0,0,0],"center_interval":[75,0,75,75,50,0,50,25,50,50,100,50,0,75,25,75,0,25,0,50],"image_pair":[2,3,1,3,1,1,1,2,3,3,1,3,4,4,2,3,1,4,4,1],"feature_space":[2,1,1,2,2,1,2,2,1,1,2,2,1,1,1,2,2,2,1,2],"left_img":[1,2,2,1,1,1,1,2,2,2,1,1,1,1,2,2,1,1,1,1],"img1Sample":[3,1,3,1,1,1,1,2,2,2,2,1,3,3,1,2,3,1,1,1],"img2Sample":[2,3,2,1,2,3,2,3,3,2,2,1,2,1,1,1,3,2,1,3],"key":[50,50,49,50,49,49,49,50,50,49,50,49,49,49,50,49,49,50,49,49],"correct":[true,true,true,true,true,true,true,true,true,false,true,true,true,false,true,true,true,false,true,true],"right_img":[2,1,1,2,2,2,2,1,1,1,2,2,2,2,1,1,2,2,2,2],"img_choice":[2,1,2,2,1,1,1,1,1,2,2,1,1,1,1,2,1,2,1,1],"center_sample":[2,2,3,3,3,3,1,2,2,3,3,1,1,2,3,1,2,2,2,2],"left_sample":[3,3,2,1,1,1,1,3,3,2,2,1,3,3,1,1,3,1,1,1],"right_sample":[2,1,3,1,2,3,2,2,2,2,2,1,2,1,1,2,3,2,1,3],"RT":[[0,0,0,1143.2999999523163,0,0],[0,0,0,832.6999999284744,0,0],[0,0,0,1419,0,0],[0,0,0,1793.2999999523163,0,0],[0,0,0,1386.1000000238419,0,0],[0,0,0,2021,0,0],[0,0,0,1473.8000000715256,0,0],[0,0,0,2057.2999999523163,0,0],[0,0,0,1612.5,0,0],[0,0,0,1328.8000000715256,0,0],[0,0,0,1351.1000000238419,0,0],[0,0,0,1916.6999999284744,0,0],[0,0,0,1260.7000000476837,0,0],[0,0,0,1318.3999999761581,0,0],[0,0,0,1392,0,0],[0,0,0,1768.2000000476837,0,0],[0,0,0,1474.2999999523163,0,0],[0,0,0,1537.7000000476837,0,0],[0,0,0,925.1999999284744,0,0],[0,0,0,1753.5,0,0]],"response":[[0,0,0,1,0,0],[0,0,0,1,0,0],[0,0,0,1,0,0],[0,0,0,1,0,0],[0,0,0,1,0,0],[0,0,0,1,0,0],[0,0,0,1,0,0],[0,0,0,1,0,0],[0,0,0,1,0,0],[0,0,0,1,0,0],[0,0,0,1,0,0],[0,0,0,1,0,0],[0,0,0,1,0,0],[0,0,0,1,0,0],[0,0,0,1,0,0],[0,0,0,1,0,0],[0,0,0,1,0,0],[0,0,0,1,0,0],[0,0,0,1,0,0],[0,0,0,1,0,0]],"framerate":[59.97570604275991,59.97413959157883,59.979219796852256,59.97522762368368,59.98143431862998,59.97559613585718,59.97666277712952,59.9774057717983,59.97646206804046,59.98161853590914,59.976876384663754,59.95762711864406,59.9936072399797,59.98016784703604,59.980006664785556,57.7769023692617,59.97526312238213,59.977939148490215,59.98125585754452,59.97329656075914]}
