{"practice":[0,0,0,0,0,0,0,0,0,0,0,0,0,0,0,0,0,0,0,0],"center_interval":[75,25,75,100,100,50,25,75,75,100,0,0,75,25,75,50,25,75,0,100],"image_pair":[3,2,4,1,2,2,4,4,4,1,1,2,3,3,1,2,2,1,1,1],"feature_space":[2,1,2,1,1,1,2,1,1,2,2,2,1,1,2,2,1,2,2,1],"left_img":[2,1,1,1,2,2,1,1,2,1,1,2,1,2,2,1,2,1,1,1],"img1Sample":[2,2,2,1,3,1,1,1,1,1,2,2,3,2,3,1,2,1,3,2],"img2Sample":[3,1,2,2,3,2,3,2,3,3,1,1,1,1,3,2,3,1,1,2],"key":[49,50,50,50,49,49,50,49,50,49,50,50,50,50,49,50,50,49,50,49],"correct":[true,false,true,true,true,false,false,false,false,false,false,true,true,true,true,false,true,false,false,false],"right_img":[1,2,2,2,1,1,2,2,1,2,2,1,2,1,1,2,1,2,2,2],"img_choice":[2,2,2,2,2,2,2,1,1,1,2,1,2,1,2,2,1,1,2,1],"center_sample":[2,1,2,3,2,2,3,1,3,1,1,3,3,3,3,1,2,3,1,3],"left_sample":[3,2,2,1,3,2,1,1,3,1,2,1,3,1,3,1,3,1,3,2],"right_sample":[2,1,2,2,3,1,3,2,1,3,1,2,1,2,3,2,2,1,1,2],"RT":[[0,0,0,1314.5999999046326,0,0],[0,0,0,1365.7000000476837,0,0],[0,0,0,1631.8999999761581,0,0],[0,0,0,1435.5999999046326,0,0],[0,0,0,1353.6000000238419,0,0],[0,0,0,1761.7000000476837,0,0],[0,0,0,1794.5,0,0],[0,0,0,897.3000000715256,0,0],[0,0,0,1260.1000000238419,0,0],[0,0,0,1396.2000000476837,0,0],[0,0,0,776.7999999523163,0,0],[0,0,0,1085,0,0],[0,0,0,985.3000000715256,0,0],[0,0,0,1205.3000000715256,0,0],[0,0,0,1643.7000000476837,0,0],[0,0,0,1284.8000000715256,0,0],[0,0,0,935,0,0],[0,0,0,1278.3000000715256,0,0],[0,0,0,796.5999999046326,0,0],[0,0,0,577.1000000238419,0,0]],"response":[[0,0,0,1,0,0],[0,0,0,1,0,0],[0,0,0,1,0,0],[0,0,0,1,0,0],[0,0,0,1,0,0],[0,0,0,1,0,0],[0,0,0,1,0,0],[0,0,0,1,0,0],[0,0,0,1,0,0],[0,0,0,1,0,0],[0,0,0,1,0,0],[0,0,0,1,0,0],[0,0,0,1,0,0],[0,0,0,1,0,0],[0,0,0,1,0,0],[0,0,0,1,0,0],[0,0,0,1,0,0],[0,0,0,1,0,0],[0,0,0,1,0,0],[0,0,0,1,0,0]],"framerate":[59.97766014382253,59.97505037938536,59.962579743146094,59.983063604897396,59.97361161089121,59.97460928918489,59.98695935666159,59.9659652645036,59.97738557522739,59.97429673065348,59.97712500268923,59.98043556571332,59.97474747437134,59.98008959681433,59.97439295613781,59.98286203941731,59.97121381812987,57.5373993085436,59.96835003787716,59.98463447913552]}
