{"practice":[0,0,0,0,0,0,0,0,0,0,0,0,0,0,0,0,0,0,0,0],"center_interval":[75,0,100,100,100,100,100,75,75,100,100,75,100,100,0,75,100,25,100,100],"image_pair":[1,3,2,2,4,2,4,4,2,4,2,4,1,4,2,4,3,1,2,2],"feature_space":[1,1,1,1,2,1,1,1,1,1,2,1,2,1,2,1,1,2,2,2],"left_img":[1,2,1,1,1,2,2,1,1,2,1,2,2,2,2,2,1,2,1,1],"img1Sample":[3,3,3,3,2,3,1,1,3,3,3,3,1,2,2,1,3,1,3,2],"img2Sample":[3,2,2,3,2,3,1,3,2,3,1,2,3,3,2,3,3,1,1,3],"key":[50,50,50,50,50,49,50,50,49,49,49,50,49,49,50,50,50,49,50,50],"correct":[true,true,true,true,true,true,false,true,false,true,false,false,true,true,true,false,true,false,true,true],"right_img":[2,1,2,2,2,1,1,2,2,1,2,1,1,1,1,1,2,1,2,2],"img_choice":[2,1,2,2,2,2,1,2,1,2,1,1,2,2,1,1,2,2,2,2],"center_sample":[1,1,1,2,1,1,3,3,1,2,3,1,1,2,1,3,2,1,3,2],"left_sample":[3,2,3,3,2,3,1,1,3,3,3,2,3,3,2,3,3,1,3,2],"right_sample":[3,3,2,3,2,3,1,3,2,3,1,3,1,2,2,1,3,1,1,3],"RT":[[0,0,0,1491.5,0,0],[0,0,0,1530.2000000476837,0,0],[0,0,0,1707,0,0],[0,0,0,1295.1000000238419,0,0],[0,0,0,1637.1000000238419,0,0],[0,0,0,1565.8999999761581,0,0],[0,0,0,1779.3999999761581,0,0],[0,0,0,1192.7000000476837,0,0],[0,0,0,1286.6000000238419,0,0],[0,0,0,1771.1999999284744,0,0],[0,0,0,2115.399999976158,0,0],[0,0,0,715,0,0],[0,0,0,1602,0,0],[0,0,0,914.6999999284744,0,0],[0,0,0,1751.7999999523163,0,0],[0,0,0,1940.8000000715256,0,0],[0,0,0,2073.100000023842,0,0],[0,0,0,1941.7999999523163,0,0],[0,0,0,1495.7000000476837,0,0],[0,0,0,1520.5,0,0]],"response":[[0,0,0,1,0,0],[0,0,0,1,0,0],[0,0,0,1,0,0],[0,0,0,1,0,0],[0,0,0,1,0,0],[0,0,0,1,0,0],[0,0,0,1,0,0],[0,0,0,1,0,0],[0,0,0,1,0,0],[0,0,0,1,0,0],[0,0,0,1,0,0],[0,0,0,1,0,0],[0,0,0,1,0,0],[0,0,0,1,0,0],[0,0,0,1,0,0],[0,0,0,1,0,0],[0,0,0,1,0,0],[0,0,0,1,0,0],[0,0,0,1,0,0],[0,0,0,1,0,0]],"framerate":[59.972105997210605,59.97831553240674,59.974328331467724,59.979519188918424,59.97843471977941,59.97481973217352,59.98080614265838,59.977508434337125,58.49806225100802,59.97818974918212,59.97885491245731,59.97896472367891,59.98091516368202,59.970418179373404,59.979860776047445,59.98105861306956,59.97093558694564,59.98863373285698,59.972105997210605,59.97001499250374]}
