{"practice":[0,0,0,0,0,0,0,0,0,0,0,0,0,0,0,0,0,0,0,0],"center_interval":[0,0,100,25,100,25,75,100,100,25,75,50,100,50,25,50,75,100,75,25],"image_pair":[1,2,1,2,4,3,2,3,2,3,3,3,1,1,1,1,4,1,4,1],"feature_space":[2,2,2,2,1,1,1,2,2,1,1,2,2,2,1,2,1,1,2,2],"left_img":[1,2,2,2,2,2,1,1,1,2,2,1,2,2,2,1,2,2,1,2],"img1Sample":[3,2,1,1,3,1,3,1,1,3,2,1,3,3,2,3,2,2,2,1],"img2Sample":[3,3,2,2,3,1,3,3,2,2,1,2,2,3,1,2,3,1,2,3],"key":[49,50,49,49,50,49,50,50,50,50,49,49,49,49,50,50,50,49,50,50],"correct":[true,true,true,false,false,false,true,true,true,true,true,true,true,false,true,false,false,true,true,true],"right_img":[2,1,1,1,1,1,2,2,2,1,1,2,1,1,1,2,1,1,2,1],"img_choice":[1,1,2,2,1,2,2,2,2,1,2,1,2,2,1,2,1,2,2,1],"center_sample":[2,1,3,2,1,1,1,2,1,1,2,2,3,3,2,2,3,3,2,1],"left_sample":[3,3,2,2,3,1,3,1,1,2,1,1,2,3,1,3,3,1,2,3],"right_sample":[3,2,1,1,3,1,3,3,2,3,2,2,3,3,2,2,2,2,2,1],"RT":[[0,0,0,1483.8999999761581,0,0],[0,0,0,1921.7999999523163,0,0],[0,0,0,1957.5,0,0],[0,0,0,1485.8999999761581,0,0],[0,0,0,1087.7999999523163,0,0],[0,0,0,915.1000000238419,0,0],[0,0,0,835.2000000476837,0,0],[0,0,0,1469.6000000238419,0,0],[0,0,0,1777.3999999761581,0,0],[0,0,0,984.6999999284744,0,0],[0,0,0,908.0999999046326,0,0],[0,0,0,1080.6999999284744,0,0],[0,0,0,1261,0,0],[0,0,0,1212.6999999284744,0,0],[0,0,0,765.3000000715256,0,0],[0,0,0,1736.3999999761581,0,0],[0,0,0,1297.5,0,0],[0,0,0,1096.2999999523163,0,0],[0,0,0,1465,0,0],[0,0,0,1761.6000000238419,0,0]],"response":[[0,0,0,1,0,0],[0,0,0,1,0,0],[0,0,0,1,0,0],[0,0,0,1,0,0],[0,0,0,1,0,0],[0,0,0,1,0,0],[0,0,0,1,0,0],[0,0,0,1,0,0],[0,0,0,1,0,0],[0,0,0,1,0,0],[0,0,0,1,0,0],[0,0,0,1,0,0],[0,0,0,1,0,0],[0,0,0,1,0,0],[0,0,0,1,0,0],[0,0,0,1,0,0],[0,0,0,1,0,0],[0,0,0,1,0,0],[0,0,0,1,0,0],[0,0,0,1,0,0]],"framerate":[57.87091053376108,59.9776139888429,59.97567420177202,59.97628844343867,59.978469267809,59.97525684586352,59.98520912494983,59.96966514992417,59.97688163959779,59.96528325630967,59.99461931665322,59.963455747263225,59.986232669318696,59.975611575967505,59.97757847533632,59.982862040045745,59.972208001518766,59.97232046637718,59.98266126231404,59.96935872182097]}
