{"practice":[0,0,0,0,0,0,0,0,0,0,0,0,0,0,0,0,0,0,0,0],"center_interval":[75,25,75,100,100,0,25,100,50,50,25,25,75,50,25,100,0,75,75,75],"image_pair":[1,1,1,1,2,4,4,3,1,1,1,1,3,2,2,3,3,1,2,3],"feature_space":[1,1,2,1,1,1,1,1,2,2,1,2,2,1,1,1,1,1,2,1],"left_img":[2,1,2,1,2,2,1,1,2,2,1,1,1,2,1,1,2,1,1,1],"img1Sample":[1,3,1,3,2,3,1,2,3,1,3,3,1,2,1,1,3,2,1,3],"img2Sample":[1,1,3,1,2,3,2,2,1,1,3,1,2,2,1,1,1,2,1,2],"key":[49,50,49,50,50,49,49,49,50,50,49,49,49,49,50,49,50,50,49,50],"correct":[true,false,true,true,false,false,true,false,true,true,true,true,false,false,false,false,true,true,false,true],"right_img":[1,2,1,2,1,1,2,2,1,1,2,2,2,1,2,2,1,2,2,2],"img_choice":[2,2,2,2,1,2,1,1,1,1,1,1,1,2,2,1,1,2,1,2],"center_sample":[3,3,1,3,3,1,1,1,2,2,2,2,3,1,2,3,1,3,2,3],"left_sample":[1,3,3,3,2,3,1,2,1,1,3,3,1,2,1,1,1,2,1,3],"right_sample":[1,1,1,1,2,3,2,2,3,1,3,1,2,2,1,1,3,2,1,2],"RT":[[0,0,0,1854.3999999761581,0,0],[0,0,0,1515.1999999284744,0,0],[0,0,0,1780.6000000238419,0,0],[0,0,0,1176,0,0],[0,0,0,1658.2000000476837,0,0],[0,0,0,170.19999992847443,0,0],[0,0,0,1853.4000000953674,0,0],[0,0,0,1133.2999999523163,0,0],[0,0,0,1635.8000000715256,0,0],[0,0,0,1438.7000000476837,0,0],[0,0,0,892.3999999761581,0,0],[0,0,0,1202.8000000715256,0,0],[0,0,0,1924.8999999761581,0,0],[0,0,0,1241.7000000476837,0,0],[0,0,0,851.8999999761581,0,0],[0,0,0,855.8000000715256,0,0],[0,0,0,779.7000000476837,0,0],[0,0,0,968.8000000715256,0,0],[0,0,0,1814.6000000238419,0,0],[0,0,0,906.8999999761581,0,0]],"response":[[0,0,0,1,0,0],[0,0,0,1,0,0],[0,0,0,1,0,0],[0,0,0,1,0,0],[0,0,0,1,0,0],[0,0,0,1,0,0],[0,0,0,1,0,0],[0,0,0,1,0,0],[0,0,0,1,0,0],[0,0,0,1,0,0],[0,0,0,1,0,0],[0,0,0,1,0,0],[0,0,0,1,0,0],[0,0,0,1,0,0],[0,0,0,1,0,0],[0,0,0,1,0,0],[0,0,0,1,0,0],[0,0,0,1,0,0],[0,0,0,1,0,0],[0,0,0,1,0,0]],"framerate":[59.97129944985539,59.98008383283619,59.97557358551204,57.951381048799156,59.98343740939371,59.97855515154805,59.95717344753748,60.002033968344264,59.977087404169204,59.97459899404013,59.98216746334061,59.966657543464564,59.98521491181751,59.971865051316634,59.97818974918212,59.974919578305474,59.97879819186799,59.983088468827326,59.97878007120803,59.9736438683566]}
