{"practice":[1,1,1,1,1],"center_interval":[50,25,25,75,0],"image_pair":[4,3,3,3,2],"feature_space":[1,1,2,1,2],"left_img":[1,2,1,1,2],"img1Sample":[1,2,2,1,1],"img2Sample":[3,3,2,1,2],"key":[null,null,null,null,null],"correct":[null,null,null,null,null],"right_img":[2,1,2,2,1],"img_choice":[null,null,null,null,null],"center_sample":[2,3,1,3,2],"left_sample":[1,3,2,1,2],"right_sample":[3,2,2,1,1],"RT":[[0,0,0,0],[0,0,0,0],[0,0,0,0],[0,0,0,0],[0,0,0,0]],"response":[[0,1,0,0],[0,1,0,0],[0,1,0,0],[0,1,0,0],[0,1,0,0]],"framerate":[20.539382032505806,16.94310683074728,17.48750892219843,17.060600675315442,19.597363263851776]}
