{"practice":[0,0,0,0,0,0,0,0,0,0,0,0,0,0,0,0,0,0,0,0],"center_interval":[75,75,75,50,0,50,0,75,50,25,100,0,100,75,50,50,0,100,100,50],"image_pair":[3,2,1,3,4,4,4,1,2,4,3,3,1,2,3,1,4,3,4,2],"feature_space":[2,1,1,2,1,2,1,2,2,2,1,2,1,1,1,1,2,2,2,1],"left_img":[2,1,1,1,1,2,2,1,2,2,1,2,1,1,1,2,2,2,2,2],"img1Sample":[3,2,1,2,2,1,2,2,1,3,1,3,2,1,3,2,1,3,3,3],"img2Sample":[3,3,3,1,1,2,2,2,1,3,3,2,3,1,1,1,3,3,2,2],"key":[50,50,49,50,49,49,49,50,50,49,49,49,49,50,50,49,49,50,50,49],"correct":[false,true,false,false,true,false,false,true,true,false,false,false,false,true,false,false,false,false,false,false],"right_img":[1,2,2,2,2,1,1,2,1,1,2,1,2,2,2,1,1,1,1,1],"img_choice":[1,2,1,2,1,2,2,2,1,2,1,2,1,2,2,2,2,1,1,2],"center_sample":[1,3,2,2,3,2,1,1,3,2,1,1,1,1,3,3,2,1,3,2],"left_sample":[3,2,1,2,2,2,2,2,1,3,1,2,2,1,3,1,3,3,2,2],"right_sample":[3,3,3,1,1,1,2,2,1,3,3,3,3,1,1,2,1,3,3,3],"RT":[[0,4448,0,0],[0,155,0,0],[0,61,0,0],[0,177,0,0],[0,119,0,0],[0,16,0,0],[0,142,0,0],[0,124,0,0],[0,137,0,0],[0,164,0,0],[0,99,0,0],[0,88,0,0],[0,133,0,0],[0,76,0,0],[0,78,0,0],[0,96,0,0],[0,95,0,0],[0,107,0,0],[0,182,0,0],[0,64,0,0]],"response":[[0,1,0,0],[0,1,0,0],[0,1,0,0],[0,1,0,0],[0,1,0,0],[0,1,0,0],[0,1,0,0],[0,1,0,0],[0,1,0,0],[0,1,0,0],[0,1,0,0],[0,1,0,0],[0,1,0,0],[0,1,0,0],[0,1,0,0],[0,1,0,0],[0,1,0,0],[0,1,0,0],[0,1,0,0],[0,1,0,0]],"framerate":[20.15411973918198,39.01170351105332,44.11764705882353,40.15544041450777,40.21447721179624,44.0251572327044,35.04043126684636,41.7789757412399,40.37685060565276,39.84575835475578,38.83495145631068,39.77272727272727,38.92617449664429,43.541364296081284,42.459736456808194,39.94293865905849,40.333796940194716,39.49224259520451,36.523929471032744,44.576523031203564]}
