{"practice":[0,0,0,0,0,0,0,0,0,0,0,0,0,0,0,0,0,0,0,0],"center_interval":[25,25,0,0,25,0,75,50,25,0,25,50,50,50,0,25,50,25,50,0],"image_pair":[2,2,1,4,3,2,1,4,2,1,4,2,4,4,4,3,3,3,3,2],"feature_space":[1,2,1,2,1,1,2,1,2,1,1,1,2,2,1,2,1,2,2,2],"left_img":[1,1,1,1,1,1,1,1,1,1,2,2,1,2,1,1,1,1,1,2],"img1Sample":[1,3,3,1,1,3,2,2,2,3,2,1,3,2,2,2,1,3,1,3],"img2Sample":[2,1,2,3,2,2,2,2,1,1,3,1,3,2,1,2,3,1,1,2],"key":[49,49,50,49,49,50,50,50,50,49,49,49,50,50,50,50,49,50,49,49],"correct":[true,true,false,true,true,false,true,false,false,true,false,false,false,true,false,false,true,false,true,false],"right_img":[2,2,2,2,2,2,2,2,2,2,1,1,2,1,2,2,2,2,2,1],"img_choice":[1,1,2,1,1,2,2,2,2,1,2,2,2,1,2,2,1,2,1,2],"center_sample":[3,1,1,2,3,2,1,3,2,1,1,2,1,3,1,1,1,3,3,2],"left_sample":[1,3,3,1,1,3,2,2,2,3,3,1,3,2,2,2,1,3,1,2],"right_sample":[2,1,2,3,2,2,2,2,1,1,2,1,3,2,1,2,3,1,1,3],"RT":[[0,212,0,0],[0,73,0,0],[0,223,0,0],[0,98,0,0],[0,90,0,0],[0,250,0,0],[0,23,0,0],[0,173,0,0],[0,20,0,0],[0,163,0,0],[0,28,0,0],[0,105,0,0],[0,244,0,0],[0,80,0,0],[0,187,0,0],[0,114,0,0],[0,23,0,0],[0,233,0,0],[0,174,0,0],[0,98,0,0]],"response":[[0,1,0,0],[0,1,0,0],[0,1,0,0],[0,1,0,0],[0,1,0,0],[0,1,0,0],[0,1,0,0],[0,1,0,0],[0,1,0,0],[0,1,0,0],[0,1,0,0],[0,1,0,0],[0,1,0,0],[0,1,0,0],[0,1,0,0],[0,1,0,0],[0,1,0,0],[0,1,0,0],[0,1,0,0],[0,1,0,0]],"framerate":[36.18817852834741,42.151162790697676,36.101083032490976,37.344398340248965,40,35.16998827667057,42.0032310177706,38.02281368821293,43.0622009569378,37.711313394018205,39.0015600624025,37.86816269284712,35.1288056206089,41.666666666666664,37.87878787878788,38.14713896457766,43.8871473354232,35.21126760563381,36.38644918444166,39.82930298719772]}
