{"practice":[1,1,1,1,1],"center_interval":[0,75,0,25,75],"image_pair":[4,2,4,4,4],"feature_space":[2,1,2,2,1],"left_img":[2,1,2,2,1],"img1Sample":[2,3,1,3,3],"img2Sample":[1,1,1,2,3],"key":[50,50,50,49,50],"correct":[true,true,true,false,true],"right_img":[1,2,1,1,2],"img_choice":[1,2,1,2,2],"center_sample":[3,3,3,1,2],"left_sample":[1,3,1,2,3],"right_sample":[2,1,1,3,3],"RT":[[0,2148,0,0],[0,1864,0,0],[0,2730,0,0],[0,3430,0,0],[0,2469,0,0]],"response":[[0,1,0,0],[0,1,0,0],[0,1,0,0],[0,1,0,0],[0,1,0,0]],"framerate":[30.785947120608473,31.325301204819276,29.91325157044571,30.50595238095238,30.048465266558964]}
