{"practice":[0,0,0,0,0,0,0,0,0,0,0,0,0,0,0,0,0,0,0,0],"center_interval":[0,75,100,100,0,75,100,100,75,100,25,0,75,100,100,0,25,0,0,0],"image_pair":[3,3,3,1,4,1,2,1,4,2,2,2,4,4,3,1,2,4,2,1],"feature_space":[1,2,1,2,1,1,1,1,1,1,2,2,1,1,2,1,2,2,2,1],"left_img":[1,2,2,1,2,1,1,1,1,2,1,1,2,1,1,1,1,2,1,2],"img1Sample":[3,2,2,1,3,2,3,2,1,1,1,1,1,2,1,1,1,2,1,1],"img2Sample":[3,2,2,3,3,2,1,3,2,1,1,2,2,2,3,2,2,2,2,2],"key":[49,50,50,49,50,50,49,50,49,50,49,49,50,49,50,49,49,50,50,50],"correct":[true,false,false,false,true,true,false,true,false,false,true,true,false,false,true,true,true,true,false,true],"right_img":[2,1,1,2,1,2,2,2,2,1,2,2,1,2,2,2,2,1,2,1],"img_choice":[1,1,1,1,1,2,1,2,1,1,1,1,1,1,2,1,1,1,2,1],"center_sample":[2,2,1,2,1,3,3,2,3,3,1,2,1,1,2,3,1,3,2,2],"left_sample":[3,2,2,1,3,2,3,2,1,1,1,1,2,2,1,1,1,2,1,2],"right_sample":[3,2,2,3,3,2,1,3,2,1,1,2,1,2,3,2,2,2,2,1],"RT":[[0,1356,0,0],[0,1473,0,0],[0,1421,0,0],[0,993,0,0],[0,1026,0,0],[0,1401,0,0],[0,1182,0,0],[0,1418,0,0],[0,2463,0,0],[0,776,0,0],[0,920,0,0],[0,2221,0,0],[0,1770,0,0],[0,897,0,0],[0,2137,0,0],[0,1120,0,0],[0,2268,0,0],[0,1716,0,0],[0,3025,0,0],[0,1985,0,0]],"response":[[0,1,0,0],[0,1,0,0],[0,1,0,0],[0,1,0,0],[0,1,0,0],[0,1,0,0],[0,1,0,0],[0,1,0,0],[0,1,0,0],[0,1,0,0],[0,1,0,0],[0,1,0,0],[0,1,0,0],[0,1,0,0],[0,1,0,0],[0,1,0,0],[0,1,0,0],[0,1,0,0],[0,1,0,0],[0,1,0,0]],"framerate":[30.45685279187817,29.14476827520306,31.988188976377955,31.403940886699505,32.0048309178744,31.019202363367796,31.99117484831771,32.00393894633186,31.997414350355527,30.58321479374111,31.33159268929504,32.008441786844884,31.932773109243698,32.0890635232482,31.25,32.05495134516313,31.304347826086957,31.556503198294244,29.51724137931035,27.756360832690824]}
