{"practice":[0,0,0,0,0,0,0,0,0,0,0,0,0,0,0,0,0,0,0,0],"center_interval":[50,0,100,100,25,75,100,0,25,0,25,100,75,100,0,50,100,0,100,100],"image_pair":[2,4,1,3,4,3,4,4,4,2,3,4,4,2,3,4,3,1,4,4],"feature_space":[1,1,1,2,2,2,2,2,1,2,2,2,1,1,1,1,2,2,2,1],"left_img":[1,1,1,2,2,2,1,1,1,1,1,2,1,2,1,2,1,2,2,1],"img1Sample":[2,1,3,1,2,1,1,2,1,3,2,2,1,2,3,3,3,1,1,3],"img2Sample":[1,2,3,3,1,3,2,1,2,2,3,2,3,3,3,3,1,3,3,3],"key":[50,50,49,49,null,49,50,49,50,49,50,49,49,50,49,50,49,49,50,49],"correct":[false,false,false,true,null,true,true,true,false,true,false,true,false,false,true,true,false,false,false,false],"right_img":[2,2,2,1,1,1,2,2,2,2,2,1,2,1,2,1,2,1,1,2],"img_choice":[2,2,1,2,null,2,2,1,2,1,2,2,1,1,1,1,1,2,1,1],"center_sample":[1,3,2,1,3,1,3,3,3,2,3,1,1,1,2,3,2,3,2,2],"left_sample":[2,1,3,3,1,3,1,2,1,3,2,2,1,3,3,3,3,3,3,3],"right_sample":[1,2,3,1,2,1,2,1,2,2,3,2,3,2,3,3,1,1,1,3],"RT":[[0,2321,0,0],[0,1620,0,0],[0,3493,0,0],[0,3839,0,0],[0,0,0,0],[0,349,0,0],[0,1276,0,0],[0,1394,0,0],[0,1832,0,0],[0,1685,0,0],[0,1499,0,0],[0,1298,0,0],[0,1091,0,0],[0,1459,0,0],[0,1698,0,0],[0,1902,0,0],[0,1590,0,0],[0,2460,0,0],[0,1808,0,0],[0,1430,0,0]],"response":[[0,1,0,0],[0,1,0,0],[0,1,0,0],[0,1,0,0],[0,1,0,0],[0,1,0,0],[0,1,0,0],[0,1,0,0],[0,1,0,0],[0,1,0,0],[0,1,0,0],[0,1,0,0],[0,1,0,0],[0,1,0,0],[0,1,0,0],[0,1,0,0],[0,1,0,0],[0,1,0,0],[0,1,0,0],[0,1,0,0]],"framerate":[31.271244051665533,31.625835189309576,30.701754385964914,31.57894736842105,28.474817583199858,32.02479338842975,31.9318786588611,31.547320981472208,31.1347808275297,31.441048034934497,32.181732134406055,30.92243186582809,32.05128205128205,31.507513330101794,30.69606571552097,30.80568720379147,32.02525935949481,29.709435194254002,30.775543701272056,31.992244304411052]}
