{"practice":[0,0,0,0,0,0,0,0,0,0,0,0,0,0,0,0,0,0,0,0],"center_interval":[0,100,75,75,0,75,50,100,0,0,100,75,25,0,75,75,50,0,0,100],"image_pair":[2,2,2,3,4,2,3,2,1,3,3,1,1,2,3,4,2,3,4,1],"feature_space":[1,2,1,1,1,1,1,2,2,1,2,1,2,1,1,2,2,1,1,2],"left_img":[2,2,2,2,2,1,1,1,2,1,1,1,1,2,1,1,1,1,2,1],"img1Sample":[3,3,3,1,2,3,1,1,1,1,2,2,2,1,1,3,1,1,3,3],"img2Sample":[2,3,1,1,3,3,2,1,1,1,2,2,3,2,3,3,2,2,1,2],"key":[49,50,49,49,49,50,49,50,49,50,50,50,49,50,49,50,50,49,50,49],"correct":[false,false,true,true,false,true,true,true,false,false,true,true,true,true,false,true,false,true,true,false],"right_img":[1,1,1,1,1,2,2,2,1,2,2,2,2,1,2,2,2,2,1,2],"img_choice":[2,1,2,2,2,2,1,2,2,2,2,2,1,1,1,2,2,1,1,1],"center_sample":[1,1,3,1,3,3,2,3,3,3,3,3,3,2,1,3,1,2,2,3],"left_sample":[2,3,1,1,3,3,1,1,1,1,2,2,2,2,1,3,1,1,1,3],"right_sample":[3,3,3,1,2,3,2,1,1,1,2,2,3,1,3,3,2,2,3,2],"RT":[[0,1649,0,0],[0,859,0,0],[0,1081,0,0],[0,1250,0,0],[0,1212,0,0],[0,1179,0,0],[0,1350,0,0],[0,1910,0,0],[0,1867,0,0],[0,805,0,0],[0,2374,0,0],[0,3118,0,0],[0,1856,0,0],[0,1117,0,0],[0,1366,0,0],[0,1057,0,0],[0,2857,0,0],[0,1217,0,0],[0,1245,0,0],[0,1588,0,0]],"response":[[0,1,0,0],[0,1,0,0],[0,1,0,0],[0,1,0,0],[0,1,0,0],[0,1,0,0],[0,1,0,0],[0,1,0,0],[0,1,0,0],[0,1,0,0],[0,1,0,0],[0,1,0,0],[0,1,0,0],[0,1,0,0],[0,1,0,0],[0,1,0,0],[0,1,0,0],[0,1,0,0],[0,1,0,0],[0,1,0,0]],"framerate":[31.95739014647137,31.377899045020463,31.990521327014218,32,31.387665198237887,32.06191265892758,30.487804878048784,31.163708086785007,31.625300240192153,32.028469750889684,31.302031302031303,31.4918601547905,29.959514170040485,32.032615026208504,31.88259109311741,32.06650831353919,32.03463203463203,31.453362255965295,32,31.492469192149702]}
