{"practice":[0,0,0,0,0,0,0,0,0,0,0,0,0,0,0,0,0,0,0,0],"center_interval":[25,50,0,0,50,25,25,100,75,100,100,50,75,75,0,50,25,25,50,50],"image_pair":[3,2,4,1,3,4,4,3,3,4,1,3,2,2,2,1,4,3,4,2],"feature_space":[1,2,1,2,2,1,2,2,2,2,2,2,2,2,1,1,2,2,1,1],"left_img":[2,1,1,2,2,2,2,1,1,2,2,2,2,2,2,1,1,1,1,1],"img1Sample":[1,1,3,2,1,2,1,3,1,2,1,2,2,3,3,2,1,3,3,3],"img2Sample":[2,2,1,1,3,3,1,3,1,1,2,3,3,2,3,2,3,1,2,3],"key":[null,null,null,null,null,null,null,null,null,null,null,null,null,null,null,null,null,null,null,null],"correct":[null,null,null,null,null,null,null,null,null,null,null,null,null,null,null,null,null,null,null,null],"right_img":[1,2,2,1,1,1,1,2,2,1,1,1,1,1,1,2,2,2,2,2],"img_choice":[null,null,null,null,null,null,null,null,null,null,null,null,null,null,null,null,null,null,null,null],"center_sample":[2,3,1,3,2,3,2,1,1,2,3,1,2,3,2,2,2,3,1,3],"left_sample":[2,1,3,1,3,3,1,3,1,1,2,3,3,2,3,2,1,3,3,3],"right_sample":[1,2,1,2,1,2,1,3,1,2,1,2,2,3,3,2,3,1,2,3],"RT":[[0,0,0,0],[0,0,0,0],[0,0,0,0],[0,0,0,0],[0,0,0,0],[0,0,0,0],[0,0,0,0],[0,0,0,0],[0,0,0,0],[0,0,0,0],[0,0,0,0],[0,0,0,0],[0,0,0,0],[0,0,0,0],[0,0,0,0],[0,0,0,0],[0,0,0,0],[0,0,0,0],[0,0,0,0],[0,0,0,0]],"response":[[0,1,0,0],[0,1,0,0],[0,1,0,0],[0,1,0,0],[0,1,0,0],[0,1,0,0],[0,1,0,0],[0,1,0,0],[0,1,0,0],[0,1,0,0],[0,1,0,0],[0,1,0,0],[0,1,0,0],[0,1,0,0],[0,1,0,0],[0,1,0,0],[0,1,0,0],[0,1,0,0],[0,1,0,0],[0,1,0,0]],"framerate":[18.834399431414358,17.416029856051182,17.446043165467625,18.75110560764196,17.24137931034483,18.223637650389243,16.723003024372886,16.648764769065522,16.766678432756795,15.985790408525755,17.232190442352103,14.397440455030218,16.474756421612046,18.387553041018386,17.087931648273408,18.120447681648606,14.917325664989216,17.28699947080614,17.945984363894812,14.800285306704707]}
