{"practice":[0,0,0,0,0,0,0,0,0,0,0,0,0,0,0,0,0,0,0,0],"center_interval":[50,100,100,0,25,25,25,50,0,75,75,0,25,50,50,25,50,75,75,0],"image_pair":[3,1,3,4,2,1,4,4,4,1,4,3,1,2,4,1,3,1,1,4],"feature_space":[2,1,2,2,1,1,1,1,2,1,2,2,1,1,1,2,2,2,2,2],"left_img":[1,2,1,2,2,1,1,2,2,1,1,1,2,1,2,2,1,1,1,1],"img1Sample":[1,2,1,3,2,1,2,1,3,2,3,1,2,2,3,1,2,1,2,2],"img2Sample":[2,2,1,1,3,1,3,1,2,1,3,1,2,1,1,3,1,3,3,2],"key":[null,null,null,null,null,null,null,null,null,null,null,null,null,null,null,null,null,null,null,null],"correct":[null,null,null,null,null,null,null,null,null,null,null,null,null,null,null,null,null,null,null,null],"right_img":[2,1,2,1,1,2,2,1,1,2,2,2,1,2,1,1,2,2,2,2],"img_choice":[null,null,null,null,null,null,null,null,null,null,null,null,null,null,null,null,null,null,null,null],"center_sample":[1,3,2,2,2,2,1,3,2,2,1,3,3,3,1,3,3,3,3,1],"left_sample":[1,2,1,1,3,1,2,1,2,2,3,1,2,2,1,3,2,1,2,2],"right_sample":[2,2,1,3,2,1,3,1,3,1,3,1,2,1,3,1,1,3,3,2],"RT":[[0,0,0,0],[0,0,0,0],[0,0,0,0],[0,0,0,0],[0,0,0,0],[0,0,0,0],[0,0,0,0],[0,0,0,0],[0,0,0,0],[0,0,0,0],[0,0,0,0],[0,0,0,0],[0,0,0,0],[0,0,0,0],[0,0,0,0],[0,0,0,0],[0,0,0,0],[0,0,0,0],[0,0,0,0],[0,0,0,0]],"response":[[0,1,0,0],[0,1,0,0],[0,1,0,0],[0,1,0,0],[0,1,0,0],[0,1,0,0],[0,1,0,0],[0,1,0,0],[0,1,0,0],[0,1,0,0],[0,1,0,0],[0,1,0,0],[0,1,0,0],[0,1,0,0],[0,1,0,0],[0,1,0,0],[0,1,0,0],[0,1,0,0],[0,1,0,0],[0,1,0,0]],"framerate":[15.861700231687756,18.96154527733475,18.21103374397429,18.399428367274027,18.185059725441256,19.27497789566755,18.757741992567688,17.97153024911032,19.081272084805654,17.47503566333809,18.47903340440654,18.66334873800213,18.178577793619677,15.491452991452991,17.584783778934145,17.491166077738516,18.275372604684172,19.38122332859175,18.422464675371135,17.305976806422837]}
