{"practice":[1,1,1,1,1],"center_interval":[100,0,25,0,50],"image_pair":[2,2,2,1,3],"feature_space":[2,2,1,1,1],"left_img":[2,2,2,1,2],"img1Sample":[3,1,3,3,2],"img2Sample":[2,3,1,1,2],"key":[null,null,null,null,null],"correct":[null,null,null,null,null],"right_img":[1,1,1,2,1],"img_choice":[null,null,null,null,null],"center_sample":[1,2,1,1,1],"left_sample":[2,3,1,3,2],"right_sample":[3,1,3,1,2],"RT":[[0,0,0,0],[0,0,0,0],[0,0,0,0],[0,0,0,0],[0,0,0,0]],"response":[[0,1,0,0],[0,1,0,0],[0,1,0,0],[0,1,0,0],[0,1,0,0]],"framerate":[18.433179723502302,16.548042704626333,15.912748077954586,17.907801418439718,17.818959372772632]}
