{"practice":[0,0,0,0,0,0,0,0,0,0,0,0,0,0,0,0,0,0,0,0],"center_interval":[0,50,75,75,100,25,25,25,25,50,25,50,0,100,25,50,100,0,0,25],"image_pair":[2,3,2,3,2,1,3,2,1,3,4,4,3,2,1,3,3,4,1,4],"feature_space":[1,1,1,2,1,2,1,2,1,1,2,1,2,2,1,2,1,2,1,2],"left_img":[1,2,2,1,1,1,1,1,1,2,2,1,2,2,1,1,2,2,1,1],"img1Sample":[2,2,2,3,1,1,2,1,2,2,2,3,3,3,3,3,3,3,1,3],"img2Sample":[3,2,2,1,3,1,2,3,2,2,1,3,3,3,1,2,3,3,2,2],"key":[null,null,null,null,null,null,null,null,null,null,null,null,null,null,null,null,null,null,null,null],"correct":[null,null,null,null,null,null,null,null,null,null,null,null,null,null,null,null,null,null,null,null],"right_img":[2,1,1,2,2,2,2,2,2,1,1,2,1,1,2,2,1,1,2,2],"img_choice":[null,null,null,null,null,null,null,null,null,null,null,null,null,null,null,null,null,null,null,null],"center_sample":[1,1,2,3,2,3,2,3,2,3,2,1,2,2,2,1,2,2,3,3],"left_sample":[2,2,2,3,1,1,2,1,2,2,1,3,3,3,3,3,3,3,1,3],"right_sample":[3,2,2,1,3,1,2,3,2,2,2,3,3,3,1,2,3,3,2,2],"RT":[[0,0,0,0],[0,0,0,0],[0,0,0,0],[0,0,0,0],[0,0,0,0],[0,0,0,0],[0,0,0,0],[0,0,0,0],[0,0,0,0],[0,0,0,0],[0,0,0,0],[0,0,0,0],[0,0,0,0],[0,0,0,0],[0,0,0,0],[0,0,0,0],[0,0,0,0],[0,0,0,0],[0,0,0,0],[0,0,0,0]],"response":[[0,1,0,0],[0,1,0,0],[0,1,0,0],[0,1,0,0],[0,1,0,0],[0,1,0,0],[0,1,0,0],[0,1,0,0],[0,1,0,0],[0,1,0,0],[0,1,0,0],[0,1,0,0],[0,1,0,0],[0,1,0,0],[0,1,0,0],[0,1,0,0],[0,1,0,0],[0,1,0,0],[0,1,0,0],[0,1,0,0]],"framerate":[18.42991316675527,17.6678445229682,16.83800070896845,17.618793379604913,18.379728765167737,17.406749555950267,18.491921005385993,18.629173989455186,18.106848332735748,18.37455830388693,18.653402025226505,19.453864001427807,17.640769779044906,18.535020495455356,17.857142857142858,18.324141611812845,18.230563002680967,18.27213056590385,19.189765458422173,15.202404101113666]}
