{"practice":[0,0,0,0,0,0,0,0,0,0,0,0,0,0,0,0,0,0,0,0],"center_interval":[75,50,75,50,100,100,0,25,0,0,100,0,100,0,0,75,50,100,75,25],"image_pair":[4,4,4,3,2,4,1,2,4,4,3,3,4,3,1,4,2,2,2,2],"feature_space":[1,2,1,2,1,1,1,2,2,1,1,2,1,2,1,1,2,2,2,2],"left_img":[2,2,1,2,2,1,1,1,1,2,2,1,2,1,2,2,2,1,2,1],"img1Sample":[1,3,1,1,3,3,1,2,1,3,1,3,2,1,1,3,2,2,1,1],"img2Sample":[3,3,3,3,2,2,3,3,2,1,2,3,3,1,2,2,2,1,2,1],"key":[null,null,null,null,null,null,null,null,null,null,null,null,null,null,null,null,null,null,null,null],"correct":[null,null,null,null,null,null,null,null,null,null,null,null,null,null,null,null,null,null,null,null],"right_img":[1,1,2,1,1,2,2,2,2,1,1,2,1,2,1,1,1,2,1,2],"img_choice":[null,null,null,null,null,null,null,null,null,null,null,null,null,null,null,null,null,null,null,null],"center_sample":[3,1,2,2,3,1,3,3,2,2,1,2,1,3,2,1,1,2,3,2],"left_sample":[3,3,1,3,2,3,1,2,1,1,2,3,3,1,2,2,2,2,2,1],"right_sample":[1,3,3,1,3,2,3,3,2,3,1,3,2,1,1,3,2,1,1,1],"RT":[[0,0,0,0],[0,0,0,0],[0,0,0,0],[0,0,0,0],[0,0,0,0],[0,0,0,0],[0,0,0,0],[0,0,0,0],[0,0,0,0],[0,0,0,0],[0,0,0,0],[0,0,0,0],[0,0,0,0],[0,0,0,0],[0,0,0,0],[0,0,0,0],[0,0,0,0],[0,0,0,0],[0,0,0,0],[0,0,0,0]],"response":[[0,1,0,0],[0,1,0,0],[0,1,0,0],[0,1,0,0],[0,1,0,0],[0,1,0,0],[0,1,0,0],[0,1,0,0],[0,1,0,0],[0,1,0,0],[0,1,0,0],[0,1,0,0],[0,1,0,0],[0,1,0,0],[0,1,0,0],[0,1,0,0],[0,1,0,0],[0,1,0,0],[0,1,0,0],[0,1,0,0]],"framerate":[17.559418233416107,16.711111111111112,9.77729494839761,11.192724728926198,11.547344110854505,10.218716385801363,9.864364981504316,11.403508771929824,14.245014245014245,15.647226173541963,16.900907311866217,14.237408791599929,18.47903340440654,14.484978540772532,11.245826743981725,13.214285714285714,16.699236098774204,17.119661136604307,18.581382883687688,16.651745747538047]}
