{"practice":[0,0,0,0,0,0,0,0,0,0,0,0,0,0,0,0,0,0,0,0],"center_interval":[25,75,100,25,0,75,100,25,25,50,100,75,0,50,100,100,0,100,50,25],"image_pair":[2,1,1,2,4,1,2,1,1,2,2,2,4,3,4,3,2,1,1,3],"feature_space":[1,2,1,1,2,1,1,2,2,1,2,1,1,1,1,1,1,2,2,2],"left_img":[2,2,2,1,1,2,1,2,2,1,2,2,1,2,1,1,2,2,1,2],"img1Sample":[3,1,3,2,3,1,3,3,2,2,1,1,2,1,1,3,3,2,3,3],"img2Sample":[3,3,1,3,3,2,2,3,2,2,3,2,2,3,1,3,2,2,2,3],"key":[49,50,49,49,50,49,49,50,49,49,49,50,49,49,49,49,49,49,49,50],"correct":[false,false,true,true,false,true,false,true,false,true,true,false,true,false,false,false,false,true,true,true],"right_img":[1,1,1,2,2,1,2,1,1,2,1,1,2,1,2,2,1,1,2,1],"img_choice":[2,1,2,1,2,2,1,1,2,1,2,1,1,2,1,1,2,2,1,1],"center_sample":[2,1,3,2,1,1,3,2,1,2,2,3,1,3,3,2,2,3,1,3],"left_sample":[3,3,1,2,3,2,3,3,2,2,3,2,2,3,1,3,2,2,3,3],"right_sample":[3,1,3,3,3,1,2,3,2,2,1,1,2,1,1,3,3,2,2,3],"RT":[[0,844.1999999992549,0,0],[0,642.8999999985099,0,0],[0,928.5999999996275,0,0],[0,1435.2999999988824,0,0],[0,289.19999999925494,0,0],[0,293.40000000037253,0,0],[0,585.0999999996275,0,0],[0,169.2999999988824,0,0],[0,537.9000000003725,0,0],[0,1531.5999999996275,0,0],[0,4134.4000000003725,0,0],[0,968.6999999992549,0,0],[0,133.90000000037253,0,0],[0,3929.0999999996275,0,0],[0,989.0999999996275,0,0],[0,306.6000000014901,0,0],[0,945.4000000003725,0,0],[0,1051.5999999996275,0,0],[0,1354.4000000003725,0,0],[0,1226.7000000011176,0,0]],"response":[[0,1,0,0],[0,1,0,0],[0,1,0,0],[0,1,0,0],[0,1,0,0],[0,1,0,0],[0,1,0,0],[0,1,0,0],[0,1,0,0],[0,1,0,0],[0,1,0,0],[0,1,0,0],[0,1,0,0],[0,1,0,0],[0,1,0,0],[0,1,0,0],[0,1,0,0],[0,1,0,0],[0,1,0,0],[0,1,0,0]],"framerate":[59.34718100891734,59.95203836930456,59.97392438070404,60.02635303304981,59.986669629020994,60.026678523688915,59.99999999999999,59.956627120920196,60.03654398325526,60.023446658851114,59.77940557378873,60.02021733640831,59.968017057539534,59.78380763291418,60.00750093758925,60.04366812227074,59.926541658669564,60.01680470527723,56.48280073277127,59.97164976552883]}
