{"practice":[0,0,0,0,0,0,0,0,0,0,0,0,0,0,0,0,0,0,0,0],"center_interval":[100,100,100,100,25,100,75,0,0,0,75,50,100,0,75,100,100,0,100,75],"image_pair":[4,2,4,3,4,1,2,4,3,2,2,1,1,1,2,4,2,2,4,2],"feature_space":[2,1,2,2,1,2,2,2,1,1,2,2,1,1,1,2,1,1,2,1],"left_img":[2,2,1,1,2,2,2,2,2,1,1,1,1,2,1,2,1,1,2,2],"img1Sample":[1,3,3,1,1,3,2,2,2,1,2,3,1,3,3,1,3,1,1,1],"img2Sample":[1,1,1,3,2,2,1,1,3,2,2,1,2,1,1,3,2,3,1,2],"key":[50,49,50,50,50,49,50,49,50,49,50,49,50,50,50,49,50,50,49,50],"correct":[false,true,true,true,true,true,false,false,true,true,true,true,true,true,true,true,true,false,true,false],"right_img":[1,1,2,2,1,1,1,1,1,2,2,2,2,1,2,1,2,2,1,1],"img_choice":[1,2,2,2,1,2,1,2,1,1,2,1,2,1,2,2,2,2,2,1],"center_sample":[2,2,2,2,2,1,2,1,1,3,1,1,1,1,3,1,3,2,2,2],"left_sample":[1,1,3,1,2,2,1,1,3,1,2,3,1,1,3,3,3,1,1,2],"right_sample":[1,3,1,3,1,3,2,2,2,2,2,1,2,3,1,1,2,3,1,1],"RT":[[0,780.3000000007451,0,0],[0,925.5,0,0],[0,640.8999999985099,0,0],[0,981.5,0,0],[0,1797.3999999985099,0,0],[0,998.8000000007451,0,0],[0,559.0999999996275,0,0],[0,374.80000000074506,0,0],[0,893,0,0],[0,1252.699999999255,0,0],[0,1498,0,0],[0,1293.9000000003725,0,0],[0,970.5999999996275,0,0],[0,1907.7000000011176,0,0],[0,1477.4000000003725,0,0],[0,1274.6000000014901,0,0],[0,2302.39999999851,0,0],[0,667.5,0,0],[0,1152.3999999985099,0,0],[0,749.4000000003725,0,0]],"response":[[0,1,0,0],[0,1,0,0],[0,1,0,0],[0,1,0,0],[0,1,0,0],[0,1,0,0],[0,1,0,0],[0,1,0,0],[0,1,0,0],[0,1,0,0],[0,1,0,0],[0,1,0,0],[0,1,0,0],[0,1,0,0],[0,1,0,0],[0,1,0,0],[0,1,0,0],[0,1,0,0],[0,1,0,0],[0,1,0,0]],"framerate":[60.12749927555607,59.97001499251831,59.94245524300245,60.039183467076576,59.99500041665057,60.041278378871496,59.96230940549739,60.002033967321324,59.36103514970704,60.01178802976761,59.977151561341884,59.99999999999999,60.00884340851642,60.00397377309756,59.52095233521608,59.99469073533316,59.660552031544654,59.978189749147305,60.043049733822066,59.19348871624121]}
