{"practice":[1,1,1,1,1],"center_interval":[0,75,50,75,75],"image_pair":[3,1,4,2,4],"feature_space":[1,2,1,1,2],"left_img":[2,2,2,1,2],"img1Sample":[1,1,2,2,1],"img2Sample":[3,1,1,3,1],"key":[50,49,49,50,50],"correct":[true,true,false,true,false],"right_img":[1,1,1,2,1],"img_choice":[1,2,2,2,1],"center_sample":[2,3,1,1,1],"left_sample":[3,1,1,2,1],"right_sample":[1,1,2,3,1],"RT":[[0,1153.0999999996275,0,0],[0,1643.4000000003725,0,0],[0,1263.7999999988824,0,0],[0,1059.9000000003725,0,0],[0,2106.5,0,0]],"response":[[0,1,0,0],[0,1,0,0],[0,1,0,0],[0,1,0,0],[0,1,0,0]],"framerate":[60.00226423633567,60.00533380747936,59.98607466125133,59.93407252022775,59.924267490132976]}
