{"practice":[0,0,0,0,0,0,0,0,0,0,0,0,0,0,0,0,0,0,0,0],"center_interval":[25,100,25,25,50,75,25,25,75,25,50,75,25,75,0,25,50,0,0,100],"image_pair":[4,4,3,4,4,1,3,3,3,3,2,1,3,3,3,3,2,3,4,4],"feature_space":[1,2,2,2,1,2,1,2,1,1,1,2,2,2,2,2,2,2,1,2],"left_img":[2,2,1,2,1,2,1,1,1,1,2,2,2,2,1,1,1,1,1,2],"img1Sample":[1,3,2,1,3,1,1,2,1,1,1,1,2,2,3,3,2,3,3,1],"img2Sample":[2,3,1,3,1,2,3,3,2,2,1,3,1,1,3,3,2,2,1,3],"key":[49,50,49,50,49,49,49,50,49,50,49,50,49,49,50,49,50,49,49,50],"correct":[false,false,true,true,true,true,true,false,false,false,false,false,false,true,false,true,false,true,true,false],"right_img":[1,1,2,1,2,1,2,2,2,2,1,1,1,1,2,2,2,2,2,1],"img_choice":[2,1,1,1,1,2,1,2,1,2,2,1,2,2,2,1,2,1,1,1],"center_sample":[1,2,1,2,1,2,1,2,2,3,2,3,3,1,2,2,3,1,1,2],"left_sample":[2,3,2,3,3,2,1,2,1,1,1,3,1,1,3,3,2,3,3,3],"right_sample":[1,3,1,1,1,1,3,3,2,2,1,1,2,2,3,3,2,2,1,1],"RT":[[0,1740.7999999988824,0,0],[0,895,0,0],[0,987.3000000007451,0,0],[0,1587.3999999985099,0,0],[0,1447.2999999988824,0,0],[0,1834.2000000011176,0,0],[0,1223.2000000011176,0,0],[0,1725.2000000011176,0,0],[0,1232.199999999255,0,0],[0,1007.7000000011176,0,0],[0,1358.5999999996275,0,0],[0,767.6000000014901,0,0],[0,1649.5999999996275,0,0],[0,2049.300000000745,0,0],[0,1540.699999999255,0,0],[0,1183.1000000014901,0,0],[0,1935.5,0,0],[0,1521.199999999255,0,0],[0,1387.4000000003725,0,0],[0,1501.0999999996275,0,0]],"response":[[0,1,0,0],[0,1,0,0],[0,1,0,0],[0,1,0,0],[0,1,0,0],[0,1,0,0],[0,1,0,0],[0,1,0,0],[0,1,0,0],[0,1,0,0],[0,1,0,0],[0,1,0,0],[0,1,0,0],[0,1,0,0],[0,1,0,0],[0,1,0,0],[0,1,0,0],[0,1,0,0],[0,1,0,0],[0,1,0,0]],"framerate":[60.00510681763004,60.008001066779094,59.996250234374315,60.01909698538412,59.46868145259567,60.00244907954515,60.00436395376648,59.60804494188335,59.99781826114195,60.00618620476338,59.96239646328032,60.031824099457936,59.99733345185651,60.011322891111526,60.01954124601828,59.96668517490283,60.0188294366597,59.9615871082797,60.033018159976805,60.01039550156182]}
