{"practice":[0,0,0,0,0,0,0,0,0,0,0,0,0,0,0,0,0,0,0,0],"center_interval":[100,100,0,0,25,0,75,100,0,75,0,75,100,25,100,100,25,25,100,0],"image_pair":[4,1,4,2,1,1,2,3,3,3,2,1,1,4,1,4,3,2,2,3],"feature_space":[1,1,2,1,2,2,1,1,1,2,1,2,2,1,2,1,1,2,2,2],"left_img":[1,1,2,1,1,1,2,2,2,1,2,2,2,2,1,1,2,2,2,1],"img1Sample":[3,2,2,2,3,2,1,3,1,3,2,2,2,1,3,1,2,3,3,2],"img2Sample":[2,2,1,1,2,3,3,3,1,2,1,3,2,2,3,1,2,3,3,1],"key":[50,49,50,49,50,49,50,49,49,50,49,50,49,49,49,50,50,49,49,49],"correct":[true,false,true,true,false,true,false,true,false,true,false,false,true,false,false,true,true,false,true,true],"right_img":[2,2,1,2,2,2,1,1,1,2,1,1,1,1,2,2,1,1,1,2],"img_choice":[2,1,1,1,2,1,1,2,2,2,2,1,2,2,1,2,1,2,2,1],"center_sample":[1,1,1,1,3,1,1,2,3,1,1,3,1,1,2,2,1,1,1,3],"left_sample":[3,2,1,2,3,2,3,3,1,3,1,3,2,2,3,1,2,3,3,2],"right_sample":[2,2,2,1,2,3,1,3,1,2,2,2,2,1,3,1,2,3,3,1],"RT":[[0,575.1999999992549,0,0],[0,1488,0,0],[0,1061.0999999996275,0,0],[0,1003.9000000003725,0,0],[0,1105.9000000003725,0,0],[0,885.4000000003725,0,0],[0,519.5999999996275,0,0],[0,379.2999999988824,0,0],[0,1010.2999999988824,0,0],[0,364.5,0,0],[0,676.6000000014901,0,0],[0,321.5,0,0],[0,1468.5,0,0],[0,1634.7999999988824,0,0],[0,1639,0,0],[0,1040.0999999996275,0,0],[0,1553.9000000003725,0,0],[0,1806.800000000745,0,0],[0,1267.5,0,0],[0,1497.2000000011176,0,0]],"response":[[0,1,0,0],[0,1,0,0],[0,1,0,0],[0,1,0,0],[0,1,0,0],[0,1,0,0],[0,1,0,0],[0,1,0,0],[0,1,0,0],[0,1,0,0],[0,1,0,0],[0,1,0,0],[0,1,0,0],[0,1,0,0],[0,1,0,0],[0,1,0,0],[0,1,0,0],[0,1,0,0],[0,1,0,0],[0,1,0,0]],"framerate":[59.98141420962487,60.00857265325747,60.002400096017254,60.02103830209911,59.953434225844,60.06006006006007,59.97530428643087,59.983733224910885,60.02846710809929,58.90863993387964,53.75925204518893,58.98755898753542,59.99232098292491,59.99733345185651,60.01333629695488,59.97818974912797,60.02955301072329,59.99668983782979,59.94112924805994,60.04861078013404]}
