{"practice":[0,0,0,0,0,0,0,0,0,0,0,0,0,0,0,0,0,0,0,0],"center_interval":[75,25,25,50,100,100,75,0,25,75,0,50,100,25,0,25,100,50,75,0],"image_pair":[3,3,1,2,2,2,3,4,4,1,3,4,1,3,2,3,3,3,2,1],"feature_space":[2,1,1,2,1,2,2,2,2,2,2,1,2,2,1,1,2,1,2,2],"left_img":[1,1,2,1,1,1,2,2,1,2,2,1,2,2,2,2,1,2,1,2],"img1Sample":[3,2,2,1,2,2,3,1,3,2,2,1,2,1,1,2,3,2,2,3],"img2Sample":[1,1,2,3,3,2,2,1,2,1,2,3,2,2,2,2,2,1,2,2],"key":[49,49,49,49,50,50,49,50,49,49,50,50,50,49,49,50,49,50,50,50],"correct":[false,true,false,true,true,true,true,true,true,true,true,false,false,false,false,true,false,true,true,true],"right_img":[2,2,1,2,2,2,1,1,2,1,1,2,1,1,1,1,2,1,2,1],"img_choice":[1,1,2,1,2,2,2,1,1,2,1,2,1,2,2,1,1,1,2,1],"center_sample":[1,1,2,1,1,1,1,2,3,3,3,3,1,3,3,3,1,2,3,1],"left_sample":[3,2,2,1,2,2,2,1,3,1,2,1,2,2,2,2,3,1,2,2],"right_sample":[1,1,2,3,3,2,3,1,2,2,2,3,2,1,1,2,2,2,2,3],"RT":[[0,1641.800000000745,0,0],[0,828.0999999996275,0,0],[0,2942.300000000745,0,0],[0,1695.5999999996275,0,0],[0,1852.300000000745,0,0],[0,1489.800000000745,0,0],[0,1572.4000000003725,0,0],[0,1412.199999999255,0,0],[0,1477.4000000003725,0,0],[0,1338.5,0,0],[0,1501.5,0,0],[0,1175.800000000745,0,0],[0,697.0999999996275,0,0],[0,420.80000000074506,0,0],[0,1724.300000000745,0,0],[0,462,0,0],[0,718.4000000003725,0,0],[0,1373.699999999255,0,0],[0,2294.7000000011176,0,0],[0,1594.2000000011176,0,0]],"response":[[0,1,0,0],[0,1,0,0],[0,1,0,0],[0,1,0,0],[0,1,0,0],[0,1,0,0],[0,1,0,0],[0,1,0,0],[0,1,0,0],[0,1,0,0],[0,1,0,0],[0,1,0,0],[0,1,0,0],[0,1,0,0],[0,1,0,0],[0,1,0,0],[0,1,0,0],[0,1,0,0],[0,1,0,0],[0,1,0,0]],"framerate":[59.986669628971335,60.01814502057202,57.70908988541424,60.0574462529668,59.59137343925556,59.988573605016974,60.01466006966606,60.019841269841265,58.9899764998859,59.48412901903603,60.061480255379514,59.44369672501362,59.926244622020846,60.06587870561216,59.99828576325433,59.98125585754452,60.01500375093773,59.9556630391309,59.68398537225634,59.99181929734823]}
