{"practice":[1,1,1,1,1],"center_interval":[50,50,25,25,25],"image_pair":[4,4,1,3,4],"feature_space":[2,1,2,1,1],"left_img":[2,2,2,2,2],"img1Sample":[1,2,3,2,2],"img2Sample":[3,3,1,1,2],"key":[49,50,49,50,49],"correct":[false,true,false,true,false],"right_img":[1,1,1,1,1],"img_choice":[2,1,2,1,2],"center_sample":[2,2,3,3,3],"left_sample":[3,3,1,1,2],"right_sample":[1,2,3,2,2],"RT":[[0,0,0,797.6000000238419,0,0],[0,0,0,911.6999999880791,0,0],[0,0,0,786.5999999642372,0,0],[0,0,0,808.6999999880791,0,0],[0,0,0,668.0999999642372,0,0]],"response":[[0,0,0,1,0,0],[0,0,0,1,0,0],[0,0,0,1,0,0],[0,0,0,1,0,0],[0,0,0,1,0,0]],"framerate":[57.01948627178889,56.31536604987933,60.04837229951025,60.069204152249135,59.227739282535836]}
