{"practice":[0,0,0,0,0,0,0,0,0,0,0,0,0,0,0,0,0,0,0,0],"center_interval":[25,25,75,100,100,25,50,100,75,50,25,100,0,25,100,100,100,100,0,75],"image_pair":[1,3,4,3,2,2,3,1,3,4,3,1,4,4,2,2,3,3,2,1],"feature_space":[2,2,1,1,1,1,1,1,1,2,1,1,1,1,1,2,2,1,2,2],"left_img":[2,2,1,1,2,1,2,2,2,1,1,2,2,1,1,1,1,2,2,2],"img1Sample":[2,3,3,1,1,1,3,3,2,2,2,3,1,2,3,3,3,1,2,2],"img2Sample":[1,3,2,2,1,3,1,3,1,1,1,2,1,1,3,3,2,1,2,1],"key":[49,50,50,50,50,49,49,49,49,49,50,49,49,49,50,50,50,49,50,49],"correct":[false,true,true,true,false,true,false,true,true,true,false,true,false,true,true,true,true,true,true,true],"right_img":[1,1,2,2,1,2,1,1,1,2,2,1,1,2,2,2,2,1,1,1],"img_choice":[2,1,2,2,1,1,2,2,2,1,2,2,2,1,2,2,2,2,1,2],"center_sample":[1,2,3,3,2,2,3,1,2,3,3,3,2,3,2,2,1,3,3,3],"left_sample":[1,3,3,1,1,1,1,3,1,2,2,2,1,2,3,3,3,1,2,1],"right_sample":[2,3,2,2,1,3,3,3,2,1,1,3,1,1,3,3,2,1,2,2],"RT":[[0,0,0,1177.2000000476837,0,0],[0,0,0,1065.699999988079,0,0],[0,0,0,1552.9000000357628,0,0],[0,0,0,1205.1000000238419,0,0],[0,0,0,1205.9000000357628,0,0],[0,0,0,848.7999999523163,0,0],[0,0,0,1317.800000011921,0,0],[0,0,0,1194.199999988079,0,0],[0,0,0,1152.8999999761581,0,0],[0,0,0,991.5,0,0],[0,0,0,867,0,0],[0,0,0,916.6999999880791,0,0],[0,0,0,949.5,0,0],[0,0,0,700.1000000238419,0,0],[0,0,0,1508,0,0],[0,0,0,1006,0,0],[0,0,0,838.6000000238419,0,0],[0,0,0,850.8000000119209,0,0],[0,0,0,727.9000000357628,0,0],[0,0,0,950.6999999880791,0,0]],"response":[[0,0,0,1,0,0],[0,0,0,1,0,0],[0,0,0,1,0,0],[0,0,0,1,0,0],[0,0,0,1,0,0],[0,0,0,1,0,0],[0,0,0,1,0,0],[0,0,0,1,0,0],[0,0,0,1,0,0],[0,0,0,1,0,0],[0,0,0,1,0,0],[0,0,0,1,0,0],[0,0,0,1,0,0],[0,0,0,1,0,0],[0,0,0,1,0,0],[0,0,0,1,0,0],[0,0,0,1,0,0],[0,0,0,1,0,0],[0,0,0,1,0,0],[0,0,0,1,0,0]],"framerate":[59.31138477004273,58.75531503672207,45.62156806088598,59.57574095787576,58.32938654453109,60.0584204631509,59.0942116735287,60.072086503983805,59.81676383699902,60.077468314971554,58.16481843803721,60.06328095710625,57.142857142857146,59.49500412804762,57.749843448580904,59.55348007469369,57.877989906207446,60.066619341060424,59.483344663895934,60.085608698929555]}
