{"practice":[0,0,0,0,0,0,0,0,0,0,0,0,0,0,0,0,0,0,0,0],"center_interval":[0,75,50,75,50,25,75,0,100,75,25,50,25,75,50,0,25,75,0,100],"image_pair":[2,3,4,4,2,3,3,2,4,2,3,3,2,2,3,4,3,1,4,1],"feature_space":[2,2,1,2,1,2,1,2,1,1,2,1,1,2,1,1,2,1,2,1],"left_img":[2,2,1,2,1,2,2,1,2,1,2,1,2,1,2,2,1,2,1,1],"img1Sample":[3,3,2,3,2,1,3,2,3,2,2,2,3,1,2,2,1,1,3,1],"img2Sample":[2,1,1,1,2,2,1,2,1,2,3,3,2,1,1,1,1,3,1,2],"key":[49,50,49,49,49,50,49,50,49,49,50,49,50,49,49,50,49,49,49,50],"correct":[false,false,true,true,true,true,true,false,true,false,true,true,true,false,false,true,true,true,true,true],"right_img":[1,1,2,1,2,1,1,2,1,2,1,2,1,2,1,1,2,1,2,2],"img_choice":[2,1,1,2,1,1,2,2,2,1,1,1,1,1,2,1,1,2,1,2],"center_sample":[2,3,1,1,2,1,3,3,3,2,1,1,3,3,1,3,1,3,1,3],"left_sample":[2,1,2,1,2,2,1,2,1,2,3,2,2,1,1,1,1,3,3,1],"right_sample":[3,3,1,3,2,1,3,2,3,2,2,3,3,1,2,2,1,1,1,2],"RT":[[0,0,0,1068.8999999761581,0,0],[0,0,0,2110.900000035763,0,0],[0,0,0,1306.5,0,0],[0,0,0,790.6000000238419,0,0],[0,0,0,899.1999999880791,0,0],[0,0,0,1018.3999999761581,0,0],[0,0,0,704.5,0,0],[0,0,0,1068.699999988079,0,0],[0,0,0,739.4000000357628,0,0],[0,0,0,709.3999999761581,0,0],[0,0,0,750.1999999880791,0,0],[0,0,0,691.8999999761581,0,0],[0,0,0,1001.3999999761581,0,0],[0,0,0,1021.5,0,0],[0,0,0,827.1000000238419,0,0],[0,0,0,885.3000000119209,0,0],[0,0,0,1044.5,0,0],[0,0,0,782.5,0,0],[0,0,0,692.6999999880791,0,0],[0,0,0,615.5,0,0]],"response":[[0,0,0,1,0,0],[0,0,0,1,0,0],[0,0,0,1,0,0],[0,0,0,1,0,0],[0,0,0,1,0,0],[0,0,0,1,0,0],[0,0,0,1,0,0],[0,0,0,1,0,0],[0,0,0,1,0,0],[0,0,0,1,0,0],[0,0,0,1,0,0],[0,0,0,1,0,0],[0,0,0,1,0,0],[0,0,0,1,0,0],[0,0,0,1,0,0],[0,0,0,1,0,0],[0,0,0,1,0,0],[0,0,0,1,0,0],[0,0,0,1,0,0],[0,0,0,1,0,0]],"framerate":[59.8030623295937,60.07412536117129,58.850708884050654,40.03781349025341,59.810868335456256,60.07574768185974,57.487620240000766,56.985199319446984,60.060906834494716,60.08143739896707,58.66172673158771,58.63173549977059,59.79700490384261,60.08673389489137,57.03107780434215,57.096468678122044,60.070211936029125,60.07342307224601,58.06470066705088,60.04430453517671]}
