{"practice":[1,1,1,1,1],"center_interval":[75,75,0,25,0],"image_pair":[2,3,3,2,1],"feature_space":[1,2,2,1,2],"left_img":[2,1,1,2,1],"img1Sample":[2,2,1,3,3],"img2Sample":[1,1,1,2,2],"key":[50,49,50,49,49],"correct":[false,false,false,false,true],"right_img":[1,2,2,1,2],"img_choice":[1,1,2,2,1],"center_sample":[3,2,3,2,2],"left_sample":[1,2,1,2,3],"right_sample":[2,1,1,3,2],"RT":[[0,351,0,0],[0,158,0,0],[0,201,0,0],[0,151,0,0],[0,116,0,0]],"response":[[0,1,0,0],[0,1,0,0],[0,1,0,0],[0,1,0,0],[0,1,0,0]],"framerate":[23.952095808383234,19.03553299492386,18.915510718789406,22.87166454891995,23.715415019762847]}
