{"practice":[0,0,0,0,0,0,0,0,0,0,0,0,0,0,0,0,0,0,0,0],"center_interval":[25,25,50,25,50,100,100,100,50,0,50,50,100,0,75,100,0,0,75,100],"image_pair":[1,4,3,1,3,4,3,4,1,2,4,1,4,2,2,2,1,2,1,1],"feature_space":[1,1,1,2,1,2,2,1,2,1,1,1,2,1,1,1,2,2,2,1],"left_img":[1,1,2,2,1,1,2,1,2,2,1,2,1,1,2,2,2,1,2,1],"img1Sample":[2,1,3,1,2,1,1,2,2,1,3,3,2,1,2,1,1,1,3,3],"img2Sample":[1,3,1,2,2,1,2,2,1,2,3,1,3,1,1,3,2,3,3,3],"key":[49,50,49,49,50,50,49,49,49,50,49,50,49,50,49,50,49,49,50,49],"correct":[true,false,false,false,false,true,true,false,false,true,true,true,false,false,true,false,false,true,false,false],"right_img":[2,2,1,1,2,2,1,2,1,1,2,1,2,2,1,1,1,2,1,2],"img_choice":[1,2,2,2,2,2,2,1,2,1,1,1,1,2,2,1,2,1,1,1],"center_sample":[1,3,1,1,1,3,3,3,1,3,2,3,1,2,1,1,3,3,2,1],"left_sample":[2,1,1,2,2,1,2,2,1,2,3,1,2,1,1,3,2,1,3,3],"right_sample":[1,3,3,1,2,1,1,2,2,1,3,3,3,1,2,1,1,3,3,3],"RT":[[0,752,0,0],[0,162,0,0],[0,24,0,0],[0,15,0,0],[0,126,0,0],[0,177,0,0],[0,138,0,0],[0,148,0,0],[0,42,0,0],[0,162,0,0],[0,143,0,0],[0,160,0,0],[0,184,0,0],[0,110,0,0],[0,118,0,0],[0,137,0,0],[0,141,0,0],[0,155,0,0],[0,113,0,0],[0,385,0,0]],"response":[[0,1,0,0],[0,1,0,0],[0,1,0,0],[0,1,0,0],[0,1,0,0],[0,1,0,0],[0,1,0,0],[0,1,0,0],[0,1,0,0],[0,1,0,0],[0,1,0,0],[0,1,0,0],[0,1,0,0],[0,1,0,0],[0,1,0,0],[0,1,0,0],[0,1,0,0],[0,1,0,0],[0,1,0,0],[0,1,0,0]],"framerate":[20.64896755162242,21.1706102117061,23.148148148148145,24.077046548956663,22.22222222222222,22.04928664072633,22.04928664072633,20.969855832241155,21.90923317683881,20.96177558569667,20.134228187919465,22.471910112359552,22.443890274314214,25.531914893617024,22.576361221779546,22.135416666666664,23.80952380952381,20.860495436766623,24.390243902439025,25.278058645096056]}
