{"practice":[0,0,0,0,0,0,0,0,0,0,0,0,0,0,0,0,0,0,0,0],"center_interval":[0,50,25,0,50,0,0,0,75,75,100,25,75,25,75,50,25,75,75,25],"image_pair":[1,3,2,4,1,3,4,4,3,2,3,2,1,2,4,4,3,3,2,2],"feature_space":[2,2,2,1,2,2,2,2,2,1,2,1,2,1,1,2,2,1,1,2],"left_img":[1,1,1,2,1,2,1,1,1,1,2,2,1,1,2,1,1,2,1,1],"img1Sample":[1,1,1,1,3,3,2,1,1,1,3,2,3,2,1,1,2,3,1,2],"img2Sample":[3,2,3,3,2,1,3,1,2,2,2,3,1,3,3,2,2,1,2,3],"key":[50,49,50,50,49,50,49,49,50,50,49,50,50,49,49,50,49,49,49,49],"correct":[false,true,false,true,true,true,true,true,true,true,true,true,true,true,true,false,true,true,false,true],"right_img":[2,2,2,1,2,1,2,2,2,2,1,1,2,2,1,2,2,1,2,2],"img_choice":[2,1,2,1,1,1,1,1,2,2,2,1,2,1,2,2,1,2,1,1],"center_sample":[2,2,3,2,3,2,3,2,1,2,3,3,2,1,2,3,2,1,2,2],"left_sample":[1,1,1,3,3,1,2,1,1,1,2,3,3,2,3,1,2,1,1,2],"right_sample":[3,2,3,1,2,3,3,1,2,2,3,2,1,3,1,2,2,3,2,3],"RT":[[0,1473,0,0],[0,212,0,0],[0,243,0,0],[0,121,0,0],[0,127,0,0],[0,291,0,0],[0,10,0,0],[0,122,0,0],[0,359,0,0],[0,12,0,0],[0,250,0,0],[0,14,0,0],[0,254,0,0],[0,154,0,0],[0,180,0,0],[0,104,0,0],[0,119,0,0],[0,17,0,0],[0,168,0,0],[0,122,0,0]],"response":[[0,1,0,0],[0,1,0,0],[0,1,0,0],[0,1,0,0],[0,1,0,0],[0,1,0,0],[0,1,0,0],[0,1,0,0],[0,1,0,0],[0,1,0,0],[0,1,0,0],[0,1,0,0],[0,1,0,0],[0,1,0,0],[0,1,0,0],[0,1,0,0],[0,1,0,0],[0,1,0,0],[0,1,0,0],[0,1,0,0]],"framerate":[24.216524216524213,21.582733812949638,23.25581395348837,20.026702269692926,22.486772486772487,22.850924918389556,23.148148148148145,22.911051212938006,21.920668058455114,24.76780185758514,22.962112514351322,23.734177215189874,24.08256880733945,22.19321148825065,22.929936305732483,23.64394993045897,23.841059602649008,22.831050228310502,22.388059701492537,22.546419098143236]}
