{"practice":[0,0,0,0,0,0,0,0,0,0,0,0,0,0,0,0,0,0,0,0],"center_interval":[75,100,100,75,75,0,0,75,25,100,100,0,25,0,50,100,0,25,25,50],"image_pair":[1,4,3,1,1,2,1,1,2,4,4,1,3,1,1,3,2,1,2,1],"feature_space":[1,2,1,2,1,2,1,1,1,1,1,1,1,1,2,2,1,2,1,1],"left_img":[2,2,1,1,1,2,1,1,2,1,1,2,2,1,1,2,1,2,1,1],"img1Sample":[2,2,3,3,1,1,3,3,2,1,3,3,1,1,3,3,1,3,2,3],"img2Sample":[1,3,1,1,1,1,2,1,2,1,1,2,2,2,3,1,2,1,3,3],"key":[49,49,49,49,49,49,49,49,49,49,49,49,49,49,49,50,49,49,50,49],"correct":[true,true,false,false,false,false,true,false,false,false,false,false,false,true,true,false,true,false,false,true],"right_img":[1,1,2,2,2,1,2,2,1,2,2,1,1,2,2,1,2,1,2,2],"img_choice":[2,2,1,1,1,2,1,1,2,1,1,2,2,1,1,1,1,2,2,1],"center_sample":[3,2,2,3,1,2,2,2,1,2,3,2,1,3,2,3,2,2,2,3],"left_sample":[1,3,3,3,1,1,3,3,2,1,3,2,2,1,3,1,1,1,2,3],"right_sample":[2,2,1,1,1,1,2,1,2,1,1,3,1,2,3,3,2,3,3,3],"RT":[[0,151,0,0],[0,158,0,0],[0,136,0,0],[0,137,0,0],[0,143,0,0],[0,125,0,0],[0,122,0,0],[0,145,0,0],[0,143,0,0],[0,207,0,0],[0,110,0,0],[0,202,0,0],[0,147,0,0],[0,107,0,0],[0,224,0,0],[0,21,0,0],[0,196,0,0],[0,135,0,0],[0,29,0,0],[0,128,0,0]],"response":[[0,1,0,0],[0,1,0,0],[0,1,0,0],[0,1,0,0],[0,1,0,0],[0,1,0,0],[0,1,0,0],[0,1,0,0],[0,1,0,0],[0,1,0,0],[0,1,0,0],[0,1,0,0],[0,1,0,0],[0,1,0,0],[0,1,0,0],[0,1,0,0],[0,1,0,0],[0,1,0,0],[0,1,0,0],[0,1,0,0]],"framerate":[22.813688212927755,21.963824289405682,22.516556291390728,21.99223803363519,26.992287917737787,23.841059602649008,23.192360163710777,25.940337224383917,22.020725388601036,24.532710280373834,20.97902097902098,22.19626168224299,22.606382978723406,24.251069900142653,22.379269729093053,24.916943521594686,22.781774580335732,24.291497975708502,23.734177215189874,22.020725388601036]}
