{"practice":[0,0,0,0,0,0,0,0,0,0,0,0,0,0,0,0,0,0,0,0],"center_interval":[100,75,100,50,0,50,100,75,100,25,0,25,25,0,0,25,75,100,0,25],"image_pair":[4,1,2,3,2,2,3,2,2,1,2,3,4,2,2,4,1,2,2,2],"feature_space":[2,2,2,1,2,2,2,1,2,1,1,2,2,2,1,2,2,2,1,2],"left_img":[1,1,2,2,1,2,2,2,2,2,1,2,2,1,2,1,2,1,2,1],"img1Sample":[3,3,2,2,1,3,3,3,1,1,2,3,2,3,1,3,3,1,3,2],"img2Sample":[2,2,3,1,3,1,2,2,3,3,2,3,2,3,3,2,2,1,2,3],"key":[49,49,49,50,50,50,50,49,49,49,49,49,50,50,49,49,50,50,50,49],"correct":[false,false,true,true,false,true,false,true,true,false,true,false,true,false,false,true,false,true,true,true],"right_img":[2,2,1,1,2,1,1,1,1,1,2,1,1,2,1,2,1,2,1,2],"img_choice":[1,1,2,1,2,1,1,2,2,2,1,2,1,2,2,1,1,2,1,1],"center_sample":[3,3,1,2,2,1,3,2,1,3,1,2,3,2,2,3,3,2,1,2],"left_sample":[3,3,3,1,1,1,2,2,3,3,2,3,2,3,3,3,2,1,2,2],"right_sample":[2,2,2,2,3,3,3,3,1,1,2,3,2,3,1,2,3,1,3,3],"RT":[[0,208,0,0],[0,16,0,0],[0,111,0,0],[0,165,0,0],[0,503,0,0],[0,15,0,0],[0,135,0,0],[0,43,0,0],[0,109,0,0],[0,169,0,0],[0,150,0,0],[0,116,0,0],[0,14,0,0],[0,43,0,0],[0,132,0,0],[0,226,0,0],[0,143,0,0],[0,31,0,0],[0,106,0,0],[0,105,0,0]],"response":[[0,1,0,0],[0,1,0,0],[0,1,0,0],[0,1,0,0],[0,1,0,0],[0,1,0,0],[0,1,0,0],[0,1,0,0],[0,1,0,0],[0,1,0,0],[0,1,0,0],[0,1,0,0],[0,1,0,0],[0,1,0,0],[0,1,0,0],[0,1,0,0],[0,1,0,0],[0,1,0,0],[0,1,0,0],[0,1,0,0]],"framerate":[22.592152199762186,20.061728395061728,24.324324324324323,23.6612702366127,20.887728459530027,22.11690363349131,22.077922077922075,19.316493313521548,23.676880222841227,20.78239608801956,20.61855670103093,25.069637883008358,24.096385542168676,21.406727828746178,22.696929238985312,25.22935779816514,22.04928664072633,23.112480739599384,23.80952380952381,22.696929238985312]}
