{"practice":[0,0,0,0,0,0,0,0,0,0,0,0,0,0,0,0,0,0,0,0],"center_interval":[100,0,25,25,75,25,100,75,100,75,75,25,50,75,75,50,0,50,0,0],"image_pair":[4,4,3,2,2,4,1,4,2,1,2,3,3,1,1,2,3,2,4,3],"feature_space":[1,2,1,1,2,1,2,2,1,2,1,2,2,2,1,1,2,2,1,1],"left_img":[2,1,1,1,2,2,2,1,2,2,2,2,1,1,1,1,1,2,2,1],"img1Sample":[2,3,2,3,3,1,2,2,2,1,2,1,1,1,1,3,2,1,2,3],"img2Sample":[3,1,2,2,3,1,1,2,1,3,3,2,3,3,3,3,2,1,1,1],"key":[49,50,49,50,49,49,49,50,49,50,49,49,49,49,49,50,49,50,49,50],"correct":[true,false,true,false,true,false,true,true,true,false,true,false,true,false,false,false,true,true,false,false],"right_img":[1,2,2,2,1,1,1,2,1,1,1,1,2,2,2,2,2,1,1,2],"img_choice":[2,2,1,2,2,2,2,2,2,1,2,2,1,1,1,2,1,1,2,2],"center_sample":[2,1,2,3,3,1,2,1,3,1,3,2,1,1,1,2,1,1,3,1],"left_sample":[3,3,2,3,3,1,1,2,1,3,3,2,1,1,1,3,2,1,1,3],"right_sample":[2,1,2,2,3,1,2,2,2,1,2,1,3,3,3,3,2,1,2,1],"RT":[[0,624,0,0],[0,141,0,0],[0,297,0,0],[0,507,0,0],[0,120,0,0],[0,138,0,0],[0,135,0,0],[0,13,0,0],[0,10,0,0],[0,31,0,0],[0,24,0,0],[0,144,0,0],[0,142,0,0],[0,161,0,0],[0,110,0,0],[0,32,0,0],[0,100,0,0],[0,205,0,0],[0,21,0,0],[0,77,0,0]],"response":[[0,1,0,0],[0,1,0,0],[0,1,0,0],[0,1,0,0],[0,1,0,0],[0,1,0,0],[0,1,0,0],[0,1,0,0],[0,1,0,0],[0,1,0,0],[0,1,0,0],[0,1,0,0],[0,1,0,0],[0,1,0,0],[0,1,0,0],[0,1,0,0],[0,1,0,0],[0,1,0,0],[0,1,0,0],[0,1,0,0]],"framerate":[21.207177814029365,23.047375160051217,24.070021881838073,24.128686327077748,22.727272727272727,23.80952380952381,22.696929238985312,21.406727828746178,21.630615640599,23.076923076923077,24.390243902439025,24.096385542168676,22.486772486772487,24.296675191815858,22.008253094910593,22.6928895612708,24.045261669024047,24.42002442002442,25.6,25.174825174825177]}
