{"practice":[0,0,0,0,0,0,0,0,0,0,0,0,0,0,0,0,0,0,0,0],"center_interval":[50,75,0,75,75,75,50,100,50,0,50,75,0,50,25,75,0,0,100,25],"image_pair":[1,4,1,1,3,3,4,4,4,4,2,1,3,1,2,2,4,4,1,1],"feature_space":[2,2,1,1,2,2,1,2,1,1,1,2,1,1,2,2,2,2,2,2],"left_img":[1,1,2,2,1,2,1,2,1,1,2,2,1,1,1,2,1,1,2,1],"img1Sample":[2,2,3,3,2,1,1,2,1,3,2,2,3,1,3,1,1,3,3,2],"img2Sample":[3,3,2,3,1,2,2,3,2,3,2,2,1,1,3,2,2,2,3,3],"key":[50,50,49,49,50,50,50,49,49,50,49,50,50,50,50,50,49,49,50,49],"correct":[false,true,false,true,true,false,false,true,true,false,false,false,false,false,false,false,true,true,false,true],"right_img":[2,2,1,1,2,1,2,1,2,2,1,1,2,2,2,1,2,2,1,2],"img_choice":[2,2,2,2,2,1,2,2,1,2,2,1,2,2,2,1,1,1,1,1],"center_sample":[3,2,1,2,3,1,2,2,2,2,3,1,1,1,3,3,2,1,1,3],"left_sample":[2,2,2,3,2,2,1,3,1,3,2,2,3,1,3,2,1,3,3,2],"right_sample":[3,3,3,3,1,1,2,2,2,3,2,2,1,1,3,1,2,2,3,3],"RT":[[0,0,0,1311.1000003814697,0,0],[0,0,0,1561.3999996185303,0,0],[0,0,0,1663.8999996185303,0,0],[0,0,0,1326.7999992370605,0,0],[0,0,0,1394.6000003814697,0,0],[0,0,0,1241.5,0,0],[0,0,0,1198.1999988555908,0,0],[0,0,0,1164.3999996185303,0,0],[0,0,0,1327,0,0],[0,0,0,1526.2000007629395,0,0],[0,0,0,1145.2999992370605,0,0],[0,0,0,970.4000015258789,0,0],[0,0,0,1204.2999992370605,0,0],[0,0,0,1114,0,0],[0,0,0,1227.2000007629395,0,0],[0,0,0,1224.7000007629395,0,0],[0,0,0,1530.7000007629395,0,0],[0,0,0,1152.6999988555908,0,0],[0,0,0,1650.3999996185303,0,0],[0,0,0,1658.8999996185303,0,0]],"response":[[0,0,0,1,0,0],[0,0,0,1,0,0],[0,0,0,1,0,0],[0,0,0,1,0,0],[0,0,0,1,0,0],[0,0,0,1,0,0],[0,0,0,1,0,0],[0,0,0,1,0,0],[0,0,0,1,0,0],[0,0,0,1,0,0],[0,0,0,1,0,0],[0,0,0,1,0,0],[0,0,0,1,0,0],[0,0,0,1,0,0],[0,0,0,1,0,0],[0,0,0,1,0,0],[0,0,0,1,0,0],[0,0,0,1,0,0],[0,0,0,1,0,0],[0,0,0,1,0,0]],"framerate":[21.262715341478685,20.18580112398211,20.408620962072543,20.842816413609903,20.730080064767392,15.914599804565578,22.140955799024383,22.64435778085294,20.543806646525677,20.73971655720705,21.37343155910049,21.781862623714733,21.662807198958266,22.24153798740043,21.783795822308658,20.756628532436686,20.511165908178103,21.400876181159067,19.32860856071332,20.571530795479237]}
