{"practice":[0,0,0,0,0,0,0,0,0,0,0,0,0,0,0,0,0,0,0,0],"center_interval":[25,0,75,25,100,0,100,100,100,25,75,0,25,0,0,75,0,0,100,0],"image_pair":[2,3,3,2,1,2,2,4,2,2,3,2,4,2,2,2,3,4,3,3],"feature_space":[2,1,2,2,2,2,1,2,1,2,2,1,2,1,2,2,1,1,2,2],"left_img":[1,2,2,2,2,2,2,2,2,2,2,1,2,2,2,2,1,1,1,2],"img1Sample":[2,1,3,2,1,2,1,2,3,2,2,3,2,3,2,3,2,1,2,1],"img2Sample":[2,2,1,3,3,2,1,2,3,2,3,2,3,1,3,3,2,1,2,2],"key":[50,49,50,50,50,49,50,50,49,49,49,49,49,50,50,49,50,49,49,50],"correct":[false,false,false,true,false,false,false,false,true,false,true,true,false,true,true,true,false,true,false,true],"right_img":[2,1,1,1,1,1,1,1,1,1,1,2,1,1,1,1,2,2,2,1],"img_choice":[2,2,1,1,1,2,1,1,2,2,2,1,2,1,1,2,2,1,1,1],"center_sample":[1,3,2,3,2,1,3,3,1,3,1,1,2,2,1,3,3,3,1,2],"left_sample":[2,2,1,3,3,2,1,2,3,2,3,3,3,1,3,3,2,1,2,2],"right_sample":[2,1,3,2,1,2,1,2,3,2,2,2,2,3,2,3,2,1,2,1],"RT":[[0,0,0,1108.3000011444092,0,0],[0,0,0,1324,0,0],[0,0,0,1468.7000007629395,0,0],[0,0,0,1313.6000003814697,0,0],[0,0,0,1324.2999992370605,0,0],[0,0,0,1321.6000003814697,0,0],[0,0,0,1475.8999996185303,0,0],[0,0,0,1566.7000007629395,0,0],[0,0,0,1324.5,0,0],[0,0,0,1667.3000011444092,0,0],[0,0,0,1889.599998474121,0,0],[0,0,0,1537.6000003814697,0,0],[0,0,0,1860.6000003814697,0,0],[0,0,0,2131.8999996185303,0,0],[0,0,0,1548.5,0,0],[0,0,0,2273,0,0],[0,0,0,2022.1999988555908,0,0],[0,0,0,2020.5,0,0],[0,0,0,1663,0,0],[0,0,0,2100.2000007629395,0,0]],"response":[[0,0,0,1,0,0],[0,0,0,1,0,0],[0,0,0,1,0,0],[0,0,0,1,0,0],[0,0,0,1,0,0],[0,0,0,1,0,0],[0,0,0,1,0,0],[0,0,0,1,0,0],[0,0,0,1,0,0],[0,0,0,1,0,0],[0,0,0,1,0,0],[0,0,0,1,0,0],[0,0,0,1,0,0],[0,0,0,1,0,0],[0,0,0,1,0,0],[0,0,0,1,0,0],[0,0,0,1,0,0],[0,0,0,1,0,0],[0,0,0,1,0,0],[0,0,0,1,0,0]],"framerate":[21.40836454970225,20.323236239054026,20.513298680114968,20.383402086872117,21.9435736677116,21.563211699156163,20.592502458898167,21.087957187355297,22.760290556900728,20.835200293886547,20.36703086878116,20.37265943144908,20.30695566339768,19.980624851708242,20.163600113861236,19.218700977014837,19.699734573555666,19.041705474490325,19.461345734230573,17.147756507199077]}
