{"practice":[1,1,1,1,1],"center_interval":[100,50,75,100,100],"image_pair":[1,4,4,4,1],"feature_space":[1,2,1,1,1],"left_img":[1,1,1,2,1],"img1Sample":[3,2,1,3,1],"img2Sample":[2,2,3,1,2],"key":[50,49,50,49,49],"correct":[true,true,true,true,false],"right_img":[2,2,2,1,2],"img_choice":[2,1,2,2,1],"center_sample":[1,1,1,3,3],"left_sample":[3,2,1,1,1],"right_sample":[2,2,3,3,2],"RT":[[0,0,0,1827.7999992370605,0,0],[0,0,0,2170.8999996185303,0,0],[0,0,0,1542,0,0],[0,0,0,1550.6000003814697,0,0],[0,0,0,1825.7999992370605,0,0]],"response":[[0,0,0,1,0,0],[0,0,0,1,0,0],[0,0,0,1,0,0],[0,0,0,1,0,0],[0,0,0,1,0,0]],"framerate":[20.442856833767657,18.895231972022174,19.937666145474925,19.171079056209333,19.930564481761216]}
