{"practice":[0,0,0,0,0,0,0,0,0,0,0,0,0,0,0,0,0,0,0,0],"center_interval":[25,25,100,100,75,100,25,25,0,25,100,25,50,0,25,0,0,50,75,50],"image_pair":[3,4,4,3,2,1,1,2,4,4,4,1,2,3,2,4,1,1,4,2],"feature_space":[1,1,1,1,2,1,1,1,1,1,2,2,1,2,2,1,2,1,2,2],"left_img":[1,1,2,2,1,1,2,2,1,2,1,2,2,2,2,1,1,1,2,2],"img1Sample":[3,3,1,1,2,1,1,3,3,1,1,2,2,3,3,1,1,1,3,1],"img2Sample":[1,3,3,2,1,2,3,2,3,1,2,1,1,3,3,2,1,2,3,3],"key":[50,49,49,49,49,50,49,50,50,50,50,49,50,50,50,49,49,50,49,49],"correct":[false,true,true,true,false,true,false,true,false,true,true,false,true,true,true,true,true,false,true,false],"right_img":[2,2,1,1,2,2,1,1,2,1,2,1,1,1,1,2,2,2,1,1],"img_choice":[2,1,2,2,1,2,2,1,2,1,2,2,1,1,1,1,1,2,2,2],"center_sample":[2,3,2,1,1,3,3,3,1,1,1,1,3,2,1,3,2,3,1,2],"left_sample":[3,3,3,2,2,1,3,2,3,1,1,1,1,3,3,1,1,1,3,3],"right_sample":[1,3,1,1,1,2,1,3,3,1,2,2,2,3,3,2,1,2,3,1],"RT":[[0,0,0,1553.8999996185303,0,0],[0,0,0,1840.1000003814697,0,0],[0,0,0,1331.3999996185303,0,0],[0,0,0,1738.3999996185303,0,0],[0,0,0,2303.8999996185303,0,0],[0,0,0,872.6000003814697,0,0],[0,0,0,1451.1000003814697,0,0],[0,0,0,1517.5,0,0],[0,0,0,2016.6999988555908,0,0],[0,0,0,1315.5,0,0],[0,0,0,1229,0,0],[0,0,0,1478,0,0],[0,0,0,1399.8999996185303,0,0],[0,0,0,1724.1000003814697,0,0],[0,0,0,1744.8000011444092,0,0],[0,0,0,1554.2000007629395,0,0],[0,0,0,1465.5,0,0],[0,0,0,1205.8000011444092,0,0],[0,0,0,1470.2999992370605,0,0],[0,0,0,1627.5,0,0]],"response":[[0,0,0,1,0,0],[0,0,0,1,0,0],[0,0,0,1,0,0],[0,0,0,1,0,0],[0,0,0,1,0,0],[0,0,0,1,0,0],[0,0,0,1,0,0],[0,0,0,1,0,0],[0,0,0,1,0,0],[0,0,0,1,0,0],[0,0,0,1,0,0],[0,0,0,1,0,0],[0,0,0,1,0,0],[0,0,0,1,0,0],[0,0,0,1,0,0],[0,0,0,1,0,0],[0,0,0,1,0,0],[0,0,0,1,0,0],[0,0,0,1,0,0],[0,0,0,1,0,0]],"framerate":[19.210538350791694,18.92839474151543,22.077174127775322,20.21489310107197,20.361016480030283,22.274134842314584,21.888533236843255,20.94698800175588,15.060240967411099,17.36613603473227,18.689290544694455,18.595137368279726,18.460664588925155,18.94857444867838,20.46609889575335,21.21301977416297,21.02067032582039,22.753691296060072,22.077620264931443,20.52971167986476]}
