{"practice":[0,0,0,0,0,0,0,0,0,0,0,0,0,0,0,0,0,0,0,0],"center_interval":[0,25,25,75,50,75,50,0,50,50,75,75,50,50,100,50,25,25,50,50],"image_pair":[1,3,3,1,3,1,4,4,4,4,1,2,3,2,4,1,1,2,4,3],"feature_space":[2,2,1,2,2,2,2,1,1,1,1,1,1,2,1,2,2,2,1,1],"left_img":[2,1,2,2,2,2,2,2,1,1,2,1,1,1,1,2,1,2,1,1],"img1Sample":[1,3,2,3,1,1,2,2,1,1,2,3,2,1,1,2,1,2,2,1],"img2Sample":[1,3,2,2,2,1,1,1,1,2,1,1,2,2,1,2,1,3,3,3],"stim_time":[250,250,250,250,250,250,250,250,250,250,250,250,250,250,250,250,250,250,250,250],"key":[50,49,50,49,50,49,50,49,50,50,50,49,50,50,50,50,49,49,49,49],"correct":[true,true,true,true,true,true,true,false,false,false,false,false,false,false,true,true,true,false,true,true],"right_img":[1,2,1,1,1,1,1,1,2,2,1,2,2,2,2,1,2,1,2,2],"img_choice":[1,1,1,2,1,2,1,2,2,2,1,1,2,2,2,1,1,2,1,1],"center_sample":[2,3,1,3,3,3,3,1,1,1,3,2,2,2,3,3,1,1,1,1],"left_sample":[1,3,2,2,2,1,1,1,1,1,1,3,2,1,1,2,1,3,2,1],"right_sample":[1,3,2,3,1,1,2,2,1,2,2,1,2,2,1,2,1,2,3,3],"exact_match":[0,0,0,0,0,0,0,0,0,0,0,0,0,0,0,0,0,0,0,0],"RT":[[0,0,0,23.600000023841858,0,0],[0,0,0,116.80000001192093,0,0],[0,0,0,103,0,0],[0,0,0,127.10000002384186,0,0],[0,0,0,94.80000001192093,0,0],[0,0,0,103.09999996423721,0,0],[0,0,0,102.09999996423721,0,0],[0,0,0,85.70000004768372,0,0],[0,0,0,93.29999995231628,0,0],[0,0,0,41.60000002384186,0,0],[0,0,0,2.199999988079071,0,0],[0,0,0,84,0,0],[0,0,0,93.59999996423721,0,0],[0,0,0,72,0,0],[0,0,0,87.29999995231628,0,0],[0,0,0,25.80000001192093,0,0],[0,0,0,45.5,0,0],[0,0,0,177.0999999642372,0,0],[0,0,0,107.69999998807907,0,0],[0,0,0,44.5,0,0]],"response":[[0,0,0,1,0,0],[0,0,0,1,0,0],[0,0,0,1,0,0],[0,0,0,1,0,0],[0,0,0,1,0,0],[0,0,0,1,0,0],[0,0,0,1,0,0],[0,0,0,1,0,0],[0,0,0,1,0,0],[0,0,0,1,0,0],[0,0,0,1,0,0],[0,0,0,1,0,0],[0,0,0,1,0,0],[0,0,0,1,0,0],[0,0,0,1,0,0],[0,0,0,1,0,0],[0,0,0,1,0,0],[0,0,0,1,0,0],[0,0,0,1,0,0],[0,0,0,1,0,0]],"framerate":[60.01292586293623,60.01183331803669,59.98286203941731,60.01690617075232,59.9895670324423,60.01371742235155,59.17159763192628,59.9911777679753,59.94787141615986,59.99999999999999,59.908265467832855,60.1359595619956,60.01565625877659,59.99647079394244,59.994783064207965,60.05173687902105,59.961842464536026,60.03082664128792,59.993143640113836,59.99454594906792]}
