{"practice":[0,0,0,0,0,0,0,0,0,0,0,0,0,0,0,0,0,0,0,0],"center_interval":[25,0,75,50,75,75,0,100,0,50,0,100,50,100,25,75,100,50,25,75],"image_pair":[4,1,1,3,4,1,2,4,2,4,2,1,4,1,1,3,4,3,1,4],"feature_space":[2,2,1,2,2,2,1,1,2,1,2,2,2,1,2,2,2,2,1,1],"left_img":[2,2,2,2,1,1,2,1,1,2,2,2,2,1,2,2,2,1,2,2],"img1Sample":[3,2,3,2,1,3,3,3,2,2,2,3,3,3,3,1,1,1,2,1],"img2Sample":[3,1,3,1,2,2,1,2,2,1,2,1,1,1,1,2,3,3,2,1],"stim_time":[2000,2000,2000,2000,2000,2000,2000,2000,2000,2000,2000,2000,2000,2000,2000,2000,2000,2000,2000,2000],"key":[49,50,49,49,50,49,50,49,49,49,49,50,50,50,50,49,50,50,49,50],"correct":[false,true,true,false,true,false,true,false,true,false,false,false,true,true,true,true,false,false,false,false],"right_img":[1,1,1,1,2,2,1,2,2,1,1,1,1,2,1,1,1,2,1,1],"img_choice":[2,1,2,2,2,1,1,1,1,2,2,1,1,2,1,2,1,2,2,1],"center_sample":[1,2,2,3,3,1,3,3,1,2,2,3,2,2,2,2,1,2,1,2],"left_sample":[3,1,3,1,1,3,1,3,2,1,2,1,1,3,1,2,3,1,2,1],"right_sample":[3,2,3,2,2,2,3,2,2,2,2,3,3,1,3,1,1,3,2,1],"exact_match":[0,1,0,0,0,0,1,0,0,0,1,0,0,0,0,0,0,0,0,0],"RT":[[0,0,0,86.59999996423721,0,0],[0,0,0,80,0,0],[0,0,0,36.80000001192093,0,0],[0,0,0,40.60000002384186,0,0],[0,0,0,84.90000003576279,0,0],[0,0,0,10.200000047683716,0,0],[0,0,0,52.89999997615814,0,0],[0,0,0,38.700000047683716,0,0],[0,0,0,111.80000001192093,0,0],[0,0,0,97.10000002384186,0,0],[0,0,0,74.90000003576279,0,0],[0,0,0,18.5,0,0],[0,0,0,97.39999997615814,0,0],[0,0,0,79.69999998807907,0,0],[0,0,0,62.90000003576279,0,0],[0,0,0,40,0,0],[0,0,0,2060.699999988079,0,0],[0,0,0,123.80000001192093,0,0],[0,0,0,76.80000001192093,0,0],[0,0,0,138.79999995231628,0,0]],"response":[[0,0,0,1,0,0],[0,0,0,1,0,0],[0,0,0,1,0,0],[0,0,0,1,0,0],[0,0,0,1,0,0],[0,0,0,1,0,0],[0,0,0,1,0,0],[0,0,0,1,0,0],[0,0,0,1,0,0],[0,0,0,1,0,0],[0,0,0,1,0,0],[0,0,0,1,0,0],[0,0,0,1,0,0],[0,0,0,1,0,0],[0,0,0,1,0,0],[0,0,0,1,0,0],[0,0,0,1,0,0],[0,0,0,1,0,0],[0,0,0,1,0,0],[0,0,0,1,0,0]],"framerate":[59.991725279764964,59.990290588558445,60.03159557661927,60.006316454614634,59.9917252785321,60.012073435654344,60.018145020337954,59.98947553060866,59.999314293796154,60.020696791997246,60.00693721817551,60.00494158291955,59.995862354566995,60.000693649389504,60.018145020337954,59.98316262076784,60.0131535683464,60.006818956699625,60.00277469503167,59.997966170153404]}
