{"practice":[0,0,0,0,0,0,0,0,0,0,0,0,0,0,0,0,0,0,0,0],"center_interval":[0,25,100,0,25,0,50,75,50,100,25,0,0,0,50,75,25,100,50,50],"image_pair":[4,3,2,4,2,4,4,1,3,1,4,3,1,3,4,4,2,1,1,2],"feature_space":[1,2,1,1,1,1,1,2,2,2,1,1,2,2,1,2,1,1,2,1],"left_img":[2,1,2,1,2,1,1,2,2,2,1,1,2,2,1,1,2,1,2,2],"img1Sample":[3,2,1,1,1,1,3,2,2,1,2,2,1,2,1,2,2,2,1,2],"img2Sample":[2,1,1,2,3,2,3,3,2,3,3,1,1,2,3,1,1,2,3,3],"stim_time":[2000,2000,2000,2000,2000,2000,2000,2000,2000,2000,2000,2000,2000,2000,2000,2000,2000,2000,2000,2000],"key":[49,49,50,50,49,50,50,50,49,50,50,49,49,50,50,50,50,49,50,49],"correct":[false,true,false,false,false,false,false,false,false,false,false,true,false,true,false,true,true,false,true,false],"right_img":[1,2,1,2,1,2,2,1,1,1,2,2,1,1,2,2,1,2,1,1],"img_choice":[2,1,1,2,2,2,2,1,2,1,2,1,2,1,2,2,1,1,1,2],"center_sample":[3,3,1,3,1,3,2,1,2,1,2,1,2,1,3,2,2,3,1,3],"left_sample":[2,2,1,1,3,1,3,3,2,3,2,2,1,2,1,2,1,2,3,3],"right_sample":[3,1,1,2,1,2,3,2,2,1,3,1,1,2,3,1,2,2,1,2],"exact_match":[1,0,1,0,0,0,0,0,0,0,0,0,0,0,0,0,0,0,0,0],"RT":[[0,0,0,120.5,0,0],[0,0,0,24.19999998807907,0,0],[0,0,0,111.10000002384186,0,0],[0,0,0,102.19999998807907,0,0],[0,0,0,38.5,0,0],[0,0,0,95.89999997615814,0,0],[0,0,0,8.400000035762787,0,0],[0,0,0,121.40000003576279,0,0],[0,0,0,24,0,0],[0,0,0,114.90000003576279,0,0],[0,0,0,33.69999998807907,0,0],[0,0,0,92.5,0,0],[0,0,0,21.899999976158142,0,0],[0,0,0,109.20000004768372,0,0],[0,0,0,38.80000001192093,0,0],[0,0,0,125.79999995231628,0,0],[0,0,0,163.80000001192093,0,0],[0,0,0,12.600000023841858,0,0],[0,0,0,124,0,0],[0,0,0,44.80000001192093,0,0]],"response":[[0,0,0,1,0,0],[0,0,0,1,0,0],[0,0,0,1,0,0],[0,0,0,1,0,0],[0,0,0,1,0,0],[0,0,0,1,0,0],[0,0,0,1,0,0],[0,0,0,1,0,0],[0,0,0,1,0,0],[0,0,0,1,0,0],[0,0,0,1,0,0],[0,0,0,1,0,0],[0,0,0,1,0,0],[0,0,0,1,0,0],[0,0,0,1,0,0],[0,0,0,1,0,0],[0,0,0,1,0,0],[0,0,0,1,0,0],[0,0,0,1,0,0],[0,0,0,1,0,0]],"framerate":[60.000681825685994,59.99858826901619,59.99725726799395,60.009601536491104,59.99158012960648,60.020696791997246,59.9929002484913,60.004773106463944,59.988002400024776,60.0375234521576,59.99999999999999,59.99999999999999,60.01341476228981,59.98697425799897,60.02527379924335,59.31683370760164,59.985172205105535,60.00142015144836,60.0375234521576,59.9642318619472]}
