{"practice":[0,0,0,0,0,0,0,0,0,0,0,0,0,0,0,0,0,0,0,0],"center_interval":[0,75,25,75,100,0,75,25,50,25,75,0,0,100,75,100,75,50,50,50],"image_pair":[4,2,2,3,4,4,4,3,1,4,1,2,3,2,3,4,4,2,4,2],"feature_space":[2,1,2,2,1,1,1,2,2,1,2,2,2,1,1,2,1,2,2,2],"left_img":[1,2,2,2,1,1,1,2,1,1,1,1,1,2,1,2,2,2,2,1],"img1Sample":[3,2,2,2,2,2,1,3,1,2,2,2,1,2,3,1,1,2,1,3],"img2Sample":[2,2,2,3,2,1,1,2,3,1,2,2,1,3,3,3,1,3,3,2],"stim_time":[250,250,250,250,250,250,250,250,250,250,250,250,250,250,250,250,250,250,250,250],"key":[50,49,50,49,50,49,50,49,49,49,49,49,49,49,49,50,50,50,49,49],"correct":[false,true,true,true,true,true,true,false,true,true,false,true,true,true,false,false,false,true,false,true],"right_img":[2,1,1,1,2,2,2,1,2,2,2,2,2,1,2,1,1,1,1,2],"img_choice":[2,2,1,2,2,1,2,2,1,1,1,1,1,2,1,1,1,1,2,1],"center_sample":[1,2,3,2,2,1,3,2,1,2,3,1,2,2,3,3,2,3,3,1],"left_sample":[3,2,2,3,2,2,1,2,1,2,2,2,1,3,3,3,1,3,3,3],"right_sample":[2,2,2,2,2,1,1,3,3,1,2,2,1,2,3,1,1,2,1,2],"exact_match":[0,0,0,0,1,0,0,0,0,0,0,0,0,0,0,1,0,0,0,0],"RT":[[0,0,0,130.5,0,0],[0,0,0,24,0,0],[0,0,0,48.19999998807907,0,0],[0,0,0,71.40000003576279,0,0],[0,0,0,63.80000001192093,0,0],[0,0,0,127.39999997615814,0,0],[0,0,0,130.19999998807907,0,0],[0,0,0,108.30000001192093,0,0],[0,0,0,28.30000001192093,0,0],[0,0,0,105.40000003576279,0,0],[0,0,0,106.69999998807907,0,0],[0,0,0,57.39999997615814,0,0],[0,0,0,87,0,0],[0,0,0,77.5,0,0],[0,0,0,85.5,0,0],[0,0,0,2.900000035762787,0,0],[0,0,0,115.5,0,0],[0,0,0,111.39999997615814,0,0],[0,0,0,36,0,0],[0,0,0,97.39999997615814,0,0]],"response":[[0,0,0,1,0,0],[0,0,0,1,0,0],[0,0,0,1,0,0],[0,0,0,1,0,0],[0,0,0,1,0,0],[0,0,0,1,0,0],[0,0,0,1,0,0],[0,0,0,1,0,0],[0,0,0,1,0,0],[0,0,0,1,0,0],[0,0,0,1,0,0],[0,0,0,1,0,0],[0,0,0,1,0,0],[0,0,0,1,0,0],[0,0,0,1,0,0],[0,0,0,1,0,0],[0,0,0,1,0,0],[0,0,0,1,0,0],[0,0,0,1,0,0],[0,0,0,1,0,0]],"framerate":[59.99661990994628,60.02955301005208,59.99454595231849,59.98588567269745,60.00358230213989,60.02197988116581,60.01183331803669,59.9777225620298,60.018467220683284,59.972583962230054,60.0394544968289,59.955257270693515,59.984351907576226,59.9911777679753,60.03654398578506,60.06569685593618,60.02197987814139,59.96230940674114,59.99454594906792,58.24214613545209]}
