{"practice":[0,0,0,0,0,0,0,0,0,0,0,0,0,0,0,0,0,0,0,0],"center_interval":[75,25,50,0,100,25,100,75,50,50,25,25,50,0,0,50,50,25,0,0],"image_pair":[2,1,4,2,2,2,4,1,1,4,1,2,1,3,2,3,2,1,4,1],"feature_space":[2,1,1,2,2,1,1,1,1,1,1,2,2,1,1,2,1,2,2,1],"left_img":[2,2,1,1,1,1,2,1,1,1,1,2,2,2,1,1,2,2,2,2],"img1Sample":[3,1,1,2,3,1,1,1,1,1,1,3,1,2,2,1,1,3,3,2],"img2Sample":[1,2,1,2,2,1,3,3,1,1,1,3,1,3,2,2,1,2,3,2],"stim_time":[250,250,250,250,250,250,250,250,250,250,250,250,250,250,250,250,250,250,250,250],"key":[50,50,50,50,50,49,49,49,49,49,49,49,50,50,50,50,50,50,50,50],"correct":[false,true,false,false,true,true,true,false,true,true,true,false,true,true,false,false,true,true,true,true],"right_img":[1,1,2,2,2,2,1,2,2,2,2,1,1,1,2,2,1,1,1,1],"img_choice":[1,1,2,2,2,1,2,1,1,1,1,2,1,1,2,2,1,1,1,1],"center_sample":[2,1,1,1,3,1,3,1,3,3,2,2,1,1,2,1,3,2,2,1],"left_sample":[1,2,1,2,3,1,3,1,1,1,1,3,1,3,2,1,1,2,3,2],"right_sample":[3,1,1,2,2,1,1,3,1,1,1,3,1,2,2,2,1,3,3,2],"exact_match":[0,0,0,0,0,0,1,0,0,0,0,0,0,0,1,0,0,0,0,0],"RT":[[0,0,0,81.5,0,0],[0,0,0,76.5,0,0],[0,0,0,79.69999998807907,0,0],[0,0,0,37.59999996423721,0,0],[0,0,0,56.5,0,0],[0,0,0,112.70000004768372,0,0],[0,0,0,95.69999998807907,0,0],[0,0,0,54.39999997615814,0,0],[0,0,0,89.80000001192093,0,0],[0,0,0,52.80000001192093,0,0],[0,0,0,54.30000001192093,0,0],[0,0,0,81.29999995231628,0,0],[0,0,0,89.69999998807907,0,0],[0,0,0,85.89999997615814,0,0],[0,0,0,56.19999998807907,0,0],[0,0,0,39.90000003576279,0,0],[0,0,0,40.80000001192093,0,0],[0,0,0,27.30000001192093,0,0],[0,0,0,38.39999997615814,0,0],[0,0,0,65,0,0]],"response":[[0,0,0,1,0,0],[0,0,0,1,0,0],[0,0,0,1,0,0],[0,0,0,1,0,0],[0,0,0,1,0,0],[0,0,0,1,0,0],[0,0,0,1,0,0],[0,0,0,1,0,0],[0,0,0,1,0,0],[0,0,0,1,0,0],[0,0,0,1,0,0],[0,0,0,1,0,0],[0,0,0,1,0,0],[0,0,0,1,0,0],[0,0,0,1,0,0],[0,0,0,1,0,0],[0,0,0,1,0,0],[0,0,0,1,0,0],[0,0,0,1,0,0],[0,0,0,1,0,0]],"framerate":[60.03354815989728,60.001764757155854,60.02824858693892,59.98909289285142,59.965989438185936,60.04460456277596,60.010436600157874,59.9713569612785,60.06267409720056,59.982094897045656,59.97672544854539,60.01235548369005,59.963500478591136,60.09406026886986,59.97672544854539,59.98364082782899,59.97818974723284,60.05173688232792,59.9509492214152,60.07352282154086]}
