{"practice":[0,0,0,0,0,0,0,0,0,0,0,0,0,0,0,0,0,0,0,0],"center_interval":[0,50,0,25,100,0,50,0,100,75,100,75,100,75,50,25,25,0,75,50],"image_pair":[4,2,2,1,1,1,1,1,1,2,3,2,4,1,4,4,2,4,1,4],"feature_space":[2,2,1,1,1,2,1,2,2,1,2,1,1,2,2,2,2,1,1,1],"left_img":[2,2,1,1,1,1,2,1,1,2,1,1,1,1,1,2,1,2,2,2],"img1Sample":[2,1,3,2,1,2,2,3,3,2,2,3,2,3,2,3,2,3,3,1],"img2Sample":[1,1,3,1,1,3,3,1,1,1,3,3,3,1,3,1,2,3,1,3],"stim_time":[2000,2000,2000,2000,2000,2000,2000,2000,2000,2000,2000,2000,2000,2000,2000,2000,2000,2000,2000,2000],"key":[50,50,50,50,50,50,49,49,49,50,49,50,50,49,49,50,50,50,49,50],"correct":[true,true,false,false,true,false,false,true,false,false,false,true,true,false,true,true,false,true,true,true],"right_img":[1,1,2,2,2,2,1,2,2,1,2,2,2,2,2,1,2,1,1,1],"img_choice":[1,1,2,2,2,2,2,1,1,1,1,2,2,1,1,1,2,1,2,1],"center_sample":[3,1,2,2,2,1,2,1,2,1,3,1,1,2,3,1,3,2,2,1],"left_sample":[1,1,3,2,1,2,3,3,3,1,2,3,2,3,2,1,2,3,1,3],"right_sample":[2,1,3,1,1,3,2,1,1,2,3,3,3,1,3,3,2,3,3,1],"exact_match":[0,0,0,0,0,0,0,0,0,0,1,0,0,0,0,0,0,0,0,0],"RT":[[0,0,0,59.89999997615814,0,0],[0,0,0,109.30000001192093,0,0],[0,0,0,134.89999997615814,0,0],[0,0,0,9.599999964237213,0,0],[0,0,0,78.10000002384186,0,0],[0,0,0,81.60000002384186,0,0],[0,0,0,42.19999998807907,0,0],[0,0,0,105.59999996423721,0,0],[0,0,0,27.299999952316284,0,0],[0,0,0,159.9000000357628,0,0],[0,0,0,75.70000004768372,0,0],[0,0,0,89.80000001192093,0,0],[0,0,0,10,0,0],[0,0,0,45.60000002384186,0,0],[0,0,0,100.39999997615814,0,0],[0,0,0,91.69999998807907,0,0],[0,0,0,28.599999964237213,0,0],[0,0,0,105.39999997615814,0,0],[0,0,0,113.5,0,0],[0,0,0,31.599999964237213,0,0]],"response":[[0,0,0,1,0,0],[0,0,0,1,0,0],[0,0,0,1,0,0],[0,0,0,1,0,0],[0,0,0,1,0,0],[0,0,0,1,0,0],[0,0,0,1,0,0],[0,0,0,1,0,0],[0,0,0,1,0,0],[0,0,0,1,0,0],[0,0,0,1,0,0],[0,0,0,1,0,0],[0,0,0,1,0,0],[0,0,0,1,0,0],[0,0,0,1,0,0],[0,0,0,1,0,0],[0,0,0,1,0,0],[0,0,0,1,0,0],[0,0,0,1,0,0],[0,0,0,1,0,0]],"framerate":[60.0013953820365,60.01989230618309,59.99796617136561,60.01207343438414,60.000693649389504,60.0111003201268,59.99578976813529,60.01165940884955,59.29062996294336,60.009439687382965,60.00901869570707,59.997931106563804,59.984382763489315,60.021060021060016,59.99725726799395,60.01241636249941,60.015533431677305,59.95203836930456,60.05284650566132,60.00917787350556]}
