{"practice":[0,0,0,0,0,0,0,0,0,0,0,0,0,0,0,0,0,0,0,0],"center_interval":[25,100,75,0,75,0,50,75,25,100,50,100,0,0,75,0,100,75,100,25],"image_pair":[4,3,3,1,3,4,3,1,4,4,3,2,3,3,2,4,3,3,3,1],"feature_space":[2,2,2,2,1,1,1,1,2,2,1,2,2,2,1,2,1,1,1,2],"left_img":[1,2,1,1,2,2,1,1,1,1,1,2,1,2,1,1,2,2,2,1],"img1Sample":[1,1,2,2,1,3,1,1,1,2,3,3,1,2,3,3,3,3,3,2],"img2Sample":[2,3,3,3,2,2,2,2,2,2,1,3,2,3,2,1,1,2,2,1],"stim_time":[250,250,250,250,250,250,250,250,250,250,250,250,250,250,250,250,250,250,250,250],"key":[49,null,null,null,49,49,49,49,null,49,49,null,null,49,49,49,49,49,49,49],"correct":[true,null,null,null,true,false,true,false,null,false,true,null,null,false,false,true,true,true,true,true],"right_img":[2,1,2,2,1,1,2,2,2,2,2,1,2,1,2,2,1,1,1,2],"img_choice":[1,null,null,null,2,2,1,1,null,1,1,null,null,2,1,1,2,2,2,1],"center_sample":[2,1,2,1,1,2,3,3,1,1,3,1,2,3,2,3,3,3,1,3],"left_sample":[1,3,2,2,2,2,1,1,1,2,3,3,1,3,3,3,1,2,2,2],"right_sample":[2,1,3,3,1,3,2,2,2,2,1,3,2,2,2,1,3,3,3,1],"exact_match":[0,0,0,0,0,0,0,0,0,0,0,0,0,0,0,1,0,0,0,0],"RT":[[0,0,0,170.60000000149012,0,0],[0,0,0,0,0,0],[0,0,0,0,0,0],[0,0,0,0,0,0],[0,0,0,156.29999999701977,0,0],[0,0,0,59.80000000447035,0,0],[0,0,0,373.1000000014901,0,0],[0,0,0,9.199999995529652,0,0],[0,0,0,0,0,0],[0,0,0,223.59999999403954,0,0],[0,0,0,137.09999999403954,0,0],[0,0,0,0,0,0],[0,0,0,0,0,0],[0,0,0,2509.39999999851,0,0],[0,0,0,107.89999999850988,0,0],[0,0,0,48.69999999552965,0,0],[0,0,0,991.9000000059605,0,0],[0,0,0,128.89999999850988,0,0],[0,0,0,117.90000000596046,0,0],[0,0,0,316.3999999985099,0,0]],"response":[[0,0,0,1,0,0],[0,0,0,1,0,0],[0,0,0,1,0,0],[0,0,0,1,0,0],[0,0,0,1,0,0],[0,0,0,1,0,0],[0,0,0,1,0,0],[0,0,0,1,0,0],[0,0,0,1,0,0],[0,0,0,1,0,0],[0,0,0,1,0,0],[0,0,0,1,0,0],[0,0,0,1,0,0],[0,0,0,1,0,0],[0,0,0,1,0,0],[0,0,0,1,0,0],[0,0,0,1,0,0],[0,0,0,1,0,0],[0,0,0,1,0,0],[0,0,0,1,0,0]],"framerate":[58.727569331158236,59.699523393278376,59.68082300183182,59.68082300183182,59.71858638750735,59.693513898867565,59.63238389230312,59.72377752884566,56.88000791375421,59.65637925534698,58.847907169498555,59.689153439153436,59.35696619950536,59.66386554621848,59.75755506239461,59.53454807857774,59.800990147498105,59.62878978774381,59.62521294718909,59.67108135629615]}
