{"practice":[0,0,0,0,0,0,0,0,0,0,0,0,0,0,0,0,0,0,0,0],"center_interval":[75,50,0,75,50,25,50,25,100,25,50,100,0,75,25,75,75,25,25,75],"image_pair":[3,1,2,2,3,1,1,4,4,2,2,4,1,4,3,4,1,3,4,1],"feature_space":[1,2,1,1,2,2,2,2,1,1,2,1,1,2,2,1,1,1,2,2],"left_img":[1,1,1,1,1,1,1,1,1,1,1,1,1,1,1,2,1,2,1,2],"img1Sample":[2,2,1,2,1,2,2,1,1,2,2,3,3,2,1,3,1,3,3,3],"img2Sample":[3,3,2,2,1,1,2,2,1,2,2,3,2,2,1,1,3,2,3,1],"stim_time":[250,250,250,250,250,250,250,250,250,250,250,250,250,250,250,250,250,250,250,250],"key":[null,49,49,49,49,49,49,null,49,49,49,49,49,49,49,49,49,49,49,49],"correct":[null,true,true,false,true,true,true,null,false,true,true,false,true,false,true,true,false,false,true,true],"right_img":[2,2,2,2,2,2,2,2,2,2,2,2,2,2,2,1,2,1,2,1],"img_choice":[null,1,1,1,1,1,1,null,1,1,1,1,1,1,1,2,1,2,1,2],"center_sample":[2,2,1,1,1,1,2,2,3,1,1,3,2,3,3,1,2,2,1,2],"left_sample":[2,2,1,2,1,2,2,1,1,2,2,3,3,2,1,1,1,2,3,1],"right_sample":[3,3,2,2,1,1,2,2,1,2,2,3,2,2,1,3,3,3,3,3],"exact_match":[0,0,1,0,0,0,0,0,0,0,0,1,0,0,0,0,0,0,0,0],"RT":[[0,0,0,0,0,0],[0,0,0,888.8000000044703,0,0],[0,0,0,143.89999999850988,0,0],[0,0,0,2748.39999999851,0,0],[0,0,0,171.39999999850988,0,0],[0,0,0,206.29999999701977,0,0],[0,0,0,1400.5999999940395,0,0],[0,0,0,0,0,0],[0,0,0,4661,0,0],[0,0,0,60.5,0,0],[0,0,0,172,0,0],[0,0,0,9.900000005960464,0,0],[0,0,0,186.19999999552965,0,0],[0,0,0,20.5,0,0],[0,0,0,2365.7999999970198,0,0],[0,0,0,191.79999999701977,0,0],[0,0,0,55.69999999552965,0,0],[0,0,0,90.70000000298023,0,0],[0,0,0,157.10000000149012,0,0],[0,0,0,40.899999998509884,0,0]],"response":[[0,0,0,1,0,0],[0,0,0,1,0,0],[0,0,0,1,0,0],[0,0,0,1,0,0],[0,0,0,1,0,0],[0,0,0,1,0,0],[0,0,0,1,0,0],[0,0,0,1,0,0],[0,0,0,1,0,0],[0,0,0,1,0,0],[0,0,0,1,0,0],[0,0,0,1,0,0],[0,0,0,1,0,0],[0,0,0,1,0,0],[0,0,0,1,0,0],[0,0,0,1,0,0],[0,0,0,1,0,0],[0,0,0,1,0,0],[0,0,0,1,0,0],[0,0,0,1,0,0]],"framerate":[59.67688757006265,59.695347879694374,59.68169761280582,59.69285789411306,59.66977276449968,59.58055290767204,59.753668550022745,59.68082300183182,59.67589513847376,59.730765801749115,59.62103887625681,59.718204721304495,59.701492537313435,59.62918103063236,59.69714618520676,59.70862192493514,59.7176981540192,58.93446487516245,47.52161573488825,59.733912571353976]}
