{"practice":[0,0,0,0,0,0,0,0,0,0,0,0,0,0,0,0,0,0,0,0],"center_interval":[100,0,75,75,25,0,100,0,100,100,0,50,100,75,100,100,50,100,75,50],"image_pair":[1,3,1,2,2,4,1,1,1,2,1,4,4,3,1,4,3,2,2,1],"feature_space":[1,1,1,2,1,1,2,1,1,1,1,1,2,2,2,2,2,2,1,1],"left_img":[2,2,2,1,2,2,2,1,1,1,2,1,1,2,2,1,2,1,2,1],"img1Sample":[2,1,1,3,3,1,2,2,3,3,1,2,3,2,1,2,3,2,3,1],"img2Sample":[2,1,3,2,3,1,2,2,3,1,2,3,2,1,1,1,3,1,3,3],"stim_time":[2000,2000,2000,2000,2000,2000,2000,2000,2000,2000,2000,2000,2000,2000,2000,2000,2000,2000,2000,2000],"key":[49,49,49,49,49,49,49,null,49,null,49,49,49,49,49,49,49,49,49,49],"correct":[true,false,true,false,false,false,true,null,false,null,false,true,false,true,true,false,false,false,true,true],"right_img":[1,1,1,2,1,1,1,2,2,2,1,2,2,1,1,2,1,2,1,2],"img_choice":[2,2,2,1,2,2,2,null,1,null,2,1,1,2,2,1,2,1,2,1],"center_sample":[2,3,2,1,3,3,1,1,1,2,3,1,3,3,3,2,2,3,1,2],"left_sample":[2,1,3,3,3,1,2,2,3,3,2,2,3,1,1,2,3,2,3,1],"right_sample":[2,1,1,2,3,1,2,2,3,1,1,3,2,2,1,1,3,1,3,3],"exact_match":[1,0,0,0,0,0,0,0,0,0,0,0,0,0,0,0,0,0,0,0],"RT":[[0,0,0,55.100000001490116,0,0],[0,0,0,124.79999999701977,0,0],[0,0,0,1066,0,0],[0,0,0,25,0,0],[0,0,0,91.39999999850988,0,0],[0,0,0,161.30000000447035,0,0],[0,0,0,3069.60000000149,0,0],[0,0,0,0,0,0],[0,0,0,26,0,0],[0,0,0,0,0,0],[0,0,0,129.89999999850988,0,0],[0,0,0,200.30000000447035,0,0],[0,0,0,119.39999999850988,0,0],[0,0,0,36.099999994039536,0,0],[0,0,0,4427.5,0,0],[0,0,0,205.60000000149012,0,0],[0,0,0,120,0,0],[0,0,0,160,0,0],[0,0,0,193.10000000149012,0,0],[0,0,0,36.5,0,0]],"response":[[0,0,0,1,0,0],[0,0,0,1,0,0],[0,0,0,1,0,0],[0,0,0,1,0,0],[0,0,0,1,0,0],[0,0,0,1,0,0],[0,0,0,1,0,0],[0,0,0,1,0,0],[0,0,0,1,0,0],[0,0,0,1,0,0],[0,0,0,1,0,0],[0,0,0,1,0,0],[0,0,0,1,0,0],[0,0,0,1,0,0],[0,0,0,1,0,0],[0,0,0,1,0,0],[0,0,0,1,0,0],[0,0,0,1,0,0],[0,0,0,1,0,0],[0,0,0,1,0,0]],"framerate":[59.683780670800694,59.68418539610214,59.682211600568394,59.67935588677797,59.669575414663285,59.69444538138875,59.654310916168605,59.712967708867254,59.68567896874448,59.68619916746718,53.86792131203201,59.361942030790665,59.68214992165159,59.67005967005967,59.68829446224039,59.701492537313435,59.680114585880666,59.66225098588404,59.6825820218132,59.73085977314783]}
