{"practice":[0,0,0,0,0,0,0,0,0,0,0,0,0,0,0,0,0,0,0,0],"center_interval":[100,50,0,25,75,0,25,0,25,50,100,0,0,0,75,25,75,25,100,25],"image_pair":[1,2,3,1,2,4,3,3,3,1,3,1,2,4,4,4,4,3,3,4],"feature_space":[1,2,2,1,1,2,1,2,2,2,1,1,1,1,1,1,1,1,2,2],"left_img":[2,1,1,2,2,2,1,2,2,2,2,2,2,2,2,1,1,1,1,2],"img1Sample":[2,2,1,1,3,1,2,1,3,2,2,2,2,3,2,2,1,1,2,2],"img2Sample":[3,3,3,2,1,3,2,2,3,2,1,1,3,3,3,2,2,1,2,1],"stim_time":[2000,2000,2000,2000,2000,2000,2000,2000,2000,2000,2000,2000,2000,2000,2000,2000,2000,2000,2000,2000],"key":[49,49,49,49,49,null,null,null,49,null,49,49,49,49,null,49,49,49,49,49],"correct":[true,true,true,false,true,null,null,null,false,null,true,false,false,false,null,true,false,true,false,false],"right_img":[1,2,2,1,1,1,2,1,1,1,1,1,1,1,1,2,2,2,2,1],"img_choice":[2,1,1,2,2,null,null,null,2,null,2,2,2,2,null,1,1,1,1,2],"center_sample":[2,3,2,3,1,1,3,2,1,3,3,1,2,2,1,3,2,1,2,1],"left_sample":[3,2,1,2,1,3,2,2,3,2,1,1,3,3,3,2,1,1,2,1],"right_sample":[2,3,3,1,3,1,2,1,3,2,2,2,2,3,2,2,2,1,2,2],"exact_match":[0,0,0,0,0,1,0,0,0,0,0,0,1,0,0,0,0,0,1,0],"RT":[[0,0,0,3992.7000000029802,0,0],[0,0,0,26.399999998509884,0,0],[0,0,0,2.399999998509884,0,0],[0,0,0,111.5,0,0],[0,0,0,1528.4000000059605,0,0],[0,0,0,0,0,0],[0,0,0,0,0,0],[0,0,0,0,0,0],[0,0,0,507.69999999552965,0,0],[0,0,0,0,0,0],[0,0,0,2596.89999999851,0,0],[0,0,0,120.10000000149012,0,0],[0,0,0,10.600000001490116,0,0],[0,0,0,156.69999999552965,0,0],[0,0,0,0,0,0],[0,0,0,390.8999999985099,0,0],[0,0,0,185.5,0,0],[0,0,0,32.19999999552965,0,0],[0,0,0,126.79999999701977,0,0],[0,0,0,138.60000000149012,0,0]],"response":[[0,0,0,1,0,0],[0,0,0,1,0,0],[0,0,0,1,0,0],[0,0,0,1,0,0],[0,0,0,1,0,0],[0,0,0,1,0,0],[0,0,0,1,0,0],[0,0,0,1,0,0],[0,0,0,1,0,0],[0,0,0,1,0,0],[0,0,0,1,0,0],[0,0,0,1,0,0],[0,0,0,1,0,0],[0,0,0,1,0,0],[0,0,0,1,0,0],[0,0,0,1,0,0],[0,0,0,1,0,0],[0,0,0,1,0,0],[0,0,0,1,0,0],[0,0,0,1,0,0]],"framerate":[59.70324838606136,58.94186990441382,59.69937102445224,59.67078189300412,59.68979742340832,59.69460955114892,59.67549846970623,59.684670261385826,59.69609261944582,59.67779115333236,59.688805115143765,59.676044330775795,59.688765721562945,59.67029632881969,57.38072366314441,59.38984746181014,59.6845720382485,59.716172544674016,59.68418539610214,59.646863456068814]}
