{"practice":[0,0,0,0,0,0,0,0,0,0,0,0,0,0,0,0,0,0,0,0],"center_interval":[50,75,0,50,50,0,75,25,75,75,50,100,0,25,50,75,50,50,75,0],"image_pair":[4,2,1,4,2,2,4,4,3,1,4,1,1,3,2,4,4,1,3,4],"feature_space":[1,1,2,1,2,2,1,2,1,2,2,2,1,1,2,2,1,2,2,1],"left_img":[1,1,1,1,2,1,1,1,1,2,2,1,2,2,1,1,2,2,2,1],"img1Sample":[3,2,3,1,2,2,3,2,1,2,3,2,1,1,1,1,1,2,3,3],"img2Sample":[1,2,1,1,3,2,2,1,2,2,1,3,2,2,1,1,2,3,3,2],"stim_time":[2000,2000,2000,2000,2000,2000,2000,2000,2000,2000,2000,2000,2000,2000,2000,2000,2000,2000,2000,2000],"key":[null,null,49,49,49,49,null,49,null,null,49,49,49,49,49,49,49,49,49,49],"correct":[null,null,true,true,false,true,null,true,null,null,false,false,false,false,true,false,false,false,true,true],"right_img":[2,2,2,2,1,2,2,2,2,1,1,2,1,1,2,2,1,1,1,2],"img_choice":[null,null,1,1,2,1,null,1,null,null,2,1,2,2,1,1,2,2,2,1],"center_sample":[1,3,1,3,3,3,1,1,1,3,3,3,2,1,2,2,2,2,2,2],"left_sample":[3,2,3,1,3,2,3,2,1,2,1,2,2,2,1,1,2,3,3,3],"right_sample":[1,2,1,1,2,2,2,1,2,2,3,3,1,1,1,1,1,2,3,2],"exact_match":[0,0,0,0,0,0,0,0,0,0,0,1,0,0,0,0,0,0,0,0],"RT":[[0,0,0,0,0,0],[0,0,0,0,0,0],[0,0,0,115.29999999701977,0,0],[0,0,0,225.10000000149012,0,0],[0,0,0,207.79999999701977,0,0],[0,0,0,195.20000000298023,0,0],[0,0,0,0,0,0],[0,0,0,4727.5,0,0],[0,0,0,0,0,0],[0,0,0,0,0,0],[0,0,0,4171.9000000059605,0,0],[0,0,0,192.39999999850988,0,0],[0,0,0,177,0,0],[0,0,0,106.79999999701977,0,0],[0,0,0,38.599999994039536,0,0],[0,0,0,92.90000000596046,0,0],[0,0,0,221.89999999850988,0,0],[0,0,0,603.7000000029802,0,0],[0,0,0,30.100000001490116,0,0],[0,0,0,3245.8000000044703,0,0]],"response":[[0,0,0,1,0,0],[0,0,0,1,0,0],[0,0,0,1,0,0],[0,0,0,1,0,0],[0,0,0,1,0,0],[0,0,0,1,0,0],[0,0,0,1,0,0],[0,0,0,1,0,0],[0,0,0,1,0,0],[0,0,0,1,0,0],[0,0,0,1,0,0],[0,0,0,1,0,0],[0,0,0,1,0,0],[0,0,0,1,0,0],[0,0,0,1,0,0],[0,0,0,1,0,0],[0,0,0,1,0,0],[0,0,0,1,0,0],[0,0,0,1,0,0],[0,0,0,1,0,0]],"framerate":[59.683141433687545,58.78134364673725,59.33099191880016,59.021366394004275,59.701492537313435,59.67462328322299,59.69460955109195,59.676157385954454,59.681612684252386,56.235188624863895,59.5468143885589,59.668655621883694,59.67747343005402,59.68306235854049,59.69939598255059,59.28045789052364,59.68082300175851,59.741704981482144,59.69939598255059,59.6694214876033]}
