{"practice":[0,0,0,0,0,0,0,0,0,0,0,0,0,0,0,0,0,0,0,0],"center_interval":[0,100,0,0,75,75,100,50,100,75,25,25,100,25,0,50,0,100,75,25],"image_pair":[3,1,1,3,1,4,1,1,4,1,1,3,3,4,4,2,4,3,1,1],"feature_space":[1,1,2,2,2,1,1,1,1,2,2,1,2,2,2,2,2,2,2,1],"left_img":[2,2,1,2,1,2,2,1,1,1,2,2,1,1,1,2,1,1,1,1],"img1Sample":[3,3,2,2,1,3,3,2,3,2,3,3,2,1,2,2,1,1,3,3],"img2Sample":[1,3,3,1,2,3,1,1,2,3,1,2,3,1,2,3,2,2,1,3],"key":[null,null,null,null,null,null,null,null,null,null,null,null,null,null,null,null,null,null,null,null],"correct":[null,null,null,null,null,null,null,null,null,null,null,null,null,null,null,null,null,null,null,null],"right_img":[1,1,2,1,2,1,1,2,2,2,1,1,2,2,2,1,2,2,2,2],"img_choice":[null,null,null,null,null,null,null,null,null,null,null,null,null,null,null,null,null,null,null,null],"center_sample":[1,1,3,1,1,1,2,1,1,1,3,3,1,1,3,3,2,3,1,1],"left_sample":[1,3,2,1,1,3,1,2,3,2,1,2,2,1,2,3,1,1,3,3],"right_sample":[3,3,3,2,2,3,3,1,2,3,3,3,3,1,2,2,2,2,1,3],"RT":[[0,0,0,0],[0,0,0,0],[0,0,0,0],[0,0,0,0],[0,0,0,0],[0,0,0,0],[0,0,0,0],[0,0,0,0],[0,0,0,0],[0,0,0,0],[0,0,0,0],[0,0,0,0],[0,0,0,0],[0,0,0,0],[0,0,0,0],[0,0,0,0],[0,0,0,0],[0,0,0,0],[0,0,0,0],[0,0,0,0]],"response":[[0,1,0,0],[0,1,0,0],[0,1,0,0],[0,1,0,0],[0,1,0,0],[0,1,0,0],[0,1,0,0],[0,1,0,0],[0,1,0,0],[0,1,0,0],[0,1,0,0],[0,1,0,0],[0,1,0,0],[0,1,0,0],[0,1,0,0],[0,1,0,0],[0,1,0,0],[0,1,0,0],[0,1,0,0],[0,1,0,0]],"framerate":[10.04124081047158,8.969398522687303,10.095642933049946,9.805638241989143,10.26367014687666,10.681858643403952,10.869565217391305,10.604453870625663,10.59322033898305,10.209470163703573,10.392402795197993,9.922041105598865,9.934362249423451,10.26367014687666,10.431400282885432,10.46284802269906,10.57347670250896,10.653409090909092,10.113555713271824,10.643959552953698]}
