{"practice":[1,1,1,1,1],"center_interval":[25,100,25,50,50],"image_pair":[1,1,4,3,3],"feature_space":[2,2,1,1,2],"left_img":[2,2,2,1,2],"img1Sample":[1,2,1,3,3],"img2Sample":[3,1,1,3,1],"key":[null,null,null,null,null],"correct":[null,null,null,null,null],"right_img":[1,1,1,2,1],"img_choice":[null,null,null,null,null],"center_sample":[1,2,3,1,1],"left_sample":[3,1,1,3,1],"right_sample":[1,2,1,3,3],"RT":[[0,0,0,0],[0,0,0,0],[0,0,0,0],[0,0,0,0],[0,0,0,0]],"response":[[0,1,0,0],[0,1,0,0],[0,1,0,0],[0,1,0,0],[0,1,0,0]],"framerate":[10.07245096306768,9.354041651959054,9.610250934329951,10.245539657304363,10.414796193212425]}
