{"practice":[0,0,0,0,0,0,0,0,0,0,0,0,0,0,0,0,0,0,0,0],"center_interval":[50,25,50,75,25,50,100,75,0,0,100,0,25,100,50,100,100,100,0,75],"image_pair":[4,3,1,2,4,4,2,1,1,3,2,3,4,4,1,4,2,4,2,2],"feature_space":[1,1,2,2,2,2,1,2,2,2,1,1,1,2,1,2,2,2,2,1],"left_img":[1,1,2,2,1,1,1,2,2,2,2,1,1,2,1,2,1,1,1,1],"img1Sample":[1,2,2,2,3,1,3,3,1,1,2,3,1,1,1,2,1,3,3,2],"img2Sample":[3,2,2,3,3,1,1,1,3,3,1,1,1,2,3,1,2,1,1,2],"key":[null,null,null,null,null,null,null,null,null,null,null,null,null,null,null,null,null,null,null,null],"correct":[null,null,null,null,null,null,null,null,null,null,null,null,null,null,null,null,null,null,null,null],"right_img":[2,2,1,1,2,2,2,1,1,1,1,2,2,1,2,1,2,2,2,2],"img_choice":[null,null,null,null,null,null,null,null,null,null,null,null,null,null,null,null,null,null,null,null],"center_sample":[2,1,1,2,2,3,2,1,3,2,3,1,2,1,3,2,3,3,2,2],"left_sample":[1,2,2,3,3,1,3,1,3,3,1,3,1,2,1,1,1,3,3,2],"right_sample":[3,2,2,2,3,1,1,3,1,1,2,1,1,1,3,2,2,1,1,2],"RT":[[0,0,0,0],[0,0,0,0],[0,0,0,0],[0,0,0,0],[0,0,0,0],[0,0,0,0],[0,0,0,0],[0,0,0,0],[0,0,0,0],[0,0,0,0],[0,0,0,0],[0,0,0,0],[0,0,0,0],[0,0,0,0],[0,0,0,0],[0,0,0,0],[0,0,0,0],[0,0,0,0],[0,0,0,0],[0,0,0,0]],"response":[[0,1,0,0],[0,1,0,0],[0,1,0,0],[0,1,0,0],[0,1,0,0],[0,1,0,0],[0,1,0,0],[0,1,0,0],[0,1,0,0],[0,1,0,0],[0,1,0,0],[0,1,0,0],[0,1,0,0],[0,1,0,0],[0,1,0,0],[0,1,0,0],[0,1,0,0],[0,1,0,0],[0,1,0,0],[0,1,0,0]],"framerate":[3.5555555555555554,0.33233632436025257,3.270028927178971,4.563123204326517,4.981320049813201,4.334257975034674,4.701375587671949,4.638715432649421,5.720228809152366,6.385242993969492,6.33245382585752,4.838709677419355,6.270684549730012,5.213764337851929,5.164400068858668,5.844845908607864,6.488951245177131,6.486486486486487,6.369426751592357,6.402491780584876]}
