{"practice":[0,0,0,0,0,0,0,0,0,0,0,0,0,0,0,0,0,0,0,0],"center_interval":[100,25,100,75,50,50,25,100,100,75,75,0,50,75,25,75,0,75,75,0],"image_pair":[3,3,4,1,1,2,4,2,1,3,3,1,2,4,3,2,2,4,2,3],"feature_space":[1,1,1,2,1,2,2,2,1,2,1,1,2,2,2,1,1,1,2,1],"left_img":[1,2,2,1,1,1,1,2,1,2,1,2,2,1,2,2,1,1,1,2],"img1Sample":[1,3,3,1,3,2,3,1,3,1,3,3,1,2,3,1,3,2,1,3],"img2Sample":[3,1,2,1,1,2,2,1,3,2,3,3,1,3,2,2,1,2,1,3],"key":[null,null,null,null,null,null,null,null,null,null,null,null,null,null,null,null,null,null,null,null],"correct":[null,null,null,null,null,null,null,null,null,null,null,null,null,null,null,null,null,null,null,null],"right_img":[2,1,1,2,2,2,2,1,2,1,2,1,1,2,1,1,2,2,2,1],"img_choice":[null,null,null,null,null,null,null,null,null,null,null,null,null,null,null,null,null,null,null,null],"center_sample":[1,3,3,1,3,3,2,3,1,2,3,2,2,3,1,2,2,1,3,1],"left_sample":[1,1,2,1,3,2,3,1,3,2,3,3,1,2,2,2,3,2,1,3],"right_sample":[3,3,3,1,1,2,2,1,3,1,3,3,1,3,3,1,1,2,1,3],"RT":[[0,0,0,0],[0,0,0,0],[0,0,0,0],[0,0,0,0],[0,0,0,0],[0,0,0,0],[0,0,0,0],[0,0,0,0],[0,0,0,0],[0,0,0,0],[0,0,0,0],[0,0,0,0],[0,0,0,0],[0,0,0,0],[0,0,0,0],[0,0,0,0],[0,0,0,0],[0,0,0,0],[0,0,0,0],[0,0,0,0]],"response":[[0,1,0,0],[0,1,0,0],[0,1,0,0],[0,1,0,0],[0,1,0,0],[0,1,0,0],[0,1,0,0],[0,1,0,0],[0,1,0,0],[0,1,0,0],[0,1,0,0],[0,1,0,0],[0,1,0,0],[0,1,0,0],[0,1,0,0],[0,1,0,0],[0,1,0,0],[0,1,0,0],[0,1,0,0],[0,1,0,0]],"framerate":[10.407479273240432,10.02865329512894,9.883515707730322,9.90449239476477,10.535714285714285,9.876543209876543,10.1010101010101,9.565217391304348,10.1010101010101,9.743135518157661,10.049365303244006,11.235955056179776,10.019681517266058,10.602579961123874,9.618810117563235,9.943181818181818,10.240112994350282,10.399856553702707,10.097431355181577,10.180796910654731]}
