{"practice":[0,0,0,0,0,0,0,0,0,0,0,0,0,0,0,0,0,0,0,0],"center_interval":[50,75,25,50,100,25,0,75,25,75,25,75,100,50,50,25,0,50,50,100],"image_pair":[2,3,1,4,2,3,3,2,1,1,1,3,3,2,3,4,1,3,1,3],"feature_space":[1,1,2,1,1,1,1,1,1,1,1,2,1,1,2,1,1,1,1,2],"left_img":[2,2,1,1,2,2,1,1,1,2,2,1,2,2,1,1,2,1,1,1],"img1Sample":[1,2,3,3,2,3,1,2,3,3,1,2,2,1,2,1,3,3,1,1],"img2Sample":[3,2,1,2,1,2,2,2,3,2,2,3,1,3,1,2,2,2,2,1],"key":[49,49,50,50,49,50,50,50,49,49,50,49,49,50,49,49,50,49,50,49],"correct":[false,true,false,false,true,true,false,true,true,true,true,false,true,true,true,true,true,true,false,false],"right_img":[1,1,2,2,1,1,2,2,2,1,1,2,1,1,2,2,1,2,2,2],"img_choice":[2,2,2,2,2,1,2,2,1,2,1,1,2,1,1,1,1,1,2,1],"center_sample":[2,1,2,2,2,1,2,2,1,1,2,3,3,3,3,2,2,2,1,2],"left_sample":[3,2,3,3,1,2,1,2,3,2,2,2,1,3,2,1,2,3,1,1],"right_sample":[1,2,1,2,2,3,2,2,3,3,1,3,2,1,1,2,3,2,2,1],"RT":[[0,1176.3000001907349,0,0],[0,1566.6999998092651,0,0],[0,1637.5,0,0],[0,1433.6000003814697,0,0],[0,1591.0999994277954,0,0],[0,1996.6999998092651,0,0],[0,1842.0999994277954,0,0],[0,1996.7999992370605,0,0],[0,1619.3000001907349,0,0],[0,2022.5999994277954,0,0],[0,2075.9000005722046,0,0],[0,1724.8000001907349,0,0],[0,1837.3999996185303,0,0],[0,1672.8000001907349,0,0],[0,1562.8000001907349,0,0],[0,1363.6999998092651,0,0],[0,1458.1000003814697,0,0],[0,1453.1000003814697,0,0],[0,1799.8999996185303,0,0],[0,1638.3000001907349,0,0]],"response":[[0,1,0,0],[0,1,0,0],[0,1,0,0],[0,1,0,0],[0,1,0,0],[0,1,0,0],[0,1,0,0],[0,1,0,0],[0,1,0,0],[0,1,0,0],[0,1,0,0],[0,1,0,0],[0,1,0,0],[0,1,0,0],[0,1,0,0],[0,1,0,0],[0,1,0,0],[0,1,0,0],[0,1,0,0],[0,1,0,0]],"framerate":[59.94061956032405,59.93821754016534,59.9360681787002,59.94202331141951,59.94278187963018,59.9377569491037,59.94128199547436,59.935454143893935,59.94721066011989,59.941575919306935,59.93820037760951,59.93663840592859,59.93883792048929,59.94574254960509,59.93821751381026,59.944119888239776,59.93812837807798,59.935231293374976,59.94255504664982,59.94139064533919]}
