{"practice":[0,0,0,0,0,0,0,0,0,0,0,0,0,0,0,0,0,0,0,0],"center_interval":[0,100,75,25,50,100,50,0,100,25,25,100,25,100,100,75,75,100,75,75],"image_pair":[3,1,3,1,1,1,2,3,1,1,4,3,3,3,1,4,1,4,1,4],"feature_space":[1,2,2,1,1,1,2,2,2,1,1,2,1,1,1,2,2,1,2,2],"left_img":[2,1,1,2,2,1,1,2,1,1,2,2,1,2,2,1,1,2,1,2],"img1Sample":[3,3,1,2,3,3,3,2,3,2,3,1,2,2,1,2,1,3,3,1],"img2Sample":[1,2,2,1,3,3,1,2,3,1,3,1,1,3,3,3,3,2,1,1],"key":[50,50,50,50,50,50,50,50,50,50,50,49,50,50,49,50,50,49,50,49],"correct":[true,true,true,true,true,true,false,true,true,false,true,true,false,false,true,true,true,true,true,true],"right_img":[1,2,2,1,1,2,2,1,2,2,1,1,2,1,1,2,2,1,2,1],"img_choice":[1,2,2,1,1,2,2,1,2,2,1,2,2,1,2,2,2,2,2,2],"center_sample":[2,3,2,2,3,2,2,3,1,1,1,3,2,2,1,3,3,3,1,1],"left_sample":[1,3,1,1,3,3,3,2,3,2,3,1,2,3,3,2,1,2,3,1],"right_sample":[3,2,2,2,3,3,1,2,3,1,3,1,1,2,1,3,3,3,1,1],"RT":[[0,1555.8000001907349,0,0],[0,1275.8000001907349,0,0],[0,1374.5,0,0],[0,1628.5,0,0],[0,1392.1999998092651,0,0],[0,1630.5,0,0],[0,1460.1000003814697,0,0],[0,1552.2000007629395,0,0],[0,1429.1999998092651,0,0],[0,1474.6999998092651,0,0],[0,2156.3999996185303,0,0],[0,1741.3000001907349,0,0],[0,1770.8000001907349,0,0],[0,1257.5,0,0],[0,1421.1000003814697,0,0],[0,1417.1000003814697,0,0],[0,1624.5,0,0],[0,1242.9000005722046,0,0],[0,1231.0999994277954,0,0],[0,1859.5,0,0]],"response":[[0,1,0,0],[0,1,0,0],[0,1,0,0],[0,1,0,0],[0,1,0,0],[0,1,0,0],[0,1,0,0],[0,1,0,0],[0,1,0,0],[0,1,0,0],[0,1,0,0],[0,1,0,0],[0,1,0,0],[0,1,0,0],[0,1,0,0],[0,1,0,0],[0,1,0,0],[0,1,0,0],[0,1,0,0],[0,1,0,0]],"framerate":[51.17565698478562,59.943769579491864,59.94056313331348,59.939166209131784,59.94005994005994,59.93916623470096,59.94102577049976,59.93821751381026,59.93907832507858,59.94628813132259,59.929961358066286,59.951528561107914,59.93796629582016,59.93792142627395,59.94496855907705,59.93956507229037,59.93380444966837,59.9416783608203,59.94223749893697,59.93601425042243]}
