{"practice":[0,0,0,0,0,0,0,0,0,0,0,0,0,0,0,0,0,0,0,0],"center_interval":[50,50,75,25,100,100,25,25,75,25,50,0,75,50,100,75,25,75,25,0],"image_pair":[2,3,4,1,1,4,2,1,2,1,1,2,4,4,1,1,1,4,2,1],"feature_space":[2,1,1,2,2,1,1,1,2,1,1,1,1,1,1,2,2,2,2,2],"left_img":[1,2,1,1,1,2,2,2,1,1,2,2,1,2,2,2,2,1,1,2],"img1Sample":[2,2,3,3,3,1,3,1,3,2,3,3,2,1,2,3,1,2,1,2],"img2Sample":[3,3,3,2,3,2,2,3,1,2,2,3,2,1,1,2,2,3,2,3],"key":[50,50,50,49,50,49,50,50,50,49,50,50,50,50,49,49,50,50,50,50],"correct":[false,true,true,true,true,true,true,true,true,true,true,true,true,true,true,true,true,true,false,true],"right_img":[2,1,2,2,2,1,1,1,2,2,1,1,2,1,1,1,1,2,2,1],"img_choice":[2,1,2,1,2,2,1,1,2,1,1,1,2,1,2,2,1,2,2,1],"center_sample":[3,3,3,1,2,1,1,1,1,1,2,1,1,2,3,3,1,1,3,3],"left_sample":[2,3,3,3,3,2,2,3,3,2,2,3,2,1,1,2,2,2,1,3],"right_sample":[3,2,3,2,3,1,3,1,1,2,3,3,2,1,2,3,1,3,2,2],"RT":[[0,1294.8999996185303,0,0],[0,1473,0,0],[0,1387.3999996185303,0,0],[0,2314.5,0,0],[0,1281.9000005722046,0,0],[0,1509.1999998092651,0,0],[0,1982.8000001907349,0,0],[0,1763.8999996185303,0,0],[0,2146.5999994277954,0,0],[0,3106.800000190735,0,0],[0,1977.6999998092651,0,0],[0,1808.6000003814697,0,0],[0,1724.8999996185303,0,0],[0,1773.2000007629395,0,0],[0,1724.6000003814697,0,0],[0,1788.4000005722046,0,0],[0,2313.5,0,0],[0,1313.6999998092651,0,0],[0,1620.3999996185303,0,0],[0,2457.3999996185303,0,0]],"response":[[0,1,0,0],[0,1,0,0],[0,1,0,0],[0,1,0,0],[0,1,0,0],[0,1,0,0],[0,1,0,0],[0,1,0,0],[0,1,0,0],[0,1,0,0],[0,1,0,0],[0,1,0,0],[0,1,0,0],[0,1,0,0],[0,1,0,0],[0,1,0,0],[0,1,0,0],[0,1,0,0],[0,1,0,0],[0,1,0,0]],"framerate":[59.9400599520823,59.93766482857828,59.937066069195254,59.94177085117315,59.9405898639045,59.94241752557375,59.93581067133378,59.94343367084579,59.93897122514079,59.9381803521032,59.945082573938826,59.93716929326701,59.936638430399874,59.945504087193456,59.93920450154986,59.93507035473866,59.94382406169071,59.93953926524428,59.939166209131784,59.93875822156739]}
