{"practice":[0,0,0,0,0,0,0,0,0,0,0,0,0,0,0,0,0,0,0,0],"center_interval":[50,0,0,50,0,0,50,75,25,50,50,75,0,25,25,100,0,25,25,50],"image_pair":[4,2,1,1,2,4,1,3,3,4,2,1,3,1,1,1,1,3,3,1],"feature_space":[1,1,2,1,1,1,1,2,1,2,2,2,1,1,1,2,2,2,1,2],"left_img":[1,2,1,2,2,2,2,1,2,1,2,2,2,1,2,2,2,2,2,2],"img1Sample":[3,1,3,1,2,1,1,3,2,2,1,2,1,2,1,1,3,1,3,3],"img2Sample":[3,1,3,1,2,3,3,3,3,3,2,3,1,2,1,3,1,2,3,3],"key":[49,50,50,50,49,50,49,49,50,50,50,49,50,50,50,49,50,50,50,50],"correct":[true,true,false,true,false,true,false,false,true,false,true,true,true,false,true,true,true,true,true,true],"right_img":[2,1,2,1,1,1,1,2,1,2,1,1,1,2,1,1,1,1,1,1],"img_choice":[1,1,2,1,2,1,2,1,1,2,1,2,1,2,1,2,1,1,1,1],"center_sample":[1,3,2,2,3,3,3,1,3,3,2,3,3,2,1,1,2,2,1,3],"left_sample":[3,1,3,1,2,3,3,3,3,2,2,3,1,2,1,3,1,2,3,3],"right_sample":[3,1,3,1,2,1,1,3,2,3,1,2,1,2,1,1,3,1,3,3],"RT":[[0,1372,0,0],[0,1690.8000001907349,0,0],[0,1469.1000003814697,0,0],[0,1671.8000001907349,0,0],[0,1560.7000007629395,0,0],[0,1327.9000005722046,0,0],[0,1280.0999994277954,0,0],[0,1668,0,0],[0,1846.6000003814697,0,0],[0,1442.1000003814697,0,0],[0,2093.7000007629395,0,0],[0,1342.8000001907349,0,0],[0,1969.6000003814697,0,0],[0,1541.6999998092651,0,0],[0,2109.699999809265,0,0],[0,1693.6000003814697,0,0],[0,1520.5,0,0],[0,1560.8999996185303,0,0],[0,1503.6999998092651,0,0],[0,1688.9000005722046,0,0]],"response":[[0,1,0,0],[0,1,0,0],[0,1,0,0],[0,1,0,0],[0,1,0,0],[0,1,0,0],[0,1,0,0],[0,1,0,0],[0,1,0,0],[0,1,0,0],[0,1,0,0],[0,1,0,0],[0,1,0,0],[0,1,0,0],[0,1,0,0],[0,1,0,0],[0,1,0,0],[0,1,0,0],[0,1,0,0],[0,1,0,0]],"framerate":[59.93452530848653,59.94526737948002,59.931917347380306,59.94311966746883,59.93821751381026,59.93902753504239,59.9405898639045,52.44601145879242,59.93883792048929,59.94444174807105,59.94005994429003,59.94159535104316,59.935810693436274,59.941452524108605,59.93969258765359,59.937456552164484,59.941931264805675,59.94650925810764,59.93393109957527,59.94005993509418]}
