{"practice":[0,0,0,0,0,0,0,0,0,0,0,0,0,0,0,0,0,0,0,0],"center_interval":[75,0,0,100,25,50,25,50,0,75,50,75,100,0,0,100,0,100,100,50],"image_pair":[2,2,3,1,2,4,3,4,4,4,2,4,2,4,3,4,1,3,1,4],"feature_space":[2,2,2,1,1,2,2,1,2,1,2,2,1,2,2,2,1,2,1,1],"left_img":[2,2,2,1,1,2,1,1,1,1,1,2,1,1,1,1,2,2,2,1],"img1Sample":[2,3,3,2,1,3,2,2,3,3,1,1,3,3,2,2,2,3,2,1],"img2Sample":[2,3,3,1,1,3,2,3,1,1,3,2,3,2,1,2,3,1,2,1],"key":[49,50,50,50,50,49,49,50,49,49,50,49,50,49,49,49,50,50,50,null],"correct":[true,true,true,true,false,false,true,false,true,false,false,true,true,true,true,false,true,false,false,null],"right_img":[1,1,1,2,2,1,2,2,2,2,2,1,2,2,2,2,1,1,1,2],"img_choice":[2,1,1,2,2,2,1,2,1,1,2,2,2,1,1,1,1,1,1,null],"center_sample":[1,1,2,3,2,2,3,2,1,1,1,2,1,1,3,1,1,3,1,3],"left_sample":[2,3,3,2,1,3,2,2,3,3,1,2,3,3,2,2,3,1,2,1],"right_sample":[2,3,3,1,1,3,2,3,1,1,3,1,3,2,1,2,2,3,2,1],"RT":[[0,3738.800000190735,0,0],[0,1075.1999998092651,0,0],[0,1225.7000002861023,0,0],[0,1314.3999996185303,0,0],[0,1364.2999997138977,0,0],[0,1287.8000001907349,0,0],[0,1520.0999999046326,0,0],[0,1794.8000001907349,0,0],[0,1060,0,0],[0,1343.9000000953674,0,0],[0,1209.8999996185303,0,0],[0,1005.5,0,0],[0,1376.7999997138977,0,0],[0,1000.6000003814697,0,0],[0,1066.8000001907349,0,0],[0,954.2999997138977,0,0],[0,536.5,0,0],[0,1026.8000001907349,0,0],[0,1022.9000000953674,0,0],[0,0,0,0]],"response":[[0,1,0,0],[0,1,0,0],[0,1,0,0],[0,1,0,0],[0,1,0,0],[0,1,0,0],[0,1,0,0],[0,1,0,0],[0,1,0,0],[0,1,0,0],[0,1,0,0],[0,1,0,0],[0,1,0,0],[0,1,0,0],[0,1,0,0],[0,1,0,0],[0,1,0,0],[0,1,0,0],[0,1,0,0],[0,1,0,0]],"framerate":[56.43606264529515,56.161032025491586,59.98800240575983,59.977052255283276,60.0447791631654,60.00631644833914,59.986877865103764,59.98750260362424,60.020406941794604,60.02462549325302,59.98239048142136,60.01361134515253,60.004033875974535,60.01361134515253,59.9772086538477,60.01021450094292,59.963500487909215,59.94617077842316,60.08583690987125,60.00107145179175]}
