{"practice":[1,1,1,1,1],"center_interval":[25,100,25,100,100],"image_pair":[1,4,2,2,2],"feature_space":[1,1,2,2,2],"left_img":[2,2,1,1,1],"img1Sample":[3,3,1,1,3],"img2Sample":[1,2,3,3,3],"key":[null,50,49,49,50],"correct":[null,false,true,false,true],"right_img":[1,1,2,2,2],"img_choice":[null,1,1,1,2],"center_sample":[1,3,1,1,2],"left_sample":[1,2,1,1,3],"right_sample":[3,3,3,3,3],"RT":[[0,0,0,0],[0,213.59999990463257,0,0],[0,1908.3000001907349,0,0],[0,1655,0,0],[0,1508.8000001907349,0,0]],"response":[[0,1,0,0],[0,1,0,0],[0,1,0,0],[0,1,0,0],[0,1,0,0]],"framerate":[58.39208146605736,60.03430529628038,59.982521647048394,59.99382417525512,59.99622070510044]}
