{"practice":[0,0,0,0,0,0,0,0,0,0,0,0,0,0,0,0,0,0,0,0],"center_interval":[50,50,0,100,50,25,50,50,100,0,25,50,0,0,0,25,0,100,100,50],"image_pair":[2,2,1,1,1,4,1,2,1,4,4,2,1,2,1,4,1,1,2,4],"feature_space":[1,1,2,2,2,1,1,2,1,1,2,1,1,2,1,1,1,2,2,2],"left_img":[2,2,1,1,1,1,2,2,1,1,1,2,1,1,2,2,1,2,2,1],"img1Sample":[2,1,1,2,3,1,3,2,3,1,3,3,3,2,2,1,3,3,1,1],"img2Sample":[2,1,3,3,3,3,1,3,1,1,1,2,2,1,2,2,1,2,3,2],"key":[49,49,49,50,49,50,49,50,50,49,50,50,50,49,50,49,49,50,50,49],"correct":[false,false,true,true,true,false,false,true,true,true,false,true,false,true,true,false,true,false,false,true],"right_img":[1,1,2,2,2,2,1,1,2,2,2,1,2,2,1,1,2,1,1,2],"img_choice":[2,2,1,2,1,2,2,1,2,1,2,1,2,1,1,2,1,1,1,1],"center_sample":[1,2,2,2,1,1,3,2,3,2,1,2,1,3,1,1,1,1,2,2],"left_sample":[2,1,1,2,3,1,1,3,3,1,3,2,3,2,2,2,3,2,3,1],"right_sample":[2,1,3,3,3,3,3,2,1,1,1,3,2,1,2,1,1,3,1,2],"RT":[[0,3474.7000002861023,0,0],[0,2670.2000002861023,0,0],[0,2370.5999999046326,0,0],[0,1423.6000003814697,0,0],[0,2213.6000003814697,0,0],[0,2174.9000000953674,0,0],[0,1822.7000002861023,0,0],[0,2437.300000190735,0,0],[0,1712.5999999046326,0,0],[0,2022,0,0],[0,2668,0,0],[0,1649.0999999046326,0,0],[0,1612.9000000953674,0,0],[0,1485.7999997138977,0,0],[0,1467.5999999046326,0,0],[0,1022.8000001907349,0,0],[0,1054.9000000953674,0,0],[0,3538.199999809265,0,0],[0,1362.6000003814697,0,0],[0,2181.6000003814697,0,0]],"response":[[0,1,0,0],[0,1,0,0],[0,1,0,0],[0,1,0,0],[0,1,0,0],[0,1,0,0],[0,1,0,0],[0,1,0,0],[0,1,0,0],[0,1,0,0],[0,1,0,0],[0,1,0,0],[0,1,0,0],[0,1,0,0],[0,1,0,0],[0,1,0,0],[0,1,0,0],[0,1,0,0],[0,1,0,0],[0,1,0,0]],"framerate":[59.04547236515852,59.34266585514303,59.02079141515762,60.03050731544303,60.0014201438299,59.985632183908045,60.030426382848134,58.99705014749263,59.53151287937422,57.682820388410704,59.13912937274724,60.05740781629498,60.00992644883545,59.997142995915326,60.0067207554715,60.012247397428055,59.95203836930456,60.01880107297411,59.98983223182511,60.02012650743101]}
