{"practice":[0,0,0,0,0,0,0,0,0,0,0,0,0,0,0,0,0,0,0,0],"center_interval":[75,50,50,50,75,75,100,25,100,25,100,100,25,75,50,50,0,0,100,25],"image_pair":[4,1,3,3,2,2,1,3,3,1,4,3,2,2,3,2,3,2,1,2],"feature_space":[2,2,2,1,1,1,1,1,2,2,2,2,2,1,2,1,1,1,1,2],"left_img":[1,2,2,1,2,2,1,2,1,1,2,2,2,2,1,1,2,1,1,2],"img1Sample":[3,2,3,1,3,3,2,3,3,1,2,2,3,1,3,2,1,1,1,1],"img2Sample":[2,2,2,3,1,3,1,2,3,3,1,3,1,1,2,3,3,2,1,3],"key":[49,50,50,50,49,49,49,50,49,50,50,50,49,49,50,49,50,49,50,49],"correct":[false,true,true,false,true,true,false,true,false,false,false,false,false,true,false,true,true,true,true,false],"right_img":[2,1,1,2,1,1,2,1,2,2,1,1,1,1,2,2,1,2,2,1],"img_choice":[1,1,1,2,2,2,1,1,1,2,1,1,2,2,2,1,1,1,2,2],"center_sample":[2,1,1,3,1,2,2,3,1,1,3,1,2,1,2,3,2,2,3,3],"left_sample":[3,2,2,1,1,3,2,2,3,1,1,3,1,1,3,2,3,1,1,3],"right_sample":[2,2,3,3,3,3,1,3,3,3,2,2,3,1,2,3,1,2,1,1],"RT":[[0,954.3999996185303,0,0],[0,1088.5,0,0],[0,1981.1000003814697,0,0],[0,2087.5999999046326,0,0],[0,1543.6999998092651,0,0],[0,1268.1999998092651,0,0],[0,1119.5999999046326,0,0],[0,545.2000002861023,0,0],[0,707.7000002861023,0,0],[0,702.6999998092651,0,0],[0,686.1999998092651,0,0],[0,856.9000000953674,0,0],[0,1805.1000003814697,0,0],[0,842.3000001907349,0,0],[0,1152.4000000953674,0,0],[0,1220.9000000953674,0,0],[0,1320.4000000953674,0,0],[0,834.8000001907349,0,0],[0,736.5,0,0],[0,937.7999997138977,0,0]],"response":[[0,1,0,0],[0,1,0,0],[0,1,0,0],[0,1,0,0],[0,1,0,0],[0,1,0,0],[0,1,0,0],[0,1,0,0],[0,1,0,0],[0,1,0,0],[0,1,0,0],[0,1,0,0],[0,1,0,0],[0,1,0,0],[0,1,0,0],[0,1,0,0],[0,1,0,0],[0,1,0,0],[0,1,0,0],[0,1,0,0]],"framerate":[51.61208104694653,60.024716052816565,60.01936108422072,59.98889094612109,60.033507081708734,59.98195232988994,60.03579056084344,59.93745657699111,60.05777709766797,59.925661850219875,60.05543577806077,60.023190782159645,60.009104824961376,59.98758878657008,60.00905796777462,59.94877104707768,60.03519305012463,60.004138212481934,59.97778600518327,60.03485895405421]}
