{"practice":[0,0,0,0,0,0,0,0,0,0,0,0,0,0,0,0,0,0,0,0],"center_interval":[0,0,0,100,75,50,75,25,0,50,0,100,50,75,50,50,25,75,0,100],"image_pair":[2,1,1,3,1,4,4,2,1,4,2,3,4,2,1,4,4,1,2,1],"feature_space":[1,1,1,1,2,1,2,1,1,1,1,2,1,2,1,1,1,1,1,1],"left_img":[2,2,2,1,2,2,2,1,1,1,2,1,1,1,2,1,2,1,1,2],"img1Sample":[3,2,3,3,1,3,1,2,2,2,3,3,2,1,2,1,1,3,3,1],"img2Sample":[2,2,2,3,1,1,3,3,2,2,3,3,1,3,1,1,1,1,2,1],"stim_time":[2000,2000,2000,2000,2000,2000,2000,2000,2000,2000,2000,2000,2000,2000,2000,2000,2000,2000,2000,2000],"key":[49,50,50,50,49,50,49,49,49,49,50,50,49,50,50,50,50,49,49,50],"correct":[false,true,true,true,true,true,true,true,true,true,true,true,true,true,true,false,true,false,true,false],"right_img":[1,1,1,2,1,1,1,2,2,2,1,2,2,2,1,2,1,2,2,1],"img_choice":[2,1,1,2,2,1,2,1,1,1,1,2,1,2,1,2,1,1,1,1],"center_sample":[2,2,2,2,3,2,2,1,3,1,3,3,1,2,1,2,3,2,2,2],"left_sample":[2,2,2,3,1,1,3,2,2,2,3,3,2,1,1,1,1,3,3,1],"right_sample":[3,2,3,3,1,3,1,3,2,2,3,3,1,3,2,1,1,1,2,1],"exact_match":[0,1,0,0,0,0,0,0,0,0,1,1,0,0,0,0,0,0,0,0],"RT":[[0,0,0,3521.2999999970198,0,0],[0,0,0,1496.8999999985099,0,0],[0,0,0,1558.5,0,0],[0,0,0,716.5,0,0],[0,0,0,1217,0,0],[0,0,0,1363.3999999985099,0,0],[0,0,0,1831.1000000014901,0,0],[0,0,0,990.6000000014901,0,0],[0,0,0,1182.3000000044703,0,0],[0,0,0,857.8999999985099,0,0],[0,0,0,1217.1999999955297,0,0],[0,0,0,678.3999999985099,0,0],[0,0,0,862,0,0],[0,0,0,1124.1000000014901,0,0],[0,0,0,601.2000000029802,0,0],[0,0,0,543.3999999985099,0,0],[0,0,0,724.2999999970198,0,0],[0,0,0,1770.3999999985099,0,0],[0,0,0,1116.7000000029802,0,0],[0,0,0,705.6000000014901,0,0]],"response":[[0,0,0,1,0,0],[0,0,0,1,0,0],[0,0,0,1,0,0],[0,0,0,1,0,0],[0,0,0,1,0,0],[0,0,0,1,0,0],[0,0,0,1,0,0],[0,0,0,1,0,0],[0,0,0,1,0,0],[0,0,0,1,0,0],[0,0,0,1,0,0],[0,0,0,1,0,0],[0,0,0,1,0,0],[0,0,0,1,0,0],[0,0,0,1,0,0],[0,0,0,1,0,0],[0,0,0,1,0,0],[0,0,0,1,0,0],[0,0,0,1,0,0],[0,0,0,1,0,0]],"framerate":[33.51407749338415,38.990878919368676,36.42695136201386,41.751874573995806,36.74462485720139,36.96680189156127,35.13915536683922,38.84616394125002,37.51031533673157,41.45869132371153,37.804362424425435,40.19869641375361,38.90521275436446,40.97317656641244,39.582478156318835,39.891637641017105,38.78712380735036,36.65961114630324,38.13300793165121,39.34650585915779]}
