{"practice":[0,0,0,0,0,0,0,0,0,0,0,0,0,0,0,0,0,0,0,0],"center_interval":[100,50,50,0,25,0,100,25,100,50,0,75,50,50,25,100,50,75,25,25],"image_pair":[1,4,2,3,3,1,3,1,1,2,4,1,4,1,4,3,2,2,1,2],"feature_space":[1,2,2,2,1,2,2,2,2,1,2,1,2,1,2,2,1,2,2,1],"left_img":[1,1,2,2,2,2,1,1,2,1,1,1,2,1,2,1,1,1,1,1],"img1Sample":[1,2,1,2,2,2,2,3,2,2,2,2,3,3,3,1,1,2,2,2],"img2Sample":[1,1,1,3,1,2,2,2,1,2,1,1,3,3,3,1,3,1,2,3],"stim_time":[250,250,250,250,250,250,250,250,250,250,250,250,250,250,250,250,250,250,250,250],"key":[50,50,49,50,50,50,49,50,50,50,49,49,50,50,49,50,50,49,50,50],"correct":[true,false,false,true,true,true,false,false,false,false,true,false,true,false,false,true,false,false,false,false],"right_img":[2,2,1,1,1,1,2,2,1,2,2,2,1,2,1,2,2,2,2,2],"img_choice":[2,2,2,1,1,1,1,2,1,2,1,1,1,2,2,2,2,1,2,2],"center_sample":[2,3,2,2,1,2,3,1,3,3,2,1,1,2,1,3,1,2,1,3],"left_sample":[1,2,1,3,1,2,2,3,1,2,2,2,3,3,3,1,1,2,2,2],"right_sample":[1,1,1,2,2,2,2,2,2,2,1,1,3,3,3,1,3,1,2,3],"exact_match":[0,0,0,1,0,1,0,0,0,0,1,0,0,0,0,0,0,0,0,0],"RT":[[0,0,0,702,0,0],[0,0,0,969.0999999940395,0,0],[0,0,0,811.1000000014901,0,0],[0,0,0,800.6999999955297,0,0],[0,0,0,1437.7000000029802,0,0],[0,0,0,556.6999999955297,0,0],[0,0,0,1525.5999999940395,0,0],[0,0,0,946.1000000014901,0,0],[0,0,0,1109.2000000029802,0,0],[0,0,0,1007.0999999940395,0,0],[0,0,0,474.09999999403954,0,0],[0,0,0,446.20000000298023,0,0],[0,0,0,838.2000000029802,0,0],[0,0,0,1200.6999999955297,0,0],[0,0,0,543.2999999970198,0,0],[0,0,0,463.3999999985099,0,0],[0,0,0,879.5,0,0],[0,0,0,743.8000000044703,0,0],[0,0,0,523.2999999970198,0,0],[0,0,0,775.8999999985099,0,0]],"response":[[0,0,0,1,0,0],[0,0,0,1,0,0],[0,0,0,1,0,0],[0,0,0,1,0,0],[0,0,0,1,0,0],[0,0,0,1,0,0],[0,0,0,1,0,0],[0,0,0,1,0,0],[0,0,0,1,0,0],[0,0,0,1,0,0],[0,0,0,1,0,0],[0,0,0,1,0,0],[0,0,0,1,0,0],[0,0,0,1,0,0],[0,0,0,1,0,0],[0,0,0,1,0,0],[0,0,0,1,0,0],[0,0,0,1,0,0],[0,0,0,1,0,0],[0,0,0,1,0,0]],"framerate":[38.74643874643875,42.324917564871825,40.70047662406753,44.08365141655519,38.41075501144899,43.987361377817024,36.706464201516674,37.376657031767316,39.31363026684308,37.32247588591075,44.89849036946857,44.44149641810413,38.79219962268359,38.14085506467514,42.19671113869066,42.85055046480576,36.492598684182575,42.15196894065446,40.913954805931205,41.7797069994574]}
