{"practice":[0,0,0,0,0,0,0,0,0,0,0,0,0,0,0,0,0,0,0,0],"center_interval":[75,50,0,25,100,75,0,0,75,0,75,50,100,75,75,50,0,75,25,100],"image_pair":[1,3,4,1,3,2,4,3,3,4,2,1,3,1,2,2,1,1,3,1],"feature_space":[1,1,1,2,2,1,1,2,2,1,2,1,1,1,1,2,2,1,1,1],"left_img":[2,2,1,2,2,2,2,1,2,2,2,1,1,1,2,2,1,2,2,2],"img1Sample":[3,2,1,2,2,2,2,2,3,3,2,1,1,3,1,2,1,3,2,3],"img2Sample":[3,3,2,2,3,3,2,2,2,3,2,1,3,1,3,1,3,3,3,3],"stim_time":[250,250,250,250,250,250,250,250,250,250,250,250,250,250,250,250,250,250,250,250],"key":[49,49,50,49,50,49,49,49,49,49,49,49,49,49,49,49,49,49,49,49],"correct":[true,false,false,false,false,true,false,true,true,false,true,true,false,false,true,false,true,true,false,true],"right_img":[1,1,2,1,1,1,1,2,1,1,1,2,2,2,1,1,2,1,1,1],"img_choice":[2,2,2,2,1,2,2,1,2,2,2,1,1,1,2,2,1,2,2,2],"center_sample":[2,2,3,3,2,2,2,1,2,1,3,3,1,2,2,1,1,2,3,2],"left_sample":[3,3,1,2,3,3,2,2,2,3,2,1,1,3,3,1,1,3,3,3],"right_sample":[3,2,2,2,2,2,2,2,3,3,2,1,3,1,1,2,3,3,2,3],"exact_match":[0,0,0,0,0,0,1,0,0,0,0,0,0,0,0,0,1,0,0,0],"RT":[[0,0,0,436.90000000596046,0,0],[0,0,0,443.29999999701977,0,0],[0,0,0,448,0,0],[0,0,0,424.6000000014901,0,0],[0,0,0,449.8999999985099,0,0],[0,0,0,439.3999999985099,0,0],[0,0,0,509.1000000014901,0,0],[0,0,0,277.20000000298023,0,0],[0,0,0,619.8999999985099,0,0],[0,0,0,363.3999999985099,0,0],[0,0,0,455.1000000014901,0,0],[0,0,0,420.69999999552965,0,0],[0,0,0,428.09999999403954,0,0],[0,0,0,381.40000000596046,0,0],[0,0,0,172.40000000596046,0,0],[0,0,0,464.79999999701977,0,0],[0,0,0,894.8999999985099,0,0],[0,0,0,468.8999999985099,0,0],[0,0,0,525.2000000029802,0,0],[0,0,0,506.20000000298023,0,0]],"response":[[0,0,0,1,0,0],[0,0,0,1,0,0],[0,0,0,1,0,0],[0,0,0,1,0,0],[0,0,0,1,0,0],[0,0,0,1,0,0],[0,0,0,1,0,0],[0,0,0,1,0,0],[0,0,0,1,0,0],[0,0,0,1,0,0],[0,0,0,1,0,0],[0,0,0,1,0,0],[0,0,0,1,0,0],[0,0,0,1,0,0],[0,0,0,1,0,0],[0,0,0,1,0,0],[0,0,0,1,0,0],[0,0,0,1,0,0],[0,0,0,1,0,0],[0,0,0,1,0,0]],"framerate":[46.006134151311585,40.241448692152915,43.63347877821961,45.026881720430104,41.821561338331335,48.003200213395246,41.29606099110546,45.41731814454048,44.49718184514981,39.72956018671611,42.325243039648356,40.87750374698001,39.1283815692617,44.84923756282309,45.58775643118523,41.433738901677074,39.562246313578534,40.33307311988017,45.51488716105179,42.00878365472433]}
