{"practice":[1,1,1,1,1],"center_interval":[50,100,50,100,100],"image_pair":[2,2,4,3,2],"feature_space":[1,1,2,2,2],"left_img":[1,2,1,2,2],"img1Sample":[2,3,1,3,3],"img2Sample":[3,3,3,1,1],"stim_time":[2000,2000,2000,2000,2000],"key":[50,49,49,49,50],"correct":[false,true,true,true,false],"right_img":[2,1,2,1,1],"img_choice":[2,2,1,2,1],"center_sample":[3,2,3,3,3],"left_sample":[2,3,1,1,1],"right_sample":[3,3,3,3,3],"exact_match":[0,0,0,0,0],"RT":[[0,0,0,1210.2999999970198,0,0],[0,0,0,1288.3999999985099,0,0],[0,0,0,717.7000000029802,0,0],[0,0,0,737.3999999985099,0,0],[0,0,0,858,0,0]],"response":[[0,0,0,1,0,0],[0,0,0,1,0,0],[0,0,0,1,0,0],[0,0,0,1,0,0],[0,0,0,1,0,0]],"framerate":[40.74028071047075,38.07850029286999,40.31800113571834,40.72052710463517,36.9094488188826]}
