{"practice":[0,0,0,0,0,0,0,0,0,0,0,0,0,0,0,0,0,0,0,0],"center_interval":[75,100,25,75,50,50,25,0,50,75,0,100,75,75,50,100,25,75,75,75],"image_pair":[1,3,2,3,1,4,4,1,2,1,2,3,3,3,1,1,4,3,2,2],"feature_space":[2,1,2,1,1,1,2,1,1,1,2,2,2,2,1,2,2,1,2,2],"left_img":[1,2,2,2,2,2,2,1,1,1,2,1,1,2,1,2,2,1,1,2],"img1Sample":[3,3,2,2,3,3,3,3,3,3,3,2,3,1,1,2,3,3,1,3],"img2Sample":[3,2,1,3,2,3,3,1,3,2,2,3,2,3,1,2,2,3,2,2],"stim_time":[2000,2000,2000,2000,2000,2000,2000,2000,2000,2000,2000,2000,2000,2000,2000,2000,2000,2000,2000,2000],"key":[50,50,50,50,50,50,50,50,49,49,50,50,50,50,49,50,49,50,50,49],"correct":[true,false,true,false,true,true,true,false,true,false,true,true,true,false,true,false,false,true,true,true],"right_img":[2,1,1,1,1,1,1,2,2,2,1,2,2,1,2,1,1,2,2,1],"img_choice":[2,1,1,1,1,1,1,2,1,1,1,2,2,1,1,1,2,2,2,2],"center_sample":[2,1,2,3,1,1,1,1,2,2,3,2,2,2,3,3,2,3,3,2],"left_sample":[3,2,1,3,2,3,3,3,3,3,2,2,3,3,1,2,2,3,1,2],"right_sample":[3,3,2,2,3,3,3,1,3,2,3,3,2,1,1,2,3,3,2,3],"exact_match":[0,0,0,0,0,0,0,0,0,0,1,0,0,0,0,0,0,0,0,0],"RT":[[0,0,0,1561.2000000029802,0,0],[0,0,0,805.0999999940395,0,0],[0,0,0,612.3999999985099,0,0],[0,0,0,871.2999999970198,0,0],[0,0,0,483.8999999985099,0,0],[0,0,0,476.30000000447035,0,0],[0,0,0,522.5,0,0],[0,0,0,457.8999999985099,0,0],[0,0,0,589.1000000014901,0,0],[0,0,0,638.1999999955297,0,0],[0,0,0,531.8000000044703,0,0],[0,0,0,470.1000000014901,0,0],[0,0,0,498.1000000014901,0,0],[0,0,0,451.3999999985099,0,0],[0,0,0,480.20000000298023,0,0],[0,0,0,632.5999999940395,0,0],[0,0,0,407,0,0],[0,0,0,472,0,0],[0,0,0,701,0,0],[0,0,0,771.2000000029802,0,0]],"response":[[0,0,0,1,0,0],[0,0,0,1,0,0],[0,0,0,1,0,0],[0,0,0,1,0,0],[0,0,0,1,0,0],[0,0,0,1,0,0],[0,0,0,1,0,0],[0,0,0,1,0,0],[0,0,0,1,0,0],[0,0,0,1,0,0],[0,0,0,1,0,0],[0,0,0,1,0,0],[0,0,0,1,0,0],[0,0,0,1,0,0],[0,0,0,1,0,0],[0,0,0,1,0,0],[0,0,0,1,0,0],[0,0,0,1,0,0],[0,0,0,1,0,0],[0,0,0,1,0,0]],"framerate":[36.85222486720272,39.48749102558647,40.995607613469986,39.21782232150903,37.59170557204389,37.42127840824356,37.24282925364169,38.26608706298383,38.034024235600626,37.043468194725705,38.29927291222373,38.0575430050236,38.73974758640202,39.59241298873059,38.594785145548684,38.74388254489497,42.21766933633293,36.51856360316494,36.72284217713386,37.46679714804977]}
