{"practice":[0,0,0,0,0,0,0,0,0,0,0,0,0,0,0,0,0,0,0,0],"center_interval":[25,0,50,100,100,50,50,25,75,25,75,50,75,0,75,50,75,25,25,50],"image_pair":[2,2,1,3,2,2,2,2,2,1,2,1,1,2,1,3,2,4,1,2],"feature_space":[1,2,1,2,1,1,1,1,2,1,1,1,2,2,1,1,2,2,2,2],"left_img":[1,1,2,2,2,1,1,2,1,1,2,2,2,1,2,1,2,2,1,2],"img1Sample":[3,3,3,1,2,2,3,3,2,2,3,3,3,2,3,2,1,1,2,3],"img2Sample":[3,2,3,2,1,1,3,1,3,1,2,1,1,3,3,3,2,1,3,1],"stim_time":[2000,2000,2000,2000,2000,2000,2000,2000,2000,2000,2000,2000,2000,2000,2000,2000,2000,2000,2000,2000],"key":[50,49,49,50,49,49,49,49,50,50,49,49,50,49,49,49,49,50,50,49],"correct":[false,true,false,false,true,true,true,false,true,false,true,false,false,true,true,true,true,true,false,false],"right_img":[2,2,1,1,1,2,2,1,2,2,1,1,1,2,1,2,1,1,2,1],"img_choice":[2,1,2,1,2,1,1,2,2,2,2,2,1,1,2,1,2,1,2,2],"center_sample":[1,3,1,3,1,2,2,1,3,3,3,3,2,2,1,2,2,1,1,3],"left_sample":[3,3,3,2,1,2,3,1,2,2,2,1,1,2,3,2,2,1,2,1],"right_sample":[3,2,3,1,2,1,3,3,3,1,3,3,3,3,3,3,1,1,3,3],"exact_match":[0,1,0,0,1,0,0,0,0,0,0,0,0,1,0,0,0,0,0,0],"RT":[[0,0,0,705.0999999940395,0,0],[0,0,0,716.1000000014901,0,0],[0,0,0,750.5,0,0],[0,0,0,636.8000000044703,0,0],[0,0,0,942.8999999985099,0,0],[0,0,0,1183.7000000029802,0,0],[0,0,0,679.8999999985099,0,0],[0,0,0,3041.1999999955297,0,0],[0,0,0,972.9000000059605,0,0],[0,0,0,859.1000000014901,0,0],[0,0,0,433.29999999701977,0,0],[0,0,0,496.5,0,0],[0,0,0,452.69999999552965,0,0],[0,0,0,447.20000000298023,0,0],[0,0,0,657.1000000014901,0,0],[0,0,0,627,0,0],[0,0,0,2282.2000000029802,0,0],[0,0,0,2622.0999999940395,0,0],[0,0,0,1572,0,0],[0,0,0,740.5,0,0]],"response":[[0,0,0,1,0,0],[0,0,0,1,0,0],[0,0,0,1,0,0],[0,0,0,1,0,0],[0,0,0,1,0,0],[0,0,0,1,0,0],[0,0,0,1,0,0],[0,0,0,1,0,0],[0,0,0,1,0,0],[0,0,0,1,0,0],[0,0,0,1,0,0],[0,0,0,1,0,0],[0,0,0,1,0,0],[0,0,0,1,0,0],[0,0,0,1,0,0],[0,0,0,1,0,0],[0,0,0,1,0,0],[0,0,0,1,0,0],[0,0,0,1,0,0],[0,0,0,1,0,0]],"framerate":[39.906504760326776,39.49761309385153,38.89844124358995,39.74470554105019,36.99169682782108,36.61717495984422,37.3134328358209,31.29489021136079,38.00073890327139,38.14090339452492,37.537306544396806,39.10750015165012,39.491810806673804,38.481667333629275,38.36944292188049,41.10787172011662,34.987027282008775,34.61736760700139,30.537134522903873,40.10393131490644]}
