{"practice":[0,0,0,0,0,0,0,0,0,0,0,0,0,0,0,0,0,0,0,0],"center_interval":[100,50,50,0,50,50,25,75,25,75,0,100,25,0,0,75,100,50,100,75],"image_pair":[4,2,1,1,2,2,1,2,3,2,4,3,4,2,4,2,3,3,1,2],"feature_space":[1,1,1,1,1,2,2,2,2,1,2,2,2,1,2,2,2,2,2,2],"left_img":[1,1,2,2,2,1,2,2,2,1,2,1,2,1,1,1,2,2,2,1],"img1Sample":[1,2,1,3,3,2,1,3,2,3,3,3,3,3,2,2,3,3,2,2],"img2Sample":[2,3,1,3,3,1,1,2,2,1,2,1,3,2,1,2,2,3,2,3],"stim_time":[250,250,250,250,250,250,250,250,250,250,250,250,250,250,250,250,250,250,250,250],"key":[50,50,50,50,50,50,50,50,50,50,50,50,50,50,50,50,50,50,50,50],"correct":[true,false,true,true,true,false,true,false,true,true,true,true,true,false,false,true,false,true,false,true],"right_img":[2,2,1,1,1,2,1,1,1,2,1,2,1,2,2,2,1,1,1,2],"img_choice":[2,2,1,1,1,2,1,1,1,2,1,2,1,2,2,2,1,1,1,2],"center_sample":[3,3,2,2,1,3,3,1,3,1,2,3,2,3,1,1,1,3,1,2],"left_sample":[1,2,1,3,3,2,1,2,2,3,2,3,3,3,2,2,2,3,2,2],"right_sample":[2,3,1,3,3,1,1,3,2,1,3,1,3,2,1,2,3,3,2,3],"exact_match":[0,0,0,0,0,0,0,0,0,0,0,0,0,1,0,0,0,0,0,0],"RT":[[0,0,0,1193.2999999970198,0,0],[0,0,0,442.79999999701977,0,0],[0,0,0,407.8999999985099,0,0],[0,0,0,441.5,0,0],[0,0,0,439.5,0,0],[0,0,0,439.80000000447035,0,0],[0,0,0,474.79999999701977,0,0],[0,0,0,443.29999999701977,0,0],[0,0,0,357.5,0,0],[0,0,0,206.20000000298023,0,0],[0,0,0,183.5,0,0],[0,0,0,173.89999999850988,0,0],[0,0,0,204.20000000298023,0,0],[0,0,0,184.79999999701977,0,0],[0,0,0,212,0,0],[0,0,0,332.5,0,0],[0,0,0,689.8000000044703,0,0],[0,0,0,515,0,0],[0,0,0,469.79999999701977,0,0],[0,0,0,195.79999999701977,0,0]],"response":[[0,0,0,1,0,0],[0,0,0,1,0,0],[0,0,0,1,0,0],[0,0,0,1,0,0],[0,0,0,1,0,0],[0,0,0,1,0,0],[0,0,0,1,0,0],[0,0,0,1,0,0],[0,0,0,1,0,0],[0,0,0,1,0,0],[0,0,0,1,0,0],[0,0,0,1,0,0],[0,0,0,1,0,0],[0,0,0,1,0,0],[0,0,0,1,0,0],[0,0,0,1,0,0],[0,0,0,1,0,0],[0,0,0,1,0,0],[0,0,0,1,0,0],[0,0,0,1,0,0]],"framerate":[36.90200960348789,45.28502930203285,41.65813016466854,45.224793828100964,41.821561338331335,30.891142300687644,41.7454830082433,45.98467177607464,41.802465637000346,47.86941850410892,42.36949396439614,46.432062561038464,44.300292698571354,41.16887310285434,43.859649122909396,36.45200486022849,38.3492644954169,38.737537308803695,40.59982974260985,42.823156225218085]}
