{"practice":[0,0,0,0,0,0,0,0,0,0,0,0,0,0,0,0,0,0,0,0],"center_interval":[75,25,25,50,50,75,25,0,0,0,25,25,100,75,100,0,100,0,50,50],"image_pair":[3,1,4,1,3,1,1,1,4,4,2,4,1,1,4,2,1,2,3,3],"feature_space":[2,2,1,2,1,2,2,1,2,2,2,2,1,2,1,1,2,2,1,1],"left_img":[1,1,1,1,2,1,2,1,2,2,1,1,1,2,2,2,1,1,1,1],"img1Sample":[1,3,2,2,2,1,3,1,2,3,3,3,2,2,2,1,2,2,3,2],"img2Sample":[2,2,2,1,3,3,3,2,2,1,1,3,3,1,1,2,1,3,2,1],"key":[50,50,50,50,50,49,49,49,49,50,49,49,49,50,50,49,50,50,50,50],"correct":[true,false,false,false,true,false,false,true,false,true,true,true,false,false,false,false,true,false,false,false],"right_img":[2,2,2,2,1,2,1,2,1,1,2,2,2,1,1,1,2,2,2,2],"img_choice":[2,2,2,2,1,1,2,1,2,1,1,1,1,1,1,2,2,2,2,2],"center_sample":[2,1,3,2,1,1,1,2,3,2,3,1,2,1,2,2,2,1,3,1],"left_sample":[1,3,2,2,3,1,3,1,2,1,3,3,2,1,1,2,2,2,3,2],"right_sample":[2,2,2,1,2,3,3,2,2,3,1,3,3,2,2,1,1,3,2,1],"RT":[[0,3632,0,0],[0,1529,0,0],[0,1901,0,0],[0,872,0,0],[0,1126,0,0],[0,2316,0,0],[0,2824,0,0],[0,1485,0,0],[0,1865,0,0],[0,1734,0,0],[0,3063,0,0],[0,1640,0,0],[0,1338,0,0],[0,1720,0,0],[0,1221,0,0],[0,1871,0,0],[0,1159,0,0],[0,1309,0,0],[0,1419,0,0],[0,2029,0,0]],"response":[[0,1,0,0],[0,1,0,0],[0,1,0,0],[0,1,0,0],[0,1,0,0],[0,1,0,0],[0,1,0,0],[0,1,0,0],[0,1,0,0],[0,1,0,0],[0,1,0,0],[0,1,0,0],[0,1,0,0],[0,1,0,0],[0,1,0,0],[0,1,0,0],[0,1,0,0],[0,1,0,0],[0,1,0,0],[0,1,0,0]],"framerate":[19.52941176470588,20.36094400740398,18.972332015810277,24.06417112299465,22.184300341296925,21.501706484641637,20.06980802792321,21.88392007611798,21.50101419878296,20.521590423257802,20.059636757928978,19.102621057307864,21.860701576004068,19.2967409948542,21.941854086670322,19.40962393853619,20.739910313901344,20.18633540372671,21.17183653372723,18.82530120481928]}
