{"practice":[0,0,0,0,0,0,0,0,0,0,0,0,0,0,0,0,0,0,0,0],"center_interval":[100,75,100,100,75,0,75,50,0,0,25,25,25,0,100,50,75,25,50,50],"image_pair":[2,3,4,1,1,2,3,4,4,1,2,3,2,3,1,1,4,4,2,4],"feature_space":[1,1,1,2,2,2,2,2,2,2,1,2,1,1,2,2,1,2,1,1],"left_img":[1,2,2,2,1,2,2,2,2,1,1,2,1,1,1,2,2,2,1,2],"img1Sample":[3,1,1,3,2,2,3,3,3,2,1,1,3,1,3,2,3,2,2,3],"img2Sample":[2,1,1,1,2,3,3,3,3,2,1,3,1,1,3,3,3,3,1,2],"key":[50,49,49,49,50,50,50,50,49,49,49,50,49,49,50,50,50,49,49,50],"correct":[true,true,true,true,true,true,false,true,false,true,true,true,true,true,true,true,false,false,true,true],"right_img":[2,1,1,1,2,1,1,1,1,2,2,1,2,2,2,1,1,1,2,1],"img_choice":[2,2,2,2,2,1,1,1,2,1,1,1,1,1,2,1,1,2,1,1],"center_sample":[1,3,2,2,3,3,3,3,2,3,3,2,1,3,2,1,1,1,1,1],"left_sample":[3,1,1,1,2,3,3,3,3,2,1,3,3,1,3,3,3,3,2,2],"right_sample":[2,1,1,3,2,2,3,3,3,2,1,1,1,1,3,2,3,2,1,3],"RT":[[0,3084,0,0],[0,3641,0,0],[0,1474,0,0],[0,3413,0,0],[0,2252,0,0],[0,2901,0,0],[0,3137,0,0],[0,2357,0,0],[0,1477,0,0],[0,1846,0,0],[0,1692,0,0],[0,2559,0,0],[0,2355,0,0],[0,1951,0,0],[0,1336,0,0],[0,1868,0,0],[0,2057,0,0],[0,2621,0,0],[0,1816,0,0],[0,2092,0,0]],"response":[[0,1,0,0],[0,1,0,0],[0,1,0,0],[0,1,0,0],[0,1,0,0],[0,1,0,0],[0,1,0,0],[0,1,0,0],[0,1,0,0],[0,1,0,0],[0,1,0,0],[0,1,0,0],[0,1,0,0],[0,1,0,0],[0,1,0,0],[0,1,0,0],[0,1,0,0],[0,1,0,0],[0,1,0,0],[0,1,0,0]],"framerate":[19.788560585524532,20,20.534861509073544,20.60064532141971,19.123783031988875,19.519094766619517,20.105820105820104,20.236087689713322,21.967526265520537,20.63941723998381,22.077922077922075,20.70263488080301,19.19191919191919,21.46760343481655,21.155830753353975,19.85413290113452,21.585411239300335,21.22423869578591,18.472906403940886,18.88888888888889]}
