{"practice":[0,0,0,0,0,0,0,0,0,0,0,0,0,0,0,0,0,0,0,0],"center_interval":[0,25,75,50,75,25,75,50,50,25,0,100,50,0,0,0,25,50,50,75],"image_pair":[1,2,1,4,2,4,1,1,2,2,3,1,3,4,3,4,2,2,4,4],"feature_space":[1,2,1,1,1,2,2,2,2,2,1,2,2,1,1,2,1,1,2,2],"left_img":[2,1,1,1,2,1,2,1,2,2,2,1,2,1,1,2,1,1,2,2],"img1Sample":[3,1,1,1,3,2,2,1,1,3,1,1,2,2,1,3,3,3,1,3],"img2Sample":[2,1,1,3,2,3,2,1,2,3,2,1,3,2,2,1,3,1,2,2],"key":[50,49,50,49,50,49,50,49,49,50,49,49,50,49,49,50,49,49,50,49],"correct":[true,true,true,true,false,true,false,true,false,true,false,false,true,true,true,true,true,true,true,true],"right_img":[1,2,2,2,1,2,1,2,1,1,1,2,1,2,2,1,2,2,1,1],"img_choice":[1,1,2,1,1,1,1,1,2,1,2,1,1,1,1,1,1,1,1,2],"center_sample":[2,3,3,2,2,2,1,3,3,3,3,2,2,3,3,2,1,1,3,2],"left_sample":[2,1,1,1,2,2,2,1,2,3,2,1,3,2,1,1,3,3,2,2],"right_sample":[3,1,1,3,3,3,2,1,1,3,1,1,2,2,2,3,3,1,1,3],"RT":[[0,1303,0,0],[0,1362,0,0],[0,2375,0,0],[0,2390,0,0],[0,4907,0,0],[0,1704,0,0],[0,1932,0,0],[0,3030,0,0],[0,1348,0,0],[0,2252,0,0],[0,1280,0,0],[0,4127,0,0],[0,2723,0,0],[0,2283,0,0],[0,2348,0,0],[0,2294,0,0],[0,1437,0,0],[0,2504,0,0],[0,1616,0,0],[0,2574,0,0]],"response":[[0,1,0,0],[0,1,0,0],[0,1,0,0],[0,1,0,0],[0,1,0,0],[0,1,0,0],[0,1,0,0],[0,1,0,0],[0,1,0,0],[0,1,0,0],[0,1,0,0],[0,1,0,0],[0,1,0,0],[0,1,0,0],[0,1,0,0],[0,1,0,0],[0,1,0,0],[0,1,0,0],[0,1,0,0],[0,1,0,0]],"framerate":[20.964360587002094,20.833333333333332,18.333333333333332,19.320453031312457,18.806509945750452,19.896193771626297,18.34504293520687,18.452217020104655,22.414671421293935,19.47826086956522,20.450970110120608,17.665615141955836,18.822826411711983,19.66873706004141,20.19522046449007,19.28374655647383,21.33850630455868,19.18158567774936,20.748759585024807,20.087884494664156]}
