{"practice":[1,1,1,1,1],"center_interval":[50,50,100,25,0],"image_pair":[3,3,3,4,2],"feature_space":[1,1,1,1,1],"left_img":[1,1,1,2,2],"img1Sample":[1,2,2,1,1],"img2Sample":[3,2,2,3,1],"key":[null,null,50,49,49],"correct":[null,null,true,false,false],"right_img":[2,2,2,1,1],"img_choice":[null,null,2,2,2],"center_sample":[1,3,3,1,2],"left_sample":[1,2,2,3,1],"right_sample":[3,2,2,1,1],"RT":[[0,0,0,0],[0,0,0,0],[0,4117,0,0],[0,3991,0,0],[0,2336,0,0]],"response":[[0,1,0,0],[0,1,0,0],[0,1,0,0],[0,1,0,0],[0,1,0,0]],"framerate":[20.933120454142273,17.945984363894812,19.07587961000424,20.45701849836779,21.24072825354012]}
