{"practice":[0,0,0,0,0,0,0,0,0,0,0,0,0,0,0,0,0,0,0,0],"center_interval":[25,50,75,50,50,0,75,0,50,25,75,25,25,75,100,25,0,75,100,75],"image_pair":[3,3,2,4,1,3,2,4,4,2,2,1,1,2,3,3,1,2,3,3],"feature_space":[2,1,2,2,2,1,2,1,1,1,1,1,2,1,2,2,1,1,1,1],"left_img":[2,1,1,1,1,2,2,2,1,2,1,2,2,1,1,2,2,1,2,2],"img1Sample":[2,3,2,3,2,1,1,3,2,1,3,1,1,2,2,3,2,3,2,3],"img2Sample":[1,2,3,1,2,3,1,3,3,1,1,1,3,1,1,2,1,2,2,3],"key":[50,49,50,50,49,50,49,50,49,50,49,50,50,49,50,49,50,49,50,49],"correct":[true,true,true,false,true,true,true,true,true,true,false,true,true,false,true,false,true,false,false,true],"right_img":[1,2,2,2,2,1,1,1,2,1,2,1,1,2,2,1,1,2,1,1],"img_choice":[1,1,2,2,1,1,2,1,1,1,1,1,1,1,2,2,1,1,1,2],"center_sample":[1,3,2,3,1,3,3,2,3,3,1,2,3,3,2,3,3,3,1,1],"left_sample":[1,3,2,3,2,3,1,3,2,1,3,1,3,2,2,2,1,3,2,3],"right_sample":[2,2,3,1,2,1,1,3,3,1,1,1,1,1,1,3,2,2,2,3],"RT":[[0,0,0,457.60000002384186,0,0],[0,0,0,486.69999998807907,0,0],[0,0,0,468.39999997615814,0,0],[0,0,0,520.4000000357628,0,0],[0,0,0,411.10000002384186,0,0],[0,0,0,514.5999999642372,0,0],[0,0,0,462.30000001192093,0,0],[0,0,0,493.2000000476837,0,0],[0,0,0,456.80000001192093,0,0],[0,0,0,533.3999999761581,0,0],[0,0,0,440.4000000357628,0,0],[0,0,0,422.80000001192093,0,0],[0,0,0,444.39999997615814,0,0],[0,0,0,555.6000000238419,0,0],[0,0,0,365.39999997615814,0,0],[0,0,0,542.3000000119209,0,0],[0,0,0,447.39999997615814,0,0],[0,0,0,447.4000000357628,0,0],[0,0,0,276.10000002384186,0,0],[0,0,0,289.69999998807907,0,0]],"response":[[0,0,0,1,0,0],[0,0,0,1,0,0],[0,0,0,1,0,0],[0,0,0,1,0,0],[0,0,0,1,0,0],[0,0,0,1,0,0],[0,0,0,1,0,0],[0,0,0,1,0,0],[0,0,0,1,0,0],[0,0,0,1,0,0],[0,0,0,1,0,0],[0,0,0,1,0,0],[0,0,0,1,0,0],[0,0,0,1,0,0],[0,0,0,1,0,0],[0,0,0,1,0,0],[0,0,0,1,0,0],[0,0,0,1,0,0],[0,0,0,1,0,0],[0,0,0,1,0,0]],"framerate":[59.9975511201435,60.01272997280774,59.99512729995906,60.0168047046734,59.99191818785412,60.008443398208364,60.01408493873996,59.998181872843105,59.99204187265327,60.01970796316806,59.99815390361703,59.995051954035624,60.00184621109282,60.0029704440814,60.00126318403633,60.01433178093737,60.005538973048374,59.9963079197327,60.004540883711,60.00774293411063]}
