{"practice":[0,0,0,0,0,0,0,0,0,0,0,0,0,0,0,0,0,0,0,0],"center_interval":[100,75,0,0,75,100,25,0,0,100,25,100,25,50,100,25,50,75,75,25],"image_pair":[2,4,1,4,4,4,1,1,2,2,2,2,4,3,1,3,4,1,2,3],"feature_space":[1,1,2,2,1,2,1,2,1,2,1,2,1,2,2,1,1,1,1,2],"left_img":[2,1,1,1,2,2,1,2,1,1,1,1,1,1,1,2,1,2,1,2],"img1Sample":[1,3,2,3,2,1,1,2,3,2,2,3,2,2,3,3,1,1,3,2],"img2Sample":[2,2,2,2,2,2,3,1,2,3,2,3,3,3,3,3,3,2,1,1],"key":[49,50,49,50,49,49,49,50,50,49,50,49,50,49,50,49,50,49,50,49],"correct":[true,true,true,false,true,true,true,true,false,false,false,false,false,true,true,false,false,true,true,false],"right_img":[1,2,2,2,1,1,2,1,2,2,2,2,2,2,2,1,2,1,2,1],"img_choice":[2,2,1,2,2,2,1,1,2,1,2,1,2,1,2,2,2,2,2,2],"center_sample":[1,3,3,2,3,1,2,3,2,2,1,2,3,3,1,1,2,2,1,1],"left_sample":[2,3,2,3,2,2,1,1,3,2,2,3,2,2,3,3,1,2,3,1],"right_sample":[1,2,2,2,2,1,3,2,2,3,2,3,3,3,3,3,3,1,1,2],"RT":[[0,0,0,393.9000000357628,0,0],[0,0,0,410.5,0,0],[0,0,0,505.5,0,0],[0,0,0,508.9000000357628,0,0],[0,0,0,441.10000002384186,0,0],[0,0,0,518.8000000119209,0,0],[0,0,0,490.5,0,0],[0,0,0,509.9000000357628,0,0],[0,0,0,353.9000000357628,0,0],[0,0,0,92.19999998807907,0,0],[0,0,0,1078.2999999523163,0,0],[0,0,0,356.30000001192093,0,0],[0,0,0,429.30000001192093,0,0],[0,0,0,369.9000000357628,0,0],[0,0,0,612.4000000357628,0,0],[0,0,0,612.6999999880791,0,0],[0,0,0,388,0,0],[0,0,0,405,0,0],[0,0,0,396.4000000357628,0,0],[0,0,0,852.6000000238419,0,0]],"response":[[0,0,0,1,0,0],[0,0,0,1,0,0],[0,0,0,1,0,0],[0,0,0,1,0,0],[0,0,0,1,0,0],[0,0,0,1,0,0],[0,0,0,1,0,0],[0,0,0,1,0,0],[0,0,0,1,0,0],[0,0,0,1,0,0],[0,0,0,1,0,0],[0,0,0,1,0,0],[0,0,0,1,0,0],[0,0,0,1,0,0],[0,0,0,1,0,0],[0,0,0,1,0,0],[0,0,0,1,0,0],[0,0,0,1,0,0],[0,0,0,1,0,0],[0,0,0,1,0,0]],"framerate":[60.001875059042646,60.006840157723055,60.00844339928694,59.699692455700614,59.99261629381933,60.02040693857377,59.98909289176809,60.01387255388608,59.99179059662457,60.00206903735665,60.01287830006439,59.99368487527629,60.00247432905953,60.00439822769293,60.00468329277328,60.008196240600256,60.007500938287926,59.99378302766553,60.00562552761675,60.015822352385136]}
