{"practice":[0,0,0,0,0,0,0,0,0,0,0,0,0,0,0,0,0,0,0,0],"center_interval":[0,25,100,25,100,50,25,0,25,50,25,50,100,100,100,75,50,0,75,75],"image_pair":[4,2,2,2,3,1,4,1,3,4,3,3,2,4,2,1,1,2,1,1],"feature_space":[1,1,1,1,1,2,2,1,1,2,1,2,1,1,1,1,1,2,1,1],"left_img":[2,1,2,1,2,2,2,2,2,2,2,2,2,2,1,2,1,1,2,1],"img1Sample":[1,2,3,2,2,3,3,3,1,3,3,2,3,2,2,1,3,1,3,1],"img2Sample":[1,1,1,1,1,2,1,3,1,3,2,1,2,2,2,2,1,2,3,1],"key":[50,50,49,50,49,49,50,49,50,49,50,50,49,50,49,50,49,50,50,49],"correct":[true,false,true,false,true,false,true,false,true,false,true,true,true,false,false,false,true,false,false,false],"right_img":[1,2,1,2,1,1,1,1,1,1,1,1,1,1,2,1,2,2,1,2],"img_choice":[1,2,2,2,2,2,1,2,1,2,1,1,2,1,1,1,1,2,1,1],"center_sample":[2,2,2,3,3,2,2,1,1,3,3,2,3,1,1,3,1,3,3,2],"left_sample":[1,2,1,2,1,2,1,3,1,3,2,1,2,2,2,2,3,1,3,1],"right_sample":[1,1,3,1,2,3,3,3,1,3,3,2,3,2,2,1,1,2,3,1],"RT":[[0,0,0,532.5,0,0],[0,0,0,488,0,0],[0,0,0,330.30000001192093,0,0],[0,0,0,414.19999998807907,0,0],[0,0,0,382.30000001192093,0,0],[0,0,0,382.30000001192093,0,0],[0,0,0,431.0999999642372,0,0],[0,0,0,558.5,0,0],[0,0,0,384.39999997615814,0,0],[0,0,0,448.19999998807907,0,0],[0,0,0,422.7999999523163,0,0],[0,0,0,364.89999997615814,0,0],[0,0,0,471.39999997615814,0,0],[0,0,0,427.39999997615814,0,0],[0,0,0,402.4000000357628,0,0],[0,0,0,434.80000001192093,0,0],[0,0,0,176.89999997615814,0,0],[0,0,0,329.5,0,0],[0,0,0,332.5,0,0],[0,0,0,398.30000001192093,0,0]],"response":[[0,0,0,1,0,0],[0,0,0,1,0,0],[0,0,0,1,0,0],[0,0,0,1,0,0],[0,0,0,1,0,0],[0,0,0,1,0,0],[0,0,0,1,0,0],[0,0,0,1,0,0],[0,0,0,1,0,0],[0,0,0,1,0,0],[0,0,0,1,0,0],[0,0,0,1,0,0],[0,0,0,1,0,0],[0,0,0,1,0,0],[0,0,0,1,0,0],[0,0,0,1,0,0],[0,0,0,1,0,0],[0,0,0,1,0,0],[0,0,0,1,0,0],[0,0,0,1,0,0]],"framerate":[59.99880002442866,59.998181872843105,60.00255330036873,60.00310896937665,60.00439822769293,60.00062827860545,60.0098985408505,59.99940594562599,60.015003751161366,59.99077065066913,60.015467904099,59.991790597753614,60.00426426199914,60.004330208954066,60.00497450610329,60.003692534705124,60.00469310520798,60.00255329922726,60.01524196644082,58.44115257181803]}
