{"practice":[1,1,1,1,1],"center_interval":[50,25,100,75,25],"image_pair":[2,4,3,3,4],"feature_space":[2,2,2,2,1],"left_img":[2,1,2,2,2],"img1Sample":[2,2,2,2,1],"img2Sample":[1,3,1,1,1],"key":[49,50,110,122,105],"correct":[false,false,null,null,null],"right_img":[1,2,1,1,1],"img_choice":[2,2,null,null,null],"center_sample":[3,3,2,2,1],"left_sample":[1,2,1,1,1],"right_sample":[2,3,2,2,1],"RT":[[0,2947.2999997138977,0,0],[0,3609.1000003814697,0,0],[0,3584.199999809265,0,0],[0,1230.8000001907349,0,0],[0,210.10000038146973,0,0]],"response":[[0,1,0,0],[0,1,0,0],[0,1,0,0],[0,1,0,0],[0,1,0,0]],"framerate":[60.017949294851846,59.999525698163026,60.00498557437991,60.00284880401846,60.000712170550074]}
