{"practice":[1,1,1,1,1],"center_interval":[25,0,0,0,50],"image_pair":[3,4,4,1,4],"feature_space":[1,2,1,1,1],"left_img":[1,1,2,1,1],"img1Sample":[3,3,3,3,3],"img2Sample":[2,1,2,1,2],"stim_time":[250,250,250,250,250],"key":[49,49,50,49,49],"correct":[true,true,true,true,true],"right_img":[2,2,1,2,2],"img_choice":[1,1,1,1,1],"center_sample":[3,1,2,3,3],"left_sample":[3,3,2,3,3],"right_sample":[2,1,3,1,2],"exact_match":[0,0,0,1,0],"RT":[[0,0,0,2351.1000000089407,0,0],[0,0,0,1260.2000000029802,0,0],[0,0,0,1096.5999999940395,0,0],[0,0,0,929.5,0,0],[0,0,0,1192.7999999970198,0,0]],"response":[[0,0,0,1,0,0],[0,0,0,1,0,0],[0,0,0,1,0,0],[0,0,0,1,0,0],[0,0,0,1,0,0]],"framerate":[59.93017843289371,59.50039339120509,60.013849349712345,59.95717344753748,60.01800540166522]}
