{"practice":[0,0,0,0,0,0,0,0,0,0,0,0,0,0,0,0,0,0,0,0],"center_interval":[100,0,100,100,100,25,0,75,25,75,50,100,0,25,0,100,100,100,50,75],"image_pair":[2,1,3,2,3,4,4,2,1,4,1,4,3,1,3,4,3,3,3,3],"feature_space":[2,1,2,1,1,2,1,2,1,2,1,2,1,2,1,1,2,2,1,1],"left_img":[2,2,2,2,1,2,2,2,2,1,2,1,2,1,1,1,2,1,1,1],"img1Sample":[3,2,1,2,3,1,1,3,3,2,1,3,2,3,2,2,1,2,3,1],"img2Sample":[1,3,3,1,1,2,1,3,1,2,1,1,1,2,2,2,3,3,3,3],"key":[49,50,49,50,49,49,50,49,50,50,49,50,50,49,49,50,49,50,50,50],"correct":[true,true,true,false,false,false,true,true,true,true,false,true,true,true,true,true,true,true,false,true],"right_img":[1,1,1,1,2,1,1,1,1,2,1,2,1,2,2,2,1,2,2,2],"img_choice":[2,1,2,1,1,2,1,2,1,2,2,2,1,1,1,2,2,2,2,2],"center_sample":[2,3,2,2,2,2,3,1,3,3,1,3,1,2,1,1,2,2,2,2],"left_sample":[1,3,3,1,3,2,1,3,1,2,1,3,1,3,2,2,3,2,3,1],"right_sample":[3,2,1,2,1,1,1,3,3,2,1,1,2,2,2,2,1,3,3,3],"RT":[[0,0,0,1570.3000000044703,0,0],[0,0,0,2162.39999999851,0,0],[0,0,0,2039.6999999955297,0,0],[0,0,0,2048.39999999851,0,0],[0,0,0,1899.0999999940395,0,0],[0,0,0,1329,0,0],[0,0,0,2192.6999999955297,0,0],[0,0,0,1563.5,0,0],[0,0,0,1679.1000000014901,0,0],[0,0,0,1487.9000000059605,0,0],[0,0,0,1953.8000000044703,0,0],[0,0,0,1196.2999999970198,0,0],[0,0,0,1496.2999999970198,0,0],[0,0,0,1853.2000000029802,0,0],[0,0,0,1152.2999999970198,0,0],[0,0,0,975.8999999985099,0,0],[0,0,0,1591.5,0,0],[0,0,0,1678.2999999970198,0,0],[0,0,0,1633.8000000044703,0,0],[0,0,0,2388,0,0]],"response":[[0,0,0,1,0,0],[0,0,0,1,0,0],[0,0,0,1,0,0],[0,0,0,1,0,0],[0,0,0,1,0,0],[0,0,0,1,0,0],[0,0,0,1,0,0],[0,0,0,1,0,0],[0,0,0,1,0,0],[0,0,0,1,0,0],[0,0,0,1,0,0],[0,0,0,1,0,0],[0,0,0,1,0,0],[0,0,0,1,0,0],[0,0,0,1,0,0],[0,0,0,1,0,0],[0,0,0,1,0,0],[0,0,0,1,0,0],[0,0,0,1,0,0],[0,0,0,1,0,0]],"framerate":[59.49667183362223,59.92961287078935,59.93944262499522,47.584715212689254,59.954077727678936,59.936679798020144,59.722360930789975,59.7158349920658,59.72144846796658,59.94980946182513,59.919266672291926,59.73655927418556,59.91083039199547,59.93812838354646,59.94233395725091,59.67626944097359,59.93461678173325,59.69617320792182,59.97069101566903,59.93545412639412]}
