{"practice":[0,0,0,0,0,0,0,0,0,0,0,0,0,0,0,0,0,0,0,0],"center_interval":[100,75,25,50,25,75,75,75,100,100,75,50,0,25,0,0,25,50,50,25],"image_pair":[3,4,1,2,2,3,3,2,1,3,1,1,1,3,3,1,2,3,2,3],"feature_space":[2,2,2,2,1,1,2,2,2,1,2,2,2,2,2,1,2,1,1,1],"left_img":[1,2,1,1,1,1,2,2,1,2,1,2,2,2,1,2,1,2,1,1],"img1Sample":[1,3,2,3,3,2,1,2,1,1,2,1,2,3,3,1,3,3,2,2],"img2Sample":[3,1,3,3,2,2,2,1,1,1,1,2,2,3,3,3,2,3,1,1],"key":[49,49,50,50,50,49,50,49,49,49,49,50,50,50,49,49,50,49,50,49],"correct":[false,true,false,false,false,false,false,true,false,true,false,true,true,true,true,false,false,false,false,true],"right_img":[2,1,2,2,2,2,1,1,2,1,2,1,1,1,2,1,2,1,2,2],"img_choice":[1,2,2,2,2,1,1,2,1,2,1,1,1,1,1,2,2,2,2,1],"center_sample":[2,1,2,1,2,2,2,1,3,2,3,1,3,3,2,3,3,1,2,3],"left_sample":[1,1,2,3,3,2,2,1,1,1,2,2,2,3,3,3,3,3,2,2],"right_sample":[3,3,3,3,2,2,1,2,1,1,1,1,2,3,3,1,2,3,1,1],"RT":[[0,0,0,1384.2999999970198,0,0],[0,0,0,1242.3999999985099,0,0],[0,0,0,1669.8999999985099,0,0],[0,0,0,1773.4000000059605,0,0],[0,0,0,1551,0,0],[0,0,0,1119,0,0],[0,0,0,1151.6999999955297,0,0],[0,0,0,1714.0999999940395,0,0],[0,0,0,1993.5,0,0],[0,0,0,1568.2999999970198,0,0],[0,0,0,1426.7000000029802,0,0],[0,0,0,1583.1000000014901,0,0],[0,0,0,1203.6999999955297,0,0],[0,0,0,1452.5,0,0],[0,0,0,1694.6999999955297,0,0],[0,0,0,1447.6000000014901,0,0],[0,0,0,1591.5,0,0],[0,0,0,1469.9000000059605,0,0],[0,0,0,1324.9000000059605,0,0],[0,0,0,1488.7000000029802,0,0]],"response":[[0,0,0,1,0,0],[0,0,0,1,0,0],[0,0,0,1,0,0],[0,0,0,1,0,0],[0,0,0,1,0,0],[0,0,0,1,0,0],[0,0,0,1,0,0],[0,0,0,1,0,0],[0,0,0,1,0,0],[0,0,0,1,0,0],[0,0,0,1,0,0],[0,0,0,1,0,0],[0,0,0,1,0,0],[0,0,0,1,0,0],[0,0,0,1,0,0],[0,0,0,1,0,0],[0,0,0,1,0,0],[0,0,0,1,0,0],[0,0,0,1,0,0],[0,0,0,1,0,0]],"framerate":[59.47404877345469,59.940799210656145,59.72277933772095,56.01325138394862,59.94900888905253,59.403921168634334,59.94385006456433,59.94912067249197,59.927587498383645,59.7158349921676,59.7092419521906,59.70829535095716,59.94875749357246,59.91119047063848,59.96135823582344,59.46504959336045,59.727931324173454,59.68961400724603,59.93523128225919,59.9456307070539]}
