{"practice":[1,1,1,1,1],"center_interval":[0,75,0,100,50],"image_pair":[4,3,4,4,3],"feature_space":[1,1,2,2,1],"left_img":[1,2,2,2,2],"img1Sample":[2,1,2,1,2],"img2Sample":[2,1,2,3,3],"key":[49,50,50,49,50],"correct":[true,false,true,true,true],"right_img":[2,1,1,1,1],"img_choice":[1,1,1,2,1],"center_sample":[3,1,3,1,2],"left_sample":[2,1,2,3,3],"right_sample":[2,1,2,1,2],"RT":[[0,0,0,1643,0,0],[0,0,0,1676.2999999970198,0,0],[0,0,0,2116.89999999851,0,0],[0,0,0,1135.8999999985099,0,0],[0,0,0,1985.7000000029802,0,0]],"response":[[0,0,0,1,0,0],[0,0,0,1,0,0],[0,0,0,1,0,0],[0,0,0,1,0,0],[0,0,0,1,0,0]],"framerate":[59.490402963295544,59.94295391744154,59.93376810709061,59.703767688806444,59.93150684935237]}
