{"practice":[0,0,0,0,0,0,0,0,0,0,0,0,0,0,0,0,0,0,0,0],"center_interval":[75,0,75,75,75,25,100,75,100,0,50,50,50,0,100,100,50,25,100,0],"image_pair":[3,4,4,3,3,3,4,3,1,4,2,2,4,1,3,3,1,4,3,1],"feature_space":[1,1,2,2,1,2,1,2,1,1,1,1,1,2,1,1,2,2,1,1],"left_img":[1,2,1,1,2,1,1,1,1,1,1,1,2,1,1,2,2,1,2,1],"img1Sample":[1,2,3,2,2,2,2,3,2,2,3,2,1,1,1,3,2,3,3,2],"img2Sample":[2,3,3,1,2,3,1,1,1,1,1,3,1,2,3,2,1,1,2,2],"stim_time":[250,250,250,250,250,250,250,250,250,250,250,250,250,250,250,250,250,250,250,250],"key":[50,50,50,49,50,49,49,49,50,50,50,50,49,49,50,50,49,50,49,50],"correct":[true,true,true,false,false,true,false,false,true,false,false,false,false,true,true,false,false,false,true,false],"right_img":[2,1,2,2,1,2,2,2,2,2,2,2,1,2,2,1,1,2,1,2],"img_choice":[2,1,2,1,1,1,1,1,2,2,2,2,2,1,2,1,2,2,2,2],"center_sample":[2,2,1,1,2,3,2,2,1,3,2,2,1,3,2,3,3,1,2,1],"left_sample":[1,3,3,2,2,2,2,3,2,2,3,2,1,1,1,2,1,3,2,2],"right_sample":[2,2,3,1,2,3,1,1,1,1,1,3,1,2,3,3,2,1,3,2],"exact_match":[0,1,0,0,0,0,0,0,1,0,0,0,0,0,0,0,0,0,1,0],"RT":[[0,0,0,1580.699999988079,0,0],[0,0,0,1272.1000000238419,0,0],[0,0,0,624.8000000119209,0,0],[0,0,0,499.10000002384186,0,0],[0,0,0,497.69999998807907,0,0],[0,0,0,964.5999999642372,0,0],[0,0,0,1155.800000011921,0,0],[0,0,0,1484.1000000238419,0,0],[0,0,0,830.3999999761581,0,0],[0,0,0,1175.800000011921,0,0],[0,0,0,988.8000000119209,0,0],[0,0,0,870.5,0,0],[0,0,0,1396.9000000357628,0,0],[0,0,0,1217.699999988079,0,0],[0,0,0,1391.3999999761581,0,0],[0,0,0,1542.800000011921,0,0],[0,0,0,2256.800000011921,0,0],[0,0,0,664.2000000476837,0,0],[0,0,0,893.5,0,0],[0,0,0,850.5,0,0]],"response":[[0,0,0,1,0,0],[0,0,0,1,0,0],[0,0,0,1,0,0],[0,0,0,1,0,0],[0,0,0,1,0,0],[0,0,0,1,0,0],[0,0,0,1,0,0],[0,0,0,1,0,0],[0,0,0,1,0,0],[0,0,0,1,0,0],[0,0,0,1,0,0],[0,0,0,1,0,0],[0,0,0,1,0,0],[0,0,0,1,0,0],[0,0,0,1,0,0],[0,0,0,1,0,0],[0,0,0,1,0,0],[0,0,0,1,0,0],[0,0,0,1,0,0],[0,0,0,1,0,0]],"framerate":[60.05092926858283,60.052331318519066,60.05470329366399,60.048549890029705,60.05424254303739,60.049627791563275,60.05056889980321,60.05416650340146,60.05527210808257,60.04929419672866,57.11775044003211,60.05695055656226,60.04656672463068,60.0561108191811,60.049019607843135,60.0508122254539,60.05009203700526,60.01981236441292,60.086277732496036,60.033409896935]}
