{"practice":[0,0,0,0,0,0,0,0,0,0,0,0,0,0,0,0,0,0,0,0],"center_interval":[75,25,75,0,0,75,75,75,25,0,50,50,25,25,0,75,100,100,100,50],"image_pair":[2,3,4,2,3,4,1,4,4,4,2,1,1,4,4,4,2,2,3,4],"feature_space":[2,2,2,1,1,1,2,1,2,2,2,1,2,2,2,2,1,2,2,2],"left_img":[1,1,2,1,2,2,2,2,1,1,2,2,1,2,1,2,2,1,1,2],"img1Sample":[3,2,1,1,3,1,3,1,3,3,2,2,3,2,1,1,3,3,1,3],"img2Sample":[2,2,3,2,2,3,3,1,2,3,1,2,3,3,2,3,2,2,1,1],"stim_time":[2000,2000,2000,2000,2000,2000,2000,2000,2000,2000,2000,2000,2000,2000,2000,2000,2000,2000,2000,2000],"key":[50,50,49,50,50,49,50,49,49,49,50,49,50,49,49,49,49,50,50,50],"correct":[true,false,true,false,true,true,false,true,true,true,true,false,false,false,true,true,true,true,true,true],"right_img":[2,2,1,2,1,1,1,1,2,2,1,1,2,1,2,1,1,2,2,1],"img_choice":[2,2,2,2,1,2,1,2,1,1,1,2,2,2,1,2,2,2,2,1],"center_sample":[3,2,3,2,1,3,1,1,1,1,3,2,2,3,2,1,2,2,3,3],"left_sample":[3,2,3,1,2,3,3,1,3,3,1,2,3,3,1,3,2,3,1,1],"right_sample":[2,2,1,2,3,1,3,1,2,3,2,2,3,2,2,1,3,2,1,3],"exact_match":[0,0,0,0,0,0,0,0,0,0,0,0,0,0,0,0,1,1,0,0],"RT":[[0,0,0,738.9000000357628,0,0],[0,0,0,1066.5999999642372,0,0],[0,0,0,579.5,0,0],[0,0,0,3161.399999976158,0,0],[0,0,0,743,0,0],[0,0,0,930.5,0,0],[0,0,0,575.9000000357628,0,0],[0,0,0,921.6999999880791,0,0],[0,0,0,1864.9000000357628,0,0],[0,0,0,1260,0,0],[0,0,0,770.6999999880791,0,0],[0,0,0,941.5999999642372,0,0],[0,0,0,679.8000000119209,0,0],[0,0,0,939.3999999761581,0,0],[0,0,0,883.8999999761581,0,0],[0,0,0,777.7000000476837,0,0],[0,0,0,702.3000000119209,0,0],[0,0,0,1071.800000011921,0,0],[0,0,0,1136.2999999523163,0,0],[0,0,0,655.7999999523163,0,0]],"response":[[0,0,0,1,0,0],[0,0,0,1,0,0],[0,0,0,1,0,0],[0,0,0,1,0,0],[0,0,0,1,0,0],[0,0,0,1,0,0],[0,0,0,1,0,0],[0,0,0,1,0,0],[0,0,0,1,0,0],[0,0,0,1,0,0],[0,0,0,1,0,0],[0,0,0,1,0,0],[0,0,0,1,0,0],[0,0,0,1,0,0],[0,0,0,1,0,0],[0,0,0,1,0,0],[0,0,0,1,0,0],[0,0,0,1,0,0],[0,0,0,1,0,0],[0,0,0,1,0,0]],"framerate":[60.047361299254575,60.04999871100444,60.05739475226999,60.052000335486035,60.05413330305743,60.049641036972346,60.05206484376179,60.05361930294906,60.05171713702565,58.32410483573274,60.05418843109067,60.05124372779015,60.04884355696021,60.0544493670443,60.053561284582436,60.052511033103144,60.0438234536776,60.05618991177563,60.05625522623319,60.05659178882944]}
