{"practice":[0,0,0,0,0,0,0,0,0,0,0,0,0,0,0,0,0,0,0,0],"center_interval":[25,0,0,25,100,0,50,75,0,50,25,25,0,100,0,25,25,100,50,25],"image_pair":[1,2,1,3,1,1,1,3,4,4,3,2,2,3,2,3,2,3,3,3],"feature_space":[1,1,1,2,1,2,1,1,2,2,2,2,2,2,1,1,1,1,1,1],"left_img":[1,1,2,2,1,2,1,1,1,2,2,1,2,1,1,1,1,1,1,1],"img1Sample":[2,3,1,2,1,3,2,1,1,3,2,2,2,1,1,3,3,2,2,3],"img2Sample":[1,2,2,1,1,3,1,3,1,1,1,1,1,3,3,1,1,1,1,2],"stim_time":[2000,2000,2000,2000,2000,2000,2000,2000,2000,2000,2000,2000,2000,2000,2000,2000,2000,2000,2000,2000],"key":[50,50,49,50,50,50,50,49,49,50,50,49,50,49,49,50,50,49,50,49],"correct":[false,false,false,true,true,true,false,false,true,true,true,true,true,false,true,false,false,false,false,true],"right_img":[2,2,1,1,2,1,2,2,2,1,1,2,1,2,2,2,2,2,2,2],"img_choice":[2,2,2,1,2,1,2,1,1,1,1,1,1,1,1,2,2,1,2,1],"center_sample":[3,2,3,2,1,3,2,3,1,3,3,1,2,1,2,2,3,2,2,1],"left_sample":[2,3,2,1,1,3,2,1,1,1,1,2,1,1,1,3,3,2,2,3],"right_sample":[1,2,1,2,1,3,1,3,1,3,2,1,2,3,3,1,1,1,1,2],"exact_match":[0,0,0,0,1,1,0,0,1,0,0,0,1,0,0,0,0,0,0,0],"RT":[[0,0,0,876.1999999880791,0,0],[0,0,0,1304.3999999761581,0,0],[0,0,0,641.1999999880791,0,0],[0,0,0,1280.5999999642372,0,0],[0,0,0,908.6999999880791,0,0],[0,0,0,682.5999999642372,0,0],[0,0,0,887.3000000119209,0,0],[0,0,0,653.7999999523163,0,0],[0,0,0,917.3000000119209,0,0],[0,0,0,629.6999999880791,0,0],[0,0,0,701.3999999761581,0,0],[0,0,0,936.6999999880791,0,0],[0,0,0,657.8999999761581,0,0],[0,0,0,1051.699999988079,0,0],[0,0,0,1040.1000000238419,0,0],[0,0,0,551.5999999642372,0,0],[0,0,0,1313.800000011921,0,0],[0,0,0,2217.600000023842,0,0],[0,0,0,936.3999999761581,0,0],[0,0,0,847.5,0,0]],"response":[[0,0,0,1,0,0],[0,0,0,1,0,0],[0,0,0,1,0,0],[0,0,0,1,0,0],[0,0,0,1,0,0],[0,0,0,1,0,0],[0,0,0,1,0,0],[0,0,0,1,0,0],[0,0,0,1,0,0],[0,0,0,1,0,0],[0,0,0,1,0,0],[0,0,0,1,0,0],[0,0,0,1,0,0],[0,0,0,1,0,0],[0,0,0,1,0,0],[0,0,0,1,0,0],[0,0,0,1,0,0],[0,0,0,1,0,0],[0,0,0,1,0,0],[0,0,0,1,0,0]],"framerate":[60.052715959389054,60.05202888297592,60.05221932114883,60.052729226011074,60.04631374852824,60.05662481789,60.05356128361415,60.05312391793154,60.05522936214168,60.04780504930551,60.05407713106588,58.44363791649677,60.049656446470394,60.05228690479231,60.057717806537205,60.04934748400121,60.055696815595105,60.05050605447661,60.0480384307446,60.06006006006007]}
