{"practice":[0,0,0,0,0,0,0,0,0,0,0,0,0,0,0,0,0,0,0,0],"center_interval":[0,75,0,100,50,75,50,0,0,0,50,75,0,100,100,100,75,25,0,25],"image_pair":[2,1,2,3,4,2,3,1,2,3,2,4,4,1,4,1,4,1,1,1],"feature_space":[1,1,1,2,1,2,2,1,1,1,1,2,1,1,1,1,1,2,1,2],"left_img":[2,1,1,1,1,2,1,2,2,2,2,2,2,2,1,2,1,2,2,1],"img1Sample":[2,3,1,3,2,3,1,1,1,3,2,3,2,2,2,2,3,2,2,1],"img2Sample":[3,1,1,1,2,2,3,1,3,1,3,3,2,3,3,2,3,2,1,3],"stim_time":[250,250,250,250,250,250,250,250,250,250,250,250,250,250,250,250,250,250,250,250],"key":[50,50,49,50,49,49,49,49,50,49,49,49,50,50,49,49,49,50,49,49],"correct":[true,true,true,true,true,true,true,false,true,false,false,true,true,false,false,true,false,true,false,true],"right_img":[1,2,2,2,2,1,2,1,1,1,1,1,1,1,2,1,2,1,1,2],"img_choice":[1,2,1,2,1,2,1,2,1,2,2,2,1,1,1,2,1,1,2,1],"center_sample":[3,3,2,2,3,3,2,3,2,2,1,1,3,2,2,2,3,2,1,2],"left_sample":[3,3,1,3,2,2,1,1,3,1,3,3,2,3,2,2,3,2,1,1],"right_sample":[2,1,1,1,2,3,3,1,1,3,2,3,2,2,3,2,3,2,2,3],"exact_match":[0,0,0,0,0,0,0,0,0,0,0,0,0,0,0,1,0,0,0,0],"RT":[[0,0,0,1204.6000000238419,0,0],[0,0,0,705.1999999880791,0,0],[0,0,0,680.3000000119209,0,0],[0,0,0,767.5,0,0],[0,0,0,923.5999999642372,0,0],[0,0,0,622.0999999642372,0,0],[0,0,0,870.8000000119209,0,0],[0,0,0,527.3999999761581,0,0],[0,0,0,458.39999997615814,0,0],[0,0,0,480.10000002384186,0,0],[0,0,0,1123.699999988079,0,0],[0,0,0,596.0999999642372,0,0],[0,0,0,626.8000000119209,0,0],[0,0,0,756,0,0],[0,0,0,728.5,0,0],[0,0,0,1052.1000000238419,0,0],[0,0,0,855.5,0,0],[0,0,0,672.6000000238419,0,0],[0,0,0,988.3999999761581,0,0],[0,0,0,654.4000000357628,0,0]],"response":[[0,0,0,1,0,0],[0,0,0,1,0,0],[0,0,0,1,0,0],[0,0,0,1,0,0],[0,0,0,1,0,0],[0,0,0,1,0,0],[0,0,0,1,0,0],[0,0,0,1,0,0],[0,0,0,1,0,0],[0,0,0,1,0,0],[0,0,0,1,0,0],[0,0,0,1,0,0],[0,0,0,1,0,0],[0,0,0,1,0,0],[0,0,0,1,0,0],[0,0,0,1,0,0],[0,0,0,1,0,0],[0,0,0,1,0,0],[0,0,0,1,0,0],[0,0,0,1,0,0]],"framerate":[60.046801182327066,60.06006006087141,60.04618937644342,60.053502211451594,60.05551349987383,60.047562425683715,60.05073251577153,60.05436500275131,60.05015177605365,60.056139433286916,57.28951831035606,60.05823829254545,60.04042325355906,60.0617147910866,60.04826308875498,60.044442344166875,60.045948202347944,60.07046728057782,60.04686584546601,60.06181118516064]}
