{"practice":[1,1,1,1,1],"center_interval":[75,100,75,25,100],"image_pair":[1,4,4,4,1],"feature_space":[1,1,2,2,1],"left_img":[1,2,1,1,2],"img1Sample":[3,3,3,3,2],"img2Sample":[3,2,3,2,3],"stim_time":[2000,2000,2000,2000,2000],"key":[50,50,50,50,49],"correct":[true,false,true,false,true],"right_img":[2,1,2,2,1],"img_choice":[2,1,2,2,2],"center_sample":[3,2,1,2,3],"left_sample":[3,2,3,3,3],"right_sample":[3,3,3,2,2],"exact_match":[0,1,0,0,1],"RT":[[0,0,0,1152,0,0],[0,0,0,1440.2000000476837,0,0],[0,0,0,995,0,0],[0,0,0,1553.5,0,0],[0,0,0,1119.3999999761581,0,0]],"response":[[0,0,0,1,0,0],[0,0,0,1,0,0],[0,0,0,1,0,0],[0,0,0,1,0,0],[0,0,0,1,0,0]],"framerate":[60.04490753606878,60.04379665116972,60.0553141050968,60.0669448399432,60.046306897510156]}
