{"practice":[0,0,0,0,0,0,0,0,0,0,0,0,0,0,0,0,0,0,0,0],"center_interval":[25,75,25,50,75,25,50,0,0,75,25,25,25,100,0,50,75,100,100,50],"image_pair":[2,3,3,3,3,1,2,3,2,2,3,4,2,2,3,3,1,4,4,1],"feature_space":[1,2,2,1,1,2,2,1,1,2,1,2,2,1,2,1,2,2,2,2],"left_img":[2,1,2,1,1,2,2,1,1,1,1,1,2,1,2,1,2,2,2,1],"img1Sample":[1,2,3,1,3,2,3,2,3,2,2,1,3,1,3,3,3,2,2,3],"img2Sample":[2,2,3,1,1,3,1,1,2,2,1,1,3,3,3,1,3,2,1,3],"key":[49,49,50,50,50,49,50,49,50,null,49,49,49,49,50,50,50,50,50,50],"correct":[false,false,true,false,true,false,true,true,false,null,true,true,false,false,true,false,false,false,false,false],"right_img":[1,2,1,2,2,1,1,2,2,2,2,2,1,2,1,2,1,1,1,2],"img_choice":[2,1,1,2,2,2,1,1,2,null,1,1,2,1,1,2,1,1,1,2],"center_sample":[3,2,2,1,1,3,1,3,2,2,3,3,1,2,1,2,1,1,3,3],"left_sample":[2,2,3,1,3,3,1,2,3,2,2,1,3,1,3,3,3,2,1,3],"right_sample":[1,2,3,1,1,2,3,1,2,2,1,1,3,3,3,1,3,2,2,3],"RT":[[0,3980.5,0,0],[0,1266.5,0,0],[0,3253.399999856949,0,0],[0,3022.699999809265,0,0],[0,2845.0999999046326,0,0],[0,2128.2000000476837,0,0],[0,9.099999904632568,0,0],[0,4627.799999952316,0,0],[0,665.3999998569489,0,0],[0,0,0,0],[0,1128,0,0],[0,3578.5,0,0],[0,3720.600000143051,0,0],[0,3388.600000143051,0,0],[0,3464.2000000476837,0,0],[0,3876.2000000476837,0,0],[0,3158.699999809265,0,0],[0,2569.7000000476837,0,0],[0,4330.299999952316,0,0],[0,2295.2000000476837,0,0]],"response":[[0,1,0,0],[0,1,0,0],[0,1,0,0],[0,1,0,0],[0,1,0,0],[0,1,0,0],[0,1,0,0],[0,1,0,0],[0,1,0,0],[0,1,0,0],[0,1,0,0],[0,1,0,0],[0,1,0,0],[0,1,0,0],[0,1,0,0],[0,1,0,0],[0,1,0,0],[0,1,0,0],[0,1,0,0],[0,1,0,0]],"framerate":[28.951341068619236,28.25611771533435,22.018627252214532,23.19737096523495,22.877331170771782,26.117453920884493,37.403740374037405,19.529130953504172,32.093933463796475,21.427806149597913,28.858293754209146,19.307211811470754,20.43090638907545,21.33148129825239,21.12946600101026,17.373485387899745,23.61619699682965,25.632911392405063,20.813126414684863,22.327562516809337]}
