{"practice":[0,0,0,0,0,0,0,0,0,0,0,0,0,0,0,0,0,0,0,0],"center_interval":[50,25,100,50,100,0,75,50,50,25,0,75,75,25,75,50,0,100,75,25],"image_pair":[3,3,1,3,3,2,2,3,3,3,2,3,4,1,4,4,2,2,4,1],"feature_space":[1,1,1,2,2,2,1,2,1,2,2,2,1,2,1,1,2,2,1,1],"left_img":[2,1,1,2,1,1,1,2,1,2,1,2,2,2,2,1,2,1,2,2],"img1Sample":[3,1,2,2,2,3,2,1,1,1,1,3,2,2,3,3,3,1,2,3],"img2Sample":[1,1,1,2,2,2,3,3,3,2,3,2,1,1,3,2,1,3,3,2],"key":[50,50,50,50,50,50,50,50,50,50,50,50,50,50,49,49,49,49,null,50],"correct":[true,false,true,true,true,false,true,true,false,true,false,false,false,true,true,true,false,false,null,true],"right_img":[1,2,2,1,2,2,2,1,2,1,2,1,1,1,1,2,1,2,1,1],"img_choice":[1,2,2,1,2,2,2,1,2,1,2,1,1,1,2,1,2,1,null,1],"center_sample":[2,2,2,2,3,2,1,3,2,2,3,3,1,1,3,3,2,2,3,3],"left_sample":[1,1,2,2,2,3,2,3,1,2,1,2,1,1,3,3,1,1,3,2],"right_sample":[3,1,1,2,2,2,3,1,3,1,3,3,2,2,3,2,3,3,2,3],"RT":[[0,2196.399999856949,0,0],[0,954.7000000476837,0,0],[0,696.2000000476837,0,0],[0,471.2000000476837,0,0],[0,358.39999985694885,0,0],[0,3085.0999999046326,0,0],[0,2629.4000000953674,0,0],[0,214.80000019073486,0,0],[0,476.39999985694885,0,0],[0,299.7999999523163,0,0],[0,583.5,0,0],[0,3251.0999999046326,0,0],[0,2027.1000001430511,0,0],[0,3205.2000000476837,0,0],[0,2169.5999999046326,0,0],[0,92.20000004768372,0,0],[0,356.10000014305115,0,0],[0,288.40000009536743,0,0],[0,0,0,0],[0,4725.699999809265,0,0]],"response":[[0,1,0,0],[0,1,0,0],[0,1,0,0],[0,1,0,0],[0,1,0,0],[0,1,0,0],[0,1,0,0],[0,1,0,0],[0,1,0,0],[0,1,0,0],[0,1,0,0],[0,1,0,0],[0,1,0,0],[0,1,0,0],[0,1,0,0],[0,1,0,0],[0,1,0,0],[0,1,0,0],[0,1,0,0],[0,1,0,0]],"framerate":[26.48532569792412,32.44802307322002,37.67491927079268,41.899441340782126,40.99620784877026,30.53601614086266,21.566597652667035,43.45801645517964,27.045823354129734,34.22766920433686,39.7160723307524,26.146159621978367,30.94033532572005,21.661005268071126,31.650122283477774,43.97786919535529,41.03826819311319,36.25651483663434,17.610644656624356,24.14665713656356]}
