{"practice":[1,1,1,1,1],"center_interval":[75,50,25,50,75],"image_pair":[3,4,1,3,3],"feature_space":[1,2,2,1,1],"left_img":[1,1,2,1,1],"img1Sample":[3,1,2,2,3],"img2Sample":[3,1,3,3,3],"key":[null,null,null,null,null],"correct":[null,null,null,null,null],"right_img":[2,2,1,2,2],"img_choice":[null,null,null,null,null],"center_sample":[2,2,1,3,2],"left_sample":[3,1,3,2,3],"right_sample":[3,1,2,3,3],"RT":[[0,0,0,0],[0,0,0,0],[0,0,0,0],[0,0,0,0],[0,0,0,0]],"response":[[0,1,0,0],[0,1,0,0],[0,1,0,0],[0,1,0,0],[0,1,0,0]],"framerate":[20.321217847538634,27.893754996890824,28.99692131353714,21.723141132175193,19.434439967523698]}
