{"practice":[0,0,0,0,0,0,0,0,0,0,0,0,0,0,0,0,0,0,0,0],"center_interval":[100,25,100,0,50,0,100,25,100,75,0,0,0,100,100,25,50,25,25,25],"image_pair":[1,2,2,2,2,3,2,3,4,2,2,3,2,1,2,3,1,2,1,2],"feature_space":[2,2,1,2,1,1,2,2,1,1,2,2,1,1,2,2,2,2,1,2],"left_img":[2,2,2,1,1,2,1,2,2,1,1,1,2,1,1,1,2,1,2,2],"img1Sample":[1,3,1,1,2,2,2,2,3,3,3,3,3,3,2,2,2,3,2,2],"img2Sample":[3,1,2,2,2,2,2,2,2,3,1,2,3,3,3,1,2,3,3,3],"key":[49,50,50,null,49,49,50,50,50,50,50,50,50,50,50,50,50,null,50,49],"correct":[true,true,false,null,true,false,true,true,false,true,false,false,true,true,true,false,true,null,true,false],"right_img":[1,1,1,2,2,1,2,1,1,2,2,2,1,2,2,2,1,2,1,1],"img_choice":[2,1,1,null,1,2,2,1,1,2,2,2,1,2,2,2,1,null,1,2],"center_sample":[2,2,3,3,1,3,3,2,1,2,1,1,2,1,1,2,3,1,2,2],"left_sample":[3,1,2,1,2,2,2,2,2,3,3,3,3,3,2,2,2,3,3,3],"right_sample":[1,3,1,2,2,2,2,2,3,3,1,2,3,3,3,1,2,3,2,2],"RT":[[0,4135.200000047684,0,0],[0,3246.9000000953674,0,0],[0,3658.7000000476837,0,0],[0,0,0,0],[0,4084.800000190735,0,0],[0,5059.200000047684,0,0],[0,611.8999998569489,0,0],[0,522.2999999523163,0,0],[0,254.79999995231628,0,0],[0,324,0,0],[0,479.2999999523163,0,0],[0,4085.100000143051,0,0],[0,918.2000000476837,0,0],[0,676.5999999046326,0,0],[0,3528.800000190735,0,0],[0,4354.200000047684,0,0],[0,786.5,0,0],[0,0,0,0],[0,3999.0999999046326,0,0],[0,4358.700000047684,0,0]],"response":[[0,1,0,0],[0,1,0,0],[0,1,0,0],[0,1,0,0],[0,1,0,0],[0,1,0,0],[0,1,0,0],[0,1,0,0],[0,1,0,0],[0,1,0,0],[0,1,0,0],[0,1,0,0],[0,1,0,0],[0,1,0,0],[0,1,0,0],[0,1,0,0],[0,1,0,0],[0,1,0,0],[0,1,0,0],[0,1,0,0]],"framerate":[24.92396079706469,22.40593371016642,19.936671748563388,17.171681035585372,20.433792384570086,17.96570184193812,26.772887552205002,30.037989225458936,35.693724812895795,39.40781765495982,31.14478114478115,19.841697758978125,30.252515901568323,29.016746807010758,18.60378587021834,15.217303088392493,24.894032157203686,18.897862402489213,16.953204807403598,17.30869862771217]}
