{"practice":[0,0,0,0,0,0,0,0,0,0,0,0,0,0,0,0,0,0,0,0],"center_interval":[75,75,75,0,25,50,50,100,75,100,0,25,25,25,50,25,50,50,75,100],"image_pair":[4,1,4,4,2,2,1,3,1,1,3,2,2,1,1,1,4,3,1,4],"feature_space":[1,2,1,1,1,2,2,1,1,2,1,2,2,2,1,1,1,2,2,2],"left_img":[2,1,2,2,1,1,2,2,1,2,1,1,1,1,2,2,2,2,1,2],"img1Sample":[2,3,3,3,3,1,3,2,2,1,1,2,1,1,2,3,1,1,3,3],"img2Sample":[3,1,3,3,3,2,2,1,2,3,3,2,1,2,1,2,1,1,1,2],"key":[49,50,49,49,49,49,49,49,49,49,49,49,49,49,49,49,50,49,50,49],"correct":[true,true,true,false,true,true,false,true,false,true,true,true,true,true,false,false,true,false,true,true],"right_img":[1,2,1,1,2,2,1,1,2,1,2,2,2,2,1,1,1,1,2,1],"img_choice":[2,2,2,2,1,1,2,2,1,2,1,1,1,1,2,2,1,2,2,2],"center_sample":[2,2,3,1,1,1,3,3,1,1,2,1,2,3,1,2,1,2,2,3],"left_sample":[3,3,3,3,3,1,2,1,2,3,1,2,1,1,1,2,1,1,3,2],"right_sample":[2,1,3,3,3,2,3,2,2,1,3,2,1,2,2,3,1,1,1,3],"RT":[[0,863.5,0,0],[0,1091.7999999523163,0,0],[0,584.1999998092651,0,0],[0,2909.2999999523163,0,0],[0,809.5,0,0],[0,1146.4000000953674,0,0],[0,600.2000000476837,0,0],[0,1809.3999998569489,0,0],[0,2499.2000000476837,0,0],[0,413.7999999523163,0,0],[0,1043.6000001430511,0,0],[0,1291,0,0],[0,1191.7000000476837,0,0],[0,2512.5,0,0],[0,357,0,0],[0,2389.100000143051,0,0],[0,229.40000009536743,0,0],[0,803.9000000953674,0,0],[0,231.09999990463257,0,0],[0,415.2999999523163,0,0]],"response":[[0,1,0,0],[0,1,0,0],[0,1,0,0],[0,1,0,0],[0,1,0,0],[0,1,0,0],[0,1,0,0],[0,1,0,0],[0,1,0,0],[0,1,0,0],[0,1,0,0],[0,1,0,0],[0,1,0,0],[0,1,0,0],[0,1,0,0],[0,1,0,0],[0,1,0,0],[0,1,0,0],[0,1,0,0],[0,1,0,0]],"framerate":[33.05896640023184,28.754970939125112,34.1459541027779,23.590938805992923,34.49004011990947,28.3173812078211,30.685022392986546,23.97288583851937,24.252223120452708,39.18111470820345,27.70416766884963,28.53217795768839,27.95653549671258,19.965864812080007,39.74408685904449,22.268013826462983,45.596352286598986,19.093416308479522,39.285714285714285,24.361722859908735]}
