{"practice":[0,0,0,0,0,0,0,0,0,0,0,0,0,0,0,0,0,0,0,0],"center_interval":[100,0,25,100,100,75,25,75,100,100,50,100,75,50,25,0,75,0,75,0],"image_pair":[4,4,3,3,1,1,1,4,2,2,2,3,4,3,1,3,4,4,2,2],"feature_space":[2,2,1,1,1,1,1,1,2,2,2,1,1,2,2,2,1,1,2,1],"left_img":[2,1,1,2,2,1,2,2,2,2,2,2,2,1,1,2,2,2,2,1],"img1Sample":[2,2,3,2,1,3,2,3,2,3,3,1,3,1,3,2,3,3,2,1],"img2Sample":[2,2,1,2,2,2,2,2,1,2,2,2,1,1,1,2,1,1,3,3],"key":[50,50,50,50,49,50,49,49,50,49,49,50,50,49,49,49,49,50,49,49],"correct":[false,false,false,false,true,true,false,true,false,true,false,false,false,true,true,false,true,true,true,true],"right_img":[1,2,2,1,1,2,1,1,1,1,1,1,1,2,2,1,1,1,1,2],"img_choice":[1,2,2,1,2,2,2,2,1,2,2,1,1,1,1,2,2,1,2,1],"center_sample":[1,3,2,1,3,3,3,2,3,1,2,1,1,1,3,1,2,1,2,2],"left_sample":[2,2,3,2,2,3,2,2,1,2,2,2,1,1,3,2,1,1,3,1],"right_sample":[2,2,1,2,1,2,2,3,2,3,3,1,3,1,1,2,3,3,2,3],"RT":[[0,0,0,810.4000000953674,0,0],[0,0,0,864.7000000476837,0,0],[0,0,0,923.0999999046326,0,0],[0,0,0,1150.9000000953674,0,0],[0,0,0,873.8000001907349,0,0],[0,0,0,1075.5999999046326,0,0],[0,0,0,1249,0,0],[0,0,0,1357.5999999046326,0,0],[0,0,0,1987.7999999523163,0,0],[0,0,0,2161.100000143051,0,0],[0,0,0,383.5,0,0],[0,0,0,1858.7999999523163,0,0],[0,0,0,2010.0999999046326,0,0],[0,0,0,1467.9000000953674,0,0],[0,0,0,243,0,0],[0,0,0,1150.3000001907349,0,0],[0,0,0,78.69999980926514,0,0],[0,0,0,1092.5,0,0],[0,0,0,374.7999999523163,0,0],[0,0,0,356.2000000476837,0,0]],"response":[[0,0,0,1,0,0],[0,0,0,1,0,0],[0,0,0,1,0,0],[0,0,0,1,0,0],[0,0,0,1,0,0],[0,0,0,1,0,0],[0,0,0,1,0,0],[0,0,0,1,0,0],[0,0,0,1,0,0],[0,0,0,1,0,0],[0,0,0,1,0,0],[0,0,0,1,0,0],[0,0,0,1,0,0],[0,0,0,1,0,0],[0,0,0,1,0,0],[0,0,0,1,0,0],[0,0,0,1,0,0],[0,0,0,1,0,0],[0,0,0,1,0,0],[0,0,0,1,0,0]],"framerate":[60.00608356686705,59.99781825803325,59.99089424156559,59.74890334075855,60.02335750796774,59.99588010902706,60.0113136104146,59.985123688638744,47.46296992858402,60.03344144609577,59.978018527241325,59.99957143101957,60.00207619640818,60.00887290995068,59.31120359051408,60.02976265471223,60.00277469379122,59.99538497112037,60.01005404136657,59.997473791480644]}
