{"practice":[1,1,1,1,1],"center_interval":[50,75,25,25,100],"image_pair":[3,4,2,2,2],"feature_space":[1,1,1,2,1],"left_img":[1,2,2,1,2],"img1Sample":[3,1,1,3,3],"img2Sample":[1,1,3,2,3],"key":[50,49,50,49,50],"correct":[false,true,true,true,false],"right_img":[2,1,1,2,1],"img_choice":[2,2,1,1,1],"center_sample":[1,2,2,3,2],"left_sample":[3,1,3,3,3],"right_sample":[1,1,1,2,3],"RT":[[0,0,0,1181,0,0],[0,0,0,725.2999999523163,0,0],[0,0,0,1139.7999999523163,0,0],[0,0,0,1070,0,0],[0,0,0,1129.0999999046326,0,0]],"response":[[0,0,0,1,0,0],[0,0,0,1,0,0],[0,0,0,1,0,0],[0,0,0,1,0,0],[0,0,0,1,0,0]],"framerate":[59.74551908678072,60.00396252744684,59.99696217840593,60.00669602469219,59.99999999999999]}
