{"practice":[0,0,0,0,0,0,0,0,0,0,0,0,0,0,0,0,0,0,0,0],"center_interval":[75,25,100,100,75,100,0,50,25,25,50,50,100,0,50,100,50,0,0,100],"image_pair":[1,1,2,1,4,2,2,1,1,1,3,3,4,4,3,3,2,3,2,3],"feature_space":[1,1,2,2,2,1,2,1,2,1,2,2,1,1,2,2,2,2,1,2],"left_img":[1,1,1,1,1,1,1,2,2,1,1,2,2,1,1,2,1,1,2,2],"img1Sample":[1,1,1,2,2,1,1,3,1,2,1,3,2,3,1,1,3,1,2,2],"img2Sample":[3,2,1,2,2,1,3,2,1,2,1,3,1,2,3,1,1,3,2,2],"key":[50,50,49,49,50,49,50,50,50,49,50,49,50,49,50,49,50,49,49,50],"correct":[true,false,false,false,true,false,false,true,true,true,false,false,false,true,false,true,false,true,false,false],"right_img":[2,2,2,2,2,2,2,1,1,2,2,1,1,2,2,1,2,2,1,1],"img_choice":[2,2,1,1,2,1,2,1,1,1,2,2,1,1,2,2,2,1,2,1],"center_sample":[1,2,2,1,1,2,2,3,3,2,3,2,3,2,3,3,3,3,1,3],"left_sample":[1,1,1,2,2,1,1,2,1,2,1,3,1,3,1,1,3,1,2,2],"right_sample":[3,2,1,2,2,1,3,3,1,2,1,3,2,2,3,1,1,3,2,2],"RT":[[0,0,0,937.0999999046326,0,0],[0,0,0,753.8999998569489,0,0],[0,0,0,1185.7999999523163,0,0],[0,0,0,775.7999999523163,0,0],[0,0,0,1265.4000000953674,0,0],[0,0,0,1150.7999999523163,0,0],[0,0,0,870.2000000476837,0,0],[0,0,0,1306,0,0],[0,0,0,1029.1000001430511,0,0],[0,0,0,1323.2000000476837,0,0],[0,0,0,1105.7000000476837,0,0],[0,0,0,532.2999999523163,0,0],[0,0,0,621.2000000476837,0,0],[0,0,0,1304.2000000476837,0,0],[0,0,0,1134.4000000953674,0,0],[0,0,0,1243.7999999523163,0,0],[0,0,0,1109.5,0,0],[0,0,0,1221.2000000476837,0,0],[0,0,0,1099.8999998569489,0,0],[0,0,0,531,0,0]],"response":[[0,0,0,1,0,0],[0,0,0,1,0,0],[0,0,0,1,0,0],[0,0,0,1,0,0],[0,0,0,1,0,0],[0,0,0,1,0,0],[0,0,0,1,0,0],[0,0,0,1,0,0],[0,0,0,1,0,0],[0,0,0,1,0,0],[0,0,0,1,0,0],[0,0,0,1,0,0],[0,0,0,1,0,0],[0,0,0,1,0,0],[0,0,0,1,0,0],[0,0,0,1,0,0],[0,0,0,1,0,0],[0,0,0,1,0,0],[0,0,0,1,0,0],[0,0,0,1,0,0]],"framerate":[59.982405162677715,60.02131597977112,59.99400060208534,59.70648959242033,60.011313606895605,59.747397083569695,60.01846721990606,59.98057309373482,60.03027613777602,60.00338728937659,59.96274654676386,48.39866157063555,59.984858190303335,59.98057309373482,60.01975333581635,59.77522539212054,60.00868210865986,59.99752076360481,60.004085383075676,59.40772300229063]}
