{"practice":[0,0,0,0,0,0,0,0,0,0,0,0,0,0,0,0,0,0,0,0],"center_interval":[0,100,50,75,75,100,100,50,50,75,0,0,75,25,100,0,100,75,0,25],"image_pair":[1,1,4,3,2,4,4,2,2,2,3,1,4,4,1,3,4,2,4,3],"feature_space":[2,1,1,2,1,2,1,1,2,2,1,1,1,2,2,2,1,2,2,1],"left_img":[1,1,2,2,1,2,1,2,1,2,2,2,2,2,1,2,1,1,2,1],"img1Sample":[3,1,2,2,2,2,1,3,2,3,2,1,3,3,2,3,1,3,3,1],"img2Sample":[2,1,3,3,2,1,2,2,2,2,2,2,1,3,1,2,3,3,2,1],"key":[null,50,49,49,49,49,49,49,50,49,50,50,50,50,50,49,49,49,49,50],"correct":[null,true,false,true,false,true,false,false,false,true,true,true,false,true,true,false,false,false,false,false],"right_img":[2,2,1,1,2,1,2,1,2,1,1,1,1,1,2,1,2,2,1,2],"img_choice":[null,2,2,2,1,2,1,2,2,2,1,1,1,1,2,2,1,1,2,2],"center_sample":[2,3,1,1,2,2,3,2,1,2,1,2,1,3,3,2,2,2,2,3],"left_sample":[3,1,3,3,2,1,1,2,2,2,2,2,1,3,2,2,1,3,2,1],"right_sample":[2,1,2,2,2,2,2,3,2,3,2,1,3,3,1,3,3,3,3,1],"RT":[[0,0,0,0],[0,2037,0,0],[0,3203,0,0],[0,2226,0,0],[0,3204,0,0],[0,641,0,0],[0,960,0,0],[0,2772,0,0],[0,1410,0,0],[0,1354,0,0],[0,1098,0,0],[0,794,0,0],[0,1124,0,0],[0,1234,0,0],[0,1115,0,0],[0,1339,0,0],[0,1261,0,0],[0,1124,0,0],[0,879,0,0],[0,249,0,0]],"response":[[0,1,0,0],[0,1,0,0],[0,1,0,0],[0,1,0,0],[0,1,0,0],[0,1,0,0],[0,1,0,0],[0,1,0,0],[0,1,0,0],[0,1,0,0],[0,1,0,0],[0,1,0,0],[0,1,0,0],[0,1,0,0],[0,1,0,0],[0,1,0,0],[0,1,0,0],[0,1,0,0],[0,1,0,0],[0,1,0,0]],"framerate":[21.32954141485958,24.849397590361445,28.06189352216103,24.27013717903623,25.70828961175236,27.13487629688747,24.358974358974358,21.03080568720379,27.559055118110237,26.422764227642276,25.043680838672103,24.857954545454547,25.728987993138936,22.234273318872017,20.348837209302324,23.3739837398374,22.933333333333334,25.128498001142205,26.6844563042028,29.646522234891673]}
