{"practice":[0,0,0,0,0,0,0,0,0,0,0,0,0,0,0,0,0,0,0,0],"center_interval":[100,50,25,25,0,75,25,50,0,25,75,75,25,100,0,25,75,100,0,0],"image_pair":[1,2,4,3,2,4,1,4,4,1,3,3,3,3,2,2,2,2,3,1],"feature_space":[1,2,1,1,1,2,2,1,2,1,2,2,1,1,2,2,1,2,2,1],"left_img":[2,2,1,1,2,2,2,2,1,2,1,2,1,2,2,2,2,2,1,2],"img1Sample":[3,1,1,3,2,1,3,2,3,1,1,1,3,3,2,3,3,3,3,3],"img2Sample":[2,2,2,1,2,1,3,2,1,2,1,2,3,2,3,2,1,3,1,3],"key":[49,49,50,49,49,49,50,49,50,49,50,49,50,50,49,50,50,49,50,49],"correct":[true,false,false,true,false,true,true,false,false,false,true,true,false,false,false,true,false,true,false,false],"right_img":[1,1,2,2,1,1,1,1,2,1,2,1,2,1,1,1,1,1,2,1],"img_choice":[2,2,2,1,2,2,1,2,2,2,2,2,2,1,2,1,1,2,2,2],"center_sample":[1,2,3,2,1,2,3,3,2,3,2,1,2,3,3,2,1,1,2,1],"left_sample":[2,2,1,3,2,1,3,2,3,2,1,2,3,2,3,2,1,3,3,3],"right_sample":[3,1,2,1,2,1,3,2,1,1,1,1,3,3,2,3,3,3,1,3],"RT":[[0,862,0,0],[0,3559,0,0],[0,2367,0,0],[0,2024,0,0],[0,1337,0,0],[0,2249,0,0],[0,1321,0,0],[0,923,0,0],[0,1131,0,0],[0,746,0,0],[0,1607,0,0],[0,1525,0,0],[0,2932,0,0],[0,1394,0,0],[0,1698,0,0],[0,717,0,0],[0,2883,0,0],[0,1995,0,0],[0,1555,0,0],[0,1462,0,0]],"response":[[0,1,0,0],[0,1,0,0],[0,1,0,0],[0,1,0,0],[0,1,0,0],[0,1,0,0],[0,1,0,0],[0,1,0,0],[0,1,0,0],[0,1,0,0],[0,1,0,0],[0,1,0,0],[0,1,0,0],[0,1,0,0],[0,1,0,0],[0,1,0,0],[0,1,0,0],[0,1,0,0],[0,1,0,0],[0,1,0,0]],"framerate":[25.204359673024523,25.781809501074243,23.232323232323235,27.439024390243905,26.944585663446873,22.26086956521739,29.396596183599794,23.529411764705884,21.701884637350084,28.38427947598253,24.763619990995046,24.952919020715633,26.67789946644201,25.499999999999996,22.89416846652268,28.294862248696944,29.705798343330475,23.637056805184905,25.148605395518974,23.74031007751938]}
