{"practice":[1,1,1,1,1],"center_interval":[25,50,75,50,50],"image_pair":[3,1,3,4,1],"feature_space":[2,2,1,2,2],"left_img":[1,1,2,2,1],"img1Sample":[1,2,1,2,3],"img2Sample":[3,1,2,3,2],"key":[49,50,50,49,49],"correct":[true,false,false,false,true],"right_img":[2,2,1,1,2],"img_choice":[1,2,1,2,1],"center_sample":[2,3,2,2,1],"left_sample":[1,2,2,3,3],"right_sample":[3,1,1,2,2],"RT":[[0,2614,0,0],[0,3568,0,0],[0,2783,0,0],[0,3442,0,0],[0,2019,0,0]],"response":[[0,1,0,0],[0,1,0,0],[0,1,0,0],[0,1,0,0],[0,1,0,0]],"framerate":[29.80440856876746,20.305781175346393,21.42018779342723,25.36945812807882,21.714285714285715]}
