{"practice":[0,0,0,0,0,0,0,0,0,0,0,0,0,0,0,0,0,0,0,0],"center_interval":[25,0,100,0,0,100,75,25,25,75,75,50,75,75,50,0,50,0,25,0],"image_pair":[3,2,2,2,4,2,3,3,3,3,4,1,1,4,3,1,4,1,1,3],"feature_space":[1,2,2,2,2,2,1,2,2,1,1,2,2,2,2,1,1,1,1,1],"left_img":[1,1,2,1,1,1,2,1,2,1,2,1,2,1,2,1,1,1,1,2],"img1Sample":[2,2,1,3,1,3,3,1,2,1,2,3,1,3,1,1,1,3,2,1],"img2Sample":[2,2,3,2,1,1,2,2,3,1,1,1,1,2,2,1,2,3,1,2],"key":[49,49,49,49,49,49,50,49,50,49,49,50,50,49,50,49,49,50,49,49],"correct":[true,true,true,true,true,false,false,true,true,false,true,false,false,false,true,true,true,false,true,false],"right_img":[2,2,1,2,2,2,1,2,1,2,1,2,1,2,1,2,2,2,2,1],"img_choice":[1,1,2,1,1,1,1,1,1,1,2,2,1,1,1,1,1,2,1,2],"center_sample":[2,3,1,2,3,2,2,3,2,1,1,3,2,3,2,3,2,2,3,3],"left_sample":[2,2,3,3,1,3,2,1,3,1,1,3,1,3,2,1,1,3,2,2],"right_sample":[2,2,1,2,1,1,3,2,2,1,2,1,1,2,1,1,2,3,1,1],"RT":[[0,1269,0,0],[0,1698,0,0],[0,1540,0,0],[0,751,0,0],[0,977,0,0],[0,787,0,0],[0,1967,0,0],[0,208,0,0],[0,692,0,0],[0,762,0,0],[0,464,0,0],[0,674,0,0],[0,1130,0,0],[0,595,0,0],[0,528,0,0],[0,2712,0,0],[0,102,0,0],[0,600,0,0],[0,493,0,0],[0,1187,0,0]],"response":[[0,1,0,0],[0,1,0,0],[0,1,0,0],[0,1,0,0],[0,1,0,0],[0,1,0,0],[0,1,0,0],[0,1,0,0],[0,1,0,0],[0,1,0,0],[0,1,0,0],[0,1,0,0],[0,1,0,0],[0,1,0,0],[0,1,0,0],[0,1,0,0],[0,1,0,0],[0,1,0,0],[0,1,0,0],[0,1,0,0]],"framerate":[27.689030883919063,25.11909917713296,22.242817423540313,21.818181818181817,25.12562814070352,23.4375,24.681835711531043,29.556650246305416,24.390243902439025,26.16279069767442,25.617566331198535,24.960998439937597,25.728987993138936,28.712059064807217,29.386343993085564,22.740873728306404,31.988873435326845,28.665028665028665,30.192131747483987,23.743787962451684]}
