{"practice":[0,0,0,0,0,0,0,0,0,0,0,0,0,0,0,0,0,0,0,0],"center_interval":[25,50,25,75,25,75,50,50,75,75,50,50,100,100,0,0,75,100,100,50],"image_pair":[2,1,1,1,3,3,4,1,3,3,4,2,3,2,4,1,1,3,3,3],"feature_space":[2,2,2,1,1,1,2,1,2,1,2,1,1,1,1,1,1,1,2,2],"left_img":[1,1,2,2,2,2,2,1,2,2,1,1,2,2,1,2,1,1,1,1],"img1Sample":[2,3,3,1,3,1,3,3,3,1,3,2,3,2,2,3,2,3,3,2],"img2Sample":[3,2,3,3,3,3,2,3,3,2,2,3,2,3,3,3,3,1,3,1],"key":[49,49,49,49,49,50,50,49,49,50,49,49,50,50,49,49,49,49,49,49],"correct":[true,true,false,true,false,false,true,true,true,false,true,true,false,false,true,false,false,false,false,true],"right_img":[2,2,1,1,1,1,1,2,1,1,2,2,1,1,2,1,2,2,2,2],"img_choice":[1,1,2,2,2,1,1,1,2,1,1,1,1,1,1,2,1,1,1,1],"center_sample":[1,2,3,3,1,2,3,3,1,2,2,2,3,2,1,2,2,2,2,3],"left_sample":[2,3,3,3,3,3,2,3,3,2,3,2,2,3,2,3,2,3,3,2],"right_sample":[3,2,3,1,3,1,3,3,3,1,2,3,3,2,3,3,3,1,3,1],"RT":[[0,312,0,0],[0,1352,0,0],[0,1749,0,0],[0,673,0,0],[0,677,0,0],[0,689,0,0],[0,1066,0,0],[0,1208,0,0],[0,1155,0,0],[0,267,0,0],[0,429,0,0],[0,25,0,0],[0,1060,0,0],[0,398,0,0],[0,484,0,0],[0,1006,0,0],[0,1651,0,0],[0,396,0,0],[0,663,0,0],[0,1529,0,0]],"response":[[0,1,0,0],[0,1,0,0],[0,1,0,0],[0,1,0,0],[0,1,0,0],[0,1,0,0],[0,1,0,0],[0,1,0,0],[0,1,0,0],[0,1,0,0],[0,1,0,0],[0,1,0,0],[0,1,0,0],[0,1,0,0],[0,1,0,0],[0,1,0,0],[0,1,0,0],[0,1,0,0],[0,1,0,0],[0,1,0,0]],"framerate":[29.787234042553195,24.885728796343322,23.588879528222407,28.10304449648712,27.237354085603112,25.22935779816514,23.668639053254438,24.29596907785754,21.33632790567097,27.428571428571427,25.14506769825919,32.154340836012864,26.066350710900473,28.999999999999996,28.388278388278387,26.461538461538463,25.854513584574935,28.971028971028975,25.761124121779858,24.118738404452692]}
