{"practice":[0,0,0,0,0,0,0,0,0,0,0,0,0,0,0,0,0,0,0,0],"center_interval":[75,100,100,75,50,75,50,50,75,50,25,50,0,100,0,25,75,50,25,75],"image_pair":[4,3,4,1,2,3,2,2,1,1,1,1,2,1,2,1,3,2,1,3],"feature_space":[1,2,2,1,2,2,2,1,2,1,2,2,1,2,2,1,2,2,1,2],"left_img":[1,2,2,2,2,2,2,2,2,2,1,2,2,1,2,2,2,2,1,1],"img1Sample":[1,3,2,1,1,3,1,3,1,2,2,1,2,3,1,3,3,1,1,2],"img2Sample":[1,1,3,3,1,1,1,3,2,2,2,3,3,2,2,1,1,3,3,3],"stim_time":[2000,2000,2000,2000,2000,2000,2000,2000,2000,2000,2000,2000,2000,2000,2000,2000,2000,2000,2000,2000],"key":[50,50,50,50,50,50,50,49,50,50,49,50,null,null,null,null,null,null,null,null],"correct":[true,false,false,false,true,false,true,false,false,true,true,true,null,null,null,null,null,null,null,null],"right_img":[2,1,1,1,1,1,1,1,1,1,2,1,1,2,1,1,1,1,2,2],"img_choice":[2,1,1,1,1,1,1,2,1,1,1,1,null,null,null,null,null,null,null,null],"center_sample":[1,3,2,3,1,1,3,1,1,3,1,3,1,2,2,3,1,3,3,3],"left_sample":[1,1,3,3,1,1,1,3,2,2,2,3,3,3,2,1,1,3,1,2],"right_sample":[1,3,2,1,1,3,1,3,1,2,2,1,2,2,1,3,3,1,3,3],"exact_match":[0,0,0,0,0,0,0,0,0,0,0,0,0,1,0,0,0,0,0,0],"RT":[[0,0,0,91,0,0],[0,0,0,126,0,0],[0,0,0,137,0,0],[0,0,0,106,0,0],[0,0,0,136,0,0],[0,0,0,153,0,0],[0,0,0,59,0,0],[0,0,0,72,0,0],[0,0,0,22,0,0],[0,0,0,154,0,0],[0,0,0,100,0,0],[0,0,0,96,0,0],[0,0,0,0,0,0],[0,0,0,0,0,0],[0,0,0,0,0,0],[0,0,0,0,0,0],[0,0,0,0,0,0],[0,0,0,0,0,0],[0,0,0,0,0,0],[0,0,0,0,0,0]],"response":[[0,0,0,1,0,0],[0,0,0,1,0,0],[0,0,0,1,0,0],[0,0,0,1,0,0],[0,0,0,1,0,0],[0,0,0,1,0,0],[0,0,0,1,0,0],[0,0,0,1,0,0],[0,0,0,1,0,0],[0,0,0,1,0,0],[0,0,0,1,0,0],[0,0,0,1,0,0],[0,0,0,1,0,0],[0,0,0,1,0,0],[0,0,0,1,0,0],[0,0,0,1,0,0],[0,0,0,1,0,0],[0,0,0,1,0,0],[0,0,0,1,0,0],[0,0,0,1,0,0]],"framerate":[59.99999999999999,60.027285129604365,59.99999999999999,59.97258396161755,60.02034587995931,59.99325918436131,59.99302406696896,60.02775850104094,59.98588567395907,60.01348617666891,59.99999999999999,59.99999999999999,59.57282552753474,57.57426958016204,59.88483685220729,60.0127959053103,59.3361527617583,60.023085802231634,59.982094897045656,58.22882006654722]}
