{"practice":[0,0,0,0,0,0,0,0,0,0,0,0,0,0,0,0,0,0,0,0],"center_interval":[50,100,100,0,75,0,100,100,0,0,25,50,25,0,50,75,0,100,25,100],"image_pair":[2,4,2,1,3,2,4,1,4,1,4,3,2,4,1,4,4,3,2,3],"feature_space":[1,1,2,2,2,1,1,1,1,2,2,1,1,2,2,2,2,1,1,2],"left_img":[1,2,2,2,2,2,2,2,2,1,2,2,2,2,2,1,2,2,1,2],"img1Sample":[1,2,2,2,3,1,1,1,2,1,2,1,3,2,3,3,3,2,3,3],"img2Sample":[1,3,2,3,2,2,1,1,2,1,1,2,1,3,2,3,1,3,2,1],"stim_time":[2000,2000,2000,2000,2000,2000,2000,2000,2000,2000,2000,2000,2000,2000,2000,2000,2000,2000,2000,2000],"key":[49,50,50,49,50,50,50,50,50,49,49,50,50,50,50,50,49,50,50,50],"correct":[true,false,false,false,false,true,false,false,true,true,false,true,true,true,true,true,false,false,false,false],"right_img":[2,1,1,1,1,1,1,1,1,2,1,1,1,1,1,2,1,1,2,1],"img_choice":[1,1,1,2,1,1,1,1,1,1,2,1,1,1,1,2,2,1,2,1],"center_sample":[3,1,1,1,1,3,2,3,1,2,2,1,3,2,3,3,3,3,1,3],"left_sample":[1,3,2,3,2,2,1,1,2,1,1,2,1,3,2,3,1,3,3,1],"right_sample":[1,2,2,2,3,1,1,1,2,1,2,1,3,2,3,3,3,2,2,3],"exact_match":[0,0,0,0,0,0,0,0,0,0,0,0,0,1,0,0,1,1,0,0],"RT":[[0,0,0,98,0,0],[0,0,0,58,0,0],[0,0,0,70,0,0],[0,0,0,2,0,0],[0,0,0,97,0,0],[0,0,0,102,0,0],[0,0,0,27,0,0],[0,0,0,29,0,0],[0,0,0,29,0,0],[0,0,0,3,0,0],[0,0,0,108,0,0],[0,0,0,86,0,0],[0,0,0,4274,0,0],[0,0,0,96,0,0],[0,0,0,43,0,0],[0,0,0,90,0,0],[0,0,0,33,0,0],[0,0,0,86,0,0],[0,0,0,111,0,0],[0,0,0,108,0,0]],"response":[[0,0,0,1,0,0],[0,0,0,1,0,0],[0,0,0,1,0,0],[0,0,0,1,0,0],[0,0,0,1,0,0],[0,0,0,1,0,0],[0,0,0,1,0,0],[0,0,0,1,0,0],[0,0,0,1,0,0],[0,0,0,1,0,0],[0,0,0,1,0,0],[0,0,0,1,0,0],[0,0,0,1,0,0],[0,0,0,1,0,0],[0,0,0,1,0,0],[0,0,0,1,0,0],[0,0,0,1,0,0],[0,0,0,1,0,0],[0,0,0,1,0,0],[0,0,0,1,0,0]],"framerate":[59.99999999999999,60.03490401396161,60.00693721817551,59.9929002484913,59.97931747673216,60.01371742112483,59.98588567395907,55.4182845040593,60.007059654076954,59.97161107168204,60.01371742112483,59.99999999999999,60.01129624399887,60.020696791997246,59.957924263674606,59.99999999999999,60.028248587570616,59.97931747673216,59.99314364072677,59.99314364072677]}
