{"practice":[0,0,0,0,0,0,0,0,0,0,0,0,0,0,0,0,0,0,0,0],"center_interval":[0,25,100,25,25,100,50,75,100,100,50,75,50,25,75,100,25,75,75,25],"image_pair":[4,2,2,3,2,4,4,1,3,4,2,3,4,3,2,1,2,2,2,2],"feature_space":[2,1,2,1,1,1,1,1,1,2,2,1,2,2,1,2,1,2,1,2],"left_img":[2,2,1,2,2,2,1,1,1,1,2,1,1,2,2,2,2,2,1,2],"img1Sample":[3,3,1,1,3,1,1,2,2,3,3,2,3,1,1,2,2,1,3,2],"img2Sample":[1,1,2,1,3,2,3,3,3,2,3,3,1,3,1,2,1,2,3,1],"stim_time":[250,250,250,250,250,250,250,250,250,250,250,250,250,250,250,250,250,250,250,250],"key":[49,49,49,49,49,50,50,50,49,50,50,50,49,49,49,49,49,49,50,50],"correct":[false,false,false,false,false,false,false,true,false,true,true,true,true,false,true,true,false,true,true,true],"right_img":[1,1,2,1,1,1,2,2,2,2,1,2,2,1,1,1,1,1,2,1],"img_choice":[2,2,1,2,2,1,2,2,1,2,1,2,1,2,2,2,2,2,2,1],"center_sample":[1,3,3,1,2,3,2,3,1,1,1,2,3,2,3,1,2,2,2,3],"left_sample":[1,1,1,1,3,2,1,2,2,3,3,2,3,3,1,2,1,2,3,1],"right_sample":[3,3,2,1,3,1,3,3,3,2,3,3,1,1,1,2,2,1,3,2],"exact_match":[0,0,0,0,0,0,0,0,0,0,0,0,0,0,0,0,0,0,0,0],"RT":[[0,0,0,125,0,0],[0,0,0,118,0,0],[0,0,0,32,0,0],[0,0,0,5,0,0],[0,0,0,3,0,0],[0,0,0,71,0,0],[0,0,0,3,0,0],[0,0,0,14,0,0],[0,0,0,172,0,0],[0,0,0,109,0,0],[0,0,0,164,0,0],[0,0,0,57,0,0],[0,0,0,95,0,0],[0,0,0,28,0,0],[0,0,0,5,0,0],[0,0,0,26,0,0],[0,0,0,58,0,0],[0,0,0,11,0,0],[0,0,0,144,0,0],[0,0,0,38,0,0]],"response":[[0,0,0,1,0,0],[0,0,0,1,0,0],[0,0,0,1,0,0],[0,0,0,1,0,0],[0,0,0,1,0,0],[0,0,0,1,0,0],[0,0,0,1,0,0],[0,0,0,1,0,0],[0,0,0,1,0,0],[0,0,0,1,0,0],[0,0,0,1,0,0],[0,0,0,1,0,0],[0,0,0,1,0,0],[0,0,0,1,0,0],[0,0,0,1,0,0],[0,0,0,1,0,0],[0,0,0,1,0,0],[0,0,0,1,0,0],[0,0,0,1,0,0],[0,0,0,1,0,0]],"framerate":[59.81465880370683,60.08583690987125,60.10928961748634,60.0375234521576,59.9250936329588,60.01765225066197,60.0375234521576,60.018467220683284,59.91902834008097,60.03430531732418,59.9835661462613,60.0358422939068,59.94787141615986,60.018467220683284,60.0375234521576,60.018467220683284,60.0358422939068,59.98125585754452,59.99999999999999,59.99999999999999]}
