{"practice":[0,0,0,0,0,0,0,0,0,0,0,0,0,0,0,0,0,0,0,0],"center_interval":[50,100,50,100,50,50,50,0,50,25,25,0,50,75,100,25,50,0,100,25],"image_pair":[1,3,1,2,1,2,2,4,2,3,1,2,2,2,1,3,1,2,2,2],"feature_space":[2,2,2,1,1,2,1,2,2,2,1,1,1,2,1,1,1,2,2,2],"left_img":[1,1,2,1,1,2,2,2,2,2,2,1,2,2,1,2,1,1,2,2],"img1Sample":[1,3,1,2,1,2,1,1,1,2,2,2,1,1,3,2,3,3,1,1],"img2Sample":[2,2,1,3,1,3,3,2,2,1,3,1,1,3,3,1,3,2,1,1],"stim_time":[2000,2000,2000,2000,2000,2000,2000,2000,2000,2000,2000,2000,2000,2000,2000,2000,2000,2000,2000,2000],"key":[49,50,49,50,50,50,49,50,49,50,50,50,50,50,50,50,50,50,50,49],"correct":[true,true,false,true,false,true,false,true,false,true,true,false,true,false,true,true,false,false,false,false],"right_img":[2,2,1,2,2,1,1,1,1,1,1,2,1,1,2,1,2,2,1,1],"img_choice":[1,2,2,2,2,1,2,1,2,1,1,2,1,1,2,1,2,2,1,2],"center_sample":[1,1,1,2,1,3,2,2,1,3,2,1,3,1,1,1,2,1,3,1],"left_sample":[1,3,1,2,1,3,3,2,2,1,3,2,1,3,3,1,3,3,1,1],"right_sample":[2,2,1,3,1,2,1,1,1,2,2,1,1,1,3,2,3,2,1,1],"exact_match":[0,0,0,0,0,0,0,0,0,0,0,0,0,0,0,0,0,0,0,0],"RT":[[0,0,0,60,0,0],[0,0,0,49,0,0],[0,0,0,16,0,0],[0,0,0,104,0,0],[0,0,0,39,0,0],[0,0,0,57,0,0],[0,0,0,103,0,0],[0,0,0,57,0,0],[0,0,0,87,0,0],[0,0,0,28,0,0],[0,0,0,64,0,0],[0,0,0,213,0,0],[0,0,0,29,0,0],[0,0,0,36,0,0],[0,0,0,6,0,0],[0,0,0,27,0,0],[0,0,0,16,0,0],[0,0,0,106,0,0],[0,0,0,28,0,0],[0,0,0,81,0,0]],"response":[[0,0,0,1,0,0],[0,0,0,1,0,0],[0,0,0,1,0,0],[0,0,0,1,0,0],[0,0,0,1,0,0],[0,0,0,1,0,0],[0,0,0,1,0,0],[0,0,0,1,0,0],[0,0,0,1,0,0],[0,0,0,1,0,0],[0,0,0,1,0,0],[0,0,0,1,0,0],[0,0,0,1,0,0],[0,0,0,1,0,0],[0,0,0,1,0,0],[0,0,0,1,0,0],[0,0,0,1,0,0],[0,0,0,1,0,0],[0,0,0,1,0,0],[0,0,0,1,0,0]],"framerate":[59.99302406696896,59.957924263674606,60.028248587570616,60.01371742112483,60.021060021060016,59.99302406696896,60.01371742112483,59.951202509585215,59.99999999999999,60.007059654076954,60.02775850104094,59.99337089824329,60.007059654076954,59.957924263674606,60.01420454545455,60.007059654076954,60.028248587570616,59.99314364072677,59.9647266313933,60.02775850104094]}
