{"practice":[0,0,0,0,0,0,0,0,0,0,0,0,0,0,0,0,0,0,0,0],"center_interval":[0,25,75,100,0,0,50,25,25,25,25,75,75,75,0,50,100,100,0,75],"image_pair":[2,4,3,1,2,3,1,1,1,2,2,3,4,4,1,4,2,1,2,3],"feature_space":[2,2,1,1,1,2,1,1,1,1,1,2,2,2,1,1,2,1,2,1],"left_img":[2,1,2,2,2,1,1,2,2,1,1,1,1,1,1,1,2,1,2,1],"img1Sample":[2,2,3,2,1,2,1,1,1,1,3,1,3,2,3,3,2,2,2,2],"img2Sample":[3,1,3,2,1,3,1,3,3,3,1,3,1,2,2,3,3,2,1,1],"stim_time":[250,250,250,250,250,250,250,250,250,250,250,250,250,250,250,250,250,250,250,250],"key":[50,50,50,50,49,50,50,50,50,49,49,49,50,50,50,50,50,49,49,49],"correct":[true,false,false,false,false,false,false,true,true,true,true,false,true,true,false,false,false,false,false,false],"right_img":[1,2,1,1,1,2,2,1,1,2,2,2,2,2,2,2,1,2,1,2],"img_choice":[1,2,1,1,2,2,2,1,1,1,1,1,2,2,2,2,1,1,2,1],"center_sample":[1,1,3,1,1,3,3,1,2,3,3,1,2,2,3,3,2,3,3,3],"left_sample":[3,2,3,2,1,2,1,3,3,1,3,1,3,2,3,3,3,2,1,2],"right_sample":[2,1,3,2,1,3,1,1,1,3,1,3,1,2,2,3,2,2,2,1],"exact_match":[0,0,0,0,1,0,0,0,0,0,0,0,0,0,1,0,0,0,0,0],"RT":[[0,0,0,89,0,0],[0,0,0,107,0,0],[0,0,0,6,0,0],[0,0,0,97,0,0],[0,0,0,91,0,0],[0,0,0,149,0,0],[0,0,0,61,0,0],[0,0,0,33,0,0],[0,0,0,77,0,0],[0,0,0,127,0,0],[0,0,0,56,0,0],[0,0,0,4,0,0],[0,0,0,136,0,0],[0,0,0,56,0,0],[0,0,0,53,0,0],[0,0,0,14,0,0],[0,0,0,69,0,0],[0,0,0,121,0,0],[0,0,0,2,0,0],[0,0,0,13,0,0]],"response":[[0,0,0,1,0,0],[0,0,0,1,0,0],[0,0,0,1,0,0],[0,0,0,1,0,0],[0,0,0,1,0,0],[0,0,0,1,0,0],[0,0,0,1,0,0],[0,0,0,1,0,0],[0,0,0,1,0,0],[0,0,0,1,0,0],[0,0,0,1,0,0],[0,0,0,1,0,0],[0,0,0,1,0,0],[0,0,0,1,0,0],[0,0,0,1,0,0],[0,0,0,1,0,0],[0,0,0,1,0,0],[0,0,0,1,0,0],[0,0,0,1,0,0],[0,0,0,1,0,0]],"framerate":[59.94787141615986,60.03430531732418,60.0375234521576,59.99999999999999,59.99999999999999,59.99999999999999,59.928443649373875,59.99999999999999,60.01765225066197,59.96621621621622,60.0358422939068,59.98125585754452,59.99999999999999,60.0896860986547,59.982094897045656,59.98125585754452,60.01765225066197,60.01690617075232,59.98125585754452,60.0375234521576]}
