{"practice":[0,0,0,0,0,0,0,0,0,0,0,0,0,0,0,0,0,0,0,0],"center_interval":[25,25,0,50,50,50,75,75,0,25,25,75,25,100,50,100,50,75,50,75],"image_pair":[2,4,1,1,2,2,1,2,2,4,1,1,2,2,3,3,2,4,4,4],"feature_space":[1,1,1,2,2,1,2,2,2,2,2,2,2,2,2,2,2,1,1,2],"left_img":[1,1,1,2,1,1,1,2,1,1,1,1,2,2,1,1,1,2,1,1],"img1Sample":[2,1,1,3,2,1,2,2,1,3,3,1,3,1,2,1,2,3,1,1],"img2Sample":[1,3,1,1,2,3,1,2,1,2,3,1,1,1,3,1,2,2,2,2],"stim_time":[250,250,250,250,250,250,250,250,250,250,250,250,250,250,250,250,250,250,250,250],"key":[50,49,50,49,50,50,49,49,49,49,50,50,50,50,50,50,50,50,50,50],"correct":[false,true,false,false,false,false,false,true,true,true,false,true,true,false,false,true,false,false,false,true],"right_img":[2,2,2,1,2,2,2,1,2,2,2,2,1,1,2,2,2,1,2,2],"img_choice":[2,1,2,2,2,2,1,2,1,1,2,2,1,1,2,2,2,1,2,2],"center_sample":[1,1,1,1,2,3,3,1,2,3,1,1,1,2,3,3,3,2,3,1],"left_sample":[2,1,1,1,2,1,2,2,1,3,3,1,1,1,2,1,2,2,1,1],"right_sample":[1,3,1,3,2,3,1,2,1,2,3,1,3,1,3,1,2,3,2,2],"exact_match":[0,0,1,0,0,0,0,0,0,0,0,0,0,0,0,0,0,0,0,0],"RT":[[0,0,0,62,0,0],[0,0,0,27,0,0],[0,0,0,55,0,0],[0,0,0,72,0,0],[0,0,0,130,0,0],[0,0,0,37,0,0],[0,0,0,96,0,0],[0,0,0,3,0,0],[0,0,0,47,0,0],[0,0,0,55,0,0],[0,0,0,79,0,0],[0,0,0,106,0,0],[0,0,0,98,0,0],[0,0,0,120,0,0],[0,0,0,29,0,0],[0,0,0,107,0,0],[0,0,0,54,0,0],[0,0,0,47,0,0],[0,0,0,106,0,0],[0,0,0,148,0,0]],"response":[[0,0,0,1,0,0],[0,0,0,1,0,0],[0,0,0,1,0,0],[0,0,0,1,0,0],[0,0,0,1,0,0],[0,0,0,1,0,0],[0,0,0,1,0,0],[0,0,0,1,0,0],[0,0,0,1,0,0],[0,0,0,1,0,0],[0,0,0,1,0,0],[0,0,0,1,0,0],[0,0,0,1,0,0],[0,0,0,1,0,0],[0,0,0,1,0,0],[0,0,0,1,0,0],[0,0,0,1,0,0],[0,0,0,1,0,0],[0,0,0,1,0,0],[0,0,0,1,0,0]],"framerate":[59.982094897045656,59.963099630996304,60.0896860986547,59.91189427312775,60.01690617075232,59.99999999999999,60.05221932114883,59.9250936329588,59.99999999999999,59.982094897045656,60.070671378091866,59.93150684931506,59.99999999999999,60.01690617075232,60.018467220683284,60.03430531732418,59.982094897045656,59.99999999999999,60.03430531732418,59.99999999999999]}
