{"practice":[0,0,0,0,0,0,0,0,0,0,0,0,0,0,0,0,0,0,0,0],"center_interval":[100,25,0,0,25,25,25,75,0,100,0,0,0,75,0,0,100,0,50,50],"image_pair":[1,1,1,1,1,2,2,4,3,1,1,2,1,4,3,3,3,4,1,3],"feature_space":[1,1,1,1,2,1,2,2,2,2,2,2,2,2,2,1,2,1,1,1],"left_img":[2,2,2,2,1,1,2,1,1,1,2,1,2,2,1,1,2,2,2,1],"img1Sample":[3,1,1,2,3,1,1,1,1,2,3,1,3,2,2,3,2,2,2,3],"img2Sample":[2,1,3,1,1,3,3,3,3,2,2,2,3,1,1,2,3,2,2,1],"key":[50,49,50,49,50,49,50,49,50,49,50,49,50,49,49,50,49,49,50,49],"correct":[false,false,true,false,false,true,true,false,false,false,true,true,true,true,true,false,true,false,true,true],"right_img":[1,1,1,1,2,2,1,2,2,2,1,2,1,1,2,2,1,1,1,2],"img_choice":[1,2,1,2,2,1,1,1,2,1,1,1,1,2,1,2,2,2,1,1],"center_sample":[1,2,2,1,2,1,2,1,2,1,1,3,2,3,1,1,1,1,3,3],"left_sample":[2,1,3,1,3,1,3,1,1,2,2,1,3,1,2,3,3,2,2,3],"right_sample":[3,1,1,2,1,3,1,3,3,2,3,2,3,2,1,2,2,2,2,1],"RT":[[0,1304.3999998569489,0,0],[0,402.89999985694885,0,0],[0,526.6999998092651,0,0],[0,641.6999998092651,0,0],[0,429.7000000476837,0,0],[0,471.10000014305115,0,0],[0,679,0,0],[0,722,0,0],[0,443.39999985694885,0,0],[0,399.90000009536743,0,0],[0,694.3999998569489,0,0],[0,803.5999999046326,0,0],[0,968.6999998092651,0,0],[0,629.7999999523163,0,0],[0,723,0,0],[0,702.7000000476837,0,0],[0,438.89999985694885,0,0],[0,685.0999999046326,0,0],[0,309.7000000476837,0,0],[0,786,0,0]],"response":[[0,1,0,0],[0,1,0,0],[0,1,0,0],[0,1,0,0],[0,1,0,0],[0,1,0,0],[0,1,0,0],[0,1,0,0],[0,1,0,0],[0,1,0,0],[0,1,0,0],[0,1,0,0],[0,1,0,0],[0,1,0,0],[0,1,0,0],[0,1,0,0],[0,1,0,0],[0,1,0,0],[0,1,0,0],[0,1,0,0]],"framerate":[59.90831423510799,58.95067792174893,59.948867145251334,59.92329818289768,59.932334461092324,59.9409811824821,59.954839214248125,59.938562970811354,59.868858693200394,59.95802937657737,59.94927369588596,59.892897404977504,59.959606156451535,59.948152955748256,59.93407252236881,59.95294831687123,59.91440798858773,59.94005994225633,59.91938118998327,59.9443374030246]}
