{"practice":[0,0,0,0,0,0,0,0,0,0,0,0,0,0,0,0,0,0,0,0],"center_interval":[0,0,25,50,100,100,50,50,75,50,25,50,100,75,50,75,75,50,0,25],"image_pair":[3,4,3,4,2,1,2,3,2,2,1,2,3,2,4,1,2,3,2,4],"feature_space":[2,2,1,1,1,1,2,2,2,1,1,2,1,2,2,2,1,1,1,1],"left_img":[2,1,1,1,1,1,2,2,2,1,1,1,2,1,1,2,2,2,1,2],"img1Sample":[1,1,2,2,2,2,3,1,3,3,2,1,3,1,2,3,3,2,1,3],"img2Sample":[2,1,1,3,1,2,2,2,2,2,2,3,2,2,2,1,3,2,2,2],"key":[50,49,50,49,49,50,49,50,49,49,50,49,49,50,50,49,49,49,50,50],"correct":[true,true,false,true,false,true,false,true,true,true,false,true,true,true,false,true,true,false,false,true],"right_img":[1,2,2,2,2,2,1,1,1,2,2,2,1,2,2,1,1,1,2,1],"img_choice":[1,1,2,1,1,2,2,1,2,1,2,1,2,2,2,2,2,2,2,1],"center_sample":[2,3,2,1,2,1,1,2,3,3,3,2,1,3,3,3,2,3,2,2],"left_sample":[2,1,2,2,2,2,2,2,2,3,2,1,2,1,2,1,3,2,1,2],"right_sample":[1,1,1,3,1,2,3,1,3,2,2,3,3,2,2,3,3,2,2,3],"RT":[[0,2356.2999999523163,0,0],[0,937.9000000953674,0,0],[0,1065.8999998569489,0,0],[0,581.2000000476837,0,0],[0,1845.0999999046326,0,0],[0,1025,0,0],[0,1372.2999999523163,0,0],[0,1275.5999999046326,0,0],[0,1742.5,0,0],[0,1756,0,0],[0,1308.2000000476837,0,0],[0,892.7000000476837,0,0],[0,1118.5,0,0],[0,632.2000000476837,0,0],[0,1558.8000001907349,0,0],[0,1086.4000000953674,0,0],[0,900.1000001430511,0,0],[0,728.8999998569489,0,0],[0,451.40000009536743,0,0],[0,1270.4000000953674,0,0]],"response":[[0,1,0,0],[0,1,0,0],[0,1,0,0],[0,1,0,0],[0,1,0,0],[0,1,0,0],[0,1,0,0],[0,1,0,0],[0,1,0,0],[0,1,0,0],[0,1,0,0],[0,1,0,0],[0,1,0,0],[0,1,0,0],[0,1,0,0],[0,1,0,0],[0,1,0,0],[0,1,0,0],[0,1,0,0],[0,1,0,0]],"framerate":[59.94880775870316,59.926541654929416,59.93766483371742,59.91055606398593,59.946170784251514,59.924177576478066,59.89832385218897,59.943769564329045,59.9285957108847,59.95862010845714,59.91767832170952,59.93207697752028,59.959642548284805,59.90447664766168,59.932690980459924,59.9435825055389,59.880239520958085,59.97900734957267,59.98125585754452,59.92151872036127]}
