{"practice":[0,0,0,0,0,0,0,0,0,0,0,0,0,0,0,0,0,0,0,0],"center_interval":[0,75,50,100,100,50,50,25,100,25,100,75,50,0,100,100,50,25,25,75],"image_pair":[1,3,2,2,4,2,3,4,4,2,3,4,2,3,3,2,4,3,2,4],"feature_space":[1,2,1,2,2,2,2,1,1,2,1,1,2,2,1,1,2,1,1,2],"left_img":[1,2,2,2,1,2,2,1,2,1,2,2,1,2,1,2,2,1,2,1],"img1Sample":[3,3,2,2,2,3,2,2,3,2,1,2,2,1,2,2,3,2,3,3],"img2Sample":[3,1,1,1,1,1,3,3,2,1,2,2,2,3,3,3,1,1,1,2],"key":[50,49,50,50,49,50,50,49,50,49,50,50,49,49,50,50,49,50,49,50],"correct":[false,true,true,false,false,true,true,true,false,true,false,false,true,false,true,false,false,false,false,true],"right_img":[2,1,1,1,2,1,1,2,1,2,1,1,2,1,2,1,1,2,1,2],"img_choice":[2,2,1,1,1,1,1,1,1,1,1,1,1,2,2,1,2,2,2,2],"center_sample":[1,3,2,3,3,3,2,1,3,3,1,1,3,3,2,2,3,2,2,1],"left_sample":[3,1,1,1,2,1,3,2,2,2,2,2,2,3,2,3,1,2,1,3],"right_sample":[3,3,2,2,1,3,2,3,3,1,1,2,2,1,3,2,3,1,3,2],"RT":[[0,316.2999999523163,0,0],[0,455.09999990463257,0,0],[0,698.8000001907349,0,0],[0,453.89999985694885,0,0],[0,329.80000019073486,0,0],[0,355.10000014305115,0,0],[0,732.2000000476837,0,0],[0,437.60000014305115,0,0],[0,313.60000014305115,0,0],[0,290.89999985694885,0,0],[0,480.39999985694885,0,0],[0,338.59999990463257,0,0],[0,331,0,0],[0,469.40000009536743,0,0],[0,344.2999999523163,0,0],[0,1025.7999999523163,0,0],[0,412.2999999523163,0,0],[0,341.2999999523163,0,0],[0,317.40000009536743,0,0],[0,647.5,0,0]],"response":[[0,1,0,0],[0,1,0,0],[0,1,0,0],[0,1,0,0],[0,1,0,0],[0,1,0,0],[0,1,0,0],[0,1,0,0],[0,1,0,0],[0,1,0,0],[0,1,0,0],[0,1,0,0],[0,1,0,0],[0,1,0,0],[0,1,0,0],[0,1,0,0],[0,1,0,0],[0,1,0,0],[0,1,0,0],[0,1,0,0]],"framerate":[58.86841818686042,59.891446758105644,59.976931949250286,59.891446744743085,59.96359354168311,59.92973753726938,59.94305410288972,59.937208644007285,59.906328277344876,59.96668517490283,59.913356077583806,59.924306136609104,59.918681779829406,59.95203837985145,59.930606656951795,59.93517216421985,59.93907831103653,59.936908517350155,59.9250936329588,59.95203836930456]}
