{"practice":[1,1,1,1,1],"center_interval":[50,25,75,50,0],"image_pair":[3,2,2,1,1],"feature_space":[1,2,2,1,1],"left_img":[2,2,1,1,2],"img1Sample":[3,3,2,2,1],"img2Sample":[2,3,2,2,2],"key":[50,49,50,49,49],"correct":[true,false,true,true,false],"right_img":[1,1,2,2,1],"img_choice":[1,2,2,1,2],"center_sample":[2,2,2,1,3],"left_sample":[2,3,2,2,2],"right_sample":[3,3,2,2,1],"RT":[[0,3540.899999856949,0,0],[0,1411,0,0],[0,960.6000001430511,0,0],[0,1105.2999999523163,0,0],[0,859.2999999523163,0,0]],"response":[[0,1,0,0],[0,1,0,0],[0,1,0,0],[0,1,0,0],[0,1,0,0]],"framerate":[59.940781394628296,59.88616679039841,59.96810207336523,59.90810213625117,59.93733823535075]}
