{"practice":[0,0,0,0,0,0,0,0,0,0,0,0,0,0,0,0,0,0,0,0],"center_interval":[50,100,75,25,0,0,100,50,25,75,0,0,100,0,75,100,25,100,25,50],"image_pair":[1,4,4,3,2,1,3,1,1,2,2,2,2,4,2,4,2,2,2,4],"feature_space":[2,1,2,2,1,1,1,1,2,1,2,2,1,2,1,2,2,2,1,1],"left_img":[1,2,1,1,2,2,2,2,2,1,1,2,1,1,1,2,1,1,1,1],"img1Sample":[2,1,2,3,2,3,1,1,3,2,1,2,1,3,2,2,3,2,2,2],"img2Sample":[3,3,3,2,1,3,3,1,3,3,2,2,2,1,1,3,3,1,2,2],"key":[50,49,49,50,50,49,50,49,49,50,49,50,49,49,50,49,49,50,49,49],"correct":[false,true,false,false,true,false,false,false,false,true,true,true,false,true,true,true,true,true,true,true],"right_img":[2,1,2,2,1,1,1,1,1,2,2,1,2,2,2,1,2,2,2,2],"img_choice":[2,2,1,2,1,2,1,2,2,2,1,1,1,1,2,2,1,2,1,1],"center_sample":[1,1,3,1,1,2,1,2,2,2,3,1,1,1,1,1,1,2,1,3],"left_sample":[2,3,2,3,1,3,3,1,3,2,1,2,1,3,2,3,3,2,2,2],"right_sample":[3,1,3,2,2,3,1,1,3,3,2,2,2,1,1,2,3,1,2,2],"RT":[[0,560.0999999046326,0,0],[0,785.2000000476837,0,0],[0,871.2000000476837,0,0],[0,698.7000000476837,0,0],[0,693,0,0],[0,607.7000000476837,0,0],[0,350.2000000476837,0,0],[0,374,0,0],[0,670.0999999046326,0,0],[0,361.40000009536743,0,0],[0,1281.7999999523163,0,0],[0,1187.7000000476837,0,0],[0,1642.0999999046326,0,0],[0,733.7999999523163,0,0],[0,1590.2000000476837,0,0],[0,1292.3999998569489,0,0],[0,1294.7000000476837,0,0],[0,671.7999999523163,0,0],[0,459.2000000476837,0,0],[0,640.9000000953674,0,0]],"response":[[0,1,0,0],[0,1,0,0],[0,1,0,0],[0,1,0,0],[0,1,0,0],[0,1,0,0],[0,1,0,0],[0,1,0,0],[0,1,0,0],[0,1,0,0],[0,1,0,0],[0,1,0,0],[0,1,0,0],[0,1,0,0],[0,1,0,0],[0,1,0,0],[0,1,0,0],[0,1,0,0],[0,1,0,0],[0,1,0,0]],"framerate":[57.32375085791702,59.93578308954691,59.94880776351688,59.93545412193339,59.92164092889507,59.9490843369807,59.955822037904355,59.92889791772474,59.89887203422793,59.93593055403744,59.95967313563764,59.906811627943526,59.93872930020783,59.938562970811354,59.937338238595125,59.94321169568742,59.924306136609104,59.931506851539346,59.95316159250586,59.93766483086234]}
