{"practice":[0,0,0,0,0,0,0,0,0,0,0,0,0,0,0,0,0,0,0,0],"center_interval":[75,100,25,25,25,50,25,50,75,100,25,75,0,75,75,0,100,100,0,25],"image_pair":[3,2,4,1,3,1,3,3,2,2,4,4,3,4,4,2,2,4,1,4],"feature_space":[2,1,1,2,2,2,2,2,2,1,1,1,1,1,2,2,1,2,2,1],"left_img":[2,2,1,1,2,2,1,1,1,2,2,1,1,1,1,1,2,1,2,1],"img1Sample":[3,2,1,2,3,2,1,2,3,3,1,2,1,1,2,3,3,3,3,2],"img2Sample":[1,1,2,1,1,3,1,1,1,2,1,2,3,1,2,1,1,1,3,1],"key":[50,49,50,49,50,49,50,49,49,50,49,50,49,50,50,49,50,49,50,49],"correct":[false,true,false,true,true,false,false,true,false,false,false,true,true,true,true,true,false,false,true,true],"right_img":[1,1,2,2,1,1,2,2,2,1,1,2,2,2,2,2,1,2,1,2],"img_choice":[1,2,2,1,1,2,2,1,1,1,2,2,1,2,2,1,1,1,1,1],"center_sample":[3,3,1,2,2,2,1,3,3,3,2,3,2,3,3,2,2,3,2,1],"left_sample":[1,1,1,2,1,3,1,2,3,2,1,2,1,1,2,3,1,3,3,2],"right_sample":[3,2,2,1,3,2,1,1,1,3,1,2,3,1,2,1,3,1,3,1],"RT":[[0,1103.7000000476837,0,0],[0,727.7000000476837,0,0],[0,1215.8999998569489,0,0],[0,806.4000000953674,0,0],[0,1083.9000000953674,0,0],[0,871.1999998092651,0,0],[0,618,0,0],[0,776.5,0,0],[0,879.7000000476837,0,0],[0,595.3999998569489,0,0],[0,529.1999998092651,0,0],[0,1009.5,0,0],[0,1343.5999999046326,0,0],[0,1232.4000000953674,0,0],[0,1684.8000001907349,0,0],[0,1478.2000000476837,0,0],[0,688.5999999046326,0,0],[0,363.09999990463257,0,0],[0,851,0,0],[0,729.6000001430511,0,0]],"response":[[0,1,0,0],[0,1,0,0],[0,1,0,0],[0,1,0,0],[0,1,0,0],[0,1,0,0],[0,1,0,0],[0,1,0,0],[0,1,0,0],[0,1,0,0],[0,1,0,0],[0,1,0,0],[0,1,0,0],[0,1,0,0],[0,1,0,0],[0,1,0,0],[0,1,0,0],[0,1,0,0],[0,1,0,0],[0,1,0,0]],"framerate":[59.36099633523281,59.893688700414806,59.94280686003267,59.926677953026356,59.9442103354996,59.94880776351688,59.91956003330153,59.92347123363998,59.944769985277574,59.94005993768052,59.92245329825285,59.93944262674297,59.929314143757445,59.92590977959661,59.94311966746883,59.85443402057185,60.06931074316519,59.917355371900825,59.92148219180759,59.97001499250374]}
