{"practice":[1,1,1,1,1],"center_interval":[75,100,0,25,25],"image_pair":[1,1,2,1,3],"feature_space":[1,1,1,1,2],"left_img":[2,2,1,2,1],"img1Sample":[1,1,2,2,2],"img2Sample":[3,3,1,3,3],"key":[null,null,null,null,null],"correct":[null,null,null,null,null],"right_img":[1,1,2,1,2],"img_choice":[null,null,null,null,null],"center_sample":[3,2,3,2,1],"left_sample":[3,3,2,3,2],"right_sample":[1,1,1,2,3],"RT":[[0,0,0,0,0,0],[0,0,0,0,0,0],[0,0,0,0,0,0],[0,0,0,0,0,0],[0,0,0,0,0,0]],"response":[[0,0,0,1,0,0],[0,0,0,1,0,0],[0,0,0,1,0,0],[0,0,0,1,0,0],[0,0,0,1,0,0]],"framerate":[12.884296466386019,14.165390505359877,15.500896746092751,13.306298314535548,12.600078750492191]}
