{"practice":[1,1,1,1,1],"center_interval":[0,100,75,0,100],"image_pair":[3,2,1,4,2],"feature_space":[2,2,1,2,1],"left_img":[1,2,1,2,1],"img1Sample":[3,1,1,3,1],"img2Sample":[3,2,3,1,1],"stim_time":[2000,2000,2000,2000,2000],"key":[null,null,49,50,49],"correct":[null,null,false,true,false],"right_img":[2,1,2,1,2],"img_choice":[null,null,1,1,1],"center_sample":[2,1,2,2,2],"left_sample":[3,2,1,1,1],"right_sample":[3,1,3,3,1],"exact_match":[0,0,0,0,0],"RT":[[0,0,0,0,0,0],[0,0,0,0,0,0],[0,0,0,4215,0,0],[0,0,0,38,0,0],[0,0,0,23,0,0]],"response":[[0,0,0,1,0,0],[0,0,0,1,0,0],[0,0,0,1,0,0],[0,0,0,1,0,0],[0,0,0,1,0,0]],"framerate":[40,40.01022625591206,40,39.98596983514556,40]}
