{"practice":[0,0,0,0,0,0,0,0,0,0,0,0,0,0,0,0,0,0,0,0],"center_interval":[75,75,0,100,25,25,25,0,25,75,25,50,100,0,50,50,50,100,0,75],"image_pair":[3,1,2,2,4,4,2,1,1,2,4,3,1,1,4,4,2,2,3,3],"feature_space":[2,1,1,1,2,2,1,1,1,1,2,2,2,2,2,2,1,2,1,1],"left_img":[2,2,2,2,1,2,2,2,1,1,1,1,1,2,2,2,1,2,2,1],"img1Sample":[2,3,2,2,2,2,2,1,1,1,2,3,3,1,2,3,3,3,2,3],"img2Sample":[1,3,2,3,1,3,1,1,3,3,1,2,2,1,1,2,1,1,1,3],"stim_time":[250,250,250,250,250,250,250,250,250,250,250,250,250,250,250,250,250,250,250,250],"key":[49,50,50,50,50,50,49,49,49,49,49,49,50,49,50,50,49,50,49,50],"correct":[true,false,true,false,false,true,false,false,true,false,true,true,true,false,true,true,true,false,false,true],"right_img":[1,1,1,1,2,1,1,1,2,2,2,2,2,1,1,1,2,1,1,2],"img_choice":[2,1,1,1,2,1,2,2,1,1,1,1,2,2,1,1,1,1,2,2],"center_sample":[2,2,3,1,3,1,3,1,2,1,1,1,1,1,2,2,3,3,3,3],"left_sample":[1,3,2,3,2,3,1,1,1,1,2,3,3,1,1,2,3,1,1,3],"right_sample":[2,3,2,2,1,2,2,1,3,3,1,2,2,1,2,3,1,3,2,3],"exact_match":[0,0,0,0,0,0,0,1,0,0,0,0,0,1,0,0,0,0,0,0],"RT":[[0,0,0,1136,0,0],[0,0,0,120,0,0],[0,0,0,72,0,0],[0,0,0,54,0,0],[0,0,0,34,0,0],[0,0,0,30,0,0],[0,0,0,4118,0,0],[0,0,0,43,0,0],[0,0,0,267,0,0],[0,0,0,23,0,0],[0,0,0,60,0,0],[0,0,0,32,0,0],[0,0,0,51,0,0],[0,0,0,55,0,0],[0,0,0,8,0,0],[0,0,0,82,0,0],[0,0,0,86,0,0],[0,0,0,35,0,0],[0,0,0,37,0,0],[0,0,0,16,0,0]],"response":[[0,0,0,1,0,0],[0,0,0,1,0,0],[0,0,0,1,0,0],[0,0,0,1,0,0],[0,0,0,1,0,0],[0,0,0,1,0,0],[0,0,0,1,0,0],[0,0,0,1,0,0],[0,0,0,1,0,0],[0,0,0,1,0,0],[0,0,0,1,0,0],[0,0,0,1,0,0],[0,0,0,1,0,0],[0,0,0,1,0,0],[0,0,0,1,0,0],[0,0,0,1,0,0],[0,0,0,1,0,0],[0,0,0,1,0,0],[0,0,0,1,0,0],[0,0,0,1,0,0]],"framerate":[40,39.965986394557824,40.0355871886121,39.92901508429459,40.03639672429482,40,40.00773096250483,40,40,40,39.96447602131439,40.03639672429482,39.92901508429459,40.07123775601069,39.96282527881041,40,40,40,40,39.96282527881041]}
