{"practice":[0,0,0,0,0,0,0,0,0,0,0,0,0,0,0,0,0,0,0,0],"center_interval":[50,100,100,75,100,100,100,50,75,0,0,0,50,75,50,25,50,25,100,100],"image_pair":[4,1,3,3,1,2,3,2,1,3,1,3,3,1,4,1,4,3,2,1],"feature_space":[2,1,2,2,2,1,2,2,2,2,2,1,1,2,2,1,2,2,2,1],"left_img":[2,1,1,1,1,1,1,2,1,1,1,1,2,2,1,2,1,2,2,1],"img1Sample":[2,3,2,2,1,1,2,3,2,2,1,2,1,2,1,1,1,1,1,1],"img2Sample":[1,2,1,3,2,2,1,2,3,1,1,1,2,2,3,3,2,1,1,2],"stim_time":[2000,2000,2000,2000,2000,2000,2000,2000,2000,2000,2000,2000,2000,2000,2000,2000,2000,2000,2000,2000],"key":[49,49,49,49,50,49,50,50,50,50,50,50,50,49,49,49,49,50,50,50],"correct":[false,false,false,false,true,false,true,true,true,false,false,false,true,true,true,false,true,true,false,true],"right_img":[1,2,2,2,2,2,2,1,2,2,2,2,1,1,2,1,2,1,1,2],"img_choice":[2,1,1,1,2,1,2,1,2,2,2,2,1,2,1,2,1,1,1,2],"center_sample":[3,3,1,3,3,3,2,2,3,2,3,1,3,3,3,1,1,2,3,2],"left_sample":[1,3,2,2,1,1,2,2,2,2,1,2,2,2,1,3,1,1,1,1],"right_sample":[2,2,1,3,2,2,1,3,3,1,1,1,1,2,3,1,2,1,1,2],"exact_match":[0,0,1,0,0,0,0,0,0,1,0,0,0,0,0,0,0,0,0,1],"RT":[[0,0,0,57,0,0],[0,0,0,120,0,0],[0,0,0,129,0,0],[0,0,0,236,0,0],[0,0,0,2733,0,0],[0,0,0,155,0,0],[0,0,0,139,0,0],[0,0,0,151,0,0],[0,0,0,89,0,0],[0,0,0,181,0,0],[0,0,0,3,0,0],[0,0,0,155,0,0],[0,0,0,83,0,0],[0,0,0,47,0,0],[0,0,0,78,0,0],[0,0,0,160,0,0],[0,0,0,146,0,0],[0,0,0,31,0,0],[0,0,0,290,0,0],[0,0,0,4,0,0]],"response":[[0,0,0,1,0,0],[0,0,0,1,0,0],[0,0,0,1,0,0],[0,0,0,1,0,0],[0,0,0,1,0,0],[0,0,0,1,0,0],[0,0,0,1,0,0],[0,0,0,1,0,0],[0,0,0,1,0,0],[0,0,0,1,0,0],[0,0,0,1,0,0],[0,0,0,1,0,0],[0,0,0,1,0,0],[0,0,0,1,0,0],[0,0,0,1,0,0],[0,0,0,1,0,0],[0,0,0,1,0,0],[0,0,0,1,0,0],[0,0,0,1,0,0],[0,0,0,1,0,0]],"framerate":[40,40.01367989056087,40,40,39.99279409115475,39.973127309371854,40.027137042062414,40,40,40.01333777925975,39.97170145030067,35.954301075268816,40,40.02808988764045,40,40,39.97289972899729,40.01404001404001,40.012907389480475,39.97170145030067]}
