{"practice":[0,0,0,0,0,0,0,0,0,0,0,0,0,0,0,0,0,0,0,0],"center_interval":[75,100,75,100,0,25,75,0,50,75,0,100,0,75,25,75,25,75,0,75],"image_pair":[1,2,3,1,3,2,2,4,3,1,4,4,3,4,2,1,3,3,2,1],"feature_space":[2,2,2,1,2,2,1,1,2,2,2,1,1,2,1,1,2,2,1,2],"left_img":[1,2,2,2,1,2,2,2,2,1,2,2,1,2,1,1,2,2,1,1],"img1Sample":[1,2,1,1,3,1,3,2,3,3,2,3,2,2,2,2,3,3,2,2],"img2Sample":[3,2,2,1,3,3,2,1,1,2,1,1,3,3,3,1,3,2,3,2],"stim_time":[250,250,250,250,250,250,250,250,250,250,250,250,250,250,250,250,250,250,250,250],"key":[50,50,49,50,50,49,50,50,50,50,50,50,50,49,49,49,49,49,50,50],"correct":[true,false,true,false,false,false,false,true,true,true,true,false,false,true,true,false,false,true,false,true],"right_img":[2,1,1,1,2,1,1,1,1,2,1,1,2,1,2,2,1,1,2,2],"img_choice":[2,1,2,1,2,2,1,1,1,2,1,1,2,2,1,1,2,2,2,2],"center_sample":[1,1,3,1,3,3,2,2,2,2,3,1,3,3,3,3,1,1,2,1],"left_sample":[1,2,2,1,3,3,2,1,1,3,1,1,2,3,2,2,3,2,2,2],"right_sample":[3,2,1,1,3,1,3,2,3,2,2,3,3,2,3,1,3,3,3,2],"exact_match":[0,0,0,1,1,0,0,1,0,0,0,1,0,0,0,0,0,0,1,0],"RT":[[0,0,0,80,0,0],[0,0,0,576,0,0],[0,0,0,410,0,0],[0,0,0,576,0,0],[0,0,0,690,0,0],[0,0,0,1226,0,0],[0,0,0,2316,0,0],[0,0,0,669,0,0],[0,0,0,404,0,0],[0,0,0,538,0,0],[0,0,0,583,0,0],[0,0,0,188,0,0],[0,0,0,632,0,0],[0,0,0,520,0,0],[0,0,0,92,0,0],[0,0,0,392,0,0],[0,0,0,191,0,0],[0,0,0,130,0,0],[0,0,0,187,0,0],[0,0,0,960,0,0]],"response":[[0,0,0,1,0,0],[0,0,0,1,0,0],[0,0,0,1,0,0],[0,0,0,1,0,0],[0,0,0,1,0,0],[0,0,0,1,0,0],[0,0,0,1,0,0],[0,0,0,1,0,0],[0,0,0,1,0,0],[0,0,0,1,0,0],[0,0,0,1,0,0],[0,0,0,1,0,0],[0,0,0,1,0,0],[0,0,0,1,0,0],[0,0,0,1,0,0],[0,0,0,1,0,0],[0,0,0,1,0,0],[0,0,0,1,0,0],[0,0,0,1,0,0],[0,0,0,1,0,0]],"framerate":[41.228070175438596,32.47549019607843,34.50608930987821,31.649421789409615,32.55282695602513,29.23211169284468,25.21506971225156,31.070195627157656,35.30210454854039,33.602986932171746,30.525030525030527,36.392405063291136,31.085043988269792,33.80102040816327,40.10462074978204,35.56771545827633,38.36930455635492,38.16793893129771,36.74121405750799,29.150197628458496]}
