{"practice":[0,0,0,0,0,0,0,0,0,0,0,0,0,0,0,0,0,0,0,0],"center_interval":[100,0,75,25,75,75,50,0,25,25,0,75,100,100,50,25,25,0,50,25],"image_pair":[2,2,4,1,4,4,2,3,1,4,4,2,2,2,2,4,2,3,1,3],"feature_space":[2,1,2,1,1,1,2,1,1,1,2,1,1,1,2,1,2,1,2,2],"left_img":[1,2,2,2,1,1,1,1,2,2,1,2,1,1,2,1,1,2,2,1],"img1Sample":[2,1,1,1,3,1,3,3,1,3,3,2,3,1,1,1,2,2,1,2],"img2Sample":[3,1,2,3,2,2,1,3,3,3,2,1,2,3,3,2,1,3,2,2],"stim_time":[2000,2000,2000,2000,2000,2000,2000,2000,2000,2000,2000,2000,2000,2000,2000,2000,2000,2000,2000,2000],"key":[49,50,50,49,50,50,50,50,50,49,50,50,50,49,50,49,50,50,49,50],"correct":[false,true,false,false,true,true,false,false,true,false,false,false,true,false,true,true,false,true,false,false],"right_img":[2,1,1,1,2,2,2,2,1,1,2,1,2,2,1,2,2,1,1,2],"img_choice":[1,1,1,2,2,2,2,2,1,2,2,1,2,1,1,1,2,1,2,2],"center_sample":[2,1,2,1,3,1,3,1,2,1,1,3,3,1,2,3,1,3,3,1],"left_sample":[2,1,2,3,3,1,3,3,3,3,3,1,3,1,3,1,2,3,2,2],"right_sample":[3,1,1,1,2,2,1,3,1,3,2,2,2,3,1,2,1,2,1,2],"exact_match":[0,1,0,0,0,0,0,0,0,0,0,0,0,0,0,0,0,0,0,0],"RT":[[0,0,0,82,0,0],[0,0,0,1333,0,0],[0,0,0,413,0,0],[0,0,0,742,0,0],[0,0,0,1729,0,0],[0,0,0,1531,0,0],[0,0,0,470,0,0],[0,0,0,80,0,0],[0,0,0,18,0,0],[0,0,0,2008,0,0],[0,0,0,191,0,0],[0,0,0,21,0,0],[0,0,0,825,0,0],[0,0,0,467,0,0],[0,0,0,412,0,0],[0,0,0,352,0,0],[0,0,0,525,0,0],[0,0,0,573,0,0],[0,0,0,365,0,0],[0,0,0,1533,0,0]],"response":[[0,0,0,1,0,0],[0,0,0,1,0,0],[0,0,0,1,0,0],[0,0,0,1,0,0],[0,0,0,1,0,0],[0,0,0,1,0,0],[0,0,0,1,0,0],[0,0,0,1,0,0],[0,0,0,1,0,0],[0,0,0,1,0,0],[0,0,0,1,0,0],[0,0,0,1,0,0],[0,0,0,1,0,0],[0,0,0,1,0,0],[0,0,0,1,0,0],[0,0,0,1,0,0],[0,0,0,1,0,0],[0,0,0,1,0,0],[0,0,0,1,0,0],[0,0,0,1,0,0]],"framerate":[31.023784901758013,27.053140096618357,29.822926374650514,31.206072533033456,26.142355008787348,26.509912402028583,32.23844282238443,31.357684355616815,34.16696019725256,25.95514950166113,30.876494023904378,33.5807705903146,28.39812517231872,29.814420444174022,32.168264769563876,30.16830739917434,28.998505231689087,29.359430604982204,29.46708463949843,26.67893284268629]}
