{"practice":[0,0,0,0,0,0,0,0,0,0,0,0,0,0,0,0,0,0,0,0],"center_interval":[25,50,0,75,0,25,100,0,75,75,75,25,50,100,100,0,100,25,25,75],"image_pair":[4,3,3,1,2,4,1,4,1,3,2,2,4,4,1,3,3,3,2,3],"feature_space":[1,2,2,2,1,2,1,1,2,2,2,2,2,1,1,2,1,1,2,2],"left_img":[2,1,2,2,1,1,2,1,2,2,2,2,2,2,2,1,1,1,1,1],"img1Sample":[1,2,1,3,2,2,1,1,3,3,2,1,2,2,1,2,3,2,1,2],"img2Sample":[3,2,3,1,1,3,1,2,2,3,2,2,3,1,3,2,3,2,2,3],"stim_time":[250,250,250,250,250,250,250,250,250,250,250,250,250,250,250,250,250,250,250,250],"key":[50,50,50,50,50,50,null,null,50,49,50,49,49,49,49,49,49,49,49,49],"correct":[true,false,true,false,false,false,null,null,false,true,false,false,false,true,true,true,false,true,true,false],"right_img":[1,2,1,1,2,2,1,2,1,1,1,1,1,1,1,2,2,2,2,2],"img_choice":[1,2,1,1,2,2,null,null,1,2,1,2,2,2,2,1,1,1,1,1],"center_sample":[1,1,2,2,1,3,2,3,2,2,3,1,3,3,1,3,1,3,3,1],"left_sample":[3,2,3,1,2,2,1,1,2,3,2,2,3,1,3,2,3,2,1,2],"right_sample":[1,2,1,3,1,3,1,2,3,3,2,1,2,2,1,2,3,2,2,3],"exact_match":[0,0,0,0,0,0,0,0,0,0,0,0,0,0,0,0,0,0,0,0],"RT":[[0,0,0,555,0,0],[0,0,0,524,0,0],[0,0,0,306,0,0],[0,0,0,138,0,0],[0,0,0,369,0,0],[0,0,0,249,0,0],[0,0,0,0,0,0],[0,0,0,0,0,0],[0,0,0,2145,0,0],[0,0,0,21,0,0],[0,0,0,583,0,0],[0,0,0,197,0,0],[0,0,0,97,0,0],[0,0,0,917,0,0],[0,0,0,752,0,0],[0,0,0,2345,0,0],[0,0,0,132,0,0],[0,0,0,137,0,0],[0,0,0,83,0,0],[0,0,0,195,0,0]],"response":[[0,0,0,1,0,0],[0,0,0,1,0,0],[0,0,0,1,0,0],[0,0,0,1,0,0],[0,0,0,1,0,0],[0,0,0,1,0,0],[0,0,0,1,0,0],[0,0,0,1,0,0],[0,0,0,1,0,0],[0,0,0,1,0,0],[0,0,0,1,0,0],[0,0,0,1,0,0],[0,0,0,1,0,0],[0,0,0,1,0,0],[0,0,0,1,0,0],[0,0,0,1,0,0],[0,0,0,1,0,0],[0,0,0,1,0,0],[0,0,0,1,0,0],[0,0,0,1,0,0]],"framerate":[28.203556100551808,33.45959595959596,34.50807635829662,35.74397339983375,32.89013296011196,35.034272658035036,21.44153059541481,21.266073194856578,24.656679151061173,38.426349496797805,33.37378640776699,35.97122302158273,37.16508210890233,29.1018564977421,30.420353982300885,24.582967515364352,34.923339011925044,37.56260434056761,38.32752613240418,35.91380686352753]}
