{"practice":[0,0,0,0,0,0,0,0,0,0,0,0,0,0,0,0,0,0,0,0],"center_interval":[100,50,50,0,25,100,100,75,75,50,25,25,0,75,50,50,75,25,0,100],"image_pair":[1,2,3,2,4,3,2,2,3,4,4,2,1,2,4,3,3,3,4,4],"feature_space":[1,2,2,2,1,1,1,1,1,2,2,2,1,1,2,2,2,2,1,1],"left_img":[1,1,1,1,2,2,2,1,2,1,1,2,2,2,2,1,1,2,1,2],"img1Sample":[3,1,3,2,3,3,3,2,2,3,2,3,1,1,2,2,2,2,3,2],"img2Sample":[3,1,1,1,3,1,3,1,1,1,1,3,1,2,1,3,2,1,3,3],"stim_time":[250,250,250,250,250,250,250,250,250,250,250,250,250,250,250,250,250,250,250,250],"key":[50,50,50,49,49,49,49,49,49,49,49,49,49,49,50,50,50,49,49,49],"correct":[true,false,false,true,false,true,true,false,true,true,true,false,false,true,true,false,true,false,true,true],"right_img":[2,2,2,2,1,1,1,2,1,2,2,1,1,1,1,2,2,1,2,1],"img_choice":[2,2,2,1,2,2,2,1,2,1,1,2,2,2,1,2,2,2,1,2],"center_sample":[1,1,3,3,1,2,1,2,3,3,3,3,2,2,3,2,2,2,1,3],"left_sample":[3,1,3,2,3,1,3,2,1,3,2,3,1,2,1,2,2,1,3,3],"right_sample":[3,1,1,1,3,3,3,1,2,1,1,3,1,1,2,3,2,2,3,2],"exact_match":[0,0,0,0,0,0,0,0,0,0,0,0,0,0,0,0,0,0,0,1],"RT":[[0,0,0,473,0,0],[0,0,0,811,0,0],[0,0,0,81,0,0],[0,0,0,100,0,0],[0,0,0,79,0,0],[0,0,0,2984,0,0],[0,0,0,634,0,0],[0,0,0,2987,0,0],[0,0,0,3261,0,0],[0,0,0,2918,0,0],[0,0,0,299,0,0],[0,0,0,1104,0,0],[0,0,0,1320,0,0],[0,0,0,813,0,0],[0,0,0,415,0,0],[0,0,0,307,0,0],[0,0,0,79,0,0],[0,0,0,1014,0,0],[0,0,0,79,0,0],[0,0,0,77,0,0]],"response":[[0,0,0,1,0,0],[0,0,0,1,0,0],[0,0,0,1,0,0],[0,0,0,1,0,0],[0,0,0,1,0,0],[0,0,0,1,0,0],[0,0,0,1,0,0],[0,0,0,1,0,0],[0,0,0,1,0,0],[0,0,0,1,0,0],[0,0,0,1,0,0],[0,0,0,1,0,0],[0,0,0,1,0,0],[0,0,0,1,0,0],[0,0,0,1,0,0],[0,0,0,1,0,0],[0,0,0,1,0,0],[0,0,0,1,0,0],[0,0,0,1,0,0],[0,0,0,1,0,0]],"framerate":[32.552083333333336,30.966364121729843,36.21908127208481,37.38317757009346,40.31551270815074,23.549826474962813,30.71470761961016,22.95162882527147,21.42161635832522,22.37399905793688,34.686346863468636,28.266913809082485,27.253668763102723,29.946524064171122,33.42428376534789,34.53343130051433,36.05980650835532,28.999516674722088,40.31551270815074,37.81882145998241]}
