{"practice":[0,0,0,0,0,0,0,0,0,0,0,0,0,0,0,0,0,0,0,0],"center_interval":[0,100,75,75,100,25,25,0,50,100,75,25,100,100,50,100,75,25,75,25],"image_pair":[3,1,2,4,1,4,3,3,1,3,1,2,3,4,2,2,4,3,4,4],"feature_space":[2,2,2,2,2,2,2,2,1,1,2,1,1,2,1,1,1,2,1,1],"left_img":[1,1,1,1,2,2,1,2,2,2,1,1,1,1,2,1,1,1,2,1],"img1Sample":[2,3,2,2,1,3,1,3,3,1,1,2,1,2,1,3,2,2,3,2],"img2Sample":[1,2,1,1,3,2,1,2,2,1,2,1,1,2,2,3,2,1,2,2],"stim_time":[2000,2000,2000,2000,2000,2000,2000,2000,2000,2000,2000,2000,2000,2000,2000,2000,2000,2000,2000,2000],"key":[49,50,50,50,49,49,50,50,50,50,50,50,49,50,50,50,50,50,50,50],"correct":[true,true,true,true,true,false,false,true,true,false,true,false,false,true,true,true,true,false,false,false],"right_img":[2,2,2,2,1,1,2,1,1,1,2,2,2,2,1,2,2,2,1,2],"img_choice":[1,2,2,2,2,2,2,1,1,1,2,2,1,2,1,2,2,2,1,2],"center_sample":[1,2,1,3,1,2,2,2,2,1,2,1,2,1,3,1,1,2,3,2],"left_sample":[2,3,2,2,3,2,1,2,2,1,1,2,1,2,2,3,2,2,2,2],"right_sample":[1,2,1,1,1,3,1,3,3,1,2,1,1,2,1,3,2,1,3,2],"exact_match":[0,1,0,0,0,0,0,0,0,1,0,0,0,0,0,0,0,0,0,0],"RT":[[0,0,0,131,0,0],[0,0,0,1767,0,0],[0,0,0,287,0,0],[0,0,0,100,0,0],[0,0,0,3552,0,0],[0,0,0,1651,0,0],[0,0,0,892,0,0],[0,0,0,74,0,0],[0,0,0,19,0,0],[0,0,0,582,0,0],[0,0,0,796,0,0],[0,0,0,200,0,0],[0,0,0,1041,0,0],[0,0,0,4576,0,0],[0,0,0,196,0,0],[0,0,0,576,0,0],[0,0,0,535,0,0],[0,0,0,780,0,0],[0,0,0,1035,0,0],[0,0,0,358,0,0]],"response":[[0,0,0,1,0,0],[0,0,0,1,0,0],[0,0,0,1,0,0],[0,0,0,1,0,0],[0,0,0,1,0,0],[0,0,0,1,0,0],[0,0,0,1,0,0],[0,0,0,1,0,0],[0,0,0,1,0,0],[0,0,0,1,0,0],[0,0,0,1,0,0],[0,0,0,1,0,0],[0,0,0,1,0,0],[0,0,0,1,0,0],[0,0,0,1,0,0],[0,0,0,1,0,0],[0,0,0,1,0,0],[0,0,0,1,0,0],[0,0,0,1,0,0],[0,0,0,1,0,0]],"framerate":[30.857917938284164,26.027996500437446,30.351953503390376,30.282174810736407,23.7346746306193,28.24478816408877,27.905716607965324,30.892051371051718,34.3241330502477,30.01765744555621,27.762354247640197,32.087330466424085,27.756160830090792,23.177012740580103,33.51028533510285,28.94270525694034,32.248432367871004,28.110214305594212,29.159073158031767,29.086310464748657]}
