{"practice":[0,0,0,0,0,0,0,0,0,0,0,0,0,0,0,0,0,0,0,0],"center_interval":[0,100,75,25,100,0,100,0,75,100,100,75,25,0,100,25,75,0,25,50],"image_pair":[1,4,4,4,4,2,4,4,3,3,2,4,1,2,4,1,4,4,4,2],"feature_space":[2,2,2,1,2,2,2,1,2,2,1,2,2,1,2,1,1,1,2,2],"left_img":[2,2,1,1,2,2,1,2,2,2,1,2,2,1,2,2,1,2,2,1],"img1Sample":[2,3,2,2,2,3,3,2,3,2,1,2,1,1,1,1,2,1,1,1],"img2Sample":[3,3,1,3,2,1,2,2,1,2,1,1,2,3,1,1,3,2,3,1],"key":[50,null,49,null,50,null,49,null,null,null,null,43,null,null,49,null,null,null,null,null],"correct":[true,null,false,null,false,null,false,null,null,null,null,null,null,null,true,null,null,null,null,null],"right_img":[1,1,2,2,1,1,2,1,1,1,2,1,1,2,1,1,2,1,1,2],"img_choice":[1,null,1,null,1,null,1,null,null,null,null,null,null,null,2,null,null,null,null,null],"center_sample":[1,1,3,3,3,1,1,1,2,3,3,1,3,2,2,1,1,2,3,3],"left_sample":[3,3,2,2,2,1,3,2,1,2,1,1,2,1,1,1,2,2,3,1],"right_sample":[2,3,1,3,2,3,2,2,3,2,1,2,1,3,1,1,3,1,1,1],"RT":[[0,4128.799999982119,0,0],[0,0,0,0],[0,4236.0999999940395,0,0],[0,0,0,0],[0,4731.4000000059605,0,0],[0,0,0,0],[0,4132.699999988079,0,0],[0,0,0,0],[0,0,0,0],[0,0,0,0],[0,0,0,0],[0,138.80000001192093,0,0],[0,0,0,0],[0,0,0,0],[0,3283.800000011921,0,0],[0,0,0,0],[0,0,0,0],[0,0,0,0],[0,0,0,0],[0,0,0,0]],"response":[[0,1,0,0],[0,1,0,0],[0,1,0,0],[0,1,0,0],[0,1,0,0],[0,1,0,0],[0,1,0,0],[0,1,0,0],[0,1,0,0],[0,1,0,0],[0,1,0,0],[0,1,0,0],[0,1,0,0],[0,1,0,0],[0,1,0,0],[0,1,0,0],[0,1,0,0],[0,1,0,0],[0,1,0,0],[0,1,0,0]],"framerate":[26.642984014108855,20.379706103250815,21.470746108374424,30.422715627765445,20.369643624584544,21.34357825096164,21.670278379649215,26.083072800357304,30.674299573867728,30.3697652115549,26.600017852360974,22.82453637660485,23.036537019130215,20.6810483152077,22.931643090911518,24.240695850537488,22.706549140929955,20.097463806801088,22.80217333214572,22.682216784743837]}
