{"practice":[1,1,1,1,1],"center_interval":[50,100,0,75,0],"image_pair":[2,2,1,4,4],"feature_space":[1,2,2,2,2],"left_img":[1,2,1,2,2],"img1Sample":[2,1,2,2,1],"img2Sample":[3,3,2,3,1],"key":[32,null,49,null,null],"correct":[null,null,true,null,null],"right_img":[2,1,2,1,1],"img_choice":[null,null,1,null,null],"center_sample":[1,1,3,3,3],"left_sample":[2,3,2,3,1],"right_sample":[3,1,2,2,1],"RT":[[0,368.10000002384186,0,0],[0,0,0,0],[0,2671.199999988079,0,0],[0,0,0,0],[0,0,0,0]],"response":[[0,1,0,0],[0,1,0,0],[0,1,0,0],[0,1,0,0],[0,1,0,0]],"framerate":[27.08916255282591,29.78101148428739,32.312147538484986,20.843725504213012,29.965753424625674]}
