{"practice":[0,0,0,0,0,0,0,0,0,0,0,0,0,0,0,0,0,0,0,0],"center_interval":[25,50,75,50,25,100,25,0,75,100,100,25,100,0,0,0,50,0,50,100],"image_pair":[2,3,4,4,3,2,3,4,2,4,1,1,4,4,1,4,1,1,4,2],"feature_space":[2,2,1,2,2,2,2,1,1,1,2,2,1,1,1,2,2,1,1,1],"left_img":[2,2,1,1,1,1,1,2,1,1,1,1,2,2,2,2,1,2,2,1],"img1Sample":[3,3,3,3,2,1,2,2,2,1,3,3,1,1,3,2,2,1,3,3],"img2Sample":[3,3,3,3,3,3,3,2,3,1,1,1,3,2,1,1,2,2,2,2],"key":[null,49,49,50,50,50,50,49,50,50,50,50,50,49,49,50,50,50,50,50],"correct":[null,false,false,false,false,true,false,false,true,true,true,false,false,false,false,true,false,true,true,true],"right_img":[1,1,2,2,2,2,2,1,2,2,2,2,1,1,1,1,2,1,1,2],"img_choice":[null,2,1,2,2,2,2,2,2,2,2,2,1,2,2,1,2,1,1,2],"center_sample":[1,1,1,3,2,2,2,1,1,3,2,2,1,2,1,3,1,2,1,1],"left_sample":[3,3,3,3,2,1,2,2,2,1,3,3,3,2,1,1,2,2,2,3],"right_sample":[3,3,3,3,3,3,3,2,3,1,1,1,1,1,3,2,2,1,3,2],"RT":[[0,0,0,0,0,0],[0,0,0,4013.5,0,0],[0,0,0,58.399999998509884,0,0],[0,0,0,424.6000000014901,0,0],[0,0,0,323,0,0],[0,0,0,238.89999999850988,0,0],[0,0,0,277.30000000447035,0,0],[0,0,0,121.30000000447035,0,0],[0,0,0,2700.5,0,0],[0,0,0,204.60000000149012,0,0],[0,0,0,396.30000000447035,0,0],[0,0,0,174,0,0],[0,0,0,2993.10000000149,0,0],[0,0,0,88.89999999850988,0,0],[0,0,0,137.89999999850988,0,0],[0,0,0,242.09999999403954,0,0],[0,0,0,2614.2000000029802,0,0],[0,0,0,560.3999999985099,0,0],[0,0,0,1667.6000000014901,0,0],[0,0,0,398.09999999403954,0,0]],"response":[[0,0,0,1,0,0],[0,0,0,1,0,0],[0,0,0,1,0,0],[0,0,0,1,0,0],[0,0,0,1,0,0],[0,0,0,1,0,0],[0,0,0,1,0,0],[0,0,0,1,0,0],[0,0,0,1,0,0],[0,0,0,1,0,0],[0,0,0,1,0,0],[0,0,0,1,0,0],[0,0,0,1,0,0],[0,0,0,1,0,0],[0,0,0,1,0,0],[0,0,0,1,0,0],[0,0,0,1,0,0],[0,0,0,1,0,0],[0,0,0,1,0,0],[0,0,0,1,0,0]],"framerate":[59.85951599670718,59.840718088603985,59.82816793630705,59.58291956308614,59.862987387071,59.54926797170588,59.84343663068163,59.84542780940686,59.85851623435516,59.800664451827245,59.61112324831034,59.86822301752206,59.856482439767746,59.83467644318415,59.8782022929719,59.860652252105204,59.85377262934662,59.82526284614245,59.612851369775804,59.61484440840501]}
