{"practice":[0,0,0,0,0,0,0,0,0,0,0,0,0,0,0,0,0,0,0,0],"center_interval":[50,50,100,0,100,25,50,75,25,0,100,75,75,100,0,75,75,0,50,100],"image_pair":[1,4,4,3,2,4,3,2,1,1,1,4,1,3,1,3,1,4,4,4],"feature_space":[2,1,1,2,1,2,2,1,1,2,1,2,1,1,2,1,1,2,2,2],"left_img":[2,2,1,1,2,1,1,1,1,2,1,1,2,1,1,1,1,1,1,1],"img1Sample":[3,2,3,3,2,3,1,2,3,2,2,1,1,2,1,2,3,1,1,2],"img2Sample":[1,3,3,2,3,3,3,1,1,2,2,1,2,1,3,1,2,3,3,3],"key":[49,50,49,50,null,49,50,49,49,49,49,49,50,50,50,50,49,50,49,49],"correct":[false,true,false,false,null,true,false,false,true,false,false,false,false,true,false,true,false,false,true,false],"right_img":[1,1,2,2,1,2,2,2,2,1,2,2,1,2,2,2,2,2,2,2],"img_choice":[2,1,1,2,null,1,2,1,1,2,1,1,1,2,2,2,1,2,1,1],"center_sample":[2,2,2,2,1,3,2,2,3,1,1,1,3,2,3,3,3,3,2,1],"left_sample":[1,3,3,3,3,3,1,2,3,2,2,1,2,2,1,2,3,1,1,2],"right_sample":[3,2,3,2,2,3,3,1,1,2,2,1,1,1,3,1,2,3,3,3],"RT":[[0,0,0,1305.5,0,0],[0,0,0,72,0,0],[0,0,0,50.900000005960464,0,0],[0,0,0,375.8999999985099,0,0],[0,0,0,0,0,0],[0,0,0,663.2000000029802,0,0],[0,0,0,1655.2000000029802,0,0],[0,0,0,463.6000000014901,0,0],[0,0,0,2122.8000000044703,0,0],[0,0,0,3131.89999999851,0,0],[0,0,0,479.09999999403954,0,0],[0,0,0,1179.8000000044703,0,0],[0,0,0,228.20000000298023,0,0],[0,0,0,716.7000000029802,0,0],[0,0,0,477.79999999701977,0,0],[0,0,0,468.59999999403954,0,0],[0,0,0,420.8999999985099,0,0],[0,0,0,21.900000005960464,0,0],[0,0,0,72,0,0],[0,0,0,222.89999999850988,0,0]],"response":[[0,0,0,1,0,0],[0,0,0,1,0,0],[0,0,0,1,0,0],[0,0,0,1,0,0],[0,0,0,1,0,0],[0,0,0,1,0,0],[0,0,0,1,0,0],[0,0,0,1,0,0],[0,0,0,1,0,0],[0,0,0,1,0,0],[0,0,0,1,0,0],[0,0,0,1,0,0],[0,0,0,1,0,0],[0,0,0,1,0,0],[0,0,0,1,0,0],[0,0,0,1,0,0],[0,0,0,1,0,0],[0,0,0,1,0,0],[0,0,0,1,0,0],[0,0,0,1,0,0]],"framerate":[59.85255833189237,59.86159169550174,59.86137366096436,59.859596339531905,59.85644706485517,59.86472873794791,59.85070946625515,50.233746624488184,59.84743974677871,59.69898259480367,59.87114028692232,59.59684487291849,59.83102666099778,59.573012570241296,59.903910478595975,59.186039416601204,59.93230444374083,59.846311838269486,59.511380246428864,59.85660724854002]}
