{"practice":[0,0,0,0,0,0,0,0,0,0,0,0,0,0,0,0,0,0,0,0],"center_interval":[25,50,75,25,25,50,100,0,50,75,0,75,75,75,75,25,0,0,25,25],"image_pair":[3,3,2,3,4,3,3,1,1,2,2,4,2,2,4,3,4,2,2,2],"feature_space":[1,1,1,2,1,1,1,1,1,2,1,2,1,2,2,2,2,1,1,1],"left_img":[2,1,2,1,1,2,2,2,2,2,2,1,2,1,1,2,2,1,1,1],"img1Sample":[2,2,1,1,3,3,3,2,2,2,3,3,2,2,3,3,3,1,2,2],"img2Sample":[3,2,3,3,2,2,1,1,1,1,3,3,3,1,1,3,2,1,1,1],"stim_time":[2000,2000,2000,2000,2000,2000,2000,2000,2000,2000,2000,2000,2000,2000,2000,2000,2000,2000,2000,2000],"key":[null,50,null,50,121,null,50,49,50,50,50,null,49,49,50,null,null,50,49,null],"correct":[null,false,null,false,null,null,false,false,true,false,true,null,true,false,true,null,null,false,true,null],"right_img":[1,2,1,2,2,1,1,1,1,1,1,2,1,2,2,1,1,2,2,2],"img_choice":[null,2,null,2,null,null,1,2,1,1,1,null,2,1,2,null,null,2,1,null],"center_sample":[3,3,2,3,3,3,2,1,3,1,3,1,3,3,1,2,2,1,1,1],"left_sample":[3,2,3,1,3,2,1,1,1,1,3,3,3,2,3,3,2,1,2,2],"right_sample":[2,2,1,3,2,3,3,2,2,2,3,3,2,1,1,3,3,1,1,1],"exact_match":[0,0,0,0,0,0,0,0,0,0,1,0,0,0,0,0,0,1,0,0],"RT":[[0,0,0,0,0,0],[0,0,0,1144,0,0],[0,0,0,0,0,0],[0,0,0,833,0,0],[0,0,0,413,0,0],[0,0,0,0,0,0],[0,0,0,1874,0,0],[0,0,0,1136,0,0],[0,0,0,2111,0,0],[0,0,0,2265,0,0],[0,0,0,1605,0,0],[0,0,0,0,0,0],[0,0,0,1975,0,0],[0,0,0,1897,0,0],[0,0,0,3974,0,0],[0,0,0,0,0,0],[0,0,0,0,0,0],[0,0,0,921,0,0],[0,0,0,1458,0,0],[0,0,0,0,0,0]],"response":[[0,0,0,1,0,0],[0,0,0,1,0,0],[0,0,0,1,0,0],[0,0,0,1,0,0],[0,0,0,1,0,0],[0,0,0,1,0,0],[0,0,0,1,0,0],[0,0,0,1,0,0],[0,0,0,1,0,0],[0,0,0,1,0,0],[0,0,0,1,0,0],[0,0,0,1,0,0],[0,0,0,1,0,0],[0,0,0,1,0,0],[0,0,0,1,0,0],[0,0,0,1,0,0],[0,0,0,1,0,0],[0,0,0,1,0,0],[0,0,0,1,0,0],[0,0,0,1,0,0]],"framerate":[29.167199692976844,29.175050301810867,28.79078694817658,29.033141605039713,27.192646495595557,27.3587317821529,29.05982905982906,29.17300862506342,27.647895913803616,27.875932469572046,28.9920724801812,27.88080317176109,27.62662201758058,28.39584657766476,28.390703147984702,27.518238832714708,26.951079320475156,29.333333333333332,29.983602717263995,27.0961145194274]}
