{"practice":[0,0,0,0,0,0,0,0,0,0,0,0,0,0,0,0,0,0,0,0],"center_interval":[50,50,75,25,100,50,25,75,0,25,100,0,100,50,50,25,75,0,50,0],"image_pair":[3,4,3,2,2,4,2,1,4,2,3,3,3,3,4,2,1,4,2,4],"feature_space":[1,2,1,1,1,2,1,2,2,1,2,2,1,1,1,1,1,2,2,2],"left_img":[2,2,2,2,2,2,1,1,2,1,1,2,2,1,1,2,1,2,2,2],"img1Sample":[2,2,1,2,1,2,3,3,2,3,2,3,1,1,2,2,2,2,2,3],"img2Sample":[1,3,3,1,2,1,3,1,1,1,1,1,1,3,2,1,3,2,2,3],"stim_time":[250,250,250,250,250,250,250,250,250,250,250,250,250,250,250,250,250,250,250,250],"key":[50,50,50,50,50,50,50,50,50,50,null,50,50,50,50,50,50,50,50,50],"correct":[true,true,false,true,false,true,false,true,true,false,null,true,false,false,false,true,true,true,true,true],"right_img":[1,1,1,1,1,1,2,2,1,2,2,1,1,2,2,1,2,1,1,1],"img_choice":[1,1,1,1,1,1,2,2,1,2,null,1,1,2,2,1,2,1,1,1],"center_sample":[3,3,1,1,3,2,3,1,1,1,3,2,1,2,2,3,3,3,3,1],"left_sample":[1,3,3,1,2,1,3,3,1,3,2,1,1,1,2,1,2,2,2,3],"right_sample":[2,2,1,2,1,2,3,1,2,1,1,3,1,3,2,2,3,2,2,3],"exact_match":[0,0,0,0,0,0,0,0,0,0,0,0,1,0,0,0,0,0,0,0],"RT":[[0,0,0,943,0,0],[0,0,0,1896,0,0],[0,0,0,1849,0,0],[0,0,0,1723,0,0],[0,0,0,71,0,0],[0,0,0,222,0,0],[0,0,0,265,0,0],[0,0,0,204,0,0],[0,0,0,94,0,0],[0,0,0,241,0,0],[0,0,0,0,0,0],[0,0,0,964,0,0],[0,0,0,645,0,0],[0,0,0,930,0,0],[0,0,0,407,0,0],[0,0,0,121,0,0],[0,0,0,438,0,0],[0,0,0,71,0,0],[0,0,0,1170,0,0],[0,0,0,60,0,0]],"response":[[0,0,0,1,0,0],[0,0,0,1,0,0],[0,0,0,1,0,0],[0,0,0,1,0,0],[0,0,0,1,0,0],[0,0,0,1,0,0],[0,0,0,1,0,0],[0,0,0,1,0,0],[0,0,0,1,0,0],[0,0,0,1,0,0],[0,0,0,1,0,0],[0,0,0,1,0,0],[0,0,0,1,0,0],[0,0,0,1,0,0],[0,0,0,1,0,0],[0,0,0,1,0,0],[0,0,0,1,0,0],[0,0,0,1,0,0],[0,0,0,1,0,0],[0,0,0,1,0,0]],"framerate":[27.709054923305295,25.329280648429588,26.487788097695216,27.977044476327116,26.714158504007127,25.700934579439252,27.334851936218676,28.83865939204988,26.90972222222222,27.0473328324568,25.755324418028724,26.719445818901537,27.12264150943396,26.250619118375436,26.512576478586,26.160337552742615,27.278775781769795,29.20353982300885,27.232142857142858,29.438001784121322]}
