{"practice":[0,0,0,0,0,0,0,0,0,0,0,0,0,0,0,0,0,0,0,0],"center_interval":[100,75,50,0,100,75,100,50,0,0,25,0,100,100,50,0,75,25,50,25],"image_pair":[2,2,4,2,1,4,4,1,3,1,2,4,3,1,3,2,3,1,2,4],"feature_space":[1,1,2,2,1,1,1,2,2,1,2,2,1,2,2,2,1,1,1,2],"left_img":[1,2,2,2,2,1,1,2,1,2,1,2,2,1,2,1,1,2,1,2],"img1Sample":[1,3,1,3,2,3,3,3,1,2,2,2,1,1,2,2,2,2,2,1],"img2Sample":[2,3,3,3,2,1,1,1,1,2,2,1,1,2,2,3,3,2,3,3],"stim_time":[250,250,250,250,250,250,250,250,250,250,250,250,250,250,250,250,250,250,250,250],"key":[null,49,50,49,null,null,50,null,49,null,null,50,50,null,49,null,49,null,null,49],"correct":[null,true,true,false,null,null,true,null,true,null,null,true,false,null,false,null,false,null,null,false],"right_img":[2,1,1,1,1,2,2,1,2,1,2,1,1,2,1,2,2,1,2,1],"img_choice":[null,2,1,2,null,null,2,null,1,null,null,1,1,null,2,null,1,null,null,2],"center_sample":[2,3,1,1,3,1,3,1,2,2,3,1,2,3,1,2,1,1,3,3],"left_sample":[1,3,3,3,2,3,3,1,1,2,2,1,1,1,2,2,2,2,2,3],"right_sample":[2,3,1,3,2,1,1,3,1,2,2,2,1,2,2,3,3,2,3,1],"exact_match":[1,0,0,0,0,0,0,0,0,1,0,0,0,0,0,1,0,0,0,0],"RT":[[0,0,0,0,0,0],[0,0,0,122,0,0],[0,0,0,1021,0,0],[0,0,0,4063,0,0],[0,0,0,0,0,0],[0,0,0,0,0,0],[0,0,0,2178,0,0],[0,0,0,0,0,0],[0,0,0,112,0,0],[0,0,0,0,0,0],[0,0,0,0,0,0],[0,0,0,1763,0,0],[0,0,0,1956,0,0],[0,0,0,0,0,0],[0,0,0,325,0,0],[0,0,0,0,0,0],[0,0,0,1372,0,0],[0,0,0,0,0,0],[0,0,0,0,0,0],[0,0,0,902,0,0]],"response":[[0,0,0,1,0,0],[0,0,0,1,0,0],[0,0,0,1,0,0],[0,0,0,1,0,0],[0,0,0,1,0,0],[0,0,0,1,0,0],[0,0,0,1,0,0],[0,0,0,1,0,0],[0,0,0,1,0,0],[0,0,0,1,0,0],[0,0,0,1,0,0],[0,0,0,1,0,0],[0,0,0,1,0,0],[0,0,0,1,0,0],[0,0,0,1,0,0],[0,0,0,1,0,0],[0,0,0,1,0,0],[0,0,0,1,0,0],[0,0,0,1,0,0],[0,0,0,1,0,0]],"framerate":[26.688632619439872,28.69198312236287,27.338129496402875,26.346604215456676,26.08552088492653,25.776602775941836,25.982060006186202,26.159921026653507,26.028547439126783,26.42007926023778,26.26362735381566,26.27840909090909,26.176275679257785,26.31578947368421,27.718550106609804,26.80921052631579,26.28336755646817,26.484619180786314,26.01679565288984,27.123848515864893]}
