{"practice":[0,0,0,0,0,0,0,0,0,0,0,0,0,0,0,0,0,0,0,0],"center_interval":[0,25,75,0,100,100,75,50,25,100,75,75,50,50,100,50,0,50,0,25],"image_pair":[2,3,2,3,4,3,2,1,4,1,3,1,1,3,2,2,2,3,3,1],"feature_space":[2,1,2,2,1,2,1,1,1,2,1,2,2,1,1,1,2,2,2,2],"left_img":[1,1,1,2,2,2,2,2,2,2,1,1,1,1,1,2,1,1,1,1],"img1Sample":[2,2,2,1,3,2,2,3,1,1,1,2,3,1,2,3,3,3,1,1],"img2Sample":[1,2,3,2,2,3,3,2,3,3,3,3,1,2,1,3,3,2,3,1],"key":[null,null,49,null,49,50,50,50,50,49,50,50,49,50,50,49,49,49,49,null],"correct":[null,null,false,null,true,false,false,true,true,true,true,true,true,false,true,false,true,true,true,null],"right_img":[2,2,2,1,1,1,1,1,1,1,2,2,2,2,2,1,2,2,2,2],"img_choice":[null,null,1,null,2,1,1,1,1,2,2,2,1,2,2,2,1,1,1,null],"center_sample":[1,1,2,2,3,2,2,2,2,2,3,1,3,3,2,2,1,3,2,1],"left_sample":[2,2,2,2,2,3,3,2,3,3,1,2,3,1,2,3,3,3,1,1],"right_sample":[1,2,3,1,3,2,2,3,1,1,3,3,1,2,1,3,3,2,3,1],"RT":[[0,0,0,0,0,0],[0,0,0,0,0,0],[0,0,0,3803.2999999970198,0,0],[0,0,0,0,0,0],[0,0,0,471.69999999552965,0,0],[0,0,0,224.20000000298023,0,0],[0,0,0,62.69999999552965,0,0],[0,0,0,722.0999999940395,0,0],[0,0,0,403.8999999985099,0,0],[0,0,0,296.8999999985099,0,0],[0,0,0,375,0,0],[0,0,0,276.6000000014901,0,0],[0,0,0,71.10000000149012,0,0],[0,0,0,4.300000004470348,0,0],[0,0,0,379,0,0],[0,0,0,549.2999999970198,0,0],[0,0,0,598.2999999970198,0,0],[0,0,0,858.3999999985099,0,0],[0,0,0,1493.6000000014901,0,0],[0,0,0,0,0,0]],"response":[[0,0,0,1,0,0],[0,0,0,1,0,0],[0,0,0,1,0,0],[0,0,0,1,0,0],[0,0,0,1,0,0],[0,0,0,1,0,0],[0,0,0,1,0,0],[0,0,0,1,0,0],[0,0,0,1,0,0],[0,0,0,1,0,0],[0,0,0,1,0,0],[0,0,0,1,0,0],[0,0,0,1,0,0],[0,0,0,1,0,0],[0,0,0,1,0,0],[0,0,0,1,0,0],[0,0,0,1,0,0],[0,0,0,1,0,0],[0,0,0,1,0,0],[0,0,0,1,0,0]],"framerate":[59.84877611175189,59.86949219904086,59.68570565125415,59.871812913354944,59.841846548462236,59.87039047340018,59.513451432058595,59.841179807146915,59.872770363034306,59.54296749275829,59.85760191538706,59.84730848869939,59.84898569875197,59.873837271495496,59.8520932565391,59.56458289895538,59.56223226331275,59.85091680727417,49.14863385430732,59.855679881046235]}
