{"practice":[0,0,0,0,0,0,0,0,0,0,0,0,0,0,0,0,0,0,0,0],"center_interval":[0,25,75,0,25,75,100,0,100,75,75,0,50,50,0,0,100,50,25,50],"image_pair":[1,4,1,2,2,2,1,2,3,1,4,4,4,1,1,1,4,3,3,1],"feature_space":[1,2,1,2,1,1,1,2,1,2,1,1,1,1,1,1,2,2,2,1],"left_img":[1,1,2,2,1,1,2,2,1,1,1,1,2,2,2,2,2,1,2,2],"img1Sample":[1,3,2,3,3,2,2,3,1,2,2,1,3,1,3,3,3,3,3,3],"img2Sample":[1,3,3,2,3,2,3,3,3,2,1,2,3,3,2,2,3,2,2,3],"stim_time":[250,250,250,250,250,250,250,250,250,250,250,250,250,250,250,250,250,250,250,250],"key":[50,50,50,50,50,50,null,50,null,50,50,50,50,50,50,50,50,50,51,null],"correct":[false,false,false,true,false,true,null,true,null,true,true,false,true,true,true,true,false,false,null,null],"right_img":[2,2,1,1,2,2,1,1,2,2,2,2,1,1,1,1,1,2,1,1],"img_choice":[2,2,1,1,2,2,null,1,null,2,2,2,1,1,1,1,1,2,null,null],"center_sample":[3,1,1,2,1,1,1,2,3,2,2,3,2,1,2,2,2,1,2,2],"left_sample":[1,3,3,2,3,2,3,3,1,2,2,1,3,3,2,2,3,3,2,3],"right_sample":[1,3,2,3,3,2,2,3,3,2,1,2,3,1,3,3,3,2,3,3],"exact_match":[0,0,0,0,0,0,0,0,1,0,0,0,0,0,0,0,0,0,0,0],"RT":[[0,0,0,3296,0,0],[0,0,0,2886,0,0],[0,0,0,3043,0,0],[0,0,0,3235,0,0],[0,0,0,1038,0,0],[0,0,0,4408,0,0],[0,0,0,0,0,0],[0,0,0,2224,0,0],[0,0,0,0,0,0],[0,0,0,1487,0,0],[0,0,0,2330,0,0],[0,0,0,1683,0,0],[0,0,0,2817,0,0],[0,0,0,2601,0,0],[0,0,0,2867,0,0],[0,0,0,2205,0,0],[0,0,0,1757,0,0],[0,0,0,2850,0,0],[0,0,0,2551,0,0],[0,0,0,0,0,0]],"response":[[0,0,0,1,0,0],[0,0,0,1,0,0],[0,0,0,1,0,0],[0,0,0,1,0,0],[0,0,0,1,0,0],[0,0,0,1,0,0],[0,0,0,1,0,0],[0,0,0,1,0,0],[0,0,0,1,0,0],[0,0,0,1,0,0],[0,0,0,1,0,0],[0,0,0,1,0,0],[0,0,0,1,0,0],[0,0,0,1,0,0],[0,0,0,1,0,0],[0,0,0,1,0,0],[0,0,0,1,0,0],[0,0,0,1,0,0],[0,0,0,1,0,0],[0,0,0,1,0,0]],"framerate":[27.218664226898447,26.082552544948086,26.84891383939468,27.10215427380125,26.67313288069835,26.497277676950997,19.64668978041935,23.501054534498344,26.138418543481837,27.365129007036746,26.15339406406112,26.782482808541438,25.900025900025902,25.836279575741095,26.168699186991873,26.331904470300064,25.886524822695034,26.929982046678635,26.951058201058203,26.471555409404804]}
