{"practice":[0,0,0,0,0,0,0,0,0,0,0,0,0,0,0,0,0,0,0,0],"center_interval":[75,25,50,75,0,100,0,100,75,100,0,75,0,75,0,50,75,50,0,75],"image_pair":[1,2,4,3,2,4,2,1,1,4,3,4,1,2,1,1,1,2,4,2],"feature_space":[1,2,1,2,2,1,1,2,2,1,2,1,2,2,1,1,1,1,1,2],"left_img":[2,2,1,1,1,1,1,1,1,2,1,1,2,1,2,2,1,1,1,1],"img1Sample":[2,2,1,3,1,3,3,1,2,3,1,1,1,3,2,1,3,3,1,3],"img2Sample":[2,3,3,3,1,2,3,3,1,2,3,2,2,2,2,2,2,2,3,2],"key":[49,49,50,50,50,49,50,49,50,50,49,50,49,49,50,50,49,49,50,49],"correct":[true,false,false,true,false,false,false,false,true,false,true,true,false,false,true,true,false,true,false,false],"right_img":[1,1,2,2,2,2,2,2,2,1,2,2,1,2,1,1,2,2,2,2],"img_choice":[2,2,2,2,2,1,2,1,2,1,1,2,2,1,1,1,1,1,2,1],"center_sample":[1,3,2,2,3,1,1,1,2,1,3,2,2,1,1,1,3,2,2,1],"left_sample":[2,3,1,3,1,3,3,1,2,2,1,1,2,3,2,2,3,3,1,3],"right_sample":[2,2,3,3,1,2,3,3,1,3,3,2,1,2,2,1,2,2,3,2],"RT":[[0,0,0,544.1999999955297,0,0],[0,0,0,386.3999999985099,0,0],[0,0,0,269,0,0],[0,0,0,112,0,0],[0,0,0,404.6000000014901,0,0],[0,0,0,365.3999999985099,0,0],[0,0,0,142.29999999701977,0,0],[0,0,0,229.10000000149012,0,0],[0,0,0,386.8999999985099,0,0],[0,0,0,237.5,0,0],[0,0,0,1306.7000000029802,0,0],[0,0,0,778.6000000014901,0,0],[0,0,0,425.79999999701977,0,0],[0,0,0,1534.3000000044703,0,0],[0,0,0,344.70000000298023,0,0],[0,0,0,776.1000000014901,0,0],[0,0,0,243.60000000149012,0,0],[0,0,0,1747.2000000029802,0,0],[0,0,0,202.70000000298023,0,0],[0,0,0,369.79999999701977,0,0]],"response":[[0,0,0,1,0,0],[0,0,0,1,0,0],[0,0,0,1,0,0],[0,0,0,1,0,0],[0,0,0,1,0,0],[0,0,0,1,0,0],[0,0,0,1,0,0],[0,0,0,1,0,0],[0,0,0,1,0,0],[0,0,0,1,0,0],[0,0,0,1,0,0],[0,0,0,1,0,0],[0,0,0,1,0,0],[0,0,0,1,0,0],[0,0,0,1,0,0],[0,0,0,1,0,0],[0,0,0,1,0,0],[0,0,0,1,0,0],[0,0,0,1,0,0],[0,0,0,1,0,0]],"framerate":[59.81964822472869,59.557394520803165,59.8432367384856,59.88843639845001,59.549791108090275,59.85760191552757,59.509721048182584,59.18716296193069,59.55721858434674,59.83692793263771,59.85547093605421,59.86189998883807,59.88393628840312,59.865073334796996,47.504433747127315,59.853567550989894,59.839121051540666,59.64781474098277,59.85037406483791,59.86891857824262]}
