{"practice":[1,1,1,1,1],"center_interval":[0,100,0,50,75],"image_pair":[3,4,4,1,4],"feature_space":[2,2,2,1,1],"left_img":[2,2,1,2,1],"img1Sample":[2,1,3,1,2],"img2Sample":[3,1,1,1,3],"key":[null,null,null,null,49],"correct":[null,null,null,null,false],"right_img":[1,1,2,1,2],"img_choice":[null,null,null,null,1],"center_sample":[1,3,1,1,2],"left_sample":[3,1,3,1,2],"right_sample":[2,1,1,1,3],"RT":[[0,0,0,0,0,0],[0,0,0,0,0,0],[0,0,0,0,0,0],[0,0,0,0,0,0],[0,0,0,3692.2999999970198,0,0]],"response":[[0,0,0,1,0,0],[0,0,0,1,0,0],[0,0,0,1,0,0],[0,0,0,1,0,0],[0,0,0,1,0,0]],"framerate":[58.681836818334574,59.74158884482538,59.85798149147356,59.855679881046235,59.844312482734]}
