{"practice":[0,0,0,0,0,0,0,0,0,0,0,0,0,0,0,0,0,0,0,0],"center_interval":[75,0,75,0,75,100,25,50,25,100,75,25,50,25,50,75,75,100,100,100],"image_pair":[1,4,2,4,3,4,2,1,2,1,2,1,4,4,2,4,4,4,2,3],"feature_space":[2,1,1,1,2,2,2,2,1,2,2,2,1,2,2,2,1,1,1,2],"left_img":[2,1,1,1,2,1,1,1,2,2,1,2,2,2,1,2,2,1,1,2],"img1Sample":[1,1,3,3,2,1,1,3,2,2,3,3,2,2,3,1,3,1,1,3],"img2Sample":[2,1,3,2,3,3,1,3,3,2,3,3,2,2,2,1,2,1,3,1],"stim_time":[2000,2000,2000,2000,2000,2000,2000,2000,2000,2000,2000,2000,2000,2000,2000,2000,2000,2000,2000,2000],"key":[null,50,50,50,49,50,49,50,50,null,null,null,50,51,49,50,50,50,null,50],"correct":[null,false,true,false,true,true,true,false,true,null,null,null,true,null,true,false,false,true,null,false],"right_img":[1,2,2,2,1,2,2,2,1,1,2,1,1,1,2,1,1,2,2,1],"img_choice":[null,2,2,2,2,2,1,2,1,null,null,null,1,null,1,1,1,2,null,1],"center_sample":[1,3,3,2,1,1,1,2,3,1,3,2,1,3,2,1,1,3,3,3],"left_sample":[2,1,3,3,3,1,1,3,3,2,3,3,2,2,3,1,2,1,1,1],"right_sample":[1,1,3,2,2,3,1,3,2,2,3,3,2,2,2,1,3,1,3,3],"exact_match":[0,0,0,0,0,0,0,0,0,0,0,0,0,0,0,0,0,0,1,0],"RT":[[0,0,0,0,0,0],[0,0,0,3653,0,0],[0,0,0,3542,0,0],[0,0,0,1852,0,0],[0,0,0,3964,0,0],[0,0,0,624,0,0],[0,0,0,2919,0,0],[0,0,0,4320,0,0],[0,0,0,2583,0,0],[0,0,0,0,0,0],[0,0,0,0,0,0],[0,0,0,0,0,0],[0,0,0,4501,0,0],[0,0,0,1204,0,0],[0,0,0,1651,0,0],[0,0,0,1003,0,0],[0,0,0,947,0,0],[0,0,0,1315,0,0],[0,0,0,0,0,0],[0,0,0,3570,0,0]],"response":[[0,0,0,1,0,0],[0,0,0,1,0,0],[0,0,0,1,0,0],[0,0,0,1,0,0],[0,0,0,1,0,0],[0,0,0,1,0,0],[0,0,0,1,0,0],[0,0,0,1,0,0],[0,0,0,1,0,0],[0,0,0,1,0,0],[0,0,0,1,0,0],[0,0,0,1,0,0],[0,0,0,1,0,0],[0,0,0,1,0,0],[0,0,0,1,0,0],[0,0,0,1,0,0],[0,0,0,1,0,0],[0,0,0,1,0,0],[0,0,0,1,0,0],[0,0,0,1,0,0]],"framerate":[26.49091374456104,26.608910891089106,27.112232030264817,26.980728051391864,27.68777614138439,28.862973760932945,27.564549895324497,26.909600560616678,26.58788774002954,26.00563668972585,27.04088171216199,27.24830497633363,27.170944838885855,27.141211112533608,27.68475106050458,27.218005757655067,27.527792482795128,27.314479091128838,26.874840030714104,27.065081351689614]}
