{"practice":[0,0,0,0,0,0,0,0,0,0,0,0,0,0,0,0,0,0,0,0],"center_interval":[50,100,0,75,25,0,100,50,0,100,100,0,75,100,50,75,25,75,75,0],"image_pair":[1,4,3,2,1,1,3,1,2,4,2,2,1,2,3,2,4,3,2,2],"feature_space":[1,2,1,1,1,1,1,1,1,2,2,2,1,2,1,1,2,1,2,1],"left_img":[2,2,1,2,1,2,2,2,2,2,2,2,1,2,2,1,1,1,2,1],"img1Sample":[2,2,3,1,1,2,2,1,2,1,1,1,2,1,2,3,1,2,3,1],"img2Sample":[3,1,2,1,3,2,1,1,3,2,2,2,3,1,3,3,3,1,3,2],"key":[49,50,49,49,49,50,49,50,49,50,50,50,50,50,49,49,50,50,50,49],"correct":[false,false,true,true,true,true,true,true,false,false,false,true,true,false,false,false,false,true,false,true],"right_img":[1,1,2,1,2,1,1,1,1,1,1,1,2,1,1,2,2,2,1,2],"img_choice":[2,1,1,2,1,1,2,1,2,1,1,1,2,1,2,1,2,2,1,1],"center_sample":[2,2,2,3,1,3,2,1,1,1,3,2,3,3,2,3,3,3,3,3],"left_sample":[3,1,3,1,1,2,1,1,3,2,2,2,2,1,3,3,1,2,3,1],"right_sample":[2,2,2,1,3,2,2,1,2,1,1,1,3,1,2,3,3,1,3,2],"RT":[[0,721,0,0],[0,748,0,0],[0,721,0,0],[0,837,0,0],[0,566,0,0],[0,522,0,0],[0,933,0,0],[0,938,0,0],[0,603,0,0],[0,413,0,0],[0,693,0,0],[0,657,0,0],[0,1514,0,0],[0,855,0,0],[0,162,0,0],[0,718,0,0],[0,296,0,0],[0,169,0,0],[0,257,0,0],[0,201,0,0]],"response":[[0,1,0,0],[0,1,0,0],[0,1,0,0],[0,1,0,0],[0,1,0,0],[0,1,0,0],[0,1,0,0],[0,1,0,0],[0,1,0,0],[0,1,0,0],[0,1,0,0],[0,1,0,0],[0,1,0,0],[0,1,0,0],[0,1,0,0],[0,1,0,0],[0,1,0,0],[0,1,0,0],[0,1,0,0],[0,1,0,0]],"framerate":[31.180400890868597,32.09336250911743,32.01787043931497,29.972752043596728,30.252100840336134,32.05699020480855,29.374201787994895,32.081911262798634,29.702970297029704,32.00775945683802,31.914893617021278,32.10649960845733,31.058823529411764,31.994554118447923,31.9693094629156,27.715355805243448,33.87978142076503,31.9693094629156,32.036613272311214,32.01970443349754]}
