{"practice":[1,1,1,1,1],"center_interval":[25,50,0,50,25],"image_pair":[2,2,2,4,2],"feature_space":[1,1,1,2,1],"left_img":[2,1,2,2,1],"img1Sample":[3,1,1,2,2],"img2Sample":[2,1,3,3,1],"key":[50,49,49,50,50],"correct":[true,true,false,true,false],"right_img":[1,2,1,1,2],"img_choice":[1,1,2,1,2],"center_sample":[1,2,3,1,3],"left_sample":[2,1,3,3,2],"right_sample":[3,1,1,2,1],"RT":[[0,1121,0,0],[0,828,0,0],[0,859,0,0],[0,957,0,0],[0,967,0,0]],"response":[[0,1,0,0],[0,1,0,0],[0,1,0,0],[0,1,0,0],[0,1,0,0]],"framerate":[32.01829616923956,32.011134307585245,28.590878148400275,32.010243277848915,31.994981179422837]}
