{"practice":[0,0,0,0,0,0,0,0,0,0,0,0,0,0,0,0,0,0,0,0],"center_interval":[100,75,25,25,0,0,50,100,0,100,75,75,50,0,50,0,75,75,25,50],"image_pair":[1,3,3,3,3,1,4,1,3,1,4,3,1,4,3,3,3,4,3,4],"feature_space":[2,1,1,2,2,2,1,1,1,1,1,2,1,1,2,1,1,1,2,1],"left_img":[2,1,1,2,2,2,2,1,1,2,2,2,2,1,1,2,2,1,2,1],"img1Sample":[1,1,3,1,2,2,2,3,1,3,3,2,1,3,1,1,1,1,1,1],"img2Sample":[2,1,1,1,2,1,1,2,1,2,3,2,1,3,3,2,1,3,3,2],"key":[49,49,50,49,49,49,49,50,50,50,49,49,49,50,49,49,50,49,50,50],"correct":[true,false,false,false,false,false,false,true,false,false,true,true,false,false,true,false,false,false,true,false],"right_img":[1,2,2,1,1,1,1,2,2,1,1,1,1,2,2,1,1,2,1,2],"img_choice":[2,1,2,2,2,2,2,2,2,1,2,2,2,2,1,2,1,1,1,2],"center_sample":[3,2,1,3,1,1,1,3,2,1,2,1,2,2,2,2,3,2,1,3],"left_sample":[2,1,3,1,2,1,1,3,1,2,3,2,1,3,1,2,1,1,3,1],"right_sample":[1,1,1,1,2,2,2,2,1,3,3,2,1,3,3,1,1,3,1,2],"RT":[[0,994,0,0],[0,1664,0,0],[0,1423,0,0],[0,838,0,0],[0,654,0,0],[0,603,0,0],[0,705,0,0],[0,943,0,0],[0,630,0,0],[0,592,0,0],[0,165,0,0],[0,642,0,0],[0,729,0,0],[0,464,0,0],[0,789,0,0],[0,703,0,0],[0,387,0,0],[0,612,0,0],[0,474,0,0],[0,1031,0,0]],"response":[[0,1,0,0],[0,1,0,0],[0,1,0,0],[0,1,0,0],[0,1,0,0],[0,1,0,0],[0,1,0,0],[0,1,0,0],[0,1,0,0],[0,1,0,0],[0,1,0,0],[0,1,0,0],[0,1,0,0],[0,1,0,0],[0,1,0,0],[0,1,0,0],[0,1,0,0],[0,1,0,0],[0,1,0,0],[0,1,0,0]],"framerate":[32.021347565043364,28.583438419503995,32.06709422792304,31.313818924438394,29.595015576323988,31.9672131147541,32.06106870229008,29.449423815620996,32.02562049639712,31.99343724364233,32.010243277848915,32,31.875463306152707,32.13957759412305,29.902642559109875,31.963470319634705,29.05811623246493,32.01970443349754,31.963470319634705,29.60725075528701]}
