{"practice":[0,0,0,0,0,0,0,0,0,0,0,0,0,0,0,0,0,0,0,0],"center_interval":[100,100,100,25,50,0,0,50,75,0,100,25,75,75,75,0,25,50,50,25],"image_pair":[1,4,4,4,3,4,4,4,4,3,3,4,3,2,3,1,1,1,1,4],"feature_space":[2,1,2,2,1,1,2,2,1,2,2,1,1,1,1,1,2,1,1,1],"left_img":[2,2,2,2,1,2,2,2,1,1,2,2,2,2,2,1,2,1,2,2],"img1Sample":[2,2,2,2,1,3,1,3,3,1,1,3,1,1,2,1,3,2,1,1],"img2Sample":[2,2,3,1,1,3,1,3,2,3,3,3,2,1,1,2,1,2,3,2],"key":[50,49,49,50,50,50,50,50,49,49,49,50,50,null,49,49,50,49,50,49],"correct":[false,true,true,true,false,true,true,true,false,true,true,true,false,null,true,true,true,true,true,false],"right_img":[1,1,1,1,2,1,1,1,2,2,1,1,1,1,1,2,1,2,1,1],"img_choice":[1,2,2,1,2,1,1,1,1,1,2,1,1,null,2,1,1,1,1,2],"center_sample":[1,3,2,1,2,1,2,3,2,2,1,2,2,3,3,2,3,3,1,1],"left_sample":[2,2,3,1,1,3,1,3,3,1,3,3,2,1,1,1,1,2,3,2],"right_sample":[2,2,2,2,1,3,1,3,2,3,1,3,1,1,2,2,3,2,1,1],"RT":[[0,0,0,1288.5,0,0],[0,0,0,1628.6999998092651,0,0],[0,0,0,1329.2999997138977,0,0],[0,0,0,1395,0,0],[0,0,0,1827,0,0],[0,0,0,1969.3000001907349,0,0],[0,0,0,2537,0,0],[0,0,0,1392,0,0],[0,0,0,2759,0,0],[0,0,0,769.4000000953674,0,0],[0,0,0,1191,0,0],[0,0,0,2358,0,0],[0,0,0,2238.9000000953674,0,0],[0,0,0,0,0,0],[0,0,0,1554,0,0],[0,0,0,1697.5,0,0],[0,0,0,3172.9000000953674,0,0],[0,0,0,1659.1999998092651,0,0],[0,0,0,111.5,0,0],[0,0,0,290.69999980926514,0,0]],"response":[[0,0,0,1,0,0],[0,0,0,1,0,0],[0,0,0,1,0,0],[0,0,0,1,0,0],[0,0,0,1,0,0],[0,0,0,1,0,0],[0,0,0,1,0,0],[0,0,0,1,0,0],[0,0,0,1,0,0],[0,0,0,1,0,0],[0,0,0,1,0,0],[0,0,0,1,0,0],[0,0,0,1,0,0],[0,0,0,1,0,0],[0,0,0,1,0,0],[0,0,0,1,0,0],[0,0,0,1,0,0],[0,0,0,1,0,0],[0,0,0,1,0,0],[0,0,0,1,0,0]],"framerate":[59.982444165473694,59.986920142651236,59.9859710270571,59.98714561029284,59.98489588952422,59.98787701200975,59.983182285340554,59.98857360911323,59.985632183908045,59.98549187624519,59.98650304253619,59.98568083637054,59.988121164125914,59.98615703921641,59.98580488848626,59.986669628971335,56.138474902081576,59.982094897045656,59.98697426290145,59.99032414126754]}
