{"practice":[1,1,1,1,1],"center_interval":[75,25,50,0,50],"image_pair":[3,2,4,2,1],"feature_space":[2,1,1,2,1],"left_img":[1,2,1,2,2],"img1Sample":[2,3,1,1,3],"img2Sample":[3,2,3,2,1],"key":[49,50,49,50,50],"correct":[false,true,true,true,true],"right_img":[2,1,2,1,1],"img_choice":[1,1,1,1,1],"center_sample":[3,2,3,3,2],"left_sample":[2,2,1,2,1],"right_sample":[3,3,3,1,3],"RT":[[0,0,0,3626.7000002861023,0,0],[0,0,0,2670.7000002861023,0,0],[0,0,0,2305.5999999046326,0,0],[0,0,0,1771.7999997138977,0,0],[0,0,0,1235.0999999046326,0,0]],"response":[[0,0,0,1,0,0],[0,0,0,1,0,0],[0,0,0,1,0,0],[0,0,0,1,0,0],[0,0,0,1,0,0]],"framerate":[59.820693297642144,59.801633608720344,59.98671303852406,59.988656692867224,59.983708123008086]}
