{"practice":[0,0,0,0,0,0,0,0,0,0,0,0,0,0,0,0,0,0,0,0],"center_interval":[75,100,25,0,25,0,100,50,25,75,100,75,75,100,100,50,0,25,100,50],"image_pair":[4,1,3,2,4,4,3,2,1,2,3,4,4,3,2,2,3,4,4,2],"feature_space":[1,1,2,1,1,2,2,1,1,1,1,2,2,1,1,1,1,1,2,2],"left_img":[1,2,1,1,2,2,2,2,1,2,1,2,1,1,2,1,1,1,2,1],"img1Sample":[3,1,1,1,1,1,2,1,1,2,1,2,3,1,3,1,1,3,2,2],"img2Sample":[3,1,3,3,3,2,1,1,3,2,2,2,2,1,3,2,3,2,2,3],"key":[49,49,50,49,49,50,50,49,50,49,49,49,50,50,50,49,null,49,50,50],"correct":[false,true,false,true,false,true,false,false,false,true,false,true,true,true,false,true,null,true,false,false],"right_img":[2,1,2,2,1,1,1,1,2,1,2,1,2,2,1,2,2,2,1,2],"img_choice":[1,2,2,1,2,1,1,2,2,2,1,2,2,2,1,1,null,1,1,2],"center_sample":[3,3,1,3,1,3,2,3,2,3,1,3,2,3,1,1,3,2,3,3],"left_sample":[3,1,1,1,3,2,1,1,1,2,1,2,3,1,3,1,1,3,2,2],"right_sample":[3,1,3,3,1,1,2,1,3,2,2,2,2,1,3,2,3,2,2,3],"RT":[[0,0,0,937.7999997138977,0,0],[0,0,0,2442.5999999046326,0,0],[0,0,0,2399.0999999046326,0,0],[0,0,0,997.8999996185303,0,0],[0,0,0,1253.8000001907349,0,0],[0,0,0,1279.3999996185303,0,0],[0,0,0,2605.5,0,0],[0,0,0,1620.1999998092651,0,0],[0,0,0,953.7999997138977,0,0],[0,0,0,1545.9000000953674,0,0],[0,0,0,1253.5999999046326,0,0],[0,0,0,1711,0,0],[0,0,0,2329.5,0,0],[0,0,0,1659,0,0],[0,0,0,1655.2999997138977,0,0],[0,0,0,1236.5,0,0],[0,0,0,0,0,0],[0,0,0,1263.2000002861023,0,0],[0,0,0,2795.199999809265,0,0],[0,0,0,2011.3000001907349,0,0]],"response":[[0,0,0,1,0,0],[0,0,0,1,0,0],[0,0,0,1,0,0],[0,0,0,1,0,0],[0,0,0,1,0,0],[0,0,0,1,0,0],[0,0,0,1,0,0],[0,0,0,1,0,0],[0,0,0,1,0,0],[0,0,0,1,0,0],[0,0,0,1,0,0],[0,0,0,1,0,0],[0,0,0,1,0,0],[0,0,0,1,0,0],[0,0,0,1,0,0],[0,0,0,1,0,0],[0,0,0,1,0,0],[0,0,0,1,0,0],[0,0,0,1,0,0],[0,0,0,1,0,0]],"framerate":[58.90819916985231,59.98857360502761,59.98731037775102,59.977902876382394,59.99508237029752,59.97992508209651,59.98855603142328,59.992331805922255,59.97399358255942,59.99310424089185,59.98623266228662,59.980965451344645,59.98987184204787,59.986122609583866,59.984779985040014,59.98963141749249,59.98385050252118,59.98328335148271,59.9931744272012,55.56620042153669]}
