{"practice":[0,0,0,0,0,0,0,0,0,0,0,0,0,0,0,0,0,0,0,0],"center_interval":[50,100,100,50,75,50,25,0,100,0,100,50,100,75,100,50,0,25,50,50],"image_pair":[4,4,1,1,4,4,1,4,3,2,1,1,3,4,1,4,2,4,1,2],"feature_space":[1,2,2,1,2,1,1,1,2,2,1,2,1,2,2,2,1,2,1,2],"left_img":[2,1,2,1,1,1,1,2,1,1,2,1,1,2,2,1,2,2,2,1],"img1Sample":[3,1,3,2,1,2,2,2,3,3,2,2,2,3,2,1,2,1,3,1],"img2Sample":[2,1,1,1,2,1,3,1,3,3,1,3,2,3,2,3,3,1,1,3],"key":[49,50,49,49,50,50,49,49,null,49,49,50,49,49,49,50,50,50,50,50],"correct":[false,true,true,true,true,false,true,false,null,true,true,false,false,true,true,false,true,true,true,false],"right_img":[1,2,1,2,2,2,2,1,2,2,1,2,2,1,1,2,1,1,1,2],"img_choice":[2,2,2,1,2,2,1,2,null,1,2,2,1,2,2,2,1,1,1,2],"center_sample":[1,2,2,3,1,3,3,3,2,2,3,2,1,1,3,1,1,1,1,2],"left_sample":[2,1,1,2,1,2,2,1,3,3,1,2,2,3,2,1,3,1,1,1],"right_sample":[3,1,3,1,2,1,3,2,3,3,2,3,2,3,2,3,2,1,3,3],"RT":[[0,0,0,2355.4000000953674,0,0],[0,0,0,1505.8999996185303,0,0],[0,0,0,1388.6000003814697,0,0],[0,0,0,1891.5,0,0],[0,0,0,470.7999997138977,0,0],[0,0,0,1161.9000000953674,0,0],[0,0,0,2058.4000000953674,0,0],[0,0,0,2055,0,0],[0,0,0,0,0,0],[0,0,0,403.09999990463257,0,0],[0,0,0,959.5999999046326,0,0],[0,0,0,911.5,0,0],[0,0,0,570.6999998092651,0,0],[0,0,0,4410.10000038147,0,0],[0,0,0,912.4000000953674,0,0],[0,0,0,1483.2000002861023,0,0],[0,0,0,10.699999809265137,0,0],[0,0,0,1.8999996185302734,0,0],[0,0,0,15,0,0],[0,0,0,26,0,0]],"response":[[0,0,0,1,0,0],[0,0,0,1,0,0],[0,0,0,1,0,0],[0,0,0,1,0,0],[0,0,0,1,0,0],[0,0,0,1,0,0],[0,0,0,1,0,0],[0,0,0,1,0,0],[0,0,0,1,0,0],[0,0,0,1,0,0],[0,0,0,1,0,0],[0,0,0,1,0,0],[0,0,0,1,0,0],[0,0,0,1,0,0],[0,0,0,1,0,0],[0,0,0,1,0,0],[0,0,0,1,0,0],[0,0,0,1,0,0],[0,0,0,1,0,0],[0,0,0,1,0,0]],"framerate":[59.98335945622578,54.18924551537593,59.98428983021602,59.9910651629422,59.98964645521451,59.982862036533895,59.987262980759226,59.9835661462613,59.98769483256266,59.98818885045168,59.98036041144399,59.9752568477864,59.99881775559439,59.983930402809484,59.97848305540613,59.98086214004258,59.973739307385095,60.01420454545455,59.988002397501354,59.97107278069587]}
