{"practice":[1,1,1,1,1],"center_interval":[25,75,0,0,50],"image_pair":[4,3,3,3,2],"feature_space":[2,2,2,1,1],"left_img":[1,2,1,2,2],"img1Sample":[2,3,1,2,3],"img2Sample":[2,1,2,3,3],"stim_time":[2000,2000,2000,2000,2000],"key":[97,97,null,112,null],"correct":[null,null,null,null,null],"right_img":[2,1,2,1,1],"img_choice":[null,null,null,null,null],"center_sample":[1,1,3,2,3],"left_sample":[2,1,1,3,3],"right_sample":[2,3,2,2,3],"exact_match":[0,0,0,1,0],"RT":[[0,0,0,4109.699999988079,0,0],[0,0,0,1476.3999999910593,0,0],[0,0,0,0,0,0],[0,0,0,334.1000000089407,0,0],[0,0,0,0,0,0]],"response":[[0,0,0,1,0,0],[0,0,0,1,0,0],[0,0,0,1,0,0],[0,0,0,1,0,0],[0,0,0,1,0,0]],"framerate":[60.00281463098638,60.00127934497537,60.00281463098638,60.00204697810275,60.00051173148909]}
