{"practice":[0,0,0,0,0,0,0,0,0,0,0,0,0,0,0,0,0,0,0,0],"center_interval":[25,100,75,75,100,75,0,75,0,0,75,0,25,100,0,50,25,75,50,0],"image_pair":[3,1,2,4,2,3,4,1,1,2,3,4,4,4,4,2,1,4,1,4],"feature_space":[1,1,2,2,2,2,1,1,1,1,2,2,2,1,1,1,1,2,1,2],"left_img":[1,2,2,2,2,2,1,2,2,1,1,2,1,1,2,1,1,2,1,1],"img1Sample":[2,2,3,1,1,2,1,1,3,3,3,3,3,1,2,3,1,3,2,2],"img2Sample":[3,2,2,3,2,3,1,3,3,1,3,1,3,2,1,1,1,3,3,1],"key":[50,49,49,50,49,50,49,49,49,50,50,49,50,49,49,50,49,49,50,49],"correct":[false,true,true,false,true,false,true,true,false,false,true,false,false,false,false,false,true,true,false,true],"right_img":[2,1,1,1,1,1,2,1,1,2,2,1,2,2,1,2,2,1,2,2],"img_choice":[2,2,2,1,2,1,1,2,2,2,2,2,2,1,2,2,1,2,2,1],"center_sample":[1,1,3,2,1,2,2,2,1,1,2,2,2,1,1,2,3,2,3,1],"left_sample":[2,2,2,3,2,3,1,3,3,3,3,1,3,1,1,3,1,3,2,2],"right_sample":[3,2,3,1,1,2,1,1,3,1,3,3,3,2,2,1,1,3,3,1],"RT":[[0,0,0,425.2999999523163,0,0],[0,0,0,437,0,0],[0,0,0,656.6000001430511,0,0],[0,0,0,513.5999999046326,0,0],[0,0,0,568.2999999523163,0,0],[0,0,0,511.2000000476837,0,0],[0,0,0,503,0,0],[0,0,0,492.19999980926514,0,0],[0,0,0,677.5,0,0],[0,0,0,454.39999985694885,0,0],[0,0,0,527.6000001430511,0,0],[0,0,0,569.3999998569489,0,0],[0,0,0,669.9000000953674,0,0],[0,0,0,526.3999998569489,0,0],[0,0,0,4101.599999904633,0,0],[0,0,0,633.0999999046326,0,0],[0,0,0,524.5999999046326,0,0],[0,0,0,531.9000000953674,0,0],[0,0,0,330.2000000476837,0,0],[0,0,0,570.7999999523163,0,0]],"response":[[0,0,0,1,0,0],[0,0,0,1,0,0],[0,0,0,1,0,0],[0,0,0,1,0,0],[0,0,0,1,0,0],[0,0,0,1,0,0],[0,0,0,1,0,0],[0,0,0,1,0,0],[0,0,0,1,0,0],[0,0,0,1,0,0],[0,0,0,1,0,0],[0,0,0,1,0,0],[0,0,0,1,0,0],[0,0,0,1,0,0],[0,0,0,1,0,0],[0,0,0,1,0,0],[0,0,0,1,0,0],[0,0,0,1,0,0],[0,0,0,1,0,0],[0,0,0,1,0,0]],"framerate":[59.933887359598465,59.928333130925004,59.928546729448406,59.93795367781577,58.45350424224459,59.92351471244908,59.946981561460575,59.93280261438453,59.936908517350155,59.90952439348129,59.95563283256157,59.93709572047415,59.92316073251258,59.93227652495479,59.93398575564823,59.93599068955485,59.93227652923664,59.93586861886303,59.92986930188077,57.8802823148451]}
