{"practice":[0,0,0,0,0,0,0,0,0,0,0,0,0,0,0,0,0,0,0,0],"center_interval":[25,100,50,100,50,0,50,0,75,100,0,0,100,75,50,100,50,0,50,100],"image_pair":[3,2,1,3,3,2,2,4,4,2,1,2,3,2,4,1,3,1,1,4],"feature_space":[1,2,1,2,2,2,2,2,2,2,2,1,2,2,1,2,1,1,1,1],"left_img":[2,1,2,1,1,1,1,2,1,2,1,1,1,2,1,1,1,2,2,2],"img1Sample":[3,1,1,1,1,2,2,1,3,3,2,1,3,3,2,2,1,1,2,3],"img2Sample":[1,1,2,1,1,1,2,3,1,1,3,3,3,1,3,2,3,2,1,1],"key":[49,50,50,49,50,49,50,50,49,49,49,50,50,50,49,49,49,50,49,50],"correct":[false,true,true,false,false,true,false,true,false,true,true,false,true,false,true,false,true,true,false,false],"right_img":[1,2,1,2,2,2,2,1,2,1,2,2,2,1,2,2,2,1,1,1],"img_choice":[2,2,1,1,2,1,2,1,1,2,1,2,2,1,1,1,1,1,2,1],"center_sample":[1,3,1,3,3,1,3,3,3,3,1,2,1,1,3,1,2,2,1,2],"left_sample":[1,1,2,1,1,2,2,3,3,1,2,1,3,1,2,2,1,2,1,1],"right_sample":[3,1,1,1,1,1,2,1,1,3,3,3,3,3,3,2,3,1,2,3],"RT":[[0,0,0,658.5,0,0],[0,0,0,530.7999999523163,0,0],[0,0,0,570.7000000476837,0,0],[0,0,0,624.7000000476837,0,0],[0,0,0,659.7999999523163,0,0],[0,0,0,564.2999999523163,0,0],[0,0,0,602.2999999523163,0,0],[0,0,0,541.7000000476837,0,0],[0,0,0,470.09999990463257,0,0],[0,0,0,719.4000000953674,0,0],[0,0,0,590.3000001907349,0,0],[0,0,0,465,0,0],[0,0,0,523.2000000476837,0,0],[0,0,0,562.5,0,0],[0,0,0,680,0,0],[0,0,0,536.2999999523163,0,0],[0,0,0,574.5,0,0],[0,0,0,531.0999999046326,0,0],[0,0,0,491.90000009536743,0,0],[0,0,0,515.2999999523163,0,0]],"response":[[0,0,0,1,0,0],[0,0,0,1,0,0],[0,0,0,1,0,0],[0,0,0,1,0,0],[0,0,0,1,0,0],[0,0,0,1,0,0],[0,0,0,1,0,0],[0,0,0,1,0,0],[0,0,0,1,0,0],[0,0,0,1,0,0],[0,0,0,1,0,0],[0,0,0,1,0,0],[0,0,0,1,0,0],[0,0,0,1,0,0],[0,0,0,1,0,0],[0,0,0,1,0,0],[0,0,0,1,0,0],[0,0,0,1,0,0],[0,0,0,1,0,0],[0,0,0,1,0,0]],"framerate":[59.88023952260209,60.00240009514546,59.89977167003417,59.669344507935804,59.904383391344346,59.96200427112419,59.93477686383397,59.933804453929135,59.935172159850175,59.92424670780072,59.94358250973838,59.933339449854095,59.93227652495479,59.949547410595045,59.91113659165831,59.94452894507075,59.929737549924035,57.536709619418644,59.934616779097425,59.93614842823683]}
