{"practice":[0,0,0,0,0,0,0,0,0,0,0,0,0,0,0,0,0,0,0,0],"center_interval":[25,25,50,25,100,25,25,0,50,75,50,0,50,50,50,25,50,100,0,100],"image_pair":[2,2,3,3,3,3,2,4,3,1,1,2,1,2,1,1,4,3,1,3],"feature_space":[1,1,1,2,1,1,2,1,2,1,2,1,2,1,2,2,1,1,2,2],"left_img":[1,1,2,2,2,2,1,1,1,1,1,1,2,2,1,1,2,2,2,2],"img1Sample":[1,3,1,1,3,3,1,2,2,2,3,3,2,2,3,1,1,1,2,1],"img2Sample":[2,2,2,1,3,1,3,1,1,2,2,3,2,2,3,1,2,3,2,1],"key":[49,50,50,50,50,49,50,49,50,49,50,49,49,50,49,50,49,50,49,50],"correct":[true,false,true,true,false,false,false,true,false,false,false,true,false,true,true,false,false,false,false,false],"right_img":[2,2,1,1,1,1,2,2,2,2,2,2,1,1,2,2,1,1,1,1],"img_choice":[1,2,1,1,1,2,2,1,2,1,2,1,2,1,1,2,2,1,2,1],"center_sample":[2,1,3,3,1,3,2,3,2,3,3,2,1,2,1,3,3,1,1,3],"left_sample":[1,3,2,1,3,1,1,2,2,2,3,3,2,2,3,1,2,3,2,1],"right_sample":[2,2,1,1,3,3,3,1,1,2,2,3,2,2,3,1,1,1,2,1],"RT":[[0,0,0,472.2999999523163,0,0],[0,0,0,418.10000014305115,0,0],[0,0,0,637.1000001430511,0,0],[0,0,0,640,0,0],[0,0,0,609.6000001430511,0,0],[0,0,0,342.2999999523163,0,0],[0,0,0,578.6000001430511,0,0],[0,0,0,409.59999990463257,0,0],[0,0,0,548.3999998569489,0,0],[0,0,0,890.7999999523163,0,0],[0,0,0,419.90000009536743,0,0],[0,0,0,478.09999990463257,0,0],[0,0,0,520.0999999046326,0,0],[0,0,0,446.5,0,0],[0,0,0,538,0,0],[0,0,0,480.30000019073486,0,0],[0,0,0,438.69999980926514,0,0],[0,0,0,370,0,0],[0,0,0,480.10000014305115,0,0],[0,0,0,409.60000014305115,0,0]],"response":[[0,0,0,1,0,0],[0,0,0,1,0,0],[0,0,0,1,0,0],[0,0,0,1,0,0],[0,0,0,1,0,0],[0,0,0,1,0,0],[0,0,0,1,0,0],[0,0,0,1,0,0],[0,0,0,1,0,0],[0,0,0,1,0,0],[0,0,0,1,0,0],[0,0,0,1,0,0],[0,0,0,1,0,0],[0,0,0,1,0,0],[0,0,0,1,0,0],[0,0,0,1,0,0],[0,0,0,1,0,0],[0,0,0,1,0,0],[0,0,0,1,0,0],[0,0,0,1,0,0]],"framerate":[59.93489305859143,59.92114005668347,59.9374565645778,59.93398575564823,59.93100625788326,59.90871053270361,59.9616009452075,59.93230444457281,59.933804453929135,59.94167836853777,59.92858251824251,59.93489305859143,59.93946114767061,59.926244622003686,59.933804453929135,56.88732051511542,59.93361200077321,59.938492434389545,59.931246389131914,59.92858251824251]}
