{"practice":[1,1,1,1,1],"center_interval":[0,0,75,75,100],"image_pair":[2,2,2,3,3],"feature_space":[2,2,2,2,2],"left_img":[1,1,1,2,2],"img1Sample":[3,3,1,2,3],"img2Sample":[2,2,3,2,1],"key":[50,49,50,49,50],"correct":[false,true,true,true,false],"right_img":[2,2,2,1,1],"img_choice":[2,1,2,2,1],"center_sample":[2,2,3,2,3],"left_sample":[3,3,1,2,1],"right_sample":[2,2,3,2,3],"RT":[[0,0,0,657.6000001430511,0,0],[0,0,0,451.89999985694885,0,0],[0,0,0,429.09999990463257,0,0],[0,0,0,408.59999990463257,0,0],[0,0,0,420.80000019073486,0,0]],"response":[[0,0,0,1,0,0],[0,0,0,1,0,0],[0,0,0,1,0,0],[0,0,0,1,0,0],[0,0,0,1,0,0]],"framerate":[59.93545412467845,59.935454126325496,59.93573900236591,59.92858251824251,59.92463087927729]}
