{"practice":[0,0,0,0,0,0,0,0,0,0,0,0,0,0,0,0,0,0,0,0],"center_interval":[0,25,75,25,25,0,0,50,0,25,0,0,25,0,0,0,50,50,0,75],"image_pair":[4,1,3,3,3,3,2,1,3,4,4,3,3,3,1,3,4,2,1,3],"feature_space":[2,2,1,1,2,1,2,2,1,1,2,1,1,2,1,2,1,1,1,2],"left_img":[2,2,1,2,2,2,2,2,2,2,2,2,2,1,1,1,2,1,1,2],"img1Sample":[3,1,3,1,2,1,2,1,3,1,3,3,2,3,3,3,2,1,3,2],"img2Sample":[3,2,2,3,2,2,2,3,2,2,1,2,3,3,1,2,1,2,3,3],"key":[49,50,49,50,49,50,49,50,null,null,null,null,null,49,null,49,50,49,49,50],"correct":[false,true,false,true,false,true,false,true,null,null,null,null,null,true,null,true,true,true,true,false],"right_img":[1,1,2,1,1,1,1,1,1,1,1,1,1,2,2,2,1,2,2,1],"img_choice":[2,1,1,1,2,1,2,1,null,null,null,null,null,1,null,1,1,1,1,1],"center_sample":[1,2,3,3,3,2,1,3,1,3,1,2,2,1,2,2,2,3,1,1],"left_sample":[3,2,3,3,2,2,2,3,2,2,1,2,3,3,3,3,1,1,3,3],"right_sample":[3,1,2,1,2,1,2,1,3,1,3,3,2,3,1,2,2,2,3,2],"RT":[[0,0,0,401.5,0,0],[0,0,0,702.6999998092651,0,0],[0,0,0,718.5,0,0],[0,0,0,429.59999990463257,0,0],[0,0,0,873.2999999523163,0,0],[0,0,0,479.7999999523163,0,0],[0,0,0,555,0,0],[0,0,0,286.90000009536743,0,0],[0,0,0,0,0,0],[0,0,0,0,0,0],[0,0,0,0,0,0],[0,0,0,0,0,0],[0,0,0,0,0,0],[0,0,0,4796.700000047684,0,0],[0,0,0,0,0,0],[0,0,0,1300.7999999523163,0,0],[0,0,0,3307.2000000476837,0,0],[0,0,0,671,0,0],[0,0,0,785.3999998569489,0,0],[0,0,0,429,0,0]],"response":[[0,0,0,1,0,0],[0,0,0,1,0,0],[0,0,0,1,0,0],[0,0,0,1,0,0],[0,0,0,1,0,0],[0,0,0,1,0,0],[0,0,0,1,0,0],[0,0,0,1,0,0],[0,0,0,1,0,0],[0,0,0,1,0,0],[0,0,0,1,0,0],[0,0,0,1,0,0],[0,0,0,1,0,0],[0,0,0,1,0,0],[0,0,0,1,0,0],[0,0,0,1,0,0],[0,0,0,1,0,0],[0,0,0,1,0,0],[0,0,0,1,0,0],[0,0,0,1,0,0]],"framerate":[59.93257585395044,59.93834912824414,59.938073456400794,59.920929085036605,59.94358251135356,59.92213164357832,59.92998279407683,59.93619695255308,59.93852459016393,58.9056357315918,59.93775694544333,59.929314141927776,59.93698931855511,59.93296970493527,59.9323839774175,59.93859948275959,59.927172973288336,57.64763243102393,59.9319841691959,59.933887359598465]}
