{"practice":[0,0,0,0,0,0,0,0,0,0,0,0,0,0,0,0,0,0,0,0],"center_interval":[50,0,50,75,50,100,0,25,50,0,50,75,100,75,100,0,100,100,25,50],"image_pair":[2,3,1,3,1,2,2,1,3,4,1,1,1,1,3,2,1,1,1,3],"feature_space":[1,2,2,1,2,1,2,1,2,2,2,2,2,2,2,2,1,2,1,1],"left_img":[1,1,1,2,2,1,2,2,1,1,2,2,2,1,2,1,1,2,2,2],"img1Sample":[2,3,1,3,3,3,2,3,3,3,1,1,3,3,2,2,1,1,1,3],"img2Sample":[2,2,2,1,1,3,3,2,3,2,3,2,3,2,1,2,2,1,1,1],"stim_time":[250,250,250,250,250,250,250,250,250,250,250,250,250,250,250,250,250,250,250,250],"key":[49,50,50,50,49,50,49,50,49,50,50,50,49,50,49,49,50,50,49,49],"correct":[true,false,false,false,false,true,false,true,true,false,true,false,true,true,true,true,true,false,false,false],"right_img":[2,2,2,1,1,2,1,1,2,2,1,1,1,2,1,2,2,1,1,1],"img_choice":[1,2,2,1,2,2,2,1,1,2,1,1,2,2,2,1,2,1,2,2],"center_sample":[3,1,1,3,2,3,3,2,1,3,2,1,1,1,3,3,1,3,3,2],"left_sample":[2,3,1,1,1,3,3,2,3,3,3,2,3,3,1,2,1,1,1,1],"right_sample":[2,2,2,3,3,3,2,3,3,2,1,1,3,2,2,2,2,1,1,3],"exact_match":[0,0,0,0,0,1,0,0,0,1,0,0,0,0,0,0,0,0,0,0],"RT":[[0,0,0,214.30000000447035,0,0],[0,0,0,355.69999999552965,0,0],[0,0,0,191.89999999850988,0,0],[0,0,0,315.70000000298023,0,0],[0,0,0,296.5,0,0],[0,0,0,202.70000000298023,0,0],[0,0,0,485.1000000014901,0,0],[0,0,0,30.899999998509884,0,0],[0,0,0,183.79999999701977,0,0],[0,0,0,207.5,0,0],[0,0,0,178.40000000596046,0,0],[0,0,0,352.5,0,0],[0,0,0,997.6000000014901,0,0],[0,0,0,177.69999999552965,0,0],[0,0,0,171.20000000298023,0,0],[0,0,0,186.10000000149012,0,0],[0,0,0,233.70000000298023,0,0],[0,0,0,321.29999999701977,0,0],[0,0,0,281.19999999552965,0,0],[0,0,0,364.1000000014901,0,0]],"response":[[0,0,0,1,0,0],[0,0,0,1,0,0],[0,0,0,1,0,0],[0,0,0,1,0,0],[0,0,0,1,0,0],[0,0,0,1,0,0],[0,0,0,1,0,0],[0,0,0,1,0,0],[0,0,0,1,0,0],[0,0,0,1,0,0],[0,0,0,1,0,0],[0,0,0,1,0,0],[0,0,0,1,0,0],[0,0,0,1,0,0],[0,0,0,1,0,0],[0,0,0,1,0,0],[0,0,0,1,0,0],[0,0,0,1,0,0],[0,0,0,1,0,0],[0,0,0,1,0,0]],"framerate":[19.32441833507489,17.356289919394996,16.95052062315381,16.552716804605975,15.46961325966851,18.884255252205634,17.519953280107647,20.444196635972062,18.887227512461187,19.46888871580951,23.663810689514484,18.936737270343972,14.673514306676449,19.78161101433104,17.92406713380048,16.142050040355123,19.129237126045226,20.556493649489294,18.78004807688103,18.61427094105481]}
