{"practice":[1,1,1,1,1],"center_interval":[50,0,25,0,50],"image_pair":[1,2,3,2,4],"feature_space":[2,2,2,2,2],"left_img":[2,2,1,2,2],"img1Sample":[1,3,3,3,1],"img2Sample":[1,1,3,2,2],"stim_time":[2000,2000,2000,2000,2000],"key":[49,49,49,49,50],"correct":[false,false,true,false,true],"right_img":[1,1,2,1,1],"img_choice":[2,2,1,2,1],"center_sample":[2,1,1,2,3],"left_sample":[1,1,3,2,2],"right_sample":[1,3,3,3,1],"exact_match":[0,0,0,0,0],"RT":[[0,0,0,581.7000000029802,0,0],[0,0,0,331.20000000298023,0,0],[0,0,0,240.69999999552965,0,0],[0,0,0,779.2000000029802,0,0],[0,0,0,20.600000001490116,0,0]],"response":[[0,0,0,1,0,0],[0,0,0,1,0,0],[0,0,0,1,0,0],[0,0,0,1,0,0],[0,0,0,1,0,0]],"framerate":[30.563065710618044,22.931396904283186,21.009092998032393,17.902598674096247,22.613242880338]}
