{"practice":[0,0,0,0,0,0,0,0,0,0,0,0,0,0,0,0,0,0,0,0],"center_interval":[100,75,100,50,0,0,0,0,50,50,50,50,25,25,100,0,0,25,25,0],"image_pair":[2,1,2,3,4,3,4,4,4,2,1,2,3,1,1,4,1,3,1,3],"feature_space":[1,1,1,2,2,1,1,2,1,2,1,2,2,2,1,2,2,1,2,2],"left_img":[1,1,2,1,1,1,1,1,2,1,1,2,2,1,1,2,2,1,2,2],"img1Sample":[3,1,3,3,2,2,1,3,3,2,1,2,1,1,3,3,2,2,3,1],"img2Sample":[3,2,1,3,1,2,3,2,1,3,2,1,3,2,2,1,2,1,3,1],"stim_time":[2000,2000,2000,2000,2000,2000,2000,2000,2000,2000,2000,2000,2000,2000,2000,2000,2000,2000,2000,2000],"key":[50,49,50,50,49,50,50,49,49,50,49,50,50,50,49,49,49,50,49,49],"correct":[true,false,false,false,true,false,false,true,false,false,true,true,true,false,false,false,false,false,false,false],"right_img":[2,2,1,2,2,2,2,2,1,2,2,1,1,2,2,1,1,2,1,1],"img_choice":[2,1,1,2,1,2,2,1,2,2,1,1,1,2,1,2,2,2,2,2],"center_sample":[1,1,2,1,1,3,2,3,2,3,3,3,2,1,1,1,3,2,3,1],"left_sample":[3,1,1,3,2,2,1,3,1,2,1,1,3,1,3,1,2,2,3,1],"right_sample":[3,2,3,3,1,2,3,2,3,3,2,2,1,2,2,3,2,1,3,1],"exact_match":[0,0,0,0,0,0,0,1,0,0,0,0,0,0,0,0,0,0,0,1],"RT":[[0,0,0,164.10000000149012,0,0],[0,0,0,351,0,0],[0,0,0,227.69999999552965,0,0],[0,0,0,177.60000000149012,0,0],[0,0,0,207.29999999701977,0,0],[0,0,0,210.29999999701977,0,0],[0,0,0,303.40000000596046,0,0],[0,0,0,39.399999998509884,0,0],[0,0,0,326.5,0,0],[0,0,0,335.1000000014901,0,0],[0,0,0,781,0,0],[0,0,0,27.30000000447035,0,0],[0,0,0,172.70000000298023,0,0],[0,0,0,299.5,0,0],[0,0,0,181.5,0,0],[0,0,0,29.5,0,0],[0,0,0,175,0,0],[0,0,0,298,0,0],[0,0,0,271.30000000447035,0,0],[0,0,0,171.19999999552965,0,0]],"response":[[0,0,0,1,0,0],[0,0,0,1,0,0],[0,0,0,1,0,0],[0,0,0,1,0,0],[0,0,0,1,0,0],[0,0,0,1,0,0],[0,0,0,1,0,0],[0,0,0,1,0,0],[0,0,0,1,0,0],[0,0,0,1,0,0],[0,0,0,1,0,0],[0,0,0,1,0,0],[0,0,0,1,0,0],[0,0,0,1,0,0],[0,0,0,1,0,0],[0,0,0,1,0,0],[0,0,0,1,0,0],[0,0,0,1,0,0],[0,0,0,1,0,0],[0,0,0,1,0,0]],"framerate":[13.73994638069705,13.957176843774784,14.828972516963654,17.370970435944546,14.149391247120763,14.974543276422644,13.804173354735152,16.06313510491746,14.258555133079847,16.250318633706414,15.000833379644622,13.770213967925626,13.666666666666666,14.745480189760874,14.312818293793114,14.38041457682248,13.132639660591543,14.76393747792021,14.248243256364356,14.737899849271477]}
