{"practice":[0,0,0,0,0,0,0,0,0,0,0,0,0,0,0,0,0,0,0,0],"center_interval":[75,25,25,0,100,50,25,0,75,50,100,100,0,25,25,25,0,100,100,75],"image_pair":[4,3,1,2,2,4,2,1,3,1,3,3,4,3,4,3,1,4,3,3],"feature_space":[2,1,1,1,2,1,2,1,1,1,2,2,2,2,2,2,1,1,2,1],"left_img":[1,2,1,1,2,1,2,2,1,2,1,1,1,1,1,2,2,1,1,1],"img1Sample":[3,3,3,2,3,1,1,2,3,1,3,2,2,1,2,1,3,3,2,3],"img2Sample":[2,1,2,3,2,1,2,1,1,3,1,3,1,2,1,2,1,2,1,3],"stim_time":[2000,2000,2000,2000,2000,2000,2000,2000,2000,2000,2000,2000,2000,2000,2000,2000,2000,2000,2000,2000],"key":[50,49,49,49,50,50,49,49,50,49,49,49,50,50,50,50,49,50,50,50],"correct":[true,false,true,true,false,false,false,false,true,false,false,false,false,false,false,true,false,true,true,true],"right_img":[2,1,2,2,1,2,1,1,2,1,2,2,2,2,2,1,1,2,2,2],"img_choice":[2,2,1,1,1,2,2,2,2,2,1,1,2,2,2,1,2,2,2,2],"center_sample":[2,2,3,2,1,1,3,3,2,3,2,1,1,1,1,3,3,3,2,2],"left_sample":[3,1,3,2,2,1,2,1,3,3,3,2,2,1,2,2,1,3,2,3],"right_sample":[2,3,2,3,3,1,1,2,1,1,1,3,1,2,1,1,3,2,1,3],"exact_match":[0,0,0,1,0,0,0,0,0,0,0,0,0,0,0,0,1,0,0,0],"RT":[[0,0,0,177.39999999850988,0,0],[0,0,0,204.5,0,0],[0,0,0,182.79999999701977,0,0],[0,0,0,218.90000000596046,0,0],[0,0,0,297.79999999701977,0,0],[0,0,0,284.70000000298023,0,0],[0,0,0,191.10000000149012,0,0],[0,0,0,209.10000000149012,0,0],[0,0,0,182.19999999552965,0,0],[0,0,0,184.70000000298023,0,0],[0,0,0,193.79999999701977,0,0],[0,0,0,25.30000000447035,0,0],[0,0,0,314,0,0],[0,0,0,298.90000000596046,0,0],[0,0,0,26.899999998509884,0,0],[0,0,0,26.200000002980232,0,0],[0,0,0,224.80000000447035,0,0],[0,0,0,441,0,0],[0,0,0,360,0,0],[0,0,0,283.8999999985099,0,0]],"response":[[0,0,0,1,0,0],[0,0,0,1,0,0],[0,0,0,1,0,0],[0,0,0,1,0,0],[0,0,0,1,0,0],[0,0,0,1,0,0],[0,0,0,1,0,0],[0,0,0,1,0,0],[0,0,0,1,0,0],[0,0,0,1,0,0],[0,0,0,1,0,0],[0,0,0,1,0,0],[0,0,0,1,0,0],[0,0,0,1,0,0],[0,0,0,1,0,0],[0,0,0,1,0,0],[0,0,0,1,0,0],[0,0,0,1,0,0],[0,0,0,1,0,0],[0,0,0,1,0,0]],"framerate":[14.68134801468135,14.16197345454738,13.335555925987665,13.844023996321859,13.508732430600455,14.871330660790017,17.289533182595505,14.514745662077466,15.464264102728757,14.021499632777223,12.059897490865309,13.864337458002371,12.914473896600997,13.412102826121666,17.991956537068084,14.13028119261061,14.138225817064859,12.935016938712657,13.81779354958334,12.544629933422977]}
