{"practice":[0,0,0,0,0,0,0,0,0,0,0,0,0,0,0,0,0,0,0,0],"center_interval":[75,0,25,75,50,25,25,75,25,25,25,75,25,0,0,0,75,50,25,50],"image_pair":[1,4,4,1,3,2,4,1,3,1,2,1,3,1,2,2,4,1,3,2],"feature_space":[1,2,2,1,2,1,1,2,1,2,2,1,2,2,1,1,2,2,1,2],"left_img":[1,1,2,1,2,1,1,1,1,2,1,1,2,2,1,2,2,1,2,1],"img1Sample":[1,2,2,2,2,1,2,1,2,2,1,3,3,1,1,1,1,1,2,1],"img2Sample":[1,2,3,2,2,3,1,2,1,3,2,2,2,1,1,2,1,2,3,1],"stim_time":[2000,2000,2000,2000,2000,2000,2000,2000,2000,2000,2000,2000,2000,2000,2000,2000,2000,2000,2000,2000],"key":[49,49,49,50,49,49,49,50,49,50,49,49,49,null,null,null,49,50,50,50],"correct":[false,true,false,true,false,true,true,true,true,true,true,false,false,null,null,null,true,false,true,false],"right_img":[2,2,1,2,1,2,2,2,2,1,2,2,1,1,2,1,1,2,1,2],"img_choice":[1,1,2,2,2,1,1,2,1,1,1,1,2,null,null,null,2,2,1,2],"center_sample":[1,1,2,1,2,3,2,2,1,1,2,3,3,3,3,2,3,1,2,1],"left_sample":[1,2,3,2,2,1,2,1,2,3,1,3,2,1,1,2,1,1,3,1],"right_sample":[1,2,2,2,2,3,1,2,1,2,2,2,3,1,1,1,1,2,2,1],"exact_match":[0,0,0,0,0,0,0,0,0,0,0,0,0,0,0,0,0,0,0,0],"RT":[[0,0,0,1570.5,0,0],[0,0,0,674.7999999970198,0,0],[0,0,0,146.60000000149012,0,0],[0,0,0,24.899999998509884,0,0],[0,0,0,339.1000000014901,0,0],[0,0,0,294.6000000014901,0,0],[0,0,0,561.7999999970198,0,0],[0,0,0,32.599999994039536,0,0],[0,0,0,29.5,0,0],[0,0,0,160.79999999701977,0,0],[0,0,0,155.5,0,0],[0,0,0,153,0,0],[0,0,0,24.399999998509884,0,0],[0,0,0,0,0,0],[0,0,0,0,0,0],[0,0,0,0,0,0],[0,0,0,4126.9000000059605,0,0],[0,0,0,199.20000000298023,0,0],[0,0,0,204.70000000298023,0,0],[0,0,0,187.20000000298023,0,0]],"response":[[0,0,0,1,0,0],[0,0,0,1,0,0],[0,0,0,1,0,0],[0,0,0,1,0,0],[0,0,0,1,0,0],[0,0,0,1,0,0],[0,0,0,1,0,0],[0,0,0,1,0,0],[0,0,0,1,0,0],[0,0,0,1,0,0],[0,0,0,1,0,0],[0,0,0,1,0,0],[0,0,0,1,0,0],[0,0,0,1,0,0],[0,0,0,1,0,0],[0,0,0,1,0,0],[0,0,0,1,0,0],[0,0,0,1,0,0],[0,0,0,1,0,0],[0,0,0,1,0,0]],"framerate":[18.271514708544466,17.1924696982795,18.633329945483382,18.30921446426982,17.844624306910593,17.466683917704092,16.79533266546351,20.648141667260717,17.66846885049872,17.685531233289154,20.864180912629195,18.795730684039743,18.237934904630166,10.35792381171399,11.382238592179005,11.002085278960326,11.37066943016626,18.88542840101508,16.15775242369462,15.25957870293581]}
