{"practice":[0,0,0,0,0,0,0,0,0,0,0,0,0,0,0,0,0,0,0,0],"center_interval":[25,0,0,100,25,50,75,75,25,50,100,25,25,25,75,25,75,100,0,100],"image_pair":[4,4,4,4,2,3,2,2,2,1,2,1,1,4,4,2,2,1,3,2],"feature_space":[1,2,1,2,2,1,1,2,2,1,2,2,2,1,2,1,1,2,1,2],"left_img":[2,2,1,1,2,1,1,1,2,2,2,2,2,1,1,1,1,2,1,2],"img1Sample":[3,1,2,2,2,2,3,1,1,1,3,1,2,2,2,1,2,3,2,2],"img2Sample":[1,1,2,3,3,3,1,2,3,3,2,1,1,1,2,1,2,1,2,3],"stim_time":[250,250,250,250,250,250,250,250,250,250,250,250,250,250,250,250,250,250,250,250],"key":[49,50,49,49,50,50,49,50,49,50,50,50,50,49,50,50,50,50,49,49],"correct":[false,true,true,false,true,false,false,true,false,true,false,true,true,true,true,false,true,false,true,true],"right_img":[1,1,2,2,1,2,2,2,1,1,1,1,1,2,2,2,2,1,2,1],"img_choice":[2,1,1,1,1,2,1,2,2,1,1,1,1,1,2,2,2,1,1,2],"center_sample":[2,1,1,1,2,2,3,3,2,3,2,1,2,3,1,3,3,2,2,3],"left_sample":[1,1,2,2,3,2,3,1,3,3,2,1,1,2,2,1,2,1,2,3],"right_sample":[3,1,2,3,2,3,1,2,1,1,3,1,2,1,2,1,2,3,2,2],"exact_match":[0,1,0,0,0,0,0,0,0,0,1,0,0,0,0,0,0,0,1,1],"RT":[[0,0,0,178.10000000149012,0,0],[0,0,0,219.60000000149012,0,0],[0,0,0,213.30000000447035,0,0],[0,0,0,27.600000001490116,0,0],[0,0,0,196.60000000149012,0,0],[0,0,0,29.299999997019768,0,0],[0,0,0,312.5,0,0],[0,0,0,226.39999999850988,0,0],[0,0,0,189.19999999552965,0,0],[0,0,0,198.40000000596046,0,0],[0,0,0,195.19999999552965,0,0],[0,0,0,261.30000000447035,0,0],[0,0,0,291.70000000298023,0,0],[0,0,0,205.20000000298023,0,0],[0,0,0,185.60000000149012,0,0],[0,0,0,295.1000000014901,0,0],[0,0,0,226.19999999552965,0,0],[0,0,0,199,0,0],[0,0,0,193.39999999850988,0,0],[0,0,0,228.20000000298023,0,0]],"response":[[0,0,0,1,0,0],[0,0,0,1,0,0],[0,0,0,1,0,0],[0,0,0,1,0,0],[0,0,0,1,0,0],[0,0,0,1,0,0],[0,0,0,1,0,0],[0,0,0,1,0,0],[0,0,0,1,0,0],[0,0,0,1,0,0],[0,0,0,1,0,0],[0,0,0,1,0,0],[0,0,0,1,0,0],[0,0,0,1,0,0],[0,0,0,1,0,0],[0,0,0,1,0,0],[0,0,0,1,0,0],[0,0,0,1,0,0],[0,0,0,1,0,0],[0,0,0,1,0,0]],"framerate":[21.688489035160035,17.74554432536515,17.73186338753649,20.924308588007317,18.921475875140487,18.370533663952653,17.086715079098564,18.58016567310105,17.580310052761863,16.83231805063716,15.60184101725817,18.86080724254998,19.2892647822752,21.116846550890454,20.10516548093109,16.16339725220477,18.464379135293914,20.41938270640136,17.54525879248379,18.531387537727166]}
