{"practice":[0,0,0,0,0,0,0,0,0,0,0,0,0,0,0,0,0,0,0,0],"center_interval":[25,100,0,25,100,100,50,0,25,75,100,0,75,75,100,25,25,0,25,75],"image_pair":[3,3,1,2,3,2,4,4,4,4,2,2,1,2,1,1,2,3,2,4],"feature_space":[2,2,1,1,2,2,1,2,2,2,1,1,1,2,1,2,1,2,1,1],"left_img":[1,1,2,1,2,1,2,1,1,1,1,1,2,1,2,2,2,2,1,1],"img1Sample":[3,1,1,1,3,2,1,3,3,3,2,1,1,2,2,3,1,1,1,3],"img2Sample":[3,3,3,3,1,2,1,3,3,1,2,3,3,3,1,2,2,2,3,3],"stim_time":[250,250,250,250,250,250,250,250,250,250,250,250,250,250,250,250,250,250,250,250],"key":[49,49,50,50,50,49,50,50,49,49,50,50,50,50,50,49,49,49,50,49],"correct":[true,false,true,false,false,false,true,false,true,false,true,false,false,true,false,false,false,false,false,false],"right_img":[2,2,1,2,1,2,1,2,2,2,2,2,1,2,1,1,1,1,2,2],"img_choice":[1,1,1,2,1,1,1,2,1,1,2,2,1,2,1,2,2,2,2,1],"center_sample":[2,2,3,1,2,3,2,1,2,2,3,3,2,3,3,1,2,2,3,2],"left_sample":[3,1,3,1,1,2,1,3,3,3,2,1,3,2,1,2,2,2,1,3],"right_sample":[3,3,1,3,3,2,1,3,3,1,2,3,1,3,2,3,1,1,3,3],"exact_match":[0,0,0,0,0,0,0,0,0,0,0,0,0,0,0,0,0,0,0,0],"RT":[[0,0,0,2799.5,0,0],[0,0,0,150.20000000298023,0,0],[0,0,0,227.79999999701977,0,0],[0,0,0,208.39999999850988,0,0],[0,0,0,168.5,0,0],[0,0,0,271.8999999985099,0,0],[0,0,0,189.89999999850988,0,0],[0,0,0,174.40000000596046,0,0],[0,0,0,530.2999999970198,0,0],[0,0,0,220.60000000149012,0,0],[0,0,0,280.70000000298023,0,0],[0,0,0,171,0,0],[0,0,0,172.09999999403954,0,0],[0,0,0,179.59999999403954,0,0],[0,0,0,27.69999999552965,0,0],[0,0,0,161.60000000149012,0,0],[0,0,0,272.8999999985099,0,0],[0,0,0,353.79999999701977,0,0],[0,0,0,162.69999999552965,0,0],[0,0,0,186.89999999850988,0,0]],"response":[[0,0,0,1,0,0],[0,0,0,1,0,0],[0,0,0,1,0,0],[0,0,0,1,0,0],[0,0,0,1,0,0],[0,0,0,1,0,0],[0,0,0,1,0,0],[0,0,0,1,0,0],[0,0,0,1,0,0],[0,0,0,1,0,0],[0,0,0,1,0,0],[0,0,0,1,0,0],[0,0,0,1,0,0],[0,0,0,1,0,0],[0,0,0,1,0,0],[0,0,0,1,0,0],[0,0,0,1,0,0],[0,0,0,1,0,0],[0,0,0,1,0,0],[0,0,0,1,0,0]],"framerate":[11.96203354570277,22.408498630619462,19.415967691807293,21.228083968890346,19.890206062558388,20.346646571213263,22.470106732980113,21.085070148380975,16.318333019549762,24.008674101555492,19.547402451031136,20.63387256517766,25.544823181866267,18.961839298478917,21.01032246271799,22.502611910364916,15.595989602673598,16.992353440879864,23.035787741670095,18.128793252999955]}
