{"practice":[0,0,0,0,0,0,0,0,0,0,0,0,0,0,0,0,0,0,0,0],"center_interval":[0,100,25,25,75,50,25,100,0,50,0,25,75,75,100,25,25,50,75,25],"image_pair":[2,3,4,4,3,2,3,2,1,4,2,2,2,2,3,4,4,3,2,4],"feature_space":[2,2,2,2,1,2,1,1,2,1,2,2,2,1,1,2,2,2,1,1],"left_img":[1,2,2,2,1,2,2,2,2,1,1,2,1,1,2,1,1,1,1,2],"img1Sample":[1,3,1,3,2,3,3,1,1,3,2,1,2,2,2,2,3,2,1,2],"img2Sample":[1,1,2,2,3,1,3,1,2,3,1,1,3,2,1,3,3,1,3,3],"key":[null,null,null,null,null,null,null,null,null,null,null,null,null,null,null,null,null,null,null,null],"correct":[null,null,null,null,null,null,null,null,null,null,null,null,null,null,null,null,null,null,null,null],"right_img":[2,1,1,1,2,1,1,1,1,2,2,1,2,2,1,2,2,2,2,1],"img_choice":[null,null,null,null,null,null,null,null,null,null,null,null,null,null,null,null,null,null,null,null],"center_sample":[3,2,3,3,2,2,3,3,2,3,1,1,3,3,3,3,2,2,2,3],"left_sample":[1,1,2,2,2,1,3,1,2,3,2,1,2,2,1,2,3,2,1,3],"right_sample":[1,3,1,3,3,3,3,1,1,3,1,1,3,2,2,3,3,1,3,2],"RT":[[0,0,0,0],[0,0,0,0],[0,0,0,0],[0,0,0,0],[0,0,0,0],[0,0,0,0],[0,0,0,0],[0,0,0,0],[0,0,0,0],[0,0,0,0],[0,0,0,0],[0,0,0,0],[0,0,0,0],[0,0,0,0],[0,0,0,0],[0,0,0,0],[0,0,0,0],[0,0,0,0],[0,0,0,0],[0,0,0,0]],"response":[[0,1,0,0],[0,1,0,0],[0,1,0,0],[0,1,0,0],[0,1,0,0],[0,1,0,0],[0,1,0,0],[0,1,0,0],[0,1,0,0],[0,1,0,0],[0,1,0,0],[0,1,0,0],[0,1,0,0],[0,1,0,0],[0,1,0,0],[0,1,0,0],[0,1,0,0],[0,1,0,0],[0,1,0,0],[0,1,0,0]],"framerate":[10.342368045649073,9.617097061442564,10.04124081047158,9.899239879794944,8.812125484666902,9.520451339915374,10.634526763559021,10.748835542816195,10.09028146574615,10.80793763288448,10.660980810234541,7.466763795301402,5.62390158172232,10.173653744957026,10.444326429456542,7.560756075607561,8.755034144633164,9.908124662223024,8.686587908269631,10.35344519814352]}
