{"practice":[0,0,0,0,0,0,0,0,0,0,0,0,0,0,0,0,0,0,0,0],"center_interval":[25,0,50,100,75,75,25,0,75,25,100,0,0,0,50,0,100,50,100,50],"image_pair":[4,4,3,3,4,3,2,2,1,2,1,3,4,3,4,2,2,1,3,4],"feature_space":[2,2,2,1,1,1,2,1,2,2,1,1,1,1,2,2,1,1,2,2],"left_img":[1,2,2,1,2,1,2,1,2,1,1,2,2,1,1,2,2,2,2,1],"img1Sample":[1,1,2,2,2,3,3,2,2,1,1,2,1,3,3,1,1,2,1,1],"img2Sample":[3,1,1,2,2,1,3,3,2,1,1,3,3,3,3,3,3,3,2,3],"key":[null,null,null,null,null,null,null,null,null,null,null,null,null,null,null,null,null,null,null,null],"correct":[null,null,null,null,null,null,null,null,null,null,null,null,null,null,null,null,null,null,null,null],"right_img":[2,1,1,2,1,2,1,2,1,2,2,1,1,2,2,1,1,1,1,2],"img_choice":[null,null,null,null,null,null,null,null,null,null,null,null,null,null,null,null,null,null,null,null],"center_sample":[3,3,1,1,3,2,3,1,3,1,2,1,3,1,1,2,2,2,3,2],"left_sample":[1,1,1,2,2,3,3,2,2,1,1,3,3,3,3,3,3,3,2,1],"right_sample":[3,1,2,2,2,1,3,3,2,1,1,2,1,3,3,1,1,2,1,3],"RT":[[0,0,0,0],[0,0,0,0],[0,0,0,0],[0,0,0,0],[0,0,0,0],[0,0,0,0],[0,0,0,0],[0,0,0,0],[0,0,0,0],[0,0,0,0],[0,0,0,0],[0,0,0,0],[0,0,0,0],[0,0,0,0],[0,0,0,0],[0,0,0,0],[0,0,0,0],[0,0,0,0],[0,0,0,0],[0,0,0,0]],"response":[[0,1,0,0],[0,1,0,0],[0,1,0,0],[0,1,0,0],[0,1,0,0],[0,1,0,0],[0,1,0,0],[0,1,0,0],[0,1,0,0],[0,1,0,0],[0,1,0,0],[0,1,0,0],[0,1,0,0],[0,1,0,0],[0,1,0,0],[0,1,0,0],[0,1,0,0],[0,1,0,0],[0,1,0,0],[0,1,0,0]],"framerate":[11.174175239446612,10.021474588403722,10.720562390158172,10.515059704152558,11.091549295774646,10.88119871566179,7.861354296944792,10.856024203594947,6.6762901479610255,2.6178010471204187,9.669479606188467,8.717310087173102,11.05957902247592,11.321422253670617,11.339475549255846,10.668563300142248,9.967960128159488,10.118941949227766,10.338680926916222,9.415526736542903]}
