{"practice":[0,0,0,0,0,0,0,0,0,0,0,0,0,0,0,0,0,0,0,0],"center_interval":[100,75,75,50,0,25,75,75,25,0,100,50,50,25,25,100,75,0,50,25],"image_pair":[1,2,2,2,4,3,1,4,4,4,4,4,2,2,3,2,2,4,3,3],"feature_space":[1,2,1,1,2,1,1,1,1,1,2,2,2,1,2,2,2,1,2,1],"left_img":[1,1,1,2,1,1,2,1,2,2,2,1,1,1,2,1,2,2,1,2],"img1Sample":[2,1,3,2,3,3,1,3,1,1,2,3,1,3,3,2,3,2,1,3],"img2Sample":[1,3,3,1,3,3,2,2,2,1,1,3,2,3,3,2,3,2,2,3],"key":[null,null,null,null,null,null,null,null,null,null,null,null,null,null,null,null,null,null,null,null],"correct":[null,null,null,null,null,null,null,null,null,null,null,null,null,null,null,null,null,null,null,null],"right_img":[2,2,2,1,2,2,1,2,1,1,1,2,2,2,1,2,1,1,2,1],"img_choice":[null,null,null,null,null,null,null,null,null,null,null,null,null,null,null,null,null,null,null,null],"center_sample":[2,1,1,1,1,2,3,1,2,3,3,1,1,3,2,3,2,1,3,3],"left_sample":[2,1,3,1,3,3,2,3,2,1,1,3,1,3,3,2,3,2,1,3],"right_sample":[1,3,3,2,3,3,1,2,1,1,2,3,2,3,3,2,3,2,2,3],"RT":[[0,0,0,0],[0,0,0,0],[0,0,0,0],[0,0,0,0],[0,0,0,0],[0,0,0,0],[0,0,0,0],[0,0,0,0],[0,0,0,0],[0,0,0,0],[0,0,0,0],[0,0,0,0],[0,0,0,0],[0,0,0,0],[0,0,0,0],[0,0,0,0],[0,0,0,0],[0,0,0,0],[0,0,0,0],[0,0,0,0]],"response":[[0,1,0,0],[0,1,0,0],[0,1,0,0],[0,1,0,0],[0,1,0,0],[0,1,0,0],[0,1,0,0],[0,1,0,0],[0,1,0,0],[0,1,0,0],[0,1,0,0],[0,1,0,0],[0,1,0,0],[0,1,0,0],[0,1,0,0],[0,1,0,0],[0,1,0,0],[0,1,0,0],[0,1,0,0],[0,1,0,0]],"framerate":[10.475852272727273,5.887600356824264,9.815950920245399,10.59135039717564,10.683760683760685,11.047754811119031,11.221945137157107,9.632536567962898,10.963748894783379,10.725777618877368,11.00070972320795,10.409315455187015,11.105140605409279,11.347517730496454,10.952128599187422,11.115095016134815,6.7114093959731544,10.990959049813863,4.826599928494816,7.548464573683308]}
