{"practice":[1,1,1,1,1],"center_interval":[100,100,50,0,50],"image_pair":[1,3,2,1,4],"feature_space":[1,2,2,1,2],"left_img":[1,1,1,1,2],"img1Sample":[2,2,1,2,3],"img2Sample":[3,1,1,3,3],"stim_time":[2000,2000,2000,2000,2000],"key":[32,null,null,null,null],"correct":[null,null,null,null,null],"right_img":[2,2,2,2,1],"img_choice":[null,null,null,null,null],"center_sample":[2,1,2,1,1],"left_sample":[2,2,1,2,3],"right_sample":[3,1,1,3,3],"exact_match":[0,1,0,0,0],"RT":[[0,0,0,4203.39999999851,0,0],[0,0,0,0,0,0],[0,0,0,0,0,0],[0,0,0,0,0,0],[0,0,0,0,0,0]],"response":[[0,0,0,1,0,0],[0,0,0,1,0,0],[0,0,0,1,0,0],[0,0,0,1,0,0],[0,0,0,1,0,0]],"framerate":[59.424707358964376,58.969822834129694,59.84724215704091,59.99615409268637,59.66403769334335]}
