{"practice":[0,0,0,0,0,0,0,0,0,0,0,0,0,0,0,0,0,0,0,0],"center_interval":[25,75,75,0,0,25,25,0,100,100,25,50,100,75,0,25,25,25,0,0],"image_pair":[2,1,3,4,2,4,1,1,3,4,2,3,2,1,1,1,3,3,3,3],"feature_space":[2,1,1,1,1,1,1,1,2,1,1,1,1,2,1,2,2,2,1,1],"left_img":[1,1,2,1,1,1,1,1,1,2,2,2,1,1,1,2,1,1,1,2],"img1Sample":[3,2,3,1,3,3,2,2,3,3,1,3,3,2,2,3,2,3,2,3],"img2Sample":[3,3,2,1,1,2,3,2,2,2,1,2,2,2,2,1,1,1,1,3],"stim_time":[2000,2000,2000,2000,2000,2000,2000,2000,2000,2000,2000,2000,2000,2000,2000,2000,2000,2000,2000,2000],"key":[null,32,null,null,null,null,null,null,null,null,null,null,null,null,null,null,null,null,null,null],"correct":[null,null,null,null,null,null,null,null,null,null,null,null,null,null,null,null,null,null,null,null],"right_img":[2,2,1,2,2,2,2,2,2,1,1,1,2,2,2,1,2,2,2,1],"img_choice":[null,null,null,null,null,null,null,null,null,null,null,null,null,null,null,null,null,null,null,null],"center_sample":[1,2,1,2,2,3,3,3,2,2,3,1,2,3,1,2,1,2,3,1],"left_sample":[3,2,2,1,3,3,2,2,3,2,1,2,3,2,2,1,2,3,2,3],"right_sample":[3,3,3,1,1,2,3,2,2,3,1,3,2,2,2,3,1,1,1,3],"exact_match":[0,0,0,0,0,0,0,0,1,1,0,0,1,0,0,0,0,0,0,0],"RT":[[0,0,0,0,0,0],[0,0,0,2002,0,0],[0,0,0,0,0,0],[0,0,0,0,0,0],[0,0,0,0,0,0],[0,0,0,0,0,0],[0,0,0,0,0,0],[0,0,0,0,0,0],[0,0,0,0,0,0],[0,0,0,0,0,0],[0,0,0,0,0,0],[0,0,0,0,0,0],[0,0,0,0,0,0],[0,0,0,0,0,0],[0,0,0,0,0,0],[0,0,0,0,0,0],[0,0,0,0,0,0],[0,0,0,0,0,0],[0,0,0,0,0,0],[0,0,0,0,0,0]],"response":[[0,0,0,1,0,0],[0,0,0,1,0,0],[0,0,0,1,0,0],[0,0,0,1,0,0],[0,0,0,1,0,0],[0,0,0,1,0,0],[0,0,0,1,0,0],[0,0,0,1,0,0],[0,0,0,1,0,0],[0,0,0,1,0,0],[0,0,0,1,0,0],[0,0,0,1,0,0],[0,0,0,1,0,0],[0,0,0,1,0,0],[0,0,0,1,0,0],[0,0,0,1,0,0],[0,0,0,1,0,0],[0,0,0,1,0,0],[0,0,0,1,0,0],[0,0,0,1,0,0]],"framerate":[59.83727336792875,59.96156310057656,59.98538817468686,59.83957356293043,59.98746530577987,59.95772211901864,59.986157040705834,59.96233135589728,59.988463756969814,59.320948110185775,59.976931949250286,59.84340761437107,59.85414557242512,59.98385050183381,59.82654146218161,59.99000166641185,59.967709694756834,59.98538817468686,59.96463624015461,4.100724034087269]}
