{"practice":[1,1,1,1,1],"center_interval":[50,50,100,50,75],"image_pair":[3,3,1,2,4],"feature_space":[2,1,1,2,1],"left_img":[2,2,1,2,2],"img1Sample":[3,1,3,2,2],"img2Sample":[2,1,1,3,2],"key":[49,50,49,49,50],"correct":[false,true,false,false,false],"right_img":[1,1,2,1,1],"img_choice":[2,1,1,2,1],"center_sample":[1,3,3,2,1],"left_sample":[2,1,3,3,2],"right_sample":[3,1,1,2,2],"RT":[[0,3013,0,0],[0,2453,0,0],[0,2376,0,0],[0,2703,0,0],[0,2506,0,0]],"response":[[0,1,0,0],[0,1,0,0],[0,1,0,0],[0,1,0,0],[0,1,0,0]],"framerate":[23.209736767619585,20.671834625322997,18.571886007044508,19.501950195019504,19.6520618556701]}
