{"practice":[0,0,0,0,0,0,0,0,0,0,0,0,0,0,0,0,0,0,0,0],"center_interval":[0,25,100,25,100,50,0,50,75,75,75,25,25,0,100,50,100,25,75,100],"image_pair":[2,4,3,2,4,2,3,2,4,1,2,4,1,4,4,4,1,4,2,3],"feature_space":[2,1,1,1,1,1,1,2,1,2,2,2,2,2,2,1,1,1,1,1],"left_img":[2,2,2,2,1,1,1,2,2,2,1,2,1,1,1,2,1,2,2,1],"img1Sample":[1,1,3,1,1,3,3,1,1,2,3,3,2,2,1,1,3,1,2,3],"img2Sample":[3,3,2,2,1,3,2,3,3,2,1,1,1,1,2,1,1,2,2,2],"key":[50,49,49,50,50,50,49,49,50,49,49,49,50,50,50,50,49,50,49,49],"correct":[true,false,true,true,true,false,true,false,false,true,false,false,false,false,true,true,false,true,true,false],"right_img":[1,1,1,1,2,2,2,1,1,1,2,1,2,2,2,1,2,1,1,2],"img_choice":[1,2,2,1,2,2,1,2,1,2,1,2,2,2,2,1,1,1,2,1],"center_sample":[2,3,1,2,2,3,1,2,1,3,2,3,2,1,1,2,2,3,1,1],"left_sample":[3,3,2,2,1,3,3,3,3,2,3,1,2,2,1,1,3,2,2,3],"right_sample":[1,1,3,1,1,3,2,1,1,2,1,3,1,1,2,1,1,1,2,2],"RT":[[0,2521,0,0],[0,2047,0,0],[0,3856,0,0],[0,2640,0,0],[0,2317,0,0],[0,2977,0,0],[0,2574,0,0],[0,1997,0,0],[0,2146,0,0],[0,3291,0,0],[0,3792,0,0],[0,3461,0,0],[0,3243,0,0],[0,2104,0,0],[0,2478,0,0],[0,4142,0,0],[0,3021,0,0],[0,2481,0,0],[0,3953,0,0],[0,3263,0,0]],"response":[[0,1,0,0],[0,1,0,0],[0,1,0,0],[0,1,0,0],[0,1,0,0],[0,1,0,0],[0,1,0,0],[0,1,0,0],[0,1,0,0],[0,1,0,0],[0,1,0,0],[0,1,0,0],[0,1,0,0],[0,1,0,0],[0,1,0,0],[0,1,0,0],[0,1,0,0],[0,1,0,0],[0,1,0,0],[0,1,0,0]],"framerate":[18.199233716475096,19.563581640331076,20.37617554858934,21.54509079716836,20.97661623108666,19.623655913978496,16.630059617194853,19.054878048780488,17.824663514005092,14.848950332821302,18.602540834845733,18.115055079559365,18.431983385254416,19.874861980125136,19.063004846526656,18.94736842105263,20.695364238410598,21.626856036152358,19.07894736842105,19.359834796076406]}
