{"practice":[0,0,0,0,0,0,0,0,0,0,0,0,0,0,0,0,0,0,0,0],"center_interval":[50,0,25,100,75,50,25,0,100,50,0,0,75,75,25,100,0,100,100,100],"image_pair":[3,2,2,1,2,4,1,4,4,4,3,1,2,4,1,1,1,3,1,1],"feature_space":[2,2,1,2,1,2,2,2,1,2,2,2,1,1,2,2,2,2,2,2],"left_img":[1,2,2,2,1,2,1,2,2,1,2,2,2,1,1,1,2,2,2,2],"img1Sample":[3,1,3,2,3,2,1,2,3,3,3,2,1,3,1,3,2,2,1,3],"img2Sample":[1,3,2,2,2,1,3,3,3,3,1,1,2,2,1,2,2,2,2,1],"key":[49,50,50,50,49,50,49,50,50,49,50,50,49,49,49,49,50,50,49,50],"correct":[true,true,true,false,false,true,true,true,false,true,true,true,true,false,true,false,true,false,true,false],"right_img":[2,1,1,1,2,1,2,1,1,2,1,1,1,2,2,2,1,1,1,1],"img_choice":[1,1,1,1,1,1,1,1,1,1,1,1,2,1,1,1,1,1,2,1],"center_sample":[2,3,1,1,3,3,1,1,1,1,1,3,3,1,1,3,1,3,3,2],"left_sample":[3,3,2,2,3,1,1,3,3,3,1,1,2,3,1,3,2,2,2,1],"right_sample":[1,1,3,2,2,2,3,2,3,3,3,2,1,2,1,2,2,2,1,3],"RT":[[0,3544,0,0],[0,3491,0,0],[0,2726,0,0],[0,2785,0,0],[0,2385,0,0],[0,3807,0,0],[0,2793,0,0],[0,2940,0,0],[0,2589,0,0],[0,3487,0,0],[0,3031,0,0],[0,2417,0,0],[0,3442,0,0],[0,2007,0,0],[0,2397,0,0],[0,1996,0,0],[0,1706,0,0],[0,2909,0,0],[0,2389,0,0],[0,2191,0,0]],"response":[[0,1,0,0],[0,1,0,0],[0,1,0,0],[0,1,0,0],[0,1,0,0],[0,1,0,0],[0,1,0,0],[0,1,0,0],[0,1,0,0],[0,1,0,0],[0,1,0,0],[0,1,0,0],[0,1,0,0],[0,1,0,0],[0,1,0,0],[0,1,0,0],[0,1,0,0],[0,1,0,0],[0,1,0,0],[0,1,0,0]],"framerate":[23.454157782515992,21.026894865525673,20.734597156398106,16.97395376060872,17.062562730010036,20.412792016330233,19.0951821386604,17.68172888015717,18.650917003419334,19.047619047619047,17.778993435448577,21.115143516991093,19.345238095238095,19.42857142857143,17.994001999333555,21.722560975609756,21.6169476869866,17.847025495750707,20.387359836901123,20.514603616133517]}
