{"practice":[0,0,0,0,0,0,0,0,0,0,0,0,0,0,0,0,0,0,0,0],"center_interval":[100,0,75,50,0,25,25,75,25,75,100,0,75,100,25,75,0,100,0,25],"image_pair":[4,2,4,1,3,3,4,4,3,3,1,2,2,3,2,4,1,4,1,1],"feature_space":[2,2,1,2,1,2,2,2,1,2,2,1,2,2,1,2,2,2,1,1],"left_img":[1,1,2,2,2,1,2,2,1,2,2,1,1,1,1,2,2,1,1,1],"img1Sample":[2,1,2,1,1,2,1,1,3,1,1,3,3,2,2,2,1,1,2,3],"img2Sample":[2,1,3,3,3,3,2,1,2,3,3,1,2,2,2,3,3,3,3,3],"key":[49,50,49,49,49,49,50,50,50,50,50,50,50,50,49,49,50,50,50,49],"correct":[false,false,true,false,false,true,true,false,false,false,false,false,true,true,true,true,true,true,false,true],"right_img":[2,2,1,1,1,2,1,1,2,1,1,2,2,2,2,1,1,2,2,2],"img_choice":[1,2,2,2,2,1,1,1,2,1,1,2,2,2,1,2,1,2,2,1],"center_sample":[1,2,2,1,2,3,3,1,3,2,1,2,1,1,1,2,3,1,1,2],"left_sample":[2,1,3,3,3,2,2,1,3,3,3,3,3,2,2,3,3,1,2,3],"right_sample":[2,1,2,1,1,3,1,1,2,1,1,1,2,2,2,2,1,3,3,3],"RT":[[0,1664,0,0],[0,1651,0,0],[0,3048,0,0],[0,2281,0,0],[0,2572,0,0],[0,2823,0,0],[0,3303,0,0],[0,3998,0,0],[0,2408,0,0],[0,2115,0,0],[0,1472,0,0],[0,1849,0,0],[0,3111,0,0],[0,3216,0,0],[0,2496,0,0],[0,2929,0,0],[0,3970,0,0],[0,3001,0,0],[0,3429,0,0],[0,3425,0,0]],"response":[[0,1,0,0],[0,1,0,0],[0,1,0,0],[0,1,0,0],[0,1,0,0],[0,1,0,0],[0,1,0,0],[0,1,0,0],[0,1,0,0],[0,1,0,0],[0,1,0,0],[0,1,0,0],[0,1,0,0],[0,1,0,0],[0,1,0,0],[0,1,0,0],[0,1,0,0],[0,1,0,0],[0,1,0,0],[0,1,0,0]],"framerate":[21.108179419525065,18.245004344048652,17.876787678767876,20.654044750430295,18.483709273182956,19.47108398721302,17.435897435897438,17.84936874183718,20.93555773634282,21.675238795003676,19.570405727923628,21.027092600080874,23.412271259418727,18.465539661898568,17.09126088358594,21.384355655599325,17.857142857142858,18.482758620689655,19.787286668315605,17.26689689195856]}
