{"practice":[0,0,0,0,0,0,0,0,0,0,0,0,0,0,0,0,0,0,0,0],"center_interval":[0,75,0,25,75,75,75,100,100,100,50,0,75,100,100,0,50,0,0,25],"image_pair":[1,2,4,4,3,4,1,1,3,4,2,4,1,2,4,1,3,4,1,1],"feature_space":[1,1,2,1,1,1,1,2,1,2,1,1,2,2,1,1,1,2,1,1],"left_img":[1,2,1,2,2,1,1,2,1,2,2,2,2,2,2,2,2,1,1,2],"img1Sample":[2,3,1,3,3,2,3,2,2,2,2,3,2,3,2,2,1,2,2,2],"img2Sample":[1,2,3,2,2,3,2,3,2,2,2,3,2,2,2,1,3,3,3,3],"key":[49,50,49,49,50,50,49,50,49,49,50,50,49,50,49,50,50,49,49,50],"correct":[true,false,true,false,false,true,false,false,false,true,true,true,true,false,true,true,true,true,true,true],"right_img":[2,1,2,1,1,2,2,1,2,1,1,1,1,1,1,1,1,2,2,1],"img_choice":[1,1,1,2,1,2,1,1,1,2,1,1,2,1,2,1,1,1,1,1],"center_sample":[1,2,3,3,1,3,1,1,1,3,3,2,2,3,3,3,1,1,1,1],"left_sample":[2,2,1,2,2,2,3,3,2,2,2,3,2,2,2,1,3,2,2,3],"right_sample":[1,3,3,3,3,3,2,2,2,2,2,3,2,3,2,2,1,3,3,2],"RT":[[0,1153.7000000029802,0,0],[0,2042.9000000022352,0,0],[0,1401.800000000745,0,0],[0,1016.3000000007451,0,0],[0,2199.400000002235,0,0],[0,1959.5999999977648,0,0],[0,1489,0,0],[0,1575,0,0],[0,902.1999999992549,0,0],[0,1737.5999999977648,0,0],[0,1219.699999999255,0,0],[0,1787.3999999985099,0,0],[0,2913.39999999851,0,0],[0,1664.4000000022352,0,0],[0,1659,0,0],[0,1224.800000000745,0,0],[0,976.2999999970198,0,0],[0,2008,0,0],[0,1510.1000000014901,0,0],[0,1530.7999999970198,0,0]],"response":[[0,1,0,0],[0,1,0,0],[0,1,0,0],[0,1,0,0],[0,1,0,0],[0,1,0,0],[0,1,0,0],[0,1,0,0],[0,1,0,0],[0,1,0,0],[0,1,0,0],[0,1,0,0],[0,1,0,0],[0,1,0,0],[0,1,0,0],[0,1,0,0],[0,1,0,0],[0,1,0,0],[0,1,0,0],[0,1,0,0]],"framerate":[59.98189225883954,60.00679322189105,60.010911074718685,59.98392183546724,59.99999999999999,60.00155848200365,60.014289116456304,59.992672650730036,60.0263852242744,59.982132981589,60.02400960391475,60.00500041668277,59.99772520471886,60.0044120891242,59.98853160431128,60.03383725370041,36.625410457151695,60.001528701419446,60.01039550156182,59.98406673221141]}
