{"practice":[0,0,0,0,0,0,0,0,0,0,0,0,0,0,0,0,0,0,0,0],"center_interval":[75,50,75,0,75,75,25,50,50,25,75,75,50,0,50,100,50,0,0,0],"image_pair":[3,4,3,1,1,1,4,2,3,3,4,1,3,2,3,2,3,2,3,4],"feature_space":[2,1,1,2,1,2,1,1,1,1,1,1,2,2,1,2,2,2,1,2],"left_img":[1,2,1,1,2,2,1,1,1,2,2,1,2,2,2,2,1,2,2,1],"img1Sample":[2,3,2,1,2,3,3,1,1,2,2,2,3,3,3,3,2,1,3,1],"img2Sample":[1,2,1,3,2,1,2,2,3,2,1,2,3,1,3,2,1,3,3,3],"key":[49,50,50,50,49,49,49,50,50,49,50,49,50,50,50,49,49,50,50,49],"correct":[false,true,true,false,true,true,true,false,false,false,false,false,true,true,true,true,true,true,true,true],"right_img":[2,1,2,2,1,1,2,2,2,1,1,2,1,1,1,1,2,1,1,2],"img_choice":[1,1,2,2,2,2,1,2,2,2,1,1,1,1,1,2,1,1,1,1],"center_sample":[2,1,2,3,1,3,2,1,3,3,1,1,2,2,1,1,3,2,2,3],"left_sample":[2,2,2,1,2,1,3,1,1,2,1,2,3,1,3,2,2,3,3,1],"right_sample":[1,3,1,3,2,3,2,2,3,2,2,2,3,3,3,3,1,1,3,3],"RT":[[0,2640,0,0],[0,2953,0,0],[0,1840.800000000745,0,0],[0,2176.300000000745,0,0],[0,1784.800000000745,0,0],[0,2047.8999999985099,0,0],[0,1583.199999999255,0,0],[0,1519.800000000745,0,0],[0,2114.39999999851,0,0],[0,2190.39999999851,0,0],[0,2056.400000002235,0,0],[0,1300.0999999977648,0,0],[0,1879.199999999255,0,0],[0,2628.300000000745,0,0],[0,2091.7999999970198,0,0],[0,2303.400000002235,0,0],[0,2203.800000000745,0,0],[0,2129.400000002235,0,0],[0,1945.699999999255,0,0],[0,2600.099999997765,0,0]],"response":[[0,1,0,0],[0,1,0,0],[0,1,0,0],[0,1,0,0],[0,1,0,0],[0,1,0,0],[0,1,0,0],[0,1,0,0],[0,1,0,0],[0,1,0,0],[0,1,0,0],[0,1,0,0],[0,1,0,0],[0,1,0,0],[0,1,0,0],[0,1,0,0],[0,1,0,0],[0,1,0,0],[0,1,0,0],[0,1,0,0]],"framerate":[60.00369253491147,59.99271116590804,60.01469747696963,60.00503036179462,59.997500104218204,60.01358798213402,59.95697743607916,60.057242058816335,59.999263812730405,59.99357211725719,60.01050183783839,59.99052781137468,60.012888674059646,60.00433020943804,59.99999999999999,59.99725726822384,48.643658571251414,60.007317965605566,59.995294486636816,59.99564798411185]}
