{"practice":[0,0,0,0,0,0,0,0,0,0,0,0,0,0,0,0,0,0,0,0],"center_interval":[75,75,0,75,50,100,50,50,100,75,75,25,50,0,75,50,75,0,0,50],"image_pair":[1,3,2,3,1,2,3,1,1,3,3,2,1,2,4,2,3,4,3,4],"feature_space":[1,2,2,1,2,2,2,1,2,1,2,1,1,2,1,1,1,1,1,1],"left_img":[1,2,1,1,1,1,1,1,2,2,2,1,1,1,1,1,1,2,2,2],"img1Sample":[1,2,2,3,1,3,3,2,1,1,1,1,1,3,1,3,3,1,2,1],"img2Sample":[1,3,3,2,1,1,2,1,2,3,2,1,3,3,1,1,1,1,2,1],"key":[49,50,49,49,50,50,49,49,50,50,50,50,50,49,50,49,50,49,50,50],"correct":[false,false,true,false,false,true,true,true,false,false,false,false,false,true,true,true,true,false,true,true],"right_img":[2,1,2,2,2,2,2,2,1,1,1,2,2,2,2,2,2,1,1,1],"img_choice":[1,1,1,1,2,2,1,1,1,1,1,2,2,1,2,1,2,2,1,1],"center_sample":[2,3,1,3,3,3,3,2,3,2,1,3,1,2,2,2,2,2,1,1],"left_sample":[1,3,2,3,1,3,3,2,2,3,2,1,1,3,1,3,3,1,2,1],"right_sample":[1,2,3,2,1,1,2,1,1,1,1,1,3,3,1,1,1,1,2,1],"RT":[[0,1363.5999999977648,0,0],[0,2205.800000000745,0,0],[0,1805.8999999985099,0,0],[0,1379.5,0,0],[0,1801.5,0,0],[0,1595.0999999977648,0,0],[0,1402.6000000014901,0,0],[0,2243.099999997765,0,0],[0,2602.099999997765,0,0],[0,985.7000000029802,0,0],[0,2666.10000000149,0,0],[0,1430.4000000022352,0,0],[0,1028.1000000014901,0,0],[0,1420.0999999977648,0,0],[0,2363,0,0],[0,1339.9000000022352,0,0],[0,846.3000000007451,0,0],[0,1003.8000000007451,0,0],[0,972.3000000007451,0,0],[0,1828.8999999985099,0,0]],"response":[[0,1,0,0],[0,1,0,0],[0,1,0,0],[0,1,0,0],[0,1,0,0],[0,1,0,0],[0,1,0,0],[0,1,0,0],[0,1,0,0],[0,1,0,0],[0,1,0,0],[0,1,0,0],[0,1,0,0],[0,1,0,0],[0,1,0,0],[0,1,0,0],[0,1,0,0],[0,1,0,0],[0,1,0,0],[0,1,0,0]],"framerate":[59.95325678286997,60.018467220667404,59.97187525848098,42.38357132048194,59.991725279271826,59.96184246382573,60.07646095036705,60.00631645437931,59.99937824472944,59.95877833997503,60.011575836977094,60.00098362266035,60.026950875848684,60.01574183390166,59.99932585028642,59.978469267465364,59.99172527930264,60.043330238316315,60.012634238787115,59.919560042645784]}
