{"practice":[0,0,0,0,0,0,0,0,0,0,0,0,0,0,0,0,0,0,0,0],"center_interval":[25,75,50,75,100,25,100,0,100,0,0,25,50,50,100,25,25,100,50,75],"image_pair":[1,1,3,2,4,4,2,2,3,2,2,3,2,1,2,4,3,2,3,1],"feature_space":[2,2,1,2,1,2,1,1,1,1,1,1,1,2,1,1,2,1,2,2],"left_img":[2,2,2,2,1,2,2,2,2,1,1,2,2,1,2,1,2,1,1,1],"img1Sample":[3,2,1,3,1,3,2,3,3,1,2,3,2,2,2,2,2,2,2,1],"img2Sample":[2,3,3,3,2,3,1,1,1,2,1,1,3,2,1,2,3,1,2,3],"key":[50,49,49,50,50,50,50,49,50,50,49,49,49,50,49,49,50,49,49,50],"correct":[true,true,false,false,true,true,false,false,false,false,true,false,false,false,true,true,true,false,true,true],"right_img":[1,1,1,1,2,1,1,1,1,2,2,1,1,2,1,2,1,2,2,2],"img_choice":[1,2,2,1,2,1,1,2,1,2,1,2,2,2,2,1,1,1,1,2],"center_sample":[2,2,3,3,1,3,2,1,3,2,1,2,1,1,2,1,2,2,3,2],"left_sample":[2,3,3,3,1,3,1,1,1,1,2,1,3,2,1,2,3,2,2,1],"right_sample":[3,2,1,3,2,3,2,3,3,2,1,3,2,2,2,2,2,1,2,3],"RT":[[0,1903.300000000745,0,0],[0,1203.300000000745,0,0],[0,1795,0,0],[0,1946,0,0],[0,1172.800000000745,0,0],[0,1157.3999999985099,0,0],[0,968.6000000014901,0,0],[0,807.3999999985099,0,0],[0,1040.5,0,0],[0,1421.1000000014901,0,0],[0,731.6999999992549,0,0],[0,2294.60000000149,0,0],[0,1339.699999999255,0,0],[0,2444.599999997765,0,0],[0,1210.8999999985099,0,0],[0,1354.5,0,0],[0,1371.8999999985099,0,0],[0,1228.8999999985099,0,0],[0,1388.300000000745,0,0],[0,1107.4000000022352,0,0]],"response":[[0,1,0,0],[0,1,0,0],[0,1,0,0],[0,1,0,0],[0,1,0,0],[0,1,0,0],[0,1,0,0],[0,1,0,0],[0,1,0,0],[0,1,0,0],[0,1,0,0],[0,1,0,0],[0,1,0,0],[0,1,0,0],[0,1,0,0],[0,1,0,0],[0,1,0,0],[0,1,0,0],[0,1,0,0],[0,1,0,0]],"framerate":[59.98490446111123,60.031943603042755,59.9925009373642,60.01176701313983,59.987666087371586,60.01245541524956,60.012634238787115,59.99011927453553,60.01454898151708,60.00393468426358,59.98800239962064,59.99999999999999,60.00307708080717,60.00393468422693,60.01211253657372,60.00508517670989,60.00100842028705,60.00436395376648,59.99999999999999,59.99184576845821]}
