{"practice":[0,0,0,0,0,0,0,0,0,0,0,0,0,0,0,0,0,0,0,0],"center_interval":[25,50,50,0,75,0,100,50,100,50,0,50,50,100,50,75,50,0,0,100],"image_pair":[1,1,2,4,1,1,3,1,1,4,3,4,3,3,1,1,4,2,3,2],"feature_space":[1,2,2,2,2,2,2,1,2,1,1,1,1,2,1,2,2,2,2,1],"left_img":[1,2,1,1,2,1,2,2,2,1,1,1,1,2,2,2,2,2,1,2],"img1Sample":[3,2,3,3,1,1,1,1,2,3,2,1,2,1,3,3,2,1,2,2],"img2Sample":[2,2,3,2,2,1,3,1,1,3,1,3,2,2,3,3,3,3,2,1],"key":[49,50,49,49,50,50,49,49,49,49,50,49,50,49,49,50,49,50,49,50],"correct":[true,true,true,true,false,false,true,false,true,true,false,true,false,true,false,false,false,true,true,false],"right_img":[2,1,2,2,1,2,1,1,1,2,2,2,2,1,1,1,1,1,2,1],"img_choice":[1,1,1,1,1,2,2,2,2,1,2,1,2,2,2,1,2,1,1,1],"center_sample":[2,1,1,2,2,3,1,1,3,2,1,2,2,1,2,3,3,3,3,2],"left_sample":[3,2,3,3,2,1,3,1,1,3,2,1,2,2,3,3,3,3,2,1],"right_sample":[2,2,3,2,1,1,1,1,2,3,1,3,2,1,3,3,2,1,2,2],"RT":[[0,2677.9000000059605,0,0],[0,1542.8999999910593,0,0],[0,1826.4000000059605,0,0],[0,1520.2000000029802,0,0],[0,1492.5,0,0],[0,1413.5,0,0],[0,1922.300000011921,0,0],[0,1186.5999999940395,0,0],[0,1554.7999999970198,0,0],[0,1889.7999999970198,0,0],[0,2062.4000000059605,0,0],[0,1894.7000000029802,0,0],[0,1955.9000000059605,0,0],[0,1446.7000000029802,0,0],[0,968.8999999910593,0,0],[0,1142.0999999940395,0,0],[0,2405.5999999940395,0,0],[0,1469.5,0,0],[0,2969.5999999940395,0,0],[0,2306.5,0,0]],"response":[[0,1,0,0],[0,1,0,0],[0,1,0,0],[0,1,0,0],[0,1,0,0],[0,1,0,0],[0,1,0,0],[0,1,0,0],[0,1,0,0],[0,1,0,0],[0,1,0,0],[0,1,0,0],[0,1,0,0],[0,1,0,0],[0,1,0,0],[0,1,0,0],[0,1,0,0],[0,1,0,0],[0,1,0,0],[0,1,0,0]],"framerate":[59.993300240527816,60.005581914679894,59.973710154306,60.020632092449475,59.98857360485738,60.010911074829565,59.974747474606424,59.99333407389246,60.04896300084849,59.99280086396784,60.01050183775454,59.99999999999999,59.98987183961031,60.00878177329139,59.97853399813277,60.00685792672239,59.997348183564974,60.012482596208315,57.21143112297094,59.980806142157086]}
