{"practice":[0,0,0,0,0,0,0,0,0,0,0,0,0,0,0,0,0,0,0,0],"center_interval":[0,25,0,75,100,25,100,25,75,100,100,50,25,75,100,25,25,50,0,100],"image_pair":[1,3,2,4,3,2,4,4,2,2,3,4,1,2,2,1,2,3,4,4],"feature_space":[1,2,2,1,1,1,2,2,1,1,2,1,2,1,1,1,2,1,2,2],"left_img":[2,2,2,2,2,1,1,2,2,1,2,2,2,2,1,2,1,1,2,2],"img1Sample":[1,1,1,2,2,1,2,1,3,1,2,1,1,3,1,3,3,1,1,2],"img2Sample":[1,1,3,2,3,1,1,1,2,1,2,2,2,3,1,1,2,3,2,2],"key":[49,50,50,49,50,50,50,49,49,50,49,50,50,49,49,49,50,49,50,50],"correct":[false,true,true,true,false,false,true,false,true,true,true,true,true,true,false,false,false,true,true,false],"right_img":[1,1,1,1,1,2,2,1,1,2,1,1,1,1,2,1,2,2,1,1],"img_choice":[2,1,1,2,1,2,2,2,2,2,2,1,1,2,1,2,2,1,1,1],"center_sample":[3,1,3,3,1,2,2,3,3,3,1,1,1,2,2,2,3,1,2,3],"left_sample":[1,1,3,2,3,1,2,1,2,1,2,2,2,3,1,1,3,1,2,2],"right_sample":[1,1,1,2,2,1,1,1,3,1,2,1,1,3,1,3,2,3,1,2],"RT":[[0,1973.9000000059605,0,0],[0,2005.6000000089407,0,0],[0,1569.2999999970198,0,0],[0,1762.2000000029802,0,0],[0,1022.1000000089407,0,0],[0,1571.7000000029802,0,0],[0,1658.6000000089407,0,0],[0,1908.1000000089407,0,0],[0,1409.7000000029802,0,0],[0,873.7000000029802,0,0],[0,1298.4000000059605,0,0],[0,1225.9000000059605,0,0],[0,1179.1000000089407,0,0],[0,1104.9000000059605,0,0],[0,1471.7999999970198,0,0],[0,851.2000000029802,0,0],[0,2380.5,0,0],[0,774,0,0],[0,1177.7999999970198,0,0],[0,962.7999999970198,0,0]],"response":[[0,1,0,0],[0,1,0,0],[0,1,0,0],[0,1,0,0],[0,1,0,0],[0,1,0,0],[0,1,0,0],[0,1,0,0],[0,1,0,0],[0,1,0,0],[0,1,0,0],[0,1,0,0],[0,1,0,0],[0,1,0,0],[0,1,0,0],[0,1,0,0],[0,1,0,0],[0,1,0,0],[0,1,0,0],[0,1,0,0]],"framerate":[59.998451653068216,59.9923576614444,60.01191076075051,59.99661990881309,59.99387817569635,60.01191076075051,59.99911766034996,59.99682136017355,59.9841364270846,60.02967759305496,60.00315806123294,59.99781826095908,59.99439304737874,60.012818271968094,57.58986418382126,60.01091107449693,59.978555153644365,59.984100599711816,60.01794929334691,60.03704413350008]}
