{"practice":[1,1,1,1,1],"center_interval":[25,75,0,25,0],"image_pair":[4,3,1,3,1],"feature_space":[2,1,1,1,1],"left_img":[2,2,1,1,1],"img1Sample":[1,3,1,2,1],"img2Sample":[1,2,2,3,3],"key":[50,50,50,49,49],"correct":[true,false,false,true,true],"right_img":[1,1,2,2,2],"img_choice":[1,1,2,1,1],"center_sample":[2,3,2,2,3],"left_sample":[1,2,1,2,1],"right_sample":[1,3,2,3,3],"RT":[[0,4359.4000000059605,0,0],[0,2680.1000000089407,0,0],[0,1745.4000000059605,0,0],[0,1140,0,0],[0,3216.2999999970198,0,0]],"response":[[0,1,0,0],[0,1,0,0],[0,1,0,0],[0,1,0,0],[0,1,0,0]],"framerate":[59.79493147675679,60.002436647119026,59.99999999999999,60.00342876715375,59.99947598706244]}
