{"practice":[0,0,0,0,0,0,0,0,0,0,0,0,0,0,0,0,0,0,0,0],"center_interval":[75,0,0,0,75,25,50,50,75,0,100,25,0,75,50,50,100,50,75,75],"image_pair":[4,2,2,3,1,2,2,1,1,2,1,2,1,2,2,2,4,4,4,1],"feature_space":[2,2,1,2,1,1,2,1,1,2,2,1,1,2,2,1,1,2,2,2],"left_img":[1,2,1,1,1,2,2,1,2,2,1,1,2,2,1,2,1,1,1,1],"img1Sample":[3,3,1,2,3,1,3,1,3,3,1,1,2,2,3,1,3,2,1,1],"img2Sample":[3,2,3,1,2,3,2,1,2,1,2,1,2,3,1,2,1,3,3,2],"stim_time":[2000,2000,2000,2000,2000,2000,2000,2000,2000,2000,2000,2000,2000,2000,2000,2000,2000,2000,2000,2000],"key":[49,50,49,49,50,50,49,49,49,50,49,50,49,50,49,50,49,50,49,49],"correct":[false,true,true,true,true,true,false,true,true,true,false,false,false,false,true,true,false,false,false,false],"right_img":[2,1,2,2,2,1,1,2,1,1,2,2,1,1,2,1,2,2,2,2],"img_choice":[1,1,1,1,2,1,2,1,2,1,1,2,2,1,1,1,1,2,1,1],"center_sample":[1,1,2,2,1,3,3,2,3,3,3,1,1,2,1,1,1,1,3,3],"left_sample":[3,2,1,2,3,3,2,1,2,1,1,1,2,3,3,2,3,2,1,1],"right_sample":[3,3,3,1,2,1,3,1,3,3,2,1,2,2,1,1,1,3,3,2],"exact_match":[0,0,0,1,0,0,0,0,0,1,0,0,0,0,0,0,1,0,0,0],"RT":[[0,0,0,177.10000000149012,0,0],[0,0,0,69.70000000298023,0,0],[0,0,0,417.30000000447035,0,0],[0,0,0,20.19999999552965,0,0],[0,0,0,105.60000000149012,0,0],[0,0,0,75.39999999850988,0,0],[0,0,0,4324.10000000149,0,0],[0,0,0,72.20000000298023,0,0],[0,0,0,117.29999999701977,0,0],[0,0,0,127.29999999701977,0,0],[0,0,0,71.39999999850988,0,0],[0,0,0,156.39999999850988,0,0],[0,0,0,74.69999999552965,0,0],[0,0,0,367.09999999403954,0,0],[0,0,0,111.39999999850988,0,0],[0,0,0,211,0,0],[0,0,0,182.10000000149012,0,0],[0,0,0,162.70000000298023,0,0],[0,0,0,134,0,0],[0,0,0,159.79999999701977,0,0]],"response":[[0,0,0,1,0,0],[0,0,0,1,0,0],[0,0,0,1,0,0],[0,0,0,1,0,0],[0,0,0,1,0,0],[0,0,0,1,0,0],[0,0,0,1,0,0],[0,0,0,1,0,0],[0,0,0,1,0,0],[0,0,0,1,0,0],[0,0,0,1,0,0],[0,0,0,1,0,0],[0,0,0,1,0,0],[0,0,0,1,0,0],[0,0,0,1,0,0],[0,0,0,1,0,0],[0,0,0,1,0,0],[0,0,0,1,0,0],[0,0,0,1,0,0],[0,0,0,1,0,0]],"framerate":[41.91817572099262,38.11635884821262,34.042026429022826,38.12347770827518,43.8116100767597,35.74527155995141,27.796495956861687,35.963759596136384,36.91550451187619,37.4276964954066,36.80299979164305,42.59490889420118,38.476203681256656,40.906230333543114,37.97728205833898,35.4739250074069,36.52080680835545,41.72836182525839,37.062223733424005,37.32472510846216]}
