{"practice":[0,0,0,0,0,0,0,0,0,0,0,0,0,0,0,0,0,0,0,0],"center_interval":[100,100,75,100,75,100,0,25,50,75,25,75,25,50,25,100,75,0,25,75],"image_pair":[2,4,3,3,3,2,2,1,4,1,2,3,1,4,2,2,1,1,1,1],"feature_space":[1,1,2,2,2,2,2,2,1,1,1,2,1,1,2,2,2,2,1,1],"left_img":[1,2,2,2,1,2,1,1,2,2,2,1,1,2,2,1,2,2,1,1],"img1Sample":[3,3,2,3,3,1,3,1,2,1,1,2,2,2,1,2,2,1,1,3],"img2Sample":[3,1,2,3,2,1,3,2,3,1,1,2,3,2,1,3,1,3,2,3],"stim_time":[250,250,250,250,250,250,250,250,250,250,250,250,250,250,250,250,250,250,250,250],"key":[49,50,50,50,50,49,50,50,49,50,50,49,49,49,49,49,50,50,49,50],"correct":[false,false,false,false,true,true,false,false,false,false,true,false,true,false,false,false,false,true,true,true],"right_img":[2,1,1,1,2,1,2,2,1,1,1,2,2,1,1,2,1,1,2,2],"img_choice":[1,1,1,1,2,2,2,2,2,1,1,1,1,2,2,1,1,1,1,2],"center_sample":[3,3,2,3,1,2,3,2,3,2,3,2,2,3,3,1,3,3,1,3],"left_sample":[3,1,2,3,3,1,3,1,3,1,1,2,2,2,1,2,1,3,1,3],"right_sample":[3,3,2,3,2,1,3,2,2,1,1,2,3,2,1,3,2,1,2,3],"exact_match":[1,0,0,1,0,0,1,0,0,0,0,0,0,0,0,0,0,0,0,0],"RT":[[0,0,0,1275,0,0],[0,0,0,64.10000000149012,0,0],[0,0,0,138.60000000149012,0,0],[0,0,0,167.5,0,0],[0,0,0,13.600000001490116,0,0],[0,0,0,88.10000000149012,0,0],[0,0,0,109.79999999701977,0,0],[0,0,0,193.39999999850988,0,0],[0,0,0,139.89999999850988,0,0],[0,0,0,166.79999999701977,0,0],[0,0,0,13.800000004470348,0,0],[0,0,0,180.30000000447035,0,0],[0,0,0,20.799999997019768,0,0],[0,0,0,14.899999998509884,0,0],[0,0,0,140.10000000149012,0,0],[0,0,0,79.59999999403954,0,0],[0,0,0,183.5,0,0],[0,0,0,61.79999999701977,0,0],[0,0,0,107.10000000149012,0,0],[0,0,0,419.80000000447035,0,0]],"response":[[0,0,0,1,0,0],[0,0,0,1,0,0],[0,0,0,1,0,0],[0,0,0,1,0,0],[0,0,0,1,0,0],[0,0,0,1,0,0],[0,0,0,1,0,0],[0,0,0,1,0,0],[0,0,0,1,0,0],[0,0,0,1,0,0],[0,0,0,1,0,0],[0,0,0,1,0,0],[0,0,0,1,0,0],[0,0,0,1,0,0],[0,0,0,1,0,0],[0,0,0,1,0,0],[0,0,0,1,0,0],[0,0,0,1,0,0],[0,0,0,1,0,0],[0,0,0,1,0,0]],"framerate":[36.25661149976712,49.73798738793331,48.27701015487926,44.38964241676942,50.31680954141822,46.960605270084336,48.53955547998353,53.02482525897162,43.17502490872163,43.63283775043228,55.97537083690961,43.27269813291488,48.340615413085374,50.85529357374018,44.898977300961334,46.774335892929834,43.5448754132208,49.6982605606832,42.833607907742994,46.792350468112645]}
