{"practice":[0,0,0,0,0,0,0,0,0,0,0,0,0,0,0,0,0,0,0,0],"center_interval":[25,0,25,75,25,100,50,25,75,50,75,0,75,0,25,25,100,50,25,0],"image_pair":[2,2,4,1,1,3,4,1,4,3,3,3,4,4,2,3,4,3,1,1],"feature_space":[1,2,1,2,1,2,2,2,1,2,2,2,2,2,2,2,2,2,2,1],"left_img":[2,2,2,2,1,1,1,2,2,2,2,1,2,2,2,2,1,2,1,2],"img1Sample":[3,2,1,2,2,2,2,1,3,3,2,2,1,1,1,1,2,2,2,3],"img2Sample":[3,1,2,3,2,2,2,3,1,2,1,1,2,3,3,2,3,2,3,2],"stim_time":[2000,2000,2000,2000,2000,2000,2000,2000,2000,2000,2000,2000,2000,2000,2000,2000,2000,2000,2000,2000],"key":[49,49,49,49,49,50,49,49,49,49,49,49,49,50,49,50,49,49,50,50],"correct":[false,false,false,true,true,true,true,false,true,false,true,true,true,true,false,true,false,false,false,true],"right_img":[1,1,1,1,2,2,2,1,1,1,1,2,1,1,1,1,2,1,2,1],"img_choice":[2,2,2,2,1,2,1,2,2,2,2,1,2,1,2,1,1,2,2,1],"center_sample":[2,2,2,3,2,1,2,3,2,1,2,1,3,2,1,2,3,2,2,3],"left_sample":[3,1,2,3,2,2,2,3,1,2,1,2,2,3,3,2,2,2,2,2],"right_sample":[3,2,1,2,2,2,2,1,3,3,2,1,1,1,1,1,3,2,3,3],"exact_match":[0,1,0,0,0,0,0,0,0,0,0,0,0,0,0,0,1,0,0,1],"RT":[[0,0,0,93.39999999850988,0,0],[0,0,0,114.89999999850988,0,0],[0,0,0,67,0,0],[0,0,0,17,0,0],[0,0,0,156.70000000298023,0,0],[0,0,0,70.70000000298023,0,0],[0,0,0,211.5,0,0],[0,0,0,17.599999994039536,0,0],[0,0,0,144.20000000298023,0,0],[0,0,0,168.70000000298023,0,0],[0,0,0,164.20000000298023,0,0],[0,0,0,109.29999999701977,0,0],[0,0,0,192.29999999701977,0,0],[0,0,0,222.10000000149012,0,0],[0,0,0,90.60000000149012,0,0],[0,0,0,111,0,0],[0,0,0,107.09999999403954,0,0],[0,0,0,67,0,0],[0,0,0,68.19999999552965,0,0],[0,0,0,65.89999999850988,0,0]],"response":[[0,0,0,1,0,0],[0,0,0,1,0,0],[0,0,0,1,0,0],[0,0,0,1,0,0],[0,0,0,1,0,0],[0,0,0,1,0,0],[0,0,0,1,0,0],[0,0,0,1,0,0],[0,0,0,1,0,0],[0,0,0,1,0,0],[0,0,0,1,0,0],[0,0,0,1,0,0],[0,0,0,1,0,0],[0,0,0,1,0,0],[0,0,0,1,0,0],[0,0,0,1,0,0],[0,0,0,1,0,0],[0,0,0,1,0,0],[0,0,0,1,0,0],[0,0,0,1,0,0]],"framerate":[43.823326432022085,37.69188596493152,39.747568076406246,37.5274375133554,37.36241542959282,35.48937058564822,38.339502908495135,37.42012920531241,36.2822556033861,35.56450260023486,36.93630166892319,42.38446814326526,35.67855951983995,38.44637223970998,39.96003996006047,39.77506514883393,37.41975351026666,38.10655852320405,37.843280213905764,39.30161380073834]}
