{"practice":[0,0,0,0,0,0,0,0,0,0,0,0,0,0,0,0,0,0,0,0],"center_interval":[0,50,25,50,100,25,25,75,75,25,75,100,50,50,75,75,75,25,50,0],"image_pair":[4,1,3,3,1,3,1,3,3,1,4,4,2,3,1,2,3,2,1,2],"feature_space":[1,1,2,2,1,1,1,2,2,1,1,1,1,2,1,1,2,2,1,2],"left_img":[1,2,2,2,2,1,1,2,2,2,1,1,1,2,1,1,1,1,1,2],"img1Sample":[3,1,2,2,3,1,2,3,3,2,2,1,2,3,3,3,3,3,3,1],"img2Sample":[2,3,3,3,1,1,1,2,1,3,3,3,1,3,1,1,3,3,3,1],"stim_time":[2000,2000,2000,2000,2000,2000,2000,2000,2000,2000,2000,2000,2000,2000,2000,2000,2000,2000,2000,2000],"key":[49,49,50,49,49,50,50,49,50,49,49,50,49,49,49,50,49,50,49,49],"correct":[true,false,true,false,true,false,false,true,false,false,false,true,true,false,false,true,false,false,true,false],"right_img":[2,1,1,1,1,2,2,1,1,1,2,2,2,1,2,2,2,2,2,1],"img_choice":[1,2,1,2,2,2,2,2,1,2,1,2,1,2,1,2,1,2,1,2],"center_sample":[1,2,1,3,2,1,2,3,3,1,1,1,1,2,2,2,1,2,3,1],"left_sample":[3,3,3,3,1,1,2,2,1,3,2,1,2,3,3,3,3,3,3,1],"right_sample":[2,1,2,2,3,1,1,3,3,2,3,3,1,3,1,1,3,3,3,1],"exact_match":[0,0,0,0,0,0,0,0,0,0,0,0,0,0,0,0,0,0,0,1],"RT":[[0,0,0,387.40000000596046,0,0],[0,0,0,84.60000000149012,0,0],[0,0,0,167.29999999701977,0,0],[0,0,0,506.70000000298023,0,0],[0,0,0,69.10000000149012,0,0],[0,0,0,80.5,0,0],[0,0,0,67.10000000149012,0,0],[0,0,0,120.70000000298023,0,0],[0,0,0,65.39999999850988,0,0],[0,0,0,79.30000000447035,0,0],[0,0,0,84,0,0],[0,0,0,17,0,0],[0,0,0,181.10000000149012,0,0],[0,0,0,61.900000005960464,0,0],[0,0,0,266.79999999701977,0,0],[0,0,0,254.5,0,0],[0,0,0,62.79999999701977,0,0],[0,0,0,86.20000000298023,0,0],[0,0,0,211.10000000149012,0,0],[0,0,0,108.5,0,0]],"response":[[0,0,0,1,0,0],[0,0,0,1,0,0],[0,0,0,1,0,0],[0,0,0,1,0,0],[0,0,0,1,0,0],[0,0,0,1,0,0],[0,0,0,1,0,0],[0,0,0,1,0,0],[0,0,0,1,0,0],[0,0,0,1,0,0],[0,0,0,1,0,0],[0,0,0,1,0,0],[0,0,0,1,0,0],[0,0,0,1,0,0],[0,0,0,1,0,0],[0,0,0,1,0,0],[0,0,0,1,0,0],[0,0,0,1,0,0],[0,0,0,1,0,0],[0,0,0,1,0,0]],"framerate":[41.59369527143421,38.86767791425578,41.81021507170465,35.81963758959729,36.773633998265396,44.74350525473737,35.89225354562952,41.34349267098945,37.44539213642896,40.925328616558104,41.99201804615652,38.439836366180955,42.374295151959174,40.05154459656579,36.782656814538974,38.56209150326797,42.037242912751054,40.361528908451625,38.83946355067649,37.5499517707427]}
