{"practice":[0,0,0,0,0,0,0,0,0,0,0,0,0,0,0,0,0,0,0,0],"center_interval":[100,100,25,0,25,50,50,50,50,100,0,100,0,75,50,25,75,100,75,0],"image_pair":[2,4,3,2,1,4,3,2,4,4,3,2,1,3,3,1,4,3,2,4],"feature_space":[2,1,2,2,1,1,1,2,2,2,1,1,2,1,2,2,2,1,1,2],"left_img":[2,2,1,2,2,1,2,1,1,2,1,1,2,2,2,1,2,2,1,2],"img1Sample":[1,1,2,2,3,3,1,3,2,1,1,3,2,1,3,2,1,3,2,1],"img2Sample":[2,3,3,3,2,2,1,1,2,3,3,1,3,3,3,2,2,1,3,2],"stim_time":[250,250,250,250,250,250,250,250,250,250,250,250,250,250,250,250,250,250,250,250],"key":[50,50,50,50,49,49,49,50,49,50,49,49,50,50,49,50,49,50,49,50],"correct":[false,false,false,true,false,true,false,false,true,false,true,false,true,false,false,false,true,false,false,true],"right_img":[1,1,2,1,1,2,1,2,2,1,2,2,1,1,1,2,1,1,2,1],"img_choice":[1,1,2,1,2,1,2,2,1,1,1,1,1,1,2,2,2,1,1,1],"center_sample":[3,1,1,3,1,1,2,3,3,3,1,3,3,2,2,1,3,3,2,2],"left_sample":[2,3,2,3,2,3,1,3,2,3,1,3,3,3,3,2,2,1,2,2],"right_sample":[1,1,3,2,3,2,1,1,2,1,3,1,2,1,3,2,1,3,3,1],"exact_match":[0,0,0,0,0,0,0,0,0,1,1,0,0,0,0,0,0,0,0,0],"RT":[[0,0,0,138.29999999701977,0,0],[0,0,0,68.70000000298023,0,0],[0,0,0,65.39999999850988,0,0],[0,0,0,91.69999999552965,0,0],[0,0,0,243.80000000447035,0,0],[0,0,0,68.60000000149012,0,0],[0,0,0,94.40000000596046,0,0],[0,0,0,149.70000000298023,0,0],[0,0,0,112.10000000149012,0,0],[0,0,0,85.60000000149012,0,0],[0,0,0,69.10000000149012,0,0],[0,0,0,123.89999999850988,0,0],[0,0,0,167.10000000149012,0,0],[0,0,0,1396.3999999985099,0,0],[0,0,0,165.20000000298023,0,0],[0,0,0,619.8999999985099,0,0],[0,0,0,68.20000000298023,0,0],[0,0,0,78.60000000149012,0,0],[0,0,0,91.19999999552965,0,0],[0,0,0,183.89999999850988,0,0]],"response":[[0,0,0,1,0,0],[0,0,0,1,0,0],[0,0,0,1,0,0],[0,0,0,1,0,0],[0,0,0,1,0,0],[0,0,0,1,0,0],[0,0,0,1,0,0],[0,0,0,1,0,0],[0,0,0,1,0,0],[0,0,0,1,0,0],[0,0,0,1,0,0],[0,0,0,1,0,0],[0,0,0,1,0,0],[0,0,0,1,0,0],[0,0,0,1,0,0],[0,0,0,1,0,0],[0,0,0,1,0,0],[0,0,0,1,0,0],[0,0,0,1,0,0],[0,0,0,1,0,0]],"framerate":[44.126217633780904,47.995733712495316,50.34446210936677,45.29222193182868,43.92725030821096,47.023334220503884,44.35939810402566,45.27121573769871,47.945205479452056,43.049327354260086,31.367081990189266,44.85823106220906,42.6684171657281,33.56941089783849,43.272370999188894,40.339324909640105,46.416138534135946,46.33677216308629,44.61161651492918,44.01056253516583]}
