{"practice":[0,0,0,0,0,0,0,0,0,0,0,0,0,0,0,0,0,0,0,0],"center_interval":[75,0,50,100,100,25,75,25,25,75,50,0,100,50,0,75,25,100,75,50],"image_pair":[3,3,3,2,4,1,2,3,3,2,3,1,2,3,4,4,4,1,1,3],"feature_space":[2,1,1,2,2,2,2,1,1,2,1,2,2,2,2,2,1,2,2,2],"left_img":[2,2,1,1,1,1,2,2,1,1,1,1,1,1,1,2,1,1,1,1],"img1Sample":[1,3,2,1,2,3,1,3,3,3,1,1,3,3,1,2,2,2,1,3],"img2Sample":[2,3,2,2,3,2,2,3,1,3,3,3,2,1,1,2,1,2,1,3],"stim_time":[250,250,250,250,250,250,250,250,250,250,250,250,250,250,250,250,250,250,250,250],"key":[50,49,49,50,50,49,50,49,49,49,49,50,49,49,50,49,49,50,49,49],"correct":[false,false,true,true,true,true,false,false,true,false,true,false,false,true,false,true,true,true,false,true],"right_img":[1,1,2,2,2,2,1,1,2,2,2,2,2,2,2,1,2,2,2,2],"img_choice":[1,2,1,2,2,1,1,2,1,1,1,2,1,1,2,2,1,2,1,1],"center_sample":[1,1,2,3,1,3,1,1,1,1,3,2,2,1,2,2,1,3,2,3],"left_sample":[2,3,2,1,2,3,2,3,3,3,1,1,3,3,1,2,2,2,1,3],"right_sample":[1,3,2,2,3,2,1,3,1,3,3,3,2,1,1,2,1,2,1,3],"exact_match":[0,0,0,0,0,0,0,0,0,0,0,0,1,0,0,0,0,0,0,0],"RT":[[0,0,0,68,0,0],[0,0,0,111,0,0],[0,0,0,170.5,0,0],[0,0,0,112.90000000596046,0,0],[0,0,0,285.30000000447035,0,0],[0,0,0,152.30000000447035,0,0],[0,0,0,157,0,0],[0,0,0,114.90000000596046,0,0],[0,0,0,234,0,0],[0,0,0,332.70000000298023,0,0],[0,0,0,96.10000000149012,0,0],[0,0,0,222.29999999701977,0,0],[0,0,0,111.39999999850988,0,0],[0,0,0,298.80000000447035,0,0],[0,0,0,141.10000000149012,0,0],[0,0,0,66,0,0],[0,0,0,120,0,0],[0,0,0,155.5,0,0],[0,0,0,230.5,0,0],[0,0,0,161.30000000447035,0,0]],"response":[[0,0,0,1,0,0],[0,0,0,1,0,0],[0,0,0,1,0,0],[0,0,0,1,0,0],[0,0,0,1,0,0],[0,0,0,1,0,0],[0,0,0,1,0,0],[0,0,0,1,0,0],[0,0,0,1,0,0],[0,0,0,1,0,0],[0,0,0,1,0,0],[0,0,0,1,0,0],[0,0,0,1,0,0],[0,0,0,1,0,0],[0,0,0,1,0,0],[0,0,0,1,0,0],[0,0,0,1,0,0],[0,0,0,1,0,0],[0,0,0,1,0,0],[0,0,0,1,0,0]],"framerate":[47.24971026108512,49.35330156556579,44.26229508196722,49.357501489485315,46.08980077301713,41.21332014496965,49.64421644902855,46.856363945979325,42.098698058928974,43.5869953554841,48.99853863988735,45.08356004663817,49.169209901599466,40.72867298582693,46.725073007926575,49.16860361159193,48.70546013855008,45.98456232561754,41.23550921949402,45.695634434924514]}
