{"practice":[0,0,0,0,0,0,0,0,0,0,0,0,0,0,0,0,0,0,0,0],"center_interval":[50,50,25,25,50,75,100,75,25,50,75,25,50,100,0,25,75,75,100,0],"image_pair":[3,4,1,2,1,2,1,3,4,3,3,3,2,4,1,3,3,3,4,2],"feature_space":[1,2,1,1,2,2,2,1,1,2,2,1,1,1,1,1,2,2,2,1],"left_img":[2,1,1,1,2,2,2,2,1,2,1,1,1,2,1,2,1,2,1,2],"img1Sample":[1,2,1,2,3,2,3,1,2,3,3,3,3,1,2,3,1,2,1,1],"img2Sample":[2,1,3,3,3,1,3,2,3,2,1,1,2,2,3,3,2,2,3,3],"key":[null,null,null,null,null,null,null,null,null,null,null,null,null,null,null,null,null,null,null,null],"correct":[null,null,null,null,null,null,null,null,null,null,null,null,null,null,null,null,null,null,null,null],"right_img":[1,2,2,2,1,1,1,1,2,1,2,2,2,1,2,1,2,1,2,1],"img_choice":[null,null,null,null,null,null,null,null,null,null,null,null,null,null,null,null,null,null,null,null],"center_sample":[2,2,2,1,3,2,1,1,2,2,2,3,1,3,1,2,3,3,1,2],"left_sample":[2,2,1,2,3,1,3,2,2,2,3,3,3,2,2,3,1,2,1,3],"right_sample":[1,1,3,3,3,2,3,1,3,3,1,1,2,1,3,3,2,2,3,1],"RT":[[0,0,0,0],[0,0,0,0],[0,0,0,0],[0,0,0,0],[0,0,0,0],[0,0,0,0],[0,0,0,0],[0,0,0,0],[0,0,0,0],[0,0,0,0],[0,0,0,0],[0,0,0,0],[0,0,0,0],[0,0,0,0],[0,0,0,0],[0,0,0,0],[0,0,0,0],[0,0,0,0],[0,0,0,0],[0,0,0,0]],"response":[[0,1,0,0],[0,1,0,0],[0,1,0,0],[0,1,0,0],[0,1,0,0],[0,1,0,0],[0,1,0,0],[0,1,0,0],[0,1,0,0],[0,1,0,0],[0,1,0,0],[0,1,0,0],[0,1,0,0],[0,1,0,0],[0,1,0,0],[0,1,0,0],[0,1,0,0],[0,1,0,0],[0,1,0,0],[0,1,0,0]],"framerate":[59.942198594188824,59.7637991936506,59.95289415456891,59.94861547248406,59.94326797851237,59.942198594188824,59.952894154608764,59.95396392055303,59.944337400992765,59.952894154608764,59.94754589731592,59.944337400992765,59.947545897355766,59.95503372467459,59.9464763603925,59.94326797855219,57.62814680009834,59.94968508573959,59.77659612434327,59.9464763603925]}
