{"practice":[0,0,0,0,0,0,0,0,0,0,0,0,0,0,0,0,0,0,0,0],"center_interval":[25,0,100,0,0,25,0,25,0,75,0,50,50,50,50,25,25,75,0,50],"image_pair":[4,3,2,4,1,4,4,3,2,4,1,3,2,4,1,3,4,1,1,4],"feature_space":[1,1,2,2,1,2,1,2,1,2,2,1,1,2,1,1,1,1,1,1],"left_img":[1,2,2,2,1,2,2,2,2,1,1,2,1,2,1,1,1,1,1,2],"img1Sample":[2,1,1,1,3,1,3,3,3,3,1,1,2,2,1,2,3,2,2,3],"img2Sample":[1,1,1,3,1,1,3,3,3,2,2,2,1,1,1,1,3,2,2,1],"key":[49,50,49,50,49,50,49,50,49,50,49,50,49,49,49,50,49,50,49,50],"correct":[true,true,true,true,true,true,false,true,false,true,true,true,true,false,true,false,true,true,true,true],"right_img":[2,1,1,1,2,1,1,1,1,2,2,1,2,1,2,2,2,2,2,1],"img_choice":[1,1,2,1,1,1,2,1,2,2,1,1,1,2,1,2,1,2,1,1],"center_sample":[1,3,2,2,2,1,2,1,1,2,3,3,3,3,3,2,3,2,1,3],"left_sample":[2,1,1,3,3,1,3,3,3,3,1,2,2,1,1,2,3,2,2,1],"right_sample":[1,1,1,1,1,1,3,3,3,2,2,1,1,2,1,1,3,2,2,3],"RT":[[0,58.19999999925494,0,0],[0,66.40000000223517,0,0],[0,71.69999999925494,0,0],[0,109.80000000074506,0,0],[0,73.80000000074506,0,0],[0,93.10000000149012,0,0],[0,73.60000000149012,0,0],[0,12.800000000745058,0,0],[0,115.39999999850988,0,0],[0,78.10000000149012,0,0],[0,26.100000001490116,0,0],[0,73.30000000074506,0,0],[0,91,0,0],[0,279.69999999925494,0,0],[0,23.399999998509884,0,0],[0,97.80000000074506,0,0],[0,90.30000000074506,0,0],[0,56.20000000298023,0,0],[0,73.10000000149012,0,0],[0,37.099999997764826,0,0]],"response":[[0,1,0,0],[0,1,0,0],[0,1,0,0],[0,1,0,0],[0,1,0,0],[0,1,0,0],[0,1,0,0],[0,1,0,0],[0,1,0,0],[0,1,0,0],[0,1,0,0],[0,1,0,0],[0,1,0,0],[0,1,0,0],[0,1,0,0],[0,1,0,0],[0,1,0,0],[0,1,0,0],[0,1,0,0],[0,1,0,0]],"framerate":[59.94305409853939,59.97900734756242,59.932758368529015,59.963742853345465,59.941520467836256,59.87170349251603,60.002926971982,59.9481529488734,59.96374285303395,59.95905235442428,59.90856061828557,59.95905235442428,59.94005994012367,59.941189775866725,60.00315806123294,49.857549857549856,59.854638734247715,60.024009603975756,58.49663644334077,60.06468504536463]}
