{"practice":[0,0,0,0,0,0,0,0,0,0,0,0,0,0,0,0,0,0,0,0],"center_interval":[100,75,0,100,50,25,100,25,25,0,50,75,100,50,75,100,0,25,75,0],"image_pair":[1,1,3,3,2,3,3,2,4,4,1,2,1,4,2,2,4,2,3,4],"feature_space":[2,1,2,1,1,1,2,2,1,1,1,1,1,1,1,1,2,2,2,2],"left_img":[1,1,1,2,2,2,2,2,2,1,2,2,1,1,2,1,2,1,1,1],"img1Sample":[1,2,1,1,3,1,2,2,2,2,3,2,1,2,2,1,2,2,3,3],"img2Sample":[3,1,3,3,3,1,1,2,2,1,1,2,1,1,3,1,1,3,1,1],"key":[50,49,50,50,49,50,49,50,49,50,49,50,49,50,49,50,49,50,50,49],"correct":[true,false,false,false,false,true,true,true,false,false,false,false,false,false,true,true,false,false,true,true],"right_img":[2,2,2,1,1,1,1,1,1,2,1,1,2,2,1,2,1,2,2,2],"img_choice":[2,1,2,1,2,1,2,1,2,2,2,1,1,2,2,2,2,2,2,1],"center_sample":[1,2,2,1,1,3,3,1,1,3,1,2,3,3,2,2,3,3,3,2],"left_sample":[1,2,1,3,3,1,1,2,2,2,1,2,1,2,3,1,1,2,3,3],"right_sample":[3,1,3,1,3,1,2,2,2,1,3,2,1,1,2,1,2,3,1,1],"RT":[[0,2141.900000002235,0,0],[0,28.300000000745058,0,0],[0,57.5,0,0],[0,127.09999999776483,0,0],[0,58.399999998509884,0,0],[0,87.19999999925494,0,0],[0,61.100000001490116,0,0],[0,105.80000000074506,0,0],[0,80.60000000149012,0,0],[0,122.40000000223517,0,0],[0,70.90000000223517,0,0],[0,88.90000000223517,0,0],[0,61.099999997764826,0,0],[0,114,0,0],[0,88.5,0,0],[0,112.60000000149012,0,0],[0,71.80000000074506,0,0],[0,111.30000000074506,0,0],[0,5.300000000745058,0,0],[0,90.39999999850988,0,0]],"response":[[0,1,0,0],[0,1,0,0],[0,1,0,0],[0,1,0,0],[0,1,0,0],[0,1,0,0],[0,1,0,0],[0,1,0,0],[0,1,0,0],[0,1,0,0],[0,1,0,0],[0,1,0,0],[0,1,0,0],[0,1,0,0],[0,1,0,0],[0,1,0,0],[0,1,0,0],[0,1,0,0],[0,1,0,0],[0,1,0,0]],"framerate":[59.956395348837205,59.927456237397806,59.96102533339927,59.945504087193456,59.97900734756242,59.88023952076726,59.89817310565345,59.83024906086626,60.11730205278593,59.93733823747987,59.95028512920895,59.92295619929989,59.96102533339927,59.930313588850176,59.95717344753748,59.972105997210605,59.923998830816494,59.98047147452836,59.91902834008097,59.940059939804996]}
