{"practice":[1,1,1,1,1],"center_interval":[50,100,25,25,75],"image_pair":[1,1,1,3,1],"feature_space":[2,2,2,1,1],"left_img":[1,1,2,2,1],"img1Sample":[2,2,2,2,1],"img2Sample":[1,2,3,3,2],"key":[50,50,50,50,50],"correct":[false,true,true,true,true],"right_img":[2,2,1,1,2],"img_choice":[2,2,1,1,2],"center_sample":[2,3,1,1,3],"left_sample":[2,2,3,3,1],"right_sample":[1,2,2,2,2],"RT":[[0,1094.800000000745,0,0],[0,71.70000000298023,0,0],[0,75.60000000149012,0,0],[0,104.69999999925494,0,0],[0,72.5,0,0]],"response":[[0,1,0,0],[0,1,0,0],[0,1,0,0],[0,1,0,0],[0,1,0,0]],"framerate":[59.35590032917999,59.967822144280646,56.909382752017514,58.60192549189851,59.86275368647423]}
