{"practice":[0,0,0,0,0,0,0,0,0,0,0,0,0,0,0,0,0,0,0,0],"center_interval":[75,25,0,0,100,25,25,0,25,25,0,25,50,75,50,50,25,50,100,50],"image_pair":[2,3,1,3,4,2,3,4,2,2,2,3,3,3,3,4,2,4,3,4],"feature_space":[2,1,2,2,2,1,1,2,1,2,2,2,1,2,2,2,2,1,2,2],"left_img":[2,2,1,2,1,2,2,1,1,1,2,1,1,2,2,1,1,1,1,2],"img1Sample":[1,2,1,1,1,3,2,1,3,3,3,1,2,3,1,3,1,2,3,1],"img2Sample":[1,2,1,3,2,2,3,1,2,3,2,3,3,3,3,3,1,3,1,2],"key":[50,50,49,50,49,49,49,50,49,50,49,49,49,49,49,50,50,49,50,49],"correct":[false,true,true,true,false,false,false,false,true,false,false,true,true,true,false,false,false,true,true,false],"right_img":[1,1,2,1,2,1,1,2,2,2,1,2,2,1,1,2,2,2,2,1],"img_choice":[1,1,1,1,1,2,2,2,1,2,2,1,1,2,2,2,2,1,2,2],"center_sample":[1,2,2,3,1,2,2,3,1,3,2,1,1,1,1,2,3,1,3,3],"left_sample":[1,2,1,3,1,2,3,1,3,3,2,1,2,3,3,3,1,2,3,2],"right_sample":[1,2,1,1,2,3,2,1,2,3,3,3,3,3,1,3,1,3,1,1],"RT":[[0,1848.199999999255,0,0],[0,88,0,0],[0,15.300000000745058,0,0],[0,104.89999999850988,0,0],[0,91.40000000223517,0,0],[0,29.699999999254942,0,0],[0,10,0,0],[0,177,0,0],[0,96.90000000223517,0,0],[0,53.70000000298023,0,0],[0,105.60000000149012,0,0],[0,59.30000000074506,0,0],[0,171.19999999925494,0,0],[0,163.89999999850988,0,0],[0,26.400000002235174,0,0],[0,422,0,0],[0,81,0,0],[0,114,0,0],[0,71.20000000298023,0,0],[0,63.899999998509884,0,0]],"response":[[0,1,0,0],[0,1,0,0],[0,1,0,0],[0,1,0,0],[0,1,0,0],[0,1,0,0],[0,1,0,0],[0,1,0,0],[0,1,0,0],[0,1,0,0],[0,1,0,0],[0,1,0,0],[0,1,0,0],[0,1,0,0],[0,1,0,0],[0,1,0,0],[0,1,0,0],[0,1,0,0],[0,1,0,0],[0,1,0,0]],"framerate":[59.92417757119999,59.99999999999999,59.967585089141,59.888579387186624,59.982862039481134,59.936908517350155,59.987029831315354,59.941334013689556,59.922956198981396,59.95203836937151,59.94702356051211,59.97001499250374,59.92604870608007,59.950475693933704,59.936908517350155,59.94971959006446,59.95905235442428,59.96374285303395,59.932758368855374,59.97900734722737]}
