{"practice":[0,0,0,0,0,0,0,0,0,0,0,0,0,0,0,0,0,0,0,0],"center_interval":[50,100,0,0,25,50,25,0,25,100,50,100,75,25,100,50,0,50,75,100],"image_pair":[1,2,2,3,1,4,4,4,1,3,4,1,1,1,1,3,2,3,1,2],"feature_space":[2,2,1,2,2,2,2,2,1,1,2,1,2,1,2,2,2,1,1,1],"left_img":[2,1,1,2,2,1,1,2,2,2,2,1,2,1,2,1,2,1,1,1],"img1Sample":[2,2,2,1,1,2,1,2,3,1,3,2,3,2,1,3,3,2,3,3],"img2Sample":[3,1,2,2,2,1,1,2,2,1,1,2,2,1,2,1,3,3,2,2],"key":[null,null,null,null,null,null,null,null,null,50,49,50,49,50,50,50,50,50,49,50],"correct":[null,null,null,null,null,null,null,null,null,false,false,true,true,false,false,false,true,false,false,true],"right_img":[1,2,2,1,1,2,2,1,1,1,1,2,1,2,1,2,1,2,2,2],"img_choice":[null,null,null,null,null,null,null,null,null,1,2,2,2,2,1,2,1,2,1,2],"center_sample":[2,3,1,2,3,2,2,3,3,3,1,1,2,1,1,3,2,1,3,1],"left_sample":[3,2,2,2,2,2,1,2,2,1,1,2,2,2,2,3,3,2,3,3],"right_sample":[2,1,2,1,1,1,1,2,3,1,3,2,3,1,1,1,3,3,2,2],"RT":[[0,0,0,0],[0,0,0,0],[0,0,0,0],[0,0,0,0],[0,0,0,0],[0,0,0,0],[0,0,0,0],[0,0,0,0],[0,0,0,0],[0,122.39999999850988,0,0],[0,4.400000002235174,0,0],[0,39.79999999701977,0,0],[0,13.200000002980232,0,0],[0,62,0,0],[0,2.699999999254942,0,0],[0,73.89999999850988,0,0],[0,76.30000000074506,0,0],[0,26.199999999254942,0,0],[0,125.30000000074506,0,0],[0,39.900000002235174,0,0]],"response":[[0,1,0,0],[0,1,0,0],[0,1,0,0],[0,1,0,0],[0,1,0,0],[0,1,0,0],[0,1,0,0],[0,1,0,0],[0,1,0,0],[0,1,0,0],[0,1,0,0],[0,1,0,0],[0,1,0,0],[0,1,0,0],[0,1,0,0],[0,1,0,0],[0,1,0,0],[0,1,0,0],[0,1,0,0],[0,1,0,0]],"framerate":[59.944337400992765,59.9464763603925,58.524400035685616,59.94540686159225,59.9464763603925,59.95396392055303,59.94540686163209,59.93578308954691,59.95717344753748,60.00272739663888,59.889932016761705,59.94466646193358,59.9773058840427,59.916117435790774,59.967585089141,59.941520467836256,59.941520467836256,59.94636377956462,59.98636673483299,59.94466646193358]}
