{"practice":[0,0,0,0,0,0,0,0,0,0,0,0,0,0,0,0,0,0,0,0],"center_interval":[50,0,0,25,75,75,75,75,50,75,50,0,100,0,25,0,0,0,0,0],"image_pair":[1,3,4,3,2,2,3,1,2,2,2,3,2,1,4,4,2,4,4,1],"feature_space":[2,1,2,1,1,1,2,2,2,2,1,2,2,2,2,2,2,2,1,1],"left_img":[2,2,1,1,2,1,1,1,1,2,1,1,2,2,2,1,1,1,1,1],"img1Sample":[1,1,3,3,2,2,1,1,2,1,1,2,3,3,3,2,1,1,2,3],"img2Sample":[1,1,2,3,3,1,1,2,3,1,1,1,1,2,2,2,1,2,3,2],"stim_time":[250,250,250,250,250,250,250,250,250,250,250,250,250,250,250,250,250,250,250,250],"key":[49,49,49,50,50,50,50,49,50,49,49,50,50,49,49,49,49,49,50,null],"correct":[false,false,true,false,false,true,true,false,false,true,true,false,false,false,false,true,true,true,false,null],"right_img":[1,1,2,2,1,2,2,2,2,1,2,2,1,1,1,2,2,2,2,2],"img_choice":[2,2,1,2,1,2,2,1,2,2,1,2,1,2,2,1,1,1,2,null],"center_sample":[3,2,3,2,3,2,2,3,1,1,2,2,3,1,3,1,1,3,3,3],"left_sample":[1,1,3,3,3,2,1,1,2,1,1,2,1,2,2,2,1,1,2,3],"right_sample":[1,1,2,3,2,1,1,2,3,1,1,1,3,3,3,2,1,2,3,2],"exact_match":[0,0,1,0,0,0,0,0,0,0,0,1,0,0,0,0,1,0,0,1],"RT":[[0,0,0,633.6000003814697,0,0],[0,0,0,1106.6000003814697,0,0],[0,0,0,1614.4000000953674,0,0],[0,0,0,3117.199999809265,0,0],[0,0,0,372.2999997138977,0,0],[0,0,0,454.09999990463257,0,0],[0,0,0,592.1999998092651,0,0],[0,0,0,738.6999998092651,0,0],[0,0,0,645.0999999046326,0,0],[0,0,0,197.60000038146973,0,0],[0,0,0,700.8000001907349,0,0],[0,0,0,738.2999997138977,0,0],[0,0,0,952.8000001907349,0,0],[0,0,0,50,0,0],[0,0,0,106.90000009536743,0,0],[0,0,0,943.7999997138977,0,0],[0,0,0,138.60000038146973,0,0],[0,0,0,1097.9000000953674,0,0],[0,0,0,992.9000000953674,0,0],[0,0,0,0,0,0]],"response":[[0,0,0,1,0,0],[0,0,0,1,0,0],[0,0,0,1,0,0],[0,0,0,1,0,0],[0,0,0,1,0,0],[0,0,0,1,0,0],[0,0,0,1,0,0],[0,0,0,1,0,0],[0,0,0,1,0,0],[0,0,0,1,0,0],[0,0,0,1,0,0],[0,0,0,1,0,0],[0,0,0,1,0,0],[0,0,0,1,0,0],[0,0,0,1,0,0],[0,0,0,1,0,0],[0,0,0,1,0,0],[0,0,0,1,0,0],[0,0,0,1,0,0],[0,0,0,1,0,0]],"framerate":[49.99117803581873,44.30087678818643,43.50924571627072,39.44443115989413,51.6291076639721,49.43968358602505,50.30912837338119,48.88888888888889,48.84939085672335,55.19116942131409,49.79347026000263,47.23009390954516,46.62698412698413,57.27272727272728,57.40724871741999,48.497575123556366,55.004583710937865,45.59411929719586,45.858132496464656,37.743934600342676]}
