{"practice":[0,0,0,0,0,0,0,0,0,0,0,0,0,0,0,0,0,0,0,0],"center_interval":[100,100,0,25,0,100,100,25,0,100,0,75,25,50,75,75,50,0,75,0],"image_pair":[3,3,2,3,3,4,2,3,4,3,2,1,3,2,1,2,3,2,3,4],"feature_space":[1,2,1,2,2,2,1,2,2,1,2,1,2,2,2,1,2,2,1,2],"left_img":[2,2,2,1,2,1,1,2,1,2,1,2,1,1,2,2,1,1,2,1],"img1Sample":[1,2,1,2,2,1,1,3,3,3,2,1,3,2,2,3,2,1,2,3],"img2Sample":[1,1,3,3,3,2,2,2,1,1,3,1,1,1,2,3,1,3,2,2],"stim_time":[250,250,250,250,250,250,250,250,250,250,250,250,250,250,250,250,250,250,250,250],"key":[49,49,49,49,49,49,49,49,49,50,49,49,49,49,49,49,49,49,50,49],"correct":[true,true,false,true,false,false,false,false,true,false,true,true,true,true,true,true,true,true,false,true],"right_img":[1,1,1,2,1,2,2,1,2,1,2,1,2,2,1,1,2,2,1,2],"img_choice":[2,2,2,1,2,1,1,2,1,1,1,2,1,1,2,2,1,1,1,1],"center_sample":[1,3,3,1,3,1,3,3,3,1,1,3,3,3,2,2,3,3,1,1],"left_sample":[1,1,3,2,3,1,1,2,3,1,2,1,3,2,2,3,2,1,2,3],"right_sample":[1,2,1,3,2,2,2,3,1,3,3,1,1,1,2,3,1,3,2,2],"exact_match":[1,0,0,0,0,0,0,0,1,1,0,0,0,0,0,0,0,0,0,0],"RT":[[0,0,0,533.2000002861023,0,0],[0,0,0,785.4000000953674,0,0],[0,0,0,115.59999990463257,0,0],[0,0,0,283.69999980926514,0,0],[0,0,0,165.19999980926514,0,0],[0,0,0,741,0,0],[0,0,0,10.199999809265137,0,0],[0,0,0,114.90000009536743,0,0],[0,0,0,669.5999999046326,0,0],[0,0,0,390.1000003814697,0,0],[0,0,0,51.200000286102295,0,0],[0,0,0,593,0,0],[0,0,0,483.80000019073486,0,0],[0,0,0,888.4000000953674,0,0],[0,0,0,711,0,0],[0,0,0,322,0,0],[0,0,0,641.5999999046326,0,0],[0,0,0,46.90000009536743,0,0],[0,0,0,51,0,0],[0,0,0,196,0,0]],"response":[[0,0,0,1,0,0],[0,0,0,1,0,0],[0,0,0,1,0,0],[0,0,0,1,0,0],[0,0,0,1,0,0],[0,0,0,1,0,0],[0,0,0,1,0,0],[0,0,0,1,0,0],[0,0,0,1,0,0],[0,0,0,1,0,0],[0,0,0,1,0,0],[0,0,0,1,0,0],[0,0,0,1,0,0],[0,0,0,1,0,0],[0,0,0,1,0,0],[0,0,0,1,0,0],[0,0,0,1,0,0],[0,0,0,1,0,0],[0,0,0,1,0,0],[0,0,0,1,0,0]],"framerate":[50.02188456853566,48.102907798710895,55.7031450807162,54.074074074074076,55.094153445649354,47.67184035476718,59.25507901740219,54.879094481477416,47.30041532332194,51.02392607754807,57.34767025089606,49.09388448919803,50.319334224117604,46.66427362927555,48.13409592582229,52.0193627663904,50.02942907592701,57.262315952483114,58.196794694645824,54.386947124391355]}
