{"practice":[0,0,0,0,0,0,0,0,0,0,0,0,0,0,0,0,0,0,0,0],"center_interval":[75,75,0,25,100,75,100,50,50,100,50,0,75,75,50,75,0,100,0,100],"image_pair":[2,1,4,1,3,1,3,3,4,1,1,3,3,4,2,1,1,3,3,3],"feature_space":[1,2,2,2,2,1,2,1,1,2,1,1,1,1,2,1,1,2,2,2],"left_img":[1,2,2,1,1,1,2,1,1,2,1,1,2,1,1,1,2,1,2,1],"img1Sample":[3,1,3,2,3,2,3,2,1,1,1,3,2,1,3,3,3,2,1,3],"img2Sample":[2,3,3,1,3,2,3,1,1,3,2,2,3,3,1,2,1,3,2,3],"stim_time":[250,250,250,250,250,250,250,250,250,250,250,250,250,250,250,250,250,250,250,250],"key":[50,50,50,50,49,49,49,49,49,null,null,50,null,null,49,49,49,49,null,50],"correct":[true,false,true,false,false,false,true,true,true,null,null,false,null,null,true,false,false,false,null,true],"right_img":[2,1,1,2,2,2,1,2,2,1,2,2,1,2,2,2,1,2,1,2],"img_choice":[2,1,1,2,1,1,2,1,1,null,null,2,null,null,1,1,2,1,null,2],"center_sample":[1,2,1,1,1,1,2,2,3,2,3,2,2,1,1,3,1,2,2,1],"left_sample":[3,3,3,2,3,2,3,2,1,3,1,3,3,1,3,3,1,2,2,3],"right_sample":[2,1,3,1,3,2,3,1,1,1,2,2,2,3,1,2,3,3,1,3],"exact_match":[0,0,0,0,0,0,0,0,0,0,0,0,0,0,0,0,0,0,0,0],"RT":[[0,0,0,1007.7000002861023,0,0],[0,0,0,823.0999999046326,0,0],[0,0,0,1045.5,0,0],[0,0,0,1617.0999999046326,0,0],[0,0,0,284.09999990463257,0,0],[0,0,0,359.19999980926514,0,0],[0,0,0,460.90000009536743,0,0],[0,0,0,196.5,0,0],[0,0,0,174.7999997138977,0,0],[0,0,0,0,0,0],[0,0,0,0,0,0],[0,0,0,914.4000000953674,0,0],[0,0,0,0,0,0],[0,0,0,0,0,0],[0,0,0,257.90000009536743,0,0],[0,0,0,250.30000019073486,0,0],[0,0,0,347.40000009536743,0,0],[0,0,0,49.89999961853027,0,0],[0,0,0,0,0,0],[0,0,0,493.69999980926514,0,0]],"response":[[0,0,0,1,0,0],[0,0,0,1,0,0],[0,0,0,1,0,0],[0,0,0,1,0,0],[0,0,0,1,0,0],[0,0,0,1,0,0],[0,0,0,1,0,0],[0,0,0,1,0,0],[0,0,0,1,0,0],[0,0,0,1,0,0],[0,0,0,1,0,0],[0,0,0,1,0,0],[0,0,0,1,0,0],[0,0,0,1,0,0],[0,0,0,1,0,0],[0,0,0,1,0,0],[0,0,0,1,0,0],[0,0,0,1,0,0],[0,0,0,1,0,0],[0,0,0,1,0,0]],"framerate":[51.29694153847655,49.89384288747346,47.14510214558021,43.604651165890324,54.734947877588816,52.28573448382609,50.75807514831905,54.4,55.14556806338792,36.430172757137186,39.55891806296913,47.296953664740286,37.91500445208396,40.66115702479339,53.147065526587575,55.47534006741353,52.8533676201989,57.27272727272728,38.2447001399654,50.32258064516129]}
