{"practice":[0,0,0,0,0,0,0,0,0,0,0,0,0,0,0,0,0,0,0,0],"center_interval":[50,100,25,100,0,75,75,100,50,25,0,75,0,0,75,0,25,50,0,25],"image_pair":[2,4,4,4,4,3,1,4,1,3,3,2,4,4,3,3,4,4,4,4],"feature_space":[1,2,1,2,1,2,2,2,2,1,1,2,2,2,2,2,2,2,2,2],"left_img":[2,1,1,1,1,2,1,1,2,1,2,1,1,1,2,1,2,1,1,2],"img1Sample":[1,1,2,1,1,2,2,1,1,1,3,2,3,3,2,1,2,2,2,2],"img2Sample":[1,2,3,1,2,2,3,2,2,3,1,2,1,2,3,2,1,3,2,1],"stim_time":[2000,2000,2000,2000,2000,2000,2000,2000,2000,2000,2000,2000,2000,2000,2000,2000,2000,2000,2000,2000],"key":[50,50,50,50,49,50,49,50,49,50,49,49,50,49,49,49,49,49,49,49],"correct":[true,true,false,true,true,false,false,true,false,false,false,false,false,true,true,true,false,true,true,false],"right_img":[1,2,2,2,2,1,2,2,1,2,1,2,2,2,1,2,1,2,2,1],"img_choice":[1,2,2,2,1,1,1,2,2,2,2,1,2,1,2,1,2,1,1,2],"center_sample":[1,3,1,2,2,2,2,1,3,2,3,3,3,1,1,2,3,1,2,1],"left_sample":[1,1,2,1,1,2,2,1,2,1,1,2,3,3,3,1,1,2,2,1],"right_sample":[1,2,3,1,2,2,3,2,1,3,3,2,1,2,2,2,2,3,2,2],"exact_match":[0,0,0,0,0,0,0,0,0,0,1,0,1,0,0,0,0,0,1,0],"RT":[[0,0,0,318.90000009536743,0,0],[0,0,0,667.1999998092651,0,0],[0,0,0,406.5,0,0],[0,0,0,3120.9000000953674,0,0],[0,0,0,1026.1999998092651,0,0],[0,0,0,197.39999961853027,0,0],[0,0,0,653.3000001907349,0,0],[0,0,0,109,0,0],[0,0,0,1630.4000000953674,0,0],[0,0,0,313.09999990463257,0,0],[0,0,0,80.09999990463257,0,0],[0,0,0,435.7999997138977,0,0],[0,0,0,1135.7000002861023,0,0],[0,0,0,316.5,0,0],[0,0,0,2181.9000000953674,0,0],[0,0,0,796.1999998092651,0,0],[0,0,0,1026.5,0,0],[0,0,0,1011.4000000953674,0,0],[0,0,0,281.40000009536743,0,0],[0,0,0,50,0,0]],"response":[[0,0,0,1,0,0],[0,0,0,1,0,0],[0,0,0,1,0,0],[0,0,0,1,0,0],[0,0,0,1,0,0],[0,0,0,1,0,0],[0,0,0,1,0,0],[0,0,0,1,0,0],[0,0,0,1,0,0],[0,0,0,1,0,0],[0,0,0,1,0,0],[0,0,0,1,0,0],[0,0,0,1,0,0],[0,0,0,1,0,0],[0,0,0,1,0,0],[0,0,0,1,0,0],[0,0,0,1,0,0],[0,0,0,1,0,0],[0,0,0,1,0,0],[0,0,0,1,0,0]],"framerate":[57.451086784807046,50.22529632649894,52.55138531050305,43.48412323662764,48.785578253803074,52.664911171301796,50.48610910491606,53.140427871367116,46.691027201594075,52.31233351359514,47.173083593479014,56.30595981827321,47.591322175764546,51.34952982929584,44.95103548093067,49.72084108906468,48.52469280859557,52.932236251993075,50.55906660184735,52.014242827955194]}
