{"practice":[0,0,0,0,0,0,0,0,0,0,0,0,0,0,0,0,0,0,0,0],"center_interval":[100,50,100,75,75,75,75,50,0,0,50,50,75,100,100,25,50,50,50,25],"image_pair":[1,2,2,2,2,2,2,4,3,2,3,2,3,3,1,3,1,1,1,2],"feature_space":[1,2,1,1,1,1,1,1,1,2,2,1,1,2,1,1,2,1,1,1],"left_img":[1,1,2,1,1,1,1,1,2,2,1,2,1,2,1,2,1,2,1,1],"img1Sample":[2,3,1,1,3,2,2,2,2,1,3,3,3,3,3,1,2,1,2,1],"img2Sample":[1,2,2,1,3,3,3,3,2,1,1,3,1,1,3,1,3,3,2,3],"stim_time":[2000,2000,2000,2000,2000,2000,2000,2000,2000,2000,2000,2000,2000,2000,2000,2000,2000,2000,2000,2000],"key":[null,49,50,49,49,49,50,50,49,50,50,49,50,49,49,49,49,50,49,50],"correct":[null,true,false,false,false,false,true,false,false,true,false,false,true,true,false,false,true,true,true,false],"right_img":[2,2,1,2,2,2,2,2,1,1,2,1,2,1,2,1,2,1,2,2],"img_choice":[null,1,1,1,1,1,2,2,2,1,2,2,2,2,1,2,1,1,1,2],"center_sample":[1,1,3,1,3,2,3,1,3,2,2,3,2,2,2,2,2,1,2,1],"left_sample":[2,3,2,1,3,2,2,2,2,1,3,3,3,1,3,1,2,3,2,1],"right_sample":[1,2,1,1,3,3,3,3,2,1,1,3,1,3,3,1,3,1,2,3],"exact_match":[1,0,0,0,0,0,0,0,0,0,0,0,0,0,0,0,0,0,0,0],"RT":[[0,0,0,0,0,0],[0,0,0,1669.1999998092651,0,0],[0,0,0,1614.5999999046326,0,0],[0,0,0,202.69999980926514,0,0],[0,0,0,508.90000009536743,0,0],[0,0,0,465,0,0],[0,0,0,912,0,0],[0,0,0,173.30000019073486,0,0],[0,0,0,228.2000002861023,0,0],[0,0,0,944.2000002861023,0,0],[0,0,0,1762.4000000953674,0,0],[0,0,0,284,0,0],[0,0,0,1542.4000000953674,0,0],[0,0,0,462.90000009536743,0,0],[0,0,0,525.3000001907349,0,0],[0,0,0,50.69999980926514,0,0],[0,0,0,232.19999980926514,0,0],[0,0,0,459.09999990463257,0,0],[0,0,0,48.30000019073486,0,0],[0,0,0,492.80000019073486,0,0]],"response":[[0,0,0,1,0,0],[0,0,0,1,0,0],[0,0,0,1,0,0],[0,0,0,1,0,0],[0,0,0,1,0,0],[0,0,0,1,0,0],[0,0,0,1,0,0],[0,0,0,1,0,0],[0,0,0,1,0,0],[0,0,0,1,0,0],[0,0,0,1,0,0],[0,0,0,1,0,0],[0,0,0,1,0,0],[0,0,0,1,0,0],[0,0,0,1,0,0],[0,0,0,1,0,0],[0,0,0,1,0,0],[0,0,0,1,0,0],[0,0,0,1,0,0],[0,0,0,1,0,0]],"framerate":[41.02984921379901,46.17340679538788,50.25808204509326,51.724137931034484,51.86503030187484,52.34319997398394,49.2438512484238,58.330539725108956,52.73392439439343,49.07844548859141,49.9222701505903,53.563937919108206,46.43464668494706,51.729415365779005,50.40201607631701,59.31612002791346,45.15788780174032,52.045064901737874,55.10512091722131,52.119632732377184]}
