{"practice":[0,0,0,0,0,0,0,0,0,0,0,0,0,0,0,0,0,0,0,0],"center_interval":[75,100,0,0,75,75,50,0,75,25,50,75,50,100,25,75,0,25,75,50],"image_pair":[1,4,1,4,1,4,1,2,3,3,4,3,4,4,2,2,1,3,4,2],"feature_space":[1,1,1,1,2,2,2,1,1,2,1,2,2,1,1,1,2,1,2,1],"left_img":[2,1,1,1,1,1,2,2,2,1,1,2,1,1,2,2,1,1,2,1],"img1Sample":[1,2,2,3,1,1,2,2,3,3,3,2,2,3,2,1,3,3,1,3],"img2Sample":[2,1,1,3,3,1,2,2,1,2,3,2,1,2,3,2,1,2,2,1],"key":[49,50,50,50,50,50,50,49,49,50,50,50,49,50,50,49,50,49,49,49],"correct":[true,true,false,false,true,true,true,false,true,false,false,false,true,true,true,true,false,true,true,true],"right_img":[1,2,2,2,2,2,1,1,1,2,2,1,2,2,1,1,2,2,1,2],"img_choice":[2,2,2,2,2,2,1,2,2,2,2,1,1,2,1,2,2,1,2,1],"center_sample":[1,2,3,1,2,2,2,1,2,1,1,2,1,1,3,3,2,1,2,2],"left_sample":[2,2,2,3,1,1,2,2,1,3,3,2,2,3,3,2,3,3,2,3],"right_sample":[1,1,1,3,3,1,2,2,3,2,3,2,1,2,2,1,1,2,1,1],"RT":[[0,0,0,2135,0,0],[0,0,0,1696,0,0],[0,0,0,2587,0,0],[0,0,0,1574,0,0],[0,0,0,1359,0,0],[0,0,0,1161,0,0],[0,0,0,1168,0,0],[0,0,0,1536,0,0],[0,0,0,1146,0,0],[0,0,0,1310,0,0],[0,0,0,1269,0,0],[0,0,0,1898,0,0],[0,0,0,1454,0,0],[0,0,0,1303,0,0],[0,0,0,1799,0,0],[0,0,0,1457,0,0],[0,0,0,1917,0,0],[0,0,0,1421,0,0],[0,0,0,1540,0,0],[0,0,0,1684,0,0]],"response":[[0,0,0,1,0,0],[0,0,0,1,0,0],[0,0,0,1,0,0],[0,0,0,1,0,0],[0,0,0,1,0,0],[0,0,0,1,0,0],[0,0,0,1,0,0],[0,0,0,1,0,0],[0,0,0,1,0,0],[0,0,0,1,0,0],[0,0,0,1,0,0],[0,0,0,1,0,0],[0,0,0,1,0,0],[0,0,0,1,0,0],[0,0,0,1,0,0],[0,0,0,1,0,0],[0,0,0,1,0,0],[0,0,0,1,0,0],[0,0,0,1,0,0],[0,0,0,1,0,0]],"framerate":[57.37373737373738,58.90197821738165,58.16969247869581,51.3347022587269,55.96747189667544,55.72365103378719,55.01130369253957,58.40423085766843,54.4579533941236,58.55199222546162,59.03968642822146,54.08271474019089,59.08558030480657,58.55199222546162,50.054171180931746,59.56848030018762,59.581660680329605,53.8879697471047,59.5539204414808,58.915073365940415]}
