{"practice":[0,0,0,0,0,0,0,0,0,0,0,0,0,0,0,0,0,0,0,0],"center_interval":[75,0,75,50,0,75,75,75,50,25,100,0,100,25,75,100,0,25,50,25],"image_pair":[1,3,1,4,2,1,2,2,4,1,4,1,2,2,4,3,2,3,1,4],"feature_space":[1,2,1,2,2,2,1,2,2,2,1,2,2,1,2,1,2,2,1,2],"left_img":[1,2,2,2,2,1,1,2,1,2,1,2,1,2,1,1,1,1,1,1],"img1Sample":[1,2,3,3,2,1,3,2,2,1,1,3,1,1,1,1,3,1,1,2],"img2Sample":[1,3,1,2,2,2,1,1,1,2,2,2,1,3,1,1,2,1,3,1],"key":[49,50,50,49,50,49,49,49,50,50,50,49,49,50,50,50,49,50,50,49],"correct":[false,true,false,false,true,false,false,true,false,true,true,false,false,true,true,true,true,false,false,true],"right_img":[2,1,1,1,1,2,2,1,2,1,2,1,2,1,2,2,2,2,2,2],"img_choice":[1,1,1,2,1,1,1,2,2,1,2,2,1,1,2,2,1,2,2,1],"center_sample":[3,1,3,3,1,3,2,1,1,1,3,1,3,3,3,2,2,3,2,2],"left_sample":[1,3,1,2,2,1,3,1,2,2,1,2,1,3,1,1,3,1,1,2],"right_sample":[1,2,3,3,2,2,1,2,1,1,2,3,1,1,1,1,2,1,3,1],"RT":[[0,0,0,1645,0,0],[0,0,0,1675,0,0],[0,0,0,1405,0,0],[0,0,0,1521,0,0],[0,0,0,1158,0,0],[0,0,0,1536,0,0],[0,0,0,1635,0,0],[0,0,0,1260,0,0],[0,0,0,1290,0,0],[0,0,0,1374,0,0],[0,0,0,1255,0,0],[0,0,0,543,0,0],[0,0,0,1242,0,0],[0,0,0,1518,0,0],[0,0,0,1124,0,0],[0,0,0,1166,0,0],[0,0,0,1805,0,0],[0,0,0,1004,0,0],[0,0,0,1369,0,0],[0,0,0,172,0,0]],"response":[[0,0,0,1,0,0],[0,0,0,1,0,0],[0,0,0,1,0,0],[0,0,0,1,0,0],[0,0,0,1,0,0],[0,0,0,1,0,0],[0,0,0,1,0,0],[0,0,0,1,0,0],[0,0,0,1,0,0],[0,0,0,1,0,0],[0,0,0,1,0,0],[0,0,0,1,0,0],[0,0,0,1,0,0],[0,0,0,1,0,0],[0,0,0,1,0,0],[0,0,0,1,0,0],[0,0,0,1,0,0],[0,0,0,1,0,0],[0,0,0,1,0,0],[0,0,0,1,0,0]],"framerate":[58.20224719101124,58.23293172690763,55.74003795066414,58.41607019164166,59.50579929399899,59.337626494940196,54.843785120251745,59.04059040590406,55.37936081971212,57.62792922046868,59.28659286592866,59.42072260376232,57.298098295875526,51.01569713758079,55.95116988809767,55.49974886991462,59.37161430119177,52.9627687467226,59.51242829827916,59.37604830593761]}
