{"practice":[0,0,0,0,0,0,0,0,0,0,0,0,0,0,0,0,0,0,0,0],"center_interval":[100,25,25,50,50,0,0,100,50,75,75,75,25,50,0,50,75,0,100,50],"image_pair":[1,3,3,3,3,2,3,3,2,1,3,1,2,1,3,1,3,3,1,3],"feature_space":[2,1,1,1,1,2,1,2,1,2,1,2,2,1,1,2,1,2,2,2],"left_img":[2,1,2,1,2,2,2,1,1,1,2,1,1,2,1,1,1,2,2,1],"img1Sample":[2,1,1,3,3,1,3,2,1,1,3,1,1,2,2,1,3,2,1,2],"img2Sample":[2,1,2,2,3,1,1,2,3,1,3,3,1,2,1,2,2,3,2,1],"key":[50,49,50,49,50,49,50,49,50,49,50,49,49,50,49,49,50,50,50,50],"correct":[false,true,true,true,true,false,true,false,false,false,false,false,true,true,true,true,true,true,false,false],"right_img":[1,2,1,2,1,1,1,2,2,2,1,2,2,1,2,2,2,1,1,2],"img_choice":[1,1,1,1,1,2,1,1,2,1,1,1,1,1,1,1,2,1,1,2],"center_sample":[1,1,2,3,2,2,1,3,3,3,1,1,3,2,1,1,2,1,1,1],"left_sample":[2,1,2,3,3,1,1,2,1,1,3,1,1,2,2,1,3,3,2,2],"right_sample":[2,1,1,2,3,1,3,2,3,1,3,3,1,2,1,2,2,2,1,1],"RT":[[0,0,0,869,0,0],[0,0,0,775,0,0],[0,0,0,1206,0,0],[0,0,0,722,0,0],[0,0,0,647,0,0],[0,0,0,524,0,0],[0,0,0,24,0,0],[0,0,0,1084,0,0],[0,0,0,695,0,0],[0,0,0,715,0,0],[0,0,0,544,0,0],[0,0,0,419,0,0],[0,0,0,861,0,0],[0,0,0,809,0,0],[0,0,0,457,0,0],[0,0,0,1130,0,0],[0,0,0,47,0,0],[0,0,0,1485,0,0],[0,0,0,760,0,0],[0,0,0,702,0,0]],"response":[[0,0,0,1,0,0],[0,0,0,1,0,0],[0,0,0,1,0,0],[0,0,0,1,0,0],[0,0,0,1,0,0],[0,0,0,1,0,0],[0,0,0,1,0,0],[0,0,0,1,0,0],[0,0,0,1,0,0],[0,0,0,1,0,0],[0,0,0,1,0,0],[0,0,0,1,0,0],[0,0,0,1,0,0],[0,0,0,1,0,0],[0,0,0,1,0,0],[0,0,0,1,0,0],[0,0,0,1,0,0],[0,0,0,1,0,0],[0,0,0,1,0,0],[0,0,0,1,0,0]],"framerate":[55.268173155458754,55.52455357142857,49.16396306463688,59.909142532651906,58.97658282740676,53.59281437125749,59.675141242937855,58.205128205128204,57.19187875321705,59.442548350398184,57.330546431770685,59.24317617866005,59.33587370713119,58.367911479944674,52.96999387630129,59.257375381485254,59.31905931905931,53.96603861363108,59.31729155008394,57.18349928876244]}
