{"practice":[0,0,0,0,0,0,0,0,0,0,0,0,0,0,0,0,0,0,0,0],"center_interval":[50,25,0,75,0,50,50,25,25,0,75,75,100,75,25,0,25,100,75,75],"image_pair":[1,3,4,4,4,3,1,2,2,2,3,2,3,3,4,1,1,2,4,3],"feature_space":[1,1,2,2,2,1,1,1,2,1,2,2,1,1,2,2,1,2,1,2],"left_img":[2,1,2,1,2,2,2,2,2,2,1,2,1,1,2,1,1,2,2,1],"img1Sample":[3,1,2,1,3,2,2,2,1,3,2,1,1,3,2,3,3,1,1,2],"img2Sample":[2,2,3,3,3,3,3,3,2,2,3,1,3,1,1,2,3,3,2,3],"key":[50,50,49,50,49,50,50,50,50,49,49,49,50,49,50,49,50,49,49,50],"correct":[true,false,false,true,false,true,true,true,true,false,false,true,true,false,true,true,false,true,true,true],"right_img":[1,2,1,2,1,1,1,1,1,1,2,1,2,2,1,2,2,1,1,2],"img_choice":[1,2,2,2,2,1,1,1,1,2,1,2,2,1,1,1,2,2,2,2],"center_sample":[2,2,3,1,1,1,2,1,1,1,3,1,2,1,1,1,3,1,3,2],"left_sample":[2,1,3,1,3,3,3,3,2,2,2,1,1,3,1,3,3,3,2,2],"right_sample":[3,2,2,3,3,2,2,2,1,3,3,1,3,1,2,2,3,1,1,3],"RT":[[0,0,0,34,0,0],[0,0,0,1081,0,0],[0,0,0,727,0,0],[0,0,0,502,0,0],[0,0,0,650,0,0],[0,0,0,77,0,0],[0,0,0,2355,0,0],[0,0,0,158,0,0],[0,0,0,506,0,0],[0,0,0,805,0,0],[0,0,0,860,0,0],[0,0,0,787,0,0],[0,0,0,100,0,0],[0,0,0,9,0,0],[0,0,0,54,0,0],[0,0,0,1049,0,0],[0,0,0,1419,0,0],[0,0,0,1437,0,0],[0,0,0,1053,0,0],[0,0,0,727,0,0]],"response":[[0,0,0,1,0,0],[0,0,0,1,0,0],[0,0,0,1,0,0],[0,0,0,1,0,0],[0,0,0,1,0,0],[0,0,0,1,0,0],[0,0,0,1,0,0],[0,0,0,1,0,0],[0,0,0,1,0,0],[0,0,0,1,0,0],[0,0,0,1,0,0],[0,0,0,1,0,0],[0,0,0,1,0,0],[0,0,0,1,0,0],[0,0,0,1,0,0],[0,0,0,1,0,0],[0,0,0,1,0,0],[0,0,0,1,0,0],[0,0,0,1,0,0],[0,0,0,1,0,0]],"framerate":[59.97895475271834,55.6557588250451,59.72261534106992,59.40892641737033,58.2972582972583,59.47441217150761,58.97187196896217,58.664868509777484,59.42684766214178,59.73451327433629,57.82406138668129,58.367911479944674,59.147180192572215,57.71954674220963,59.68586387434555,59.4930160372478,57.41965973534971,59.08662900188324,57.4385510996119,52.91454442558008]}
