{"practice":[0,0,0,0,0,0,0,0,0,0,0,0,0,0,0,0,0,0,0,0],"center_interval":[25,50,75,25,25,0,100,25,100,25,50,25,0,100,75,100,75,0,0,25],"image_pair":[1,1,1,3,2,3,4,2,2,2,2,2,1,1,1,1,2,4,4,1],"feature_space":[1,2,2,1,2,2,2,1,2,1,1,2,1,1,2,2,2,2,1,2],"left_img":[1,2,1,2,1,2,1,2,2,2,2,2,2,2,1,2,1,2,2,1],"img1Sample":[3,3,3,3,3,1,2,3,3,2,1,3,2,2,3,3,1,1,1,1],"img2Sample":[2,1,2,2,3,3,1,2,3,3,2,2,1,2,2,1,1,1,1,2],"key":[49,49,50,49,50,50,49,50,49,49,50,50,50,49,49,50,49,50,49,49],"correct":[true,false,true,false,false,true,false,true,true,false,true,true,true,true,false,false,false,true,false,true],"right_img":[2,1,2,1,2,1,2,1,1,1,1,1,1,1,2,1,2,1,1,2],"img_choice":[1,2,2,2,2,1,1,1,2,2,1,1,1,2,1,1,1,1,2,1],"center_sample":[2,3,3,3,3,3,3,2,2,2,2,3,3,3,3,2,3,3,2,3],"left_sample":[3,1,3,2,3,3,2,2,3,3,2,2,1,2,3,1,1,1,1,1],"right_sample":[2,3,2,3,3,1,1,3,3,2,1,3,2,2,2,3,1,1,1,2],"RT":[[0,0,0,920,0,0],[0,0,0,1732,0,0],[0,0,0,990,0,0],[0,0,0,2175,0,0],[0,0,0,1705,0,0],[0,0,0,1366,0,0],[0,0,0,202,0,0],[0,0,0,1146,0,0],[0,0,0,1108,0,0],[0,0,0,1056,0,0],[0,0,0,239,0,0],[0,0,0,22,0,0],[0,0,0,456,0,0],[0,0,0,185,0,0],[0,0,0,1125,0,0],[0,0,0,340,0,0],[0,0,0,320,0,0],[0,0,0,1156,0,0],[0,0,0,906,0,0],[0,0,0,904,0,0]],"response":[[0,0,0,1,0,0],[0,0,0,1,0,0],[0,0,0,1,0,0],[0,0,0,1,0,0],[0,0,0,1,0,0],[0,0,0,1,0,0],[0,0,0,1,0,0],[0,0,0,1,0,0],[0,0,0,1,0,0],[0,0,0,1,0,0],[0,0,0,1,0,0],[0,0,0,1,0,0],[0,0,0,1,0,0],[0,0,0,1,0,0],[0,0,0,1,0,0],[0,0,0,1,0,0],[0,0,0,1,0,0],[0,0,0,1,0,0],[0,0,0,1,0,0],[0,0,0,1,0,0]],"framerate":[56.255022769890175,59.366754617414244,59.22611213477231,53.80445693635816,59.35769656699889,58.0922782691848,59.36981757877281,59.50873638895923,58.98876404494382,57.956015523932734,60.01967858314202,59.675141242937855,58.481322718922236,59.66666666666667,59.27244975833121,57.16100349317244,59.38697318007662,52.459016393442624,56.24327233584499,59.472551130247574]}
