{"practice":[1,1,1,1,1],"center_interval":[0,75,50,100,100],"image_pair":[1,4,3,4,3],"feature_space":[2,2,2,1,2],"left_img":[1,2,1,2,1],"img1Sample":[1,1,1,2,2],"img2Sample":[1,2,2,2,3],"key":[null,50,49,49,50],"correct":[null,false,true,true,true],"right_img":[2,1,2,1,2],"img_choice":[null,1,1,2,2],"center_sample":[3,2,3,1,1],"left_sample":[1,2,1,2,2],"right_sample":[1,1,2,2,3],"RT":[[0,0,0,0,0,0],[0,0,0,2473,0,0],[0,0,0,1189,0,0],[0,0,0,1825,0,0],[0,0,0,1583,0,0]],"response":[[0,0,0,1,0,0],[0,0,0,1,0,0],[0,0,0,1,0,0],[0,0,0,1,0,0],[0,0,0,1,0,0]],"framerate":[56.42272262026612,56.61806476046203,55.77788894447224,57.85837651122625,56.84402000909505]}
