{"practice":[1,1,1,1,1],"center_interval":[25,100,25,100,0],"image_pair":[3,1,4,4,4],"feature_space":[2,2,1,2,1],"left_img":[2,2,2,1,1],"img1Sample":[1,3,2,3,1],"img2Sample":[2,1,3,3,3],"key":[49,50,49,50,50],"correct":[false,false,false,true,false],"right_img":[1,1,1,2,2],"img_choice":[2,1,2,2,2],"center_sample":[3,3,3,1,3],"left_sample":[2,1,3,3,1],"right_sample":[1,3,2,3,3],"RT":[[0,2597.3000000715256,0,0],[0,1917.7999999523163,0,0],[0,2645.100000023842,0,0],[0,1364.6000000238419,0,0],[0,4848.5,0,0]],"response":[[0,1,0,0],[0,1,0,0],[0,1,0,0],[0,1,0,0],[0,1,0,0]],"framerate":[50.979173142679514,52.43652420803114,29.859935354779132,33.53658536585366,24.021711226129156]}
