{"practice":[0,0,0,0,0,0,0,0,0,0,0,0,0,0,0,0,0,0,0,0],"center_interval":[75,0,0,0,100,100,0,25,50,100,0,25,50,75,100,100,100,25,0,100],"image_pair":[1,1,4,4,1,2,1,3,4,1,4,2,4,3,2,4,3,2,2,4],"feature_space":[1,2,1,1,2,1,1,1,2,2,2,1,1,1,1,2,2,1,1,2],"left_img":[1,1,1,1,2,1,2,2,2,2,2,2,1,2,2,1,2,1,1,2],"img1Sample":[3,1,2,1,3,2,2,1,2,1,2,2,3,2,2,2,2,1,1,3],"img2Sample":[2,3,3,1,3,3,1,2,1,2,1,3,1,2,2,1,2,3,3,3],"key":[null,null,null,null,null,null,null,null,null,null,null,null,13,null,null,null,null,null,null,null],"correct":[null,null,null,null,null,null,null,null,null,null,null,null,null,null,null,null,null,null,null,null],"right_img":[2,2,2,2,1,2,1,1,1,1,1,1,2,1,1,2,1,2,2,1],"img_choice":[null,null,null,null,null,null,null,null,null,null,null,null,null,null,null,null,null,null,null,null],"center_sample":[1,3,3,2,2,2,1,1,1,1,1,3,1,3,1,3,1,1,3,2],"left_sample":[3,1,2,1,3,2,1,2,1,2,1,3,3,2,2,2,2,1,1,3],"right_sample":[2,3,3,1,3,3,2,1,2,1,2,2,1,2,2,1,2,3,3,3],"RT":[[0,0,0,0],[0,0,0,0],[0,0,0,0],[0,0,0,0],[0,0,0,0],[0,0,0,0],[0,0,0,0],[0,0,0,0],[0,0,0,0],[0,0,0,0],[0,0,0,0],[0,0,0,0],[0,2883.400000002235,0,0],[0,0,0,0],[0,0,0,0],[0,0,0,0],[0,0,0,0],[0,0,0,0],[0,0,0,0],[0,0,0,0]],"response":[[0,1,0,0],[0,1,0,0],[0,1,0,0],[0,1,0,0],[0,1,0,0],[0,1,0,0],[0,1,0,0],[0,1,0,0],[0,1,0,0],[0,1,0,0],[0,1,0,0],[0,1,0,0],[0,1,0,0],[0,1,0,0],[0,1,0,0],[0,1,0,0],[0,1,0,0],[0,1,0,0],[0,1,0,0],[0,1,0,0]],"framerate":[59.83318151781406,59.46763998931719,60.00642926025393,59.95503372471444,54.1293745645605,59.670122190168584,59.82463346247508,59.97750843436105,55.00569638278233,60.0007121746491,59.31599572497328,59.99571459179093,59.63433795171325,59.6733108890591,53.02151209497456,59.821603432628514,60.00605402323865,59.83852529295677,60.00605402323865,59.978579078900395]}
