{"practice":[0,0,0,0,0,0,0,0,0,0,0,0,0,0,0,0,0,0,0,0],"center_interval":[100,25,100,100,100,25,25,100,50,75,50,25,0,100,25,100,75,0,25,25],"image_pair":[3,1,1,3,4,1,2,1,4,3,4,1,1,4,1,2,2,3,4,2],"feature_space":[1,1,1,1,1,2,2,2,1,1,2,1,2,2,2,2,2,1,2,1],"left_img":[1,1,2,2,1,2,2,1,1,1,2,2,2,2,1,1,2,2,2,1],"img1Sample":[3,1,2,2,1,3,1,3,3,2,3,2,1,3,3,3,2,3,1,1],"img2Sample":[1,3,2,2,1,2,3,2,1,2,3,2,2,3,1,1,3,3,3,3],"key":[null,null,null,null,null,null,null,null,null,null,null,null,null,null,null,null,null,null,null,null],"correct":[null,null,null,null,null,null,null,null,null,null,null,null,null,null,null,null,null,null,null,null],"right_img":[2,2,1,1,2,1,1,2,2,2,1,1,1,1,2,2,1,1,1,2],"img_choice":[null,null,null,null,null,null,null,null,null,null,null,null,null,null,null,null,null,null,null,null],"center_sample":[2,1,1,3,2,1,3,1,2,3,2,1,2,2,2,2,3,2,2,1],"left_sample":[3,1,2,2,1,2,3,3,3,2,3,2,2,3,3,3,3,3,3,1],"right_sample":[1,3,2,2,1,3,1,2,1,2,3,2,1,3,1,1,2,3,1,3],"RT":[[0,0,0,0],[0,0,0,0],[0,0,0,0],[0,0,0,0],[0,0,0,0],[0,0,0,0],[0,0,0,0],[0,0,0,0],[0,0,0,0],[0,0,0,0],[0,0,0,0],[0,0,0,0],[0,0,0,0],[0,0,0,0],[0,0,0,0],[0,0,0,0],[0,0,0,0],[0,0,0,0],[0,0,0,0],[0,0,0,0]],"response":[[0,1,0,0],[0,1,0,0],[0,1,0,0],[0,1,0,0],[0,1,0,0],[0,1,0,0],[0,1,0,0],[0,1,0,0],[0,1,0,0],[0,1,0,0],[0,1,0,0],[0,1,0,0],[0,1,0,0],[0,1,0,0],[0,1,0,0],[0,1,0,0],[0,1,0,0],[0,1,0,0],[0,1,0,0],[0,1,0,0]],"framerate":[59.79686914302258,60.028500178126116,60.010328187054995,59.83438696465141,59.812019367685636,59.99999999999999,59.19754439818467,51.29614362917882,60.01139682315944,59.472934472934476,59.9882166002947,59.677563017725134,59.98393287512273,59.99892859058484,59.81822402370506,59.807760768956925,59.836387668329735,59.11891449124897,60.00284879995895,44.33602791923953]}
