{"practice":[1,1,1,1,1],"center_interval":[25,0,50,50,25],"image_pair":[1,4,3,4,4],"feature_space":[1,2,1,1,1],"left_img":[1,2,2,2,1],"img1Sample":[3,1,3,1,2],"img2Sample":[3,1,2,2,3],"key":[null,null,null,null,null],"correct":[null,null,null,null,null],"right_img":[2,1,1,1,2],"img_choice":[null,null,null,null,null],"center_sample":[1,3,2,2,3],"left_sample":[3,1,2,2,2],"right_sample":[3,1,3,1,3],"RT":[[0,0,0,0],[0,0,0,0],[0,0,0,0],[0,0,0,0],[0,0,0,0]],"response":[[0,1,0,0],[0,1,0,0],[0,1,0,0],[0,1,0,0],[0,1,0,0]],"framerate":[54.312018092105724,45.75640500650455,45.52907930085856,57.3137303762467,56.80098288850393]}
