{"practice":[0,0,0,0,0,0,0,0,0,0,0,0,0,0,0,0,0,0,0,0],"center_interval":[100,100,75,25,100,50,0,0,75,0,100,75,25,100,0,100,0,0,25,75],"image_pair":[3,3,2,3,4,2,4,2,4,1,3,4,1,4,3,1,3,1,3,2],"feature_space":[2,2,2,1,1,2,2,2,1,2,1,1,2,1,1,1,1,2,2,2],"left_img":[1,2,2,1,1,1,1,1,1,1,1,1,2,2,2,1,1,1,1,1],"img1Sample":[2,1,2,3,3,1,2,3,3,2,1,1,1,1,2,1,2,1,3,1],"img2Sample":[1,1,3,1,3,2,1,3,2,3,1,3,1,2,2,1,2,1,3,3],"key":[50,50,50,50,49,49,49,50,49,49,50,50,50,49,50,50,49,50,49,49],"correct":[true,false,false,false,false,true,true,false,false,true,true,true,true,true,true,true,true,false,true,false],"right_img":[2,1,1,2,2,2,2,2,2,2,2,2,1,1,1,2,2,2,2,2],"img_choice":[2,1,1,2,1,1,1,2,1,1,2,2,1,2,1,2,1,2,1,1],"center_sample":[2,3,3,1,2,3,1,2,3,3,3,1,3,1,1,3,1,3,3,1],"left_sample":[2,1,3,3,3,1,2,3,3,2,1,1,1,2,2,1,2,1,3,1],"right_sample":[1,1,2,1,3,2,1,3,2,3,1,3,1,1,2,1,2,1,3,3],"RT":[[0,1735,0,0],[0,2223,0,0],[0,2101,0,0],[0,2714,0,0],[0,2671,0,0],[0,2818,0,0],[0,3118,0,0],[0,2266,0,0],[0,3368,0,0],[0,3512,0,0],[0,4120,0,0],[0,2420,0,0],[0,2398,0,0],[0,2553,0,0],[0,3524,0,0],[0,2069,0,0],[0,1507,0,0],[0,2043,0,0],[0,2884,0,0],[0,1902,0,0]],"response":[[0,1,0,0],[0,1,0,0],[0,1,0,0],[0,1,0,0],[0,1,0,0],[0,1,0,0],[0,1,0,0],[0,1,0,0],[0,1,0,0],[0,1,0,0],[0,1,0,0],[0,1,0,0],[0,1,0,0],[0,1,0,0],[0,1,0,0],[0,1,0,0],[0,1,0,0],[0,1,0,0],[0,1,0,0],[0,1,0,0]],"framerate":[19.100169779286926,18.72791519434629,21.683204704152885,22.686567164179102,17.078377554132356,17.872585759584894,18.044707783463508,20.73255010366275,21.007339913945838,19.054510371442355,19.24703891708968,16.820580474934037,19.129287598944593,19.128253370962682,19.013237063778583,20.104244229337304,20.696142991533396,22.22222222222222,21.100655831194754,20.602218700475436]}
