{"practice":[1,1,1,1,1],"center_interval":[25,75,100,50,25],"image_pair":[4,2,1,3,2],"feature_space":[2,1,1,2,2],"left_img":[1,1,2,1,2],"img1Sample":[2,1,3,1,3],"img2Sample":[1,3,2,1,3],"key":[null,null,null,null,null],"correct":[null,null,null,null,null],"right_img":[2,2,1,2,1],"img_choice":[null,null,null,null,null],"center_sample":[1,2,3,1,2],"left_sample":[2,1,2,1,3],"right_sample":[1,3,3,1,3],"RT":[[0,0,0,0],[0,0,0,0],[0,0,0,0],[0,0,0,0],[0,0,0,0]],"response":[[0,1,0,0],[0,1,0,0],[0,1,0,0],[0,1,0,0],[0,1,0,0]],"framerate":[17.063633131887666,19.203413940256045,17.958748221906117,19.485162674293885,21.024258760107816]}
