{"practice":[0,0,0,0,0,0,0,0,0,0,0,0,0,0,0,0,0,0,0,0],"center_interval":[75,0,75,0,75,75,50,75,100,0,25,100,25,25,50,100,75,100,25,25],"image_pair":[2,3,3,3,4,2,1,1,4,4,1,1,1,2,3,1,4,3,4,3],"feature_space":[2,2,2,1,2,1,1,1,2,2,2,2,2,1,1,1,2,2,1,1],"left_img":[1,1,1,1,2,1,1,1,2,1,1,1,2,1,1,1,2,1,2,1],"img1Sample":[1,3,3,1,3,2,2,1,3,3,3,2,1,3,1,3,3,3,2,2],"img2Sample":[3,1,1,2,3,2,1,1,3,2,2,1,2,2,2,1,2,3,2,2],"key":[49,49,50,50,49,50,50,50,49,49,50,50,49,49,50,49,49,49,50,49],"correct":[false,true,true,false,true,true,false,true,true,true,false,true,false,true,false,false,true,false,true,true],"right_img":[2,2,2,2,1,2,2,2,1,2,2,2,1,2,2,2,1,2,1,2],"img_choice":[1,1,2,2,2,2,2,2,2,1,2,2,2,1,2,1,2,1,1,1],"center_sample":[3,1,1,2,3,1,1,2,2,2,1,2,1,1,2,3,1,2,2,2],"left_sample":[1,3,3,1,3,2,2,1,3,3,3,2,2,3,1,3,2,3,2,2],"right_sample":[3,1,1,2,3,2,1,1,3,2,2,1,1,2,2,1,3,3,2,2],"RT":[[0,2032.8999999761581,0,0],[0,1987.6999999284744,0,0],[0,2043.5,0,0],[0,1422.8999999761581,0,0],[0,1455.1000000238419,0,0],[0,1332.8000000715256,0,0],[0,2028.5,0,0],[0,1519.1999999284744,0,0],[0,1475,0,0],[0,1410.8000000715256,0,0],[0,2310.0999999046326,0,0],[0,2226.5,0,0],[0,2012.6000000238419,0,0],[0,1575.6999999284744,0,0],[0,1766.8999999761581,0,0],[0,1413.8999999761581,0,0],[0,1449.9000000953674,0,0],[0,1665.6000000238419,0,0],[0,2496.5,0,0],[0,1412.2000000476837,0,0]],"response":[[0,1,0,0],[0,1,0,0],[0,1,0,0],[0,1,0,0],[0,1,0,0],[0,1,0,0],[0,1,0,0],[0,1,0,0],[0,1,0,0],[0,1,0,0],[0,1,0,0],[0,1,0,0],[0,1,0,0],[0,1,0,0],[0,1,0,0],[0,1,0,0],[0,1,0,0],[0,1,0,0],[0,1,0,0],[0,1,0,0]],"framerate":[60.06573231028972,60.071623859768266,60.06573231028972,60.074847352208295,60.06878844920968,60.06468504616873,60.07604562737642,60.0769736217815,60.06150298111471,60.06751389707681,60.07139915017734,60.066426399949044,60.07040097894391,60.075208660794836,60.068890195147375,60.064532141970716,59.11139105645105,60.06400981817346,60.07453096982285,60.06751390063151]}
