{"practice":[0,0,0,0,0,0,0,0,0,0,0,0,0,0,0,0,0,0,0,0],"center_interval":[75,50,50,25,50,100,50,75,75,50,0,50,75,100,100,50,100,50,100,50],"image_pair":[3,4,2,2,2,1,4,1,3,3,1,2,2,3,2,2,3,3,1,3],"feature_space":[2,2,1,2,2,1,2,1,2,1,1,2,1,1,2,2,2,1,1,1],"left_img":[1,1,2,2,2,2,2,2,2,1,1,1,2,2,1,1,1,2,2,1],"img1Sample":[1,2,2,3,3,3,3,1,2,3,2,3,2,1,1,3,2,3,2,1],"img2Sample":[1,1,3,2,3,1,1,2,2,3,3,3,1,2,2,1,3,1,3,2],"key":[null,49,49,50,50,50,50,49,50,49,50,49,49,49,49,49,50,49,50,49],"correct":[null,true,false,true,true,false,true,true,false,true,false,true,true,true,false,true,true,false,false,true],"right_img":[2,2,1,1,1,1,1,1,1,2,2,2,1,1,2,2,2,1,1,2],"img_choice":[null,1,2,1,1,1,1,2,1,1,2,1,2,2,1,1,2,2,1,1],"center_sample":[3,2,1,2,1,2,2,2,2,1,1,1,1,3,1,2,1,1,1,2],"left_sample":[1,2,3,2,3,1,1,2,2,3,2,3,1,2,1,3,2,1,3,1],"right_sample":[1,1,2,3,3,3,3,1,2,3,3,3,2,1,2,1,3,3,2,2],"RT":[[0,0,0,0],[0,2212.7999999523163,0,0],[0,2052.600000023842,0,0],[0,1409.7999999523163,0,0],[0,2375.5,0,0],[0,1630.8000000715256,0,0],[0,2102.1999999284744,0,0],[0,1626.8999999761581,0,0],[0,2022.1000000238419,0,0],[0,1669.8999999761581,0,0],[0,1776.7999999523163,0,0],[0,2138,0,0],[0,2183.7999999523163,0,0],[0,1546.1999999284744,0,0],[0,1698.6999999284744,0,0],[0,2997.6999999284744,0,0],[0,1848.1000000238419,0,0],[0,2117.100000023842,0,0],[0,1343.8999999761581,0,0],[0,1316.6000000238419,0,0]],"response":[[0,1,0,0],[0,1,0,0],[0,1,0,0],[0,1,0,0],[0,1,0,0],[0,1,0,0],[0,1,0,0],[0,1,0,0],[0,1,0,0],[0,1,0,0],[0,1,0,0],[0,1,0,0],[0,1,0,0],[0,1,0,0],[0,1,0,0],[0,1,0,0],[0,1,0,0],[0,1,0,0],[0,1,0,0],[0,1,0,0]],"framerate":[60.06594777649052,59.71847007118989,60.069079440819884,60.07347830261914,60.06912983705231,60.068136992497884,60.07002026902525,60.07621609504595,60.0691936264698,60.0587435879918,60.081509182693935,60.065526028394615,60.075093867334175,60.05866194621368,60.069144338807256,60.075856151748084,60.069810859527344,60.06665934251335,60.06776876255448,60.06939050578875]}
