{"practice":[0,0,0,0,0,0,0,0,0,0,0,0,0,0,0,0,0,0,0,0],"center_interval":[0,75,0,50,100,25,100,100,75,100,25,25,50,75,100,75,75,100,0,25],"image_pair":[1,1,1,1,3,2,2,4,1,4,1,2,3,1,1,2,4,2,1,3],"feature_space":[2,2,1,1,2,1,1,2,1,1,1,2,1,2,1,2,1,2,1,1],"left_img":[1,1,2,1,2,1,2,1,2,1,1,2,2,1,1,2,1,1,1,1],"img1Sample":[2,2,2,1,1,3,1,2,3,1,3,1,2,2,3,3,2,3,2,3],"img2Sample":[2,1,2,1,2,1,1,1,2,3,2,2,1,2,2,1,2,2,2,3],"key":[50,50,49,50,50,49,49,50,49,50,50,49,50,49,49,49,50,50,49,49],"correct":[false,true,false,false,false,true,true,true,true,true,false,false,true,false,false,true,true,true,true,true],"right_img":[2,2,1,2,1,2,1,2,1,2,2,1,1,2,2,1,2,2,2,2],"img_choice":[2,2,2,2,1,1,2,2,2,2,2,2,1,1,1,2,2,2,1,1],"center_sample":[1,2,3,2,3,2,2,3,2,2,3,2,3,1,1,3,1,3,1,3],"left_sample":[2,2,2,1,2,3,1,2,2,1,3,2,1,2,3,1,2,3,2,3],"right_sample":[2,1,2,1,1,1,1,1,3,3,2,1,2,2,2,3,2,2,2,3],"RT":[[0,3480.600000023842,0,0],[0,4245.900000095367,0,0],[0,2647.600000023842,0,0],[0,2366.600000023842,0,0],[0,3770.899999976158,0,0],[0,1892.8999999761581,0,0],[0,2069.3000000715256,0,0],[0,3263.8000000715256,0,0],[0,2213,0,0],[0,1860.8000000715256,0,0],[0,2399.399999976158,0,0],[0,2929.5,0,0],[0,3197.5999999046326,0,0],[0,2648.600000023842,0,0],[0,2412.7999999523163,0,0],[0,3403.4000000953674,0,0],[0,2529,0,0],[0,3301.2000000476837,0,0],[0,2938.8000000715256,0,0],[0,3660.6999999284744,0,0]],"response":[[0,1,0,0],[0,1,0,0],[0,1,0,0],[0,1,0,0],[0,1,0,0],[0,1,0,0],[0,1,0,0],[0,1,0,0],[0,1,0,0],[0,1,0,0],[0,1,0,0],[0,1,0,0],[0,1,0,0],[0,1,0,0],[0,1,0,0],[0,1,0,0],[0,1,0,0],[0,1,0,0],[0,1,0,0],[0,1,0,0]],"framerate":[60.06739268482495,60.07488787363035,60.06742261722342,60.07114571303556,60.067604604748794,60.06968082918898,60.067902847764906,60.0747711744231,60.06753154433979,60.06737286473969,60.07301692665118,60.07106999709611,60.05927247014921,60.07478697927043,60.07301692665118,60.06979062811565,60.071574643957334,60.07157464212679,60.07106999709611,60.06710622056644]}
