{"practice":[0,0,0,0,0,0,0,0,0,0,0,0,0,0,0,0,0,0,0,0],"center_interval":[0,75,100,25,0,25,100,25,0,25,0,50,100,50,75,50,50,50,50,25],"image_pair":[1,4,1,4,4,1,3,4,1,3,3,2,4,4,2,2,1,3,3,1],"feature_space":[1,2,2,2,2,1,1,2,2,2,2,1,2,1,1,1,1,1,2,1],"left_img":[2,2,2,1,2,1,1,1,1,1,2,2,1,2,2,1,1,1,1,1],"img1Sample":[3,1,2,3,1,3,2,2,1,3,3,1,3,1,2,1,2,3,3,3],"img2Sample":[3,2,1,1,3,1,3,3,2,2,3,1,2,1,2,2,2,1,1,2],"key":[49,49,49,50,49,50,49,49,49,49,50,50,50,49,50,50,49,49,50,51],"correct":[false,true,true,false,false,false,false,true,true,true,true,true,true,false,false,false,true,true,false,null],"right_img":[1,1,1,2,1,2,2,2,2,2,1,1,2,1,1,2,2,2,2,2],"img_choice":[2,2,2,2,2,2,1,1,1,1,1,1,2,2,1,2,1,1,2,null],"center_sample":[1,1,2,3,2,3,2,3,2,1,2,2,3,3,3,1,3,3,1,3],"left_sample":[3,2,1,3,3,3,2,2,1,3,3,1,3,1,2,1,2,3,3,3],"right_sample":[3,1,2,1,1,1,3,3,2,2,3,1,2,1,2,2,2,1,1,2],"RT":[[0,1747,0,0],[0,1384,0,0],[0,1900,0,0],[0,2022.7000000476837,0,0],[0,1589.3999999761581,0,0],[0,1729.8000000715256,0,0],[0,2077,0,0],[0,2224.4000000953674,0,0],[0,2031.8999999761581,0,0],[0,2282.399999976158,0,0],[0,1373.2000000476837,0,0],[0,1875,0,0],[0,1617.5,0,0],[0,1457.3999999761581,0,0],[0,1925.8999999761581,0,0],[0,2299,0,0],[0,1997.8999999761581,0,0],[0,1754.8000000715256,0,0],[0,2352.899999976158,0,0],[0,2173.899999976158,0,0]],"response":[[0,1,0,0],[0,1,0,0],[0,1,0,0],[0,1,0,0],[0,1,0,0],[0,1,0,0],[0,1,0,0],[0,1,0,0],[0,1,0,0],[0,1,0,0],[0,1,0,0],[0,1,0,0],[0,1,0,0],[0,1,0,0],[0,1,0,0],[0,1,0,0],[0,1,0,0],[0,1,0,0],[0,1,0,0],[0,1,0,0]],"framerate":[60.07276419143043,60.066072681381605,60.061254523912346,60.071477455819576,60.06279291856759,60.07294571980261,60.08135238912382,60.062182024248166,60.07027088346073,59.38816379986471,60.03430531949046,60.09276063722524,60.07082978308854,60.05715116205533,60.081426141060994,60.061090710881665,60.08649393449139,60.062600455602734,60.070194383482594,60.069159745516465]}
