{"practice":[0,0,0,0,0,0,0,0,0,0,0,0,0,0,0,0,0,0,0,0],"center_interval":[100,75,25,25,75,100,50,25,100,25,0,50,75,25,100,0,100,100,75,0],"image_pair":[4,4,4,4,4,3,3,2,3,2,3,2,1,2,3,3,3,1,1,2],"feature_space":[1,2,2,2,1,2,1,2,1,1,1,1,1,1,2,1,1,2,1,1],"left_img":[2,2,1,2,1,2,2,2,2,2,1,1,1,1,1,2,2,2,1,1],"img1Sample":[3,3,2,2,2,2,1,2,2,1,1,3,3,3,3,1,1,2,1,1],"img2Sample":[2,3,2,3,2,3,2,1,1,2,2,1,3,3,3,3,2,2,3,1],"key":[49,49,49,50,49,49,50,50,50,49,49,49,50,49,49,49,50,49,49,49],"correct":[true,true,true,true,false,true,true,true,false,false,true,true,true,true,false,false,false,true,false,true],"right_img":[1,1,2,1,2,1,1,1,1,1,2,2,2,2,2,1,1,1,2,2],"img_choice":[2,2,1,1,1,2,1,1,1,2,1,1,2,1,1,2,1,2,1,1],"center_sample":[3,2,3,1,3,1,2,2,3,1,2,1,2,2,2,2,1,3,3,2],"left_sample":[2,3,2,3,2,3,2,1,1,2,1,3,3,3,3,3,2,2,1,1],"right_sample":[3,3,2,2,2,2,1,2,2,1,2,1,3,3,3,1,1,2,3,1],"RT":[[0,2082.2999999523163,0,0],[0,2732.2999999523163,0,0],[0,3265.2000000476837,0,0],[0,2687.7999999523163,0,0],[0,2784.899999976158,0,0],[0,2672.100000023842,0,0],[0,1723,0,0],[0,2690.5,0,0],[0,3074,0,0],[0,3052.7000000476837,0,0],[0,2377.1999999284744,0,0],[0,4171.400000095367,0,0],[0,2176,0,0],[0,2594.100000023842,0,0],[0,3135.600000023842,0,0],[0,2902.5,0,0],[0,2283,0,0],[0,3078.2999999523163,0,0],[0,3248.899999976158,0,0],[0,3600.5,0,0]],"response":[[0,1,0,0],[0,1,0,0],[0,1,0,0],[0,1,0,0],[0,1,0,0],[0,1,0,0],[0,1,0,0],[0,1,0,0],[0,1,0,0],[0,1,0,0],[0,1,0,0],[0,1,0,0],[0,1,0,0],[0,1,0,0],[0,1,0,0],[0,1,0,0],[0,1,0,0],[0,1,0,0],[0,1,0,0],[0,1,0,0]],"framerate":[60.06228681489545,60.06993215939985,60.06857614309009,60.076460951169565,60.063596747812944,60.07013264217106,60.070368147999986,60.06006005919135,60.08373660951959,60.06169974649376,60.07114571543876,60.07200267886967,60.076264480489485,60.06381780597133,60.07208650380456,60.067754148414544,60.07250129466597,60.073937154198255,60.06316988519856,60.07075527628645]}
