{"practice":[0,0,0,0,0,0,0,0,0,0,0,0,0,0,0,0,0,0,0,0],"center_interval":[75,75,50,0,0,25,75,75,100,100,75,50,50,0,100,100,50,100,0,0],"image_pair":[4,3,2,1,4,1,2,4,3,2,3,4,4,2,2,1,3,4,1,3],"feature_space":[1,1,1,2,2,1,2,2,1,2,1,2,2,2,2,2,1,1,2,1],"left_img":[2,2,2,2,2,1,2,2,2,2,1,1,1,2,2,2,2,1,2,1],"img1Sample":[2,1,1,3,1,1,1,2,2,3,2,2,1,2,1,2,2,1,1,2],"img2Sample":[2,3,1,1,1,1,3,1,1,2,2,1,1,3,1,3,2,3,3,1],"key":[49,49,49,50,50,49,50,50,50,49,49,50,49,50,50,50,50,49,50,50],"correct":[true,true,false,true,true,true,false,false,false,true,false,false,true,true,false,false,true,false,true,false],"right_img":[1,1,1,1,1,2,1,1,1,1,2,2,2,1,1,1,1,2,1,2],"img_choice":[2,2,2,1,1,1,1,1,1,2,1,2,1,1,1,1,1,1,1,2],"center_sample":[1,2,1,1,2,3,1,2,2,1,3,3,2,3,2,2,2,2,2,3],"left_sample":[2,3,1,1,1,1,3,1,1,2,2,2,1,3,1,3,2,1,3,2],"right_sample":[2,1,1,3,1,1,1,2,2,3,2,1,1,2,1,2,2,3,1,1],"RT":[[0,0,0,1149.1000000014901,0,0],[0,0,0,624.7999999970198,0,0],[0,0,0,1108.3999999985099,0,0],[0,0,0,587.6000000014901,0,0],[0,0,0,607,0,0],[0,0,0,641.2000000029802,0,0],[0,0,0,654.3999999985099,0,0],[0,0,0,541.6000000014901,0,0],[0,0,0,997.1000000014901,0,0],[0,0,0,495.59999999403954,0,0],[0,0,0,721.2000000029802,0,0],[0,0,0,311.79999999701977,0,0],[0,0,0,520,0,0],[0,0,0,689.5,0,0],[0,0,0,657.3999999985099,0,0],[0,0,0,618.2000000029802,0,0],[0,0,0,709.6999999955297,0,0],[0,0,0,621.7999999970198,0,0],[0,0,0,592.2000000029802,0,0],[0,0,0,892.8999999985099,0,0]],"response":[[0,0,0,1,0,0],[0,0,0,1,0,0],[0,0,0,1,0,0],[0,0,0,1,0,0],[0,0,0,1,0,0],[0,0,0,1,0,0],[0,0,0,1,0,0],[0,0,0,1,0,0],[0,0,0,1,0,0],[0,0,0,1,0,0],[0,0,0,1,0,0],[0,0,0,1,0,0],[0,0,0,1,0,0],[0,0,0,1,0,0],[0,0,0,1,0,0],[0,0,0,1,0,0],[0,0,0,1,0,0],[0,0,0,1,0,0],[0,0,0,1,0,0],[0,0,0,1,0,0]],"framerate":[59.77904454430618,59.79988915139899,59.78538579458354,59.78677033636364,59.79248490525022,59.78292413958389,59.790300684529875,59.79967110180894,59.77975878342947,59.800664451827245,59.78183878736365,59.78834287170183,59.79926678291311,59.777479049331625,59.800664451827245,59.78942456319357,59.78137098615866,59.79116840690395,59.793814432989684,59.77819853935623]}
