{"practice":[1,1,1,1,1],"center_interval":[100,100,25,25,0],"image_pair":[2,2,4,2,3],"feature_space":[2,1,2,1,2],"left_img":[2,1,2,2,2],"img1Sample":[3,3,1,3,3],"img2Sample":[1,2,2,1,1],"key":[null,50,49,50,50],"correct":[null,true,false,true,true],"right_img":[1,2,1,1,1],"img_choice":[null,2,2,1,1],"center_sample":[3,3,3,1,1],"left_sample":[1,3,2,1,1],"right_sample":[3,2,1,3,3],"RT":[[0,0,0,0,0,0],[0,0,0,44.899999998509884,0,0],[0,0,0,1927.7000000029802,0,0],[0,0,0,682.0999999940395,0,0],[0,0,0,1917,0,0]],"response":[[0,0,0,1,0,0],[0,0,0,1,0,0],[0,0,0,1,0,0],[0,0,0,1,0,0],[0,0,0,1,0,0]],"framerate":[59.78747919600563,59.79230043011612,59.78915344478022,59.79458129480522,59.78283831175339]}
