{"practice":[0,0,0,0,0,0,0,0,0,0,0,0,0,0,0,0,0,0,0,0],"center_interval":[50,25,100,75,0,50,0,50,50,50,0,0,50,0,75,0,75,75,25,25],"image_pair":[2,1,2,3,2,1,3,4,1,1,1,2,4,2,4,3,4,2,3,4],"feature_space":[1,2,2,1,1,1,2,1,1,1,2,1,1,2,1,2,2,1,2,2],"left_img":[2,1,2,2,2,1,2,1,2,1,1,2,1,1,2,1,1,2,2,1],"img1Sample":[2,3,3,3,1,2,2,3,2,3,2,3,3,2,3,3,1,3,3,3],"img2Sample":[1,1,3,3,2,3,1,1,3,2,3,1,3,2,2,2,1,3,3,2],"key":[49,50,49,50,50,50,50,50,49,50,49,49,50,49,49,50,49,50,50,49],"correct":[false,false,true,false,true,false,true,false,false,false,true,false,false,true,true,false,false,false,true,true],"right_img":[1,2,1,1,1,2,1,2,1,2,2,1,2,2,1,2,2,1,1,2],"img_choice":[2,2,2,1,1,2,1,2,2,2,1,2,2,1,2,2,1,1,1,1],"center_sample":[2,3,1,1,2,3,3,1,3,1,1,1,2,1,1,2,2,2,1,2],"left_sample":[1,3,3,3,2,2,1,3,3,3,2,1,3,2,2,3,1,3,3,3],"right_sample":[2,1,3,3,1,3,2,1,2,2,3,3,3,2,3,2,1,3,3,2],"RT":[[0,0,0,772.1999999955297,0,0],[0,0,0,403,0,0],[0,0,0,614.6999999955297,0,0],[0,0,0,698.1000000014901,0,0],[0,0,0,705.6000000014901,0,0],[0,0,0,593.3999999985099,0,0],[0,0,0,606.6000000014901,0,0],[0,0,0,601.3000000044703,0,0],[0,0,0,605.3999999985099,0,0],[0,0,0,578.5,0,0],[0,0,0,536.3999999985099,0,0],[0,0,0,934.1000000014901,0,0],[0,0,0,506.90000000596046,0,0],[0,0,0,589.1999999955297,0,0],[0,0,0,656.6000000014901,0,0],[0,0,0,609.6000000014901,0,0],[0,0,0,623.5,0,0],[0,0,0,801.0999999940395,0,0],[0,0,0,1125,0,0],[0,0,0,1172.8999999985099,0,0]],"response":[[0,0,0,1,0,0],[0,0,0,1,0,0],[0,0,0,1,0,0],[0,0,0,1,0,0],[0,0,0,1,0,0],[0,0,0,1,0,0],[0,0,0,1,0,0],[0,0,0,1,0,0],[0,0,0,1,0,0],[0,0,0,1,0,0],[0,0,0,1,0,0],[0,0,0,1,0,0],[0,0,0,1,0,0],[0,0,0,1,0,0],[0,0,0,1,0,0],[0,0,0,1,0,0],[0,0,0,1,0,0],[0,0,0,1,0,0],[0,0,0,1,0,0],[0,0,0,1,0,0]],"framerate":[59.793238334730376,59.783285589848155,59.79640054829878,59.78137098615866,59.794988610478356,59.79205325319163,59.79073243649845,59.77496483817768,58.03388240816371,59.79733710385831,59.7800095647749,59.793924510122736,59.79524657994691,59.783248910328346,59.790300684529875,59.78547564628898,59.79291235234068,59.79073243644769,59.79035212703265,59.789981409815326]}
