{"practice":[0,0,0,0,0,0,0,0,0,0,0,0,0,0,0,0,0,0,0,0],"center_interval":[75,75,100,75,50,25,0,100,25,75,50,100,25,0,25,50,75,0,0,50],"image_pair":[3,1,2,4,3,3,4,4,1,2,2,2,4,4,3,4,1,3,2,2],"feature_space":[1,1,2,2,2,2,1,1,1,1,2,1,2,1,2,1,1,2,2,1],"left_img":[2,2,2,2,2,2,2,2,1,1,2,1,1,2,2,2,2,2,2,1],"img1Sample":[3,3,1,2,1,1,1,3,2,1,3,1,1,3,3,2,2,1,1,1],"img2Sample":[1,2,1,1,1,1,1,1,3,1,2,2,2,1,2,1,3,3,3,1],"key":[49,49,50,49,50,50,49,50,50,50,49,49,50,49,50,50,49,50,50,49],"correct":[true,true,false,true,true,true,false,false,false,true,false,false,false,false,true,true,true,true,true,true],"right_img":[1,1,1,1,1,1,1,1,2,2,1,2,2,1,1,1,1,1,1,2],"img_choice":[2,2,1,2,1,1,2,1,2,2,2,1,2,2,1,1,2,1,1,1],"center_sample":[3,2,3,2,2,3,2,2,3,1,3,1,2,1,3,3,3,2,3,1],"left_sample":[1,2,1,1,1,1,1,1,2,1,2,1,1,1,2,1,3,3,3,1],"right_sample":[3,3,1,2,1,1,1,3,3,1,3,2,2,3,3,2,2,1,1,1],"RT":[[0,0,0,686.5999999940395,0,0],[0,0,0,918.5,0,0],[0,0,0,659.7000000029802,0,0],[0,0,0,37.30000000447035,0,0],[0,0,0,26.600000001490116,0,0],[0,0,0,654.7000000029802,0,0],[0,0,0,785.2999999970198,0,0],[0,0,0,757.2000000029802,0,0],[0,0,0,420,0,0],[0,0,0,358.70000000298023,0,0],[0,0,0,671.1000000014901,0,0],[0,0,0,670.5,0,0],[0,0,0,871.7999999970198,0,0],[0,0,0,905.8999999985099,0,0],[0,0,0,344.5,0,0],[0,0,0,1542.6000000014901,0,0],[0,0,0,634,0,0],[0,0,0,773.2000000029802,0,0],[0,0,0,833.2999999970198,0,0],[0,0,0,604.8999999985099,0,0]],"response":[[0,0,0,1,0,0],[0,0,0,1,0,0],[0,0,0,1,0,0],[0,0,0,1,0,0],[0,0,0,1,0,0],[0,0,0,1,0,0],[0,0,0,1,0,0],[0,0,0,1,0,0],[0,0,0,1,0,0],[0,0,0,1,0,0],[0,0,0,1,0,0],[0,0,0,1,0,0],[0,0,0,1,0,0],[0,0,0,1,0,0],[0,0,0,1,0,0],[0,0,0,1,0,0],[0,0,0,1,0,0],[0,0,0,1,0,0],[0,0,0,1,0,0],[0,0,0,1,0,0]],"framerate":[59.786028948948086,59.782317302092984,59.790300684529875,59.79178390539597,59.784915805921244,58.0639570152893,59.793642406281755,59.777727884997155,59.79119551413895,59.7968804378213,59.782140085700625,59.79073243652356,59.79073243647234,59.78831703964636,59.78742249772928,59.7989834173024,59.77945443993036,59.78989718367842,59.78663302530735,59.801248790835814]}
