{"practice":[0,0,0,0,0,0,0,0,0,0,0,0,0,0,0,0,0,0,0,0],"center_interval":[0,75,50,100,25,0,75,50,75,50,25,100,75,50,75,0,100,50,75,100],"image_pair":[3,4,2,3,1,1,1,3,1,4,1,1,2,4,4,3,2,2,4,1],"feature_space":[1,1,2,2,1,2,2,2,1,1,1,2,2,2,2,2,1,2,2,2],"left_img":[2,2,2,2,2,2,2,2,2,2,1,1,1,1,1,2,1,1,2,1],"img1Sample":[3,1,2,3,1,3,1,1,1,3,3,3,2,1,2,3,3,2,3,3],"img2Sample":[1,3,2,1,2,3,3,3,1,2,3,1,1,1,1,3,2,3,2,2],"key":[49,50,49,50,50,50,50,49,50,49,50,50,49,50,50,50,49,50,49,49],"correct":[false,false,false,false,true,true,false,false,false,false,false,true,false,false,true,true,false,false,true,false],"right_img":[1,1,1,1,1,1,1,1,1,1,2,2,2,2,2,1,2,2,1,2],"img_choice":[2,1,2,1,1,1,1,2,1,2,2,2,1,2,2,1,1,2,2,1],"center_sample":[2,3,3,2,2,1,2,3,1,3,1,2,2,3,2,1,1,1,3,1],"left_sample":[1,3,2,1,2,3,3,3,1,2,3,3,2,1,2,3,3,2,2,3],"right_sample":[3,1,2,3,1,3,1,1,1,3,3,1,1,1,1,3,2,3,3,2],"RT":[[0,0,0,760.1000000014901,0,0],[0,0,0,1468.3999999985099,0,0],[0,0,0,674.6999999955297,0,0],[0,0,0,589,0,0],[0,0,0,569.3999999985099,0,0],[0,0,0,629.5,0,0],[0,0,0,625.2000000029802,0,0],[0,0,0,419.20000000298023,0,0],[0,0,0,503.1000000014901,0,0],[0,0,0,607.7000000029802,0,0],[0,0,0,621.2999999970198,0,0],[0,0,0,894.5,0,0],[0,0,0,1072.2999999970198,0,0],[0,0,0,1119.6999999955297,0,0],[0,0,0,1013.1999999955297,0,0],[0,0,0,823,0,0],[0,0,0,1010.2999999970198,0,0],[0,0,0,892.8999999985099,0,0],[0,0,0,924.6000000014901,0,0],[0,0,0,626.2999999970198,0,0]],"response":[[0,0,0,1,0,0],[0,0,0,1,0,0],[0,0,0,1,0,0],[0,0,0,1,0,0],[0,0,0,1,0,0],[0,0,0,1,0,0],[0,0,0,1,0,0],[0,0,0,1,0,0],[0,0,0,1,0,0],[0,0,0,1,0,0],[0,0,0,1,0,0],[0,0,0,1,0,0],[0,0,0,1,0,0],[0,0,0,1,0,0],[0,0,0,1,0,0],[0,0,0,1,0,0],[0,0,0,1,0,0],[0,0,0,1,0,0],[0,0,0,1,0,0],[0,0,0,1,0,0]],"framerate":[59.781083356721865,59.790732436451535,59.789013768745605,59.790292177138845,59.78807790206325,58.3420411007375,59.78245020556733,59.79119551413895,59.78982968954914,59.79423747686544,59.78942456332349,59.79113684319621,59.78611003736631,59.79491615987148,59.78446128438714,59.79443939266234,59.77975878342947,59.800844247188785,59.788728618204246,59.79291235234068]}
