{"practice":[0,0,0,0,0,0,0,0,0,0,0,0,0,0,0,0,0,0,0,0],"center_interval":[0,0,0,25,25,100,75,75,25,50,50,25,75,25,50,75,50,25,25,100],"image_pair":[3,4,4,4,2,1,4,4,4,1,1,4,3,1,1,2,1,1,4,4],"feature_space":[1,1,2,2,1,2,2,1,1,2,1,1,1,2,2,2,1,1,2,2],"left_img":[1,2,2,1,2,2,1,2,1,1,1,2,2,2,1,2,2,1,1,1],"img1Sample":[3,2,3,3,2,3,1,3,3,1,1,2,1,1,2,1,2,1,1,1],"img2Sample":[1,2,1,2,1,1,3,1,2,3,1,1,1,2,1,2,2,2,3,1],"key":[50,50,50,49,49,49,49,49,50,50,50,50,50,50,50,49,50,50,50,49],"correct":[false,true,true,true,false,true,false,true,false,false,false,true,false,true,false,true,true,false,false,false],"right_img":[2,1,1,2,1,1,2,1,2,2,2,1,1,1,2,1,1,2,2,2],"img_choice":[2,1,1,1,2,2,1,2,2,2,2,1,1,1,2,2,1,2,2,1],"center_sample":[1,3,2,2,3,3,3,3,3,2,3,2,2,1,3,1,3,2,2,3],"left_sample":[3,2,1,3,1,1,1,1,3,1,1,1,1,2,2,2,2,1,1,1],"right_sample":[1,2,3,2,2,3,3,3,2,3,1,2,1,1,1,1,2,2,3,1],"RT":[[0,3608.89999999851,0,0],[0,1011.5999999977648,0,0],[0,1097.699999999255,0,0],[0,1063.199999999255,0,0],[0,983.4000000022352,0,0],[0,1020.8000000007451,0,0],[0,1156,0,0],[0,1022.1999999992549,0,0],[0,1171,0,0],[0,1236.9000000022352,0,0],[0,1923.7999999970198,0,0],[0,2395.199999999255,0,0],[0,970,0,0],[0,945.1000000014901,0,0],[0,1137.5999999977648,0,0],[0,1210.0999999977648,0,0],[0,1093,0,0],[0,903.5,0,0],[0,1273.3999999985099,0,0],[0,1585,0,0]],"response":[[0,1,0,0],[0,1,0,0],[0,1,0,0],[0,1,0,0],[0,1,0,0],[0,1,0,0],[0,1,0,0],[0,1,0,0],[0,1,0,0],[0,1,0,0],[0,1,0,0],[0,1,0,0],[0,1,0,0],[0,1,0,0],[0,1,0,0],[0,1,0,0],[0,1,0,0],[0,1,0,0],[0,1,0,0],[0,1,0,0]],"framerate":[59.986722306556835,60.03961376572823,60.02118394732814,59.93766482849798,60.05630278385986,59.99755112041717,60.03624830081023,59.96818014933587,60.034786511785484,59.977305884284156,60.02448367095339,59.66666666666667,59.9974737906337,60.04261088520205,60.01028747775113,59.97578958957267,60.028248587596934,59.96309963093743,60.05208056546992,60.00818293405679]}
