{"practice":[0,0,0,0,0,0,0,0,0,0,0,0,0,0,0,0,0,0,0,0],"center_interval":[0,50,75,50,50,50,25,0,75,50,25,25,100,0,75,50,100,50,100,0],"image_pair":[2,4,1,2,1,3,2,4,3,4,4,3,2,2,4,4,4,1,2,4],"feature_space":[2,1,2,2,1,2,1,1,1,1,2,1,2,1,2,1,1,2,2,2],"left_img":[1,2,2,2,2,2,2,1,1,1,1,2,1,1,2,1,1,1,2,2],"img1Sample":[3,1,3,1,3,2,1,1,3,3,2,3,2,1,1,1,3,2,2,3],"img2Sample":[2,2,1,3,1,1,3,3,2,3,2,2,2,1,3,1,2,3,1,3],"key":[50,50,49,50,50,50,49,49,49,49,49,50,49,50,50,49,50,50,49,50],"correct":[false,true,true,true,true,true,false,true,false,true,true,true,false,false,false,true,true,false,true,true],"right_img":[2,1,1,1,1,1,1,2,2,2,2,1,2,2,1,2,2,2,1,1],"img_choice":[2,1,2,1,1,1,2,1,1,1,1,1,1,2,1,1,2,2,2,1],"center_sample":[1,3,2,3,1,3,2,3,3,2,1,1,3,2,3,2,1,2,3,1],"left_sample":[3,2,1,3,1,1,3,1,3,3,2,2,2,1,3,1,3,2,1,3],"right_sample":[2,1,3,1,3,2,1,3,2,3,2,3,2,1,1,1,2,3,2,3],"RT":[[0,1321.0999999977648,0,0],[0,1264.5999999977648,0,0],[0,1078,0,0],[0,1456,0,0],[0,1285.2000000029802,0,0],[0,1201.199999999255,0,0],[0,1089.6000000014901,0,0],[0,2554.400000002235,0,0],[0,1264.7000000029802,0,0],[0,1181,0,0],[0,1386.199999999255,0,0],[0,1851.4000000022352,0,0],[0,1819.800000000745,0,0],[0,772.5,0,0],[0,932.1999999992549,0,0],[0,1243.300000000745,0,0],[0,943.3999999985099,0,0],[0,2871.300000000745,0,0],[0,2452.10000000149,0,0],[0,1093.5,0,0]],"response":[[0,1,0,0],[0,1,0,0],[0,1,0,0],[0,1,0,0],[0,1,0,0],[0,1,0,0],[0,1,0,0],[0,1,0,0],[0,1,0,0],[0,1,0,0],[0,1,0,0],[0,1,0,0],[0,1,0,0],[0,1,0,0],[0,1,0,0],[0,1,0,0],[0,1,0,0],[0,1,0,0],[0,1,0,0],[0,1,0,0]],"framerate":[59.99172527934117,59.98928762720943,60.0225827538011,60.022266324647575,59.996842271412355,60.01541680434133,59.978831000902076,60.018321382260204,60.002142933748054,59.99775709311758,60.03602161305729,59.99432486110742,60.01315356788692,60.00144581810079,59.99999999999999,59.987029831315354,60.0464876032769,59.991962799293525,59.37428636673597,59.99999999999999]}
