{"practice":[0,0,0,0,0,0,0,0,0,0,0,0,0,0,0,0,0,0,0,0],"center_interval":[50,50,0,50,25,75,0,50,75,100,100,75,100,75,50,100,0,0,75,0],"image_pair":[2,2,3,4,4,4,3,3,1,3,1,2,1,2,2,3,3,3,3,4],"feature_space":[1,2,1,2,1,1,1,2,1,2,1,1,1,2,2,2,2,2,1,1],"left_img":[2,1,2,2,1,1,1,2,1,1,2,1,1,1,1,1,2,1,1,2],"img1Sample":[1,1,2,2,2,2,1,3,1,3,2,1,2,2,2,3,1,1,3,3],"img2Sample":[2,2,1,3,1,2,2,3,1,2,1,3,3,2,1,2,3,2,3,1],"key":[49,50,50,49,49,50,50,50,50,49,50,50,49,50,50,49,50,49,50,50],"correct":[false,false,true,false,true,true,false,true,true,false,false,true,false,true,false,false,true,true,true,true],"right_img":[1,2,1,1,2,2,2,1,2,2,1,2,2,2,2,2,1,2,2,1],"img_choice":[2,2,1,2,1,2,2,1,2,1,1,2,1,2,2,1,1,1,2,1],"center_sample":[2,3,1,3,3,3,2,1,2,3,2,3,2,1,1,3,3,3,3,2],"left_sample":[2,1,1,3,2,2,1,3,1,3,1,1,2,2,2,3,3,1,3,1],"right_sample":[1,2,2,2,1,2,2,3,1,2,2,3,3,2,1,2,1,2,3,3],"RT":[[0,1166.9000000022352,0,0],[0,970.1999999992549,0,0],[0,1172.6000000014901,0,0],[0,944.5999999977648,0,0],[0,1038.5,0,0],[0,1353.699999999255,0,0],[0,1446,0,0],[0,2250.60000000149,0,0],[0,867,0,0],[0,1860.3999999985099,0,0],[0,1114.199999999255,0,0],[0,646.3000000007451,0,0],[0,1002.5,0,0],[0,669.5,0,0],[0,719.5,0,0],[0,872.3999999985099,0,0],[0,904.1999999992549,0,0],[0,1195.2999999970198,0,0],[0,2619.89999999851,0,0],[0,1172.199999999255,0,0]],"response":[[0,1,0,0],[0,1,0,0],[0,1,0,0],[0,1,0,0],[0,1,0,0],[0,1,0,0],[0,1,0,0],[0,1,0,0],[0,1,0,0],[0,1,0,0],[0,1,0,0],[0,1,0,0],[0,1,0,0],[0,1,0,0],[0,1,0,0],[0,1,0,0],[0,1,0,0],[0,1,0,0],[0,1,0,0],[0,1,0,0]],"framerate":[59.992076518119816,60.00126318445986,60.00785149466329,59.996129281924134,60.01454898165261,60.02950602829583,59.970745977571916,60.02861829483087,60.01348617666891,59.98946131081456,60.03730473298586,59.94724642325473,60.01361133450182,60.02026658359142,59.99700014989193,59.99730349203816,59.998681347692155,60.01667129758266,60.02289533118115,60.01458298283102]}
