{"practice":[0,0,0,0,0,0,0,0,0,0,0,0,0,0,0,0,0,0,0,0],"center_interval":[0,100,100,25,50,25,100,0,50,25,25,100,50,75,0,25,0,100,75,0],"image_pair":[4,3,1,1,4,4,1,2,2,2,4,3,2,2,4,2,1,2,4,3],"feature_space":[1,2,1,2,2,1,2,2,1,1,2,1,1,2,1,2,1,2,2,1],"left_img":[1,1,2,1,1,1,2,2,1,2,1,2,2,2,2,2,1,1,1,1],"img1Sample":[1,3,2,1,2,3,1,1,3,3,3,3,2,2,3,2,2,1,1,1],"img2Sample":[3,2,3,2,1,3,3,3,1,2,2,2,1,3,1,2,2,1,3,2],"key":[49,49,50,50,49,49,49,50,49,49,49,49,49,49,null,null,50,49,50,50],"correct":[true,false,false,false,true,true,true,true,true,false,true,true,false,true,null,null,false,false,true,false],"right_img":[2,2,1,2,2,2,1,1,2,1,2,1,1,1,1,1,2,2,2,2],"img_choice":[1,1,1,2,1,1,2,1,1,2,1,2,2,2,null,null,2,1,2,2],"center_sample":[2,3,1,1,3,1,1,2,1,3,3,1,3,2,2,3,1,3,1,2],"left_sample":[1,3,3,1,2,3,3,3,3,2,3,2,1,3,1,2,2,1,1,1],"right_sample":[3,2,2,2,1,3,1,1,1,3,2,3,2,2,3,2,2,1,3,2],"RT":[[0,4069.2999999970198,0,0],[0,1319.199999999255,0,0],[0,1003.6000000014901,0,0],[0,1464.5,0,0],[0,1353.7000000029802,0,0],[0,1964,0,0],[0,1530.199999999255,0,0],[0,1229.4000000022352,0,0],[0,1236.8999999985099,0,0],[0,1790.6000000014901,0,0],[0,1761,0,0],[0,1084.199999999255,0,0],[0,1554.699999999255,0,0],[0,3061.10000000149,0,0],[0,0,0,0],[0,0,0,0],[0,3238.800000000745,0,0],[0,1383.800000000745,0,0],[0,1104.1000000014901,0,0],[0,1205.0999999977648,0,0]],"response":[[0,1,0,0],[0,1,0,0],[0,1,0,0],[0,1,0,0],[0,1,0,0],[0,1,0,0],[0,1,0,0],[0,1,0,0],[0,1,0,0],[0,1,0,0],[0,1,0,0],[0,1,0,0],[0,1,0,0],[0,1,0,0],[0,1,0,0],[0,1,0,0],[0,1,0,0],[0,1,0,0],[0,1,0,0],[0,1,0,0]],"framerate":[59.78945570244788,59.97931747673216,59.998762911994305,60.0135514471226,60.02339895217938,60.02260591653144,60.00375023430582,59.99127399658273,60.022711296141935,60.01250260470932,59.98394795756994,60.010590104162326,59.06511005487148,60.02564732207421,60.0071225071225,59.996439380452195,60.02494543183293,60.00300015005221,60.009321836453864,60.008808632385964]}
