{"practice":[0,0,0,0,0,0,0,0,0,0,0,0,0,0,0,0,0,0,0,0],"center_interval":[75,100,0,0,100,50,75,0,25,75,0,100,0,50,0,75,75,75,75,50],"image_pair":[2,4,4,3,1,3,1,2,4,3,2,3,1,1,3,1,1,4,1,1],"feature_space":[1,2,2,1,2,1,2,1,1,1,1,1,1,2,1,2,2,2,1,1],"left_img":[1,1,1,2,1,1,2,2,1,1,2,1,2,2,1,1,1,1,1,1],"img1Sample":[1,2,1,2,3,3,2,1,2,2,1,1,3,3,3,1,2,3,2,2],"img2Sample":[1,3,3,2,2,3,3,2,3,3,2,1,2,2,1,3,1,2,2,3],"key":[49,50,49,50,49,50,50,49,50,49,50,50,50,50,50,50,50,50,49,49],"correct":[false,true,true,true,false,false,false,false,false,false,true,true,true,true,false,true,true,true,false,true],"right_img":[2,2,2,1,2,2,1,1,2,2,1,2,1,1,2,2,2,2,2,2],"img_choice":[1,2,1,1,1,2,1,2,2,1,1,2,1,1,2,2,2,2,1,1],"center_sample":[3,2,3,1,3,1,1,3,1,2,2,3,1,1,1,1,3,3,3,3],"left_sample":[1,2,1,2,3,3,3,2,2,2,2,1,2,2,3,1,2,3,2,2],"right_sample":[1,3,3,2,2,3,2,1,3,3,1,1,3,3,1,3,1,2,2,3],"RT":[[0,1255.6000000014901,0,0],[0,1718.199999999255,0,0],[0,917.8000000007451,0,0],[0,722.3000000007451,0,0],[0,1294,0,0],[0,1349.5999999977648,0,0],[0,1066.699999999255,0,0],[0,973.2000000029802,0,0],[0,1749.1000000014901,0,0],[0,4005.900000002235,0,0],[0,881.1999999992549,0,0],[0,1804.9000000022352,0,0],[0,1358.7999999970198,0,0],[0,782.6999999992549,0,0],[0,1021.6000000014901,0,0],[0,1288,0,0],[0,4449,0,0],[0,1059.699999999255,0,0],[0,1351,0,0],[0,1061.3999999985099,0,0]],"response":[[0,1,0,0],[0,1,0,0],[0,1,0,0],[0,1,0,0],[0,1,0,0],[0,1,0,0],[0,1,0,0],[0,1,0,0],[0,1,0,0],[0,1,0,0],[0,1,0,0],[0,1,0,0],[0,1,0,0],[0,1,0,0],[0,1,0,0],[0,1,0,0],[0,1,0,0],[0,1,0,0],[0,1,0,0],[0,1,0,0]],"framerate":[59.979649761783726,60.00857265323618,59.98956703176226,60.04653606541714,59.9810586131401,60.02154619604744,60.0118835412953,60.016425547959976,59.56939834909556,59.5676471862698,59.448266648795276,60.3563103563478,60.032560032514525,60.03001500747179,59.99020568078728,60.00631645434009,60.01263423876946,58.81293884651995,58.97905226773224,59.973611610810806]}
