{"practice":[0,0,0,0,0,0,0,0,0,0,0,0,0,0,0,0,0,0,0,0],"center_interval":[25,25,25,50,50,0,0,75,25,100,50,25,50,25,25,0,25,100,25,75],"image_pair":[2,1,4,4,3,3,1,3,2,3,4,3,2,4,2,4,3,3,2,1],"feature_space":[2,1,2,2,2,1,2,2,1,2,1,2,2,1,2,1,2,2,1,1],"left_img":[2,1,1,1,1,1,2,1,2,2,2,1,2,2,1,2,2,1,1,2],"img1Sample":[3,1,3,1,2,1,3,1,3,1,3,2,3,3,3,1,2,2,3,1],"img2Sample":[3,2,2,1,2,2,1,1,1,3,1,1,1,1,2,1,3,3,2,1],"key":[49,50,49,50,49,49,49,49,50,49,50,50,49,50,49,50,49,49,49,50],"correct":[false,false,true,false,true,true,false,false,true,true,true,false,false,true,true,true,false,false,true,false],"right_img":[1,2,2,2,2,2,1,2,1,1,1,2,1,1,2,1,1,2,2,1],"img_choice":[2,2,1,2,1,1,2,1,1,2,1,2,2,1,1,1,2,1,1,1],"center_sample":[2,3,3,1,1,2,1,1,2,1,2,2,2,3,2,3,2,1,1,1],"left_sample":[3,1,3,1,2,1,1,1,1,3,1,2,1,1,3,1,3,2,3,1],"right_sample":[3,2,2,1,2,2,3,1,3,1,3,1,3,3,2,1,2,3,2,1],"RT":[[0,0,0,762,0,0],[0,0,0,150,0,0],[0,0,0,102,0,0],[0,0,0,146,0,0],[0,0,0,218,0,0],[0,0,0,198,0,0],[0,0,0,158,0,0],[0,0,0,103,0,0],[0,0,0,248,0,0],[0,0,0,146,0,0],[0,0,0,24,0,0],[0,0,0,21,0,0],[0,0,0,388,0,0],[0,0,0,1588,0,0],[0,0,0,228,0,0],[0,0,0,193,0,0],[0,0,0,339,0,0],[0,0,0,1400,0,0],[0,0,0,37,0,0],[0,0,0,124,0,0]],"response":[[0,0,0,1,0,0],[0,0,0,1,0,0],[0,0,0,1,0,0],[0,0,0,1,0,0],[0,0,0,1,0,0],[0,0,0,1,0,0],[0,0,0,1,0,0],[0,0,0,1,0,0],[0,0,0,1,0,0],[0,0,0,1,0,0],[0,0,0,1,0,0],[0,0,0,1,0,0],[0,0,0,1,0,0],[0,0,0,1,0,0],[0,0,0,1,0,0],[0,0,0,1,0,0],[0,0,0,1,0,0],[0,0,0,1,0,0],[0,0,0,1,0,0],[0,0,0,1,0,0]],"framerate":[20.46537706756378,20.960108181203516,22.641509433962266,23.588039867109636,23.011176857330703,23.271058669288756,22.55132951868058,24.0219629375429,23.506366307541626,21.7828418230563,22.916666666666668,20.81165452653486,19.73066082054494,18.727436823104693,21.011162179908077,21.59468438538206,20.644354081951832,21.110056925996204,22.36198462613557,21.892893230043786]}
