{"practice":[0,0,0,0,0,0,0,0,0,0,0,0,0,0,0,0,0,0,0,0],"center_interval":[75,25,25,50,0,75,100,100,50,50,75,100,50,0,0,100,75,50,50,75],"image_pair":[3,2,2,2,1,4,1,4,3,4,3,2,2,4,3,3,1,3,3,1],"feature_space":[2,1,2,1,2,1,1,2,2,2,1,2,1,2,2,1,1,1,1,1],"left_img":[1,2,1,1,1,2,1,1,2,2,2,1,2,1,2,1,1,1,2,2],"img1Sample":[3,2,1,2,3,2,1,1,1,1,2,2,3,1,1,1,1,2,1,3],"img2Sample":[2,2,1,1,2,1,3,3,3,1,2,1,3,1,2,1,2,3,3,1],"stim_time":[250,250,250,250,250,250,250,250,250,250,250,250,250,250,250,250,250,250,250,250],"key":[49,50,49,49,49,50,50,50,50,49,50,49,50,49,50,50,50,49,50,49],"correct":[false,true,true,true,true,false,true,true,true,false,false,false,true,true,true,true,true,true,true,true],"right_img":[2,1,2,2,2,1,2,2,1,1,1,2,1,2,1,2,2,2,1,1],"img_choice":[1,1,1,1,1,1,2,2,1,2,1,1,1,1,1,2,2,1,1,2],"center_sample":[3,3,2,2,2,2,2,3,2,2,2,2,1,3,1,3,2,2,1,1],"left_sample":[3,2,1,2,3,1,1,1,3,1,2,2,3,1,2,1,1,2,3,1],"right_sample":[2,2,1,1,2,2,3,3,1,1,2,1,3,1,1,1,2,3,1,3],"exact_match":[0,0,0,0,0,0,0,1,0,0,0,0,0,0,1,0,0,0,0,0],"RT":[[0,0,0,1014.4000000059605,0,0],[0,0,0,671.5,0,0],[0,0,0,857.0999999940395,0,0],[0,0,0,839.1999999880791,0,0],[0,0,0,686.7000000178814,0,0],[0,0,0,554.8999999761581,0,0],[0,0,0,646.1999999880791,0,0],[0,0,0,557,0,0],[0,0,0,692.1999999880791,0,0],[0,0,0,582.1999999880791,0,0],[0,0,0,463.2000000178814,0,0],[0,0,0,1061.2999999821186,0,0],[0,0,0,592.3999999761581,0,0],[0,0,0,580.4000000059605,0,0],[0,0,0,498.39999997615814,0,0],[0,0,0,884.5,0,0],[0,0,0,661.3000000119209,0,0],[0,0,0,515.9000000059605,0,0],[0,0,0,491.7999999821186,0,0],[0,0,0,560.7000000178814,0,0]],"response":[[0,0,0,1,0,0],[0,0,0,1,0,0],[0,0,0,1,0,0],[0,0,0,1,0,0],[0,0,0,1,0,0],[0,0,0,1,0,0],[0,0,0,1,0,0],[0,0,0,1,0,0],[0,0,0,1,0,0],[0,0,0,1,0,0],[0,0,0,1,0,0],[0,0,0,1,0,0],[0,0,0,1,0,0],[0,0,0,1,0,0],[0,0,0,1,0,0],[0,0,0,1,0,0],[0,0,0,1,0,0],[0,0,0,1,0,0],[0,0,0,1,0,0],[0,0,0,1,0,0]],"framerate":[59.99322657102057,60.004615740084986,59.99269654110408,60.00631645398709,60.0068579272334,59.9987629114413,59.99999999999999,60.00618620476338,59.99999999999999,58.77670972941346,59.99868134695532,59.999055133327936,59.99999999999999,60.00122451434809,60.00774293526457,60.00307708069252,59.99883497449481,59.99872343073156,60.00774293526457,59.9913414556512]}
