{"practice":[1,1,1,1,1],"center_interval":[100,50,25,0,25],"image_pair":[4,2,4,1,4],"feature_space":[2,1,1,2,1],"left_img":[2,2,1,2,1],"img1Sample":[1,1,1,2,1],"img2Sample":[3,3,3,2,2],"key":[null,null,null,null,null],"correct":[null,null,null,null,null],"right_img":[1,1,2,1,2],"img_choice":[null,null,null,null,null],"center_sample":[1,3,3,3,2],"left_sample":[3,3,1,2,1],"right_sample":[1,1,3,2,2],"RT":[[0,0,0,0,0,0],[0,0,0,0,0,0],[0,0,0,0,0,0],[0,0,0,0,0,0],[0,0,0,0,0,0]],"response":[[0,0,0,1,0,0],[0,0,0,1,0,0],[0,0,0,1,0,0],[0,0,0,1,0,0],[0,0,0,1,0,0]],"framerate":[20.606681172404965,18.935061634261025,19.517205957883924,19.284802043422733,19.412515964240104]}
