{"practice":[0,0,0,0,0,0,0,0,0,0,0,0,0,0,0,0,0,0,0,0],"center_interval":[50,0,100,25,100,75,0,75,75,100,75,0,100,75,25,50,100,100,100,0],"image_pair":[3,2,4,3,4,3,2,4,3,1,4,2,4,4,3,1,3,4,2,4],"feature_space":[1,1,2,1,2,2,1,2,1,1,1,2,1,1,1,2,2,2,1,1],"left_img":[1,1,2,1,1,1,2,1,2,1,2,2,2,2,2,2,1,1,1,2],"img1Sample":[3,2,1,2,1,2,3,2,2,3,1,1,2,2,3,1,3,3,1,1],"img2Sample":[1,1,3,3,3,2,2,2,2,2,3,3,2,3,1,2,3,3,2,1],"key":[49,50,49,50,50,49,49,50,49,50,49,49,50,49,49,50,49,50,49,50],"correct":[true,false,true,false,true,false,false,true,true,true,true,false,false,true,false,true,false,true,false,true],"right_img":[2,2,1,2,2,2,1,2,1,2,1,1,1,1,1,1,2,2,2,1],"img_choice":[1,2,2,2,2,1,2,2,2,2,2,2,1,2,2,1,1,2,1,1],"center_sample":[1,3,2,1,2,3,1,2,3,1,3,3,1,1,3,2,2,1,1,2],"left_sample":[3,2,3,2,1,2,2,2,2,3,3,3,2,3,1,2,3,3,1,1],"right_sample":[1,1,1,3,3,2,3,2,2,2,1,1,2,2,3,1,3,3,2,1],"RT":[[0,0,0,3786,0,0],[0,0,0,259,0,0],[0,0,0,32,0,0],[0,0,0,180,0,0],[0,0,0,195,0,0],[0,0,0,615,0,0],[0,0,0,432,0,0],[0,0,0,242,0,0],[0,0,0,39,0,0],[0,0,0,202,0,0],[0,0,0,179,0,0],[0,0,0,130,0,0],[0,0,0,80,0,0],[0,0,0,290,0,0],[0,0,0,127,0,0],[0,0,0,212,0,0],[0,0,0,331,0,0],[0,0,0,211,0,0],[0,0,0,16,0,0],[0,0,0,136,0,0]],"response":[[0,0,0,1,0,0],[0,0,0,1,0,0],[0,0,0,1,0,0],[0,0,0,1,0,0],[0,0,0,1,0,0],[0,0,0,1,0,0],[0,0,0,1,0,0],[0,0,0,1,0,0],[0,0,0,1,0,0],[0,0,0,1,0,0],[0,0,0,1,0,0],[0,0,0,1,0,0],[0,0,0,1,0,0],[0,0,0,1,0,0],[0,0,0,1,0,0],[0,0,0,1,0,0],[0,0,0,1,0,0],[0,0,0,1,0,0],[0,0,0,1,0,0],[0,0,0,1,0,0]],"framerate":[19.05778319865833,20.572163291546126,21.557719054242,21.014009339559706,22.073578595317723,20.396270396270396,22.065583818571866,22.615535889872174,22.97250261051166,19.880715705765407,23.364485981308412,22.033898305084744,22.199098161637185,23.389939122076257,21.694915254237287,22.479338842975206,19.968304278922343,20.41488310833059,23.247622402254315,20.868394479973073]}
