{"practice":[0,0,0,0,0,0,0,0,0,0,0,0,0,0,0,0,0,0,0,0],"center_interval":[50,75,0,75,75,100,100,0,0,100,50,50,75,100,50,100,100,50,25,25],"image_pair":[1,4,1,4,2,3,4,1,1,3,1,2,2,4,4,3,4,4,1,4],"feature_space":[2,1,1,1,1,2,2,1,1,1,2,2,2,2,2,2,1,2,2,2],"left_img":[2,2,2,1,1,2,2,1,1,2,1,1,2,2,1,2,2,2,1,2],"img1Sample":[3,3,1,3,1,2,1,2,3,3,2,1,3,3,3,2,1,3,3,2],"img2Sample":[2,1,3,3,3,2,2,1,2,3,2,3,3,3,3,1,2,1,1,1],"key":[50,49,49,49,50,49,49,49,49,49,49,49,49,50,49,49,49,49,49,49],"correct":[true,true,false,false,true,true,true,true,true,true,true,true,true,false,true,true,true,false,true,false],"right_img":[1,1,1,2,2,1,1,2,2,1,2,2,1,1,2,1,1,1,2,1],"img_choice":[1,2,2,1,2,2,2,1,1,2,1,1,2,1,1,2,2,2,1,2],"center_sample":[2,2,2,3,3,1,3,1,2,2,3,2,3,1,2,3,3,1,3,3],"left_sample":[2,1,3,3,1,2,2,2,3,3,2,1,3,3,3,1,2,1,3,1],"right_sample":[3,3,1,3,3,2,1,1,2,3,2,3,3,3,3,2,1,3,1,2],"RT":[[0,0,0,2168,0,0],[0,0,0,1547,0,0],[0,0,0,1154,0,0],[0,0,0,2406,0,0],[0,0,0,2209,0,0],[0,0,0,1990,0,0],[0,0,0,1589,0,0],[0,0,0,1413,0,0],[0,0,0,1200,0,0],[0,0,0,1021,0,0],[0,0,0,1903,0,0],[0,0,0,1669,0,0],[0,0,0,2740,0,0],[0,0,0,2381,0,0],[0,0,0,1033,0,0],[0,0,0,1037,0,0],[0,0,0,1323,0,0],[0,0,0,1101,0,0],[0,0,0,1224,0,0],[0,0,0,1195,0,0]],"response":[[0,0,0,1,0,0],[0,0,0,1,0,0],[0,0,0,1,0,0],[0,0,0,1,0,0],[0,0,0,1,0,0],[0,0,0,1,0,0],[0,0,0,1,0,0],[0,0,0,1,0,0],[0,0,0,1,0,0],[0,0,0,1,0,0],[0,0,0,1,0,0],[0,0,0,1,0,0],[0,0,0,1,0,0],[0,0,0,1,0,0],[0,0,0,1,0,0],[0,0,0,1,0,0],[0,0,0,1,0,0],[0,0,0,1,0,0],[0,0,0,1,0,0],[0,0,0,1,0,0]],"framerate":[21.76541717049577,22.533915842722465,20.765574180635475,21.122740247383444,20.758483033932137,20.746887966804977,20.982142857142858,20.73027090694935,21.30325814536341,19.694221300855144,20.585738539898134,19.88950276243094,19.45595388218339,20.40427154843631,21.071800208116546,21.09375,21.067751975101746,23.46938775510204,21.508034610630407,18.486566428395367]}
