{"practice":[0,0,0,0,0,0,0,0,0,0,0,0,0,0,0,0,0,0,0,0],"center_interval":[0,50,100,100,50,25,0,100,0,75,100,75,0,50,50,100,25,75,50,50],"image_pair":[3,2,4,2,2,2,4,2,2,3,3,3,3,2,2,3,2,2,2,3],"feature_space":[2,2,1,1,1,1,2,2,1,2,1,2,2,2,2,1,2,2,1,2],"left_img":[1,1,1,1,2,2,1,1,2,1,2,1,2,1,2,2,1,2,2,1],"img1Sample":[1,1,3,1,3,1,2,2,2,2,3,3,3,2,2,1,2,2,3,2],"img2Sample":[1,3,2,2,2,3,1,2,3,3,2,1,1,2,3,3,3,1,3,1],"key":[null,49,49,50,49,49,49,50,49,50,50,50,49,50,50,50,50,50,49,49],"correct":[null,true,false,true,false,false,true,true,false,true,false,true,false,false,true,false,false,false,false,true],"right_img":[2,2,2,2,1,1,2,2,1,2,1,2,1,2,1,1,2,1,1,2],"img_choice":[null,1,1,2,2,2,1,2,2,2,1,2,2,2,1,1,2,1,2,1],"center_sample":[3,1,1,1,2,1,1,1,1,3,3,1,2,3,2,2,3,2,2,2],"left_sample":[1,1,3,1,2,3,2,2,3,2,2,3,1,2,3,3,2,1,3,2],"right_sample":[1,3,2,2,3,1,1,2,2,3,3,1,3,2,2,1,3,2,3,1],"RT":[[0,0,0,0,0,0],[0,0,0,171,0,0],[0,0,0,681,0,0],[0,0,0,59,0,0],[0,0,0,74,0,0],[0,0,0,2037,0,0],[0,0,0,3448,0,0],[0,0,0,487,0,0],[0,0,0,320,0,0],[0,0,0,104,0,0],[0,0,0,1149,0,0],[0,0,0,393,0,0],[0,0,0,293,0,0],[0,0,0,19,0,0],[0,0,0,210,0,0],[0,0,0,2070,0,0],[0,0,0,1960,0,0],[0,0,0,1278,0,0],[0,0,0,4302,0,0],[0,0,0,4978,0,0]],"response":[[0,0,0,1,0,0],[0,0,0,1,0,0],[0,0,0,1,0,0],[0,0,0,1,0,0],[0,0,0,1,0,0],[0,0,0,1,0,0],[0,0,0,1,0,0],[0,0,0,1,0,0],[0,0,0,1,0,0],[0,0,0,1,0,0],[0,0,0,1,0,0],[0,0,0,1,0,0],[0,0,0,1,0,0],[0,0,0,1,0,0],[0,0,0,1,0,0],[0,0,0,1,0,0],[0,0,0,1,0,0],[0,0,0,1,0,0],[0,0,0,1,0,0],[0,0,0,1,0,0]],"framerate":[19.336662824945574,22.826451829472976,22.962112514351322,20.209059233449477,21.678321678321677,20.26197298403602,20.62020460358056,21.075137446548563,21.73228346456693,22.191874359849777,21.42677085959163,23.312883435582823,23.55598580187157,22.847100175746927,21.774991751897065,21.35523613963039,21.775544388609717,20.838440794312334,20.685825350548384,18.850987432675044]}
