{"practice":[0,0,0,0,0,0,0,0,0,0,0,0,0,0,0,0,0,0,0,0],"center_interval":[100,75,50,0,50,100,75,75,25,0,75,100,0,100,75,25,50,100,0,75],"image_pair":[1,1,2,3,4,4,3,2,3,2,2,4,2,3,2,2,1,3,1,4],"feature_space":[1,1,1,1,1,2,1,2,1,1,2,2,1,1,2,2,1,2,1,1],"left_img":[2,2,2,1,1,1,1,2,2,1,1,2,2,1,2,1,2,1,1,2],"img1Sample":[3,1,2,3,1,2,3,2,3,1,3,1,1,1,3,3,3,3,3,3],"img2Sample":[1,1,3,2,3,3,3,1,1,1,1,3,3,3,3,3,1,3,2,2],"stim_time":[2000,2000,2000,2000,2000,2000,2000,2000,2000,2000,2000,2000,2000,2000,2000,2000,2000,2000,2000,2000],"key":[49,49,50,49,50,49,50,50,50,49,50,49,49,50,49,50,49,50,50,49],"correct":[true,true,true,true,false,false,true,false,true,true,true,true,false,true,true,false,false,true,false,true],"right_img":[1,1,1,2,2,2,2,1,1,2,2,1,1,2,1,2,1,2,2,1],"img_choice":[2,2,1,1,2,1,2,1,1,1,2,2,2,2,2,2,2,2,2,2],"center_sample":[3,2,1,2,1,2,3,3,3,1,1,2,2,2,3,3,2,2,1,1],"left_sample":[1,1,3,3,1,2,3,1,1,1,3,3,3,1,3,3,1,3,3,2],"right_sample":[3,1,2,2,3,3,3,2,3,1,1,1,1,3,3,3,3,3,2,3],"exact_match":[0,0,0,0,0,0,0,0,0,1,0,0,0,0,0,0,0,0,0,0],"RT":[[0,0,0,830.7999999821186,0,0],[0,0,0,1512.2999999821186,0,0],[0,0,0,757.6999999880791,0,0],[0,0,0,734.9000000059605,0,0],[0,0,0,639.2999999821186,0,0],[0,0,0,975,0,0],[0,0,0,857.2999999821186,0,0],[0,0,0,1050.9000000059605,0,0],[0,0,0,853.5,0,0],[0,0,0,620.9000000059605,0,0],[0,0,0,626.6000000238419,0,0],[0,0,0,996.1999999880791,0,0],[0,0,0,823,0,0],[0,0,0,452.40000000596046,0,0],[0,0,0,975.0999999940395,0,0],[0,0,0,930.7000000178814,0,0],[0,0,0,1167.7999999821186,0,0],[0,0,0,822.3000000119209,0,0],[0,0,0,795.5,0,0],[0,0,0,650.7999999821186,0,0]],"response":[[0,0,0,1,0,0],[0,0,0,1,0,0],[0,0,0,1,0,0],[0,0,0,1,0,0],[0,0,0,1,0,0],[0,0,0,1,0,0],[0,0,0,1,0,0],[0,0,0,1,0,0],[0,0,0,1,0,0],[0,0,0,1,0,0],[0,0,0,1,0,0],[0,0,0,1,0,0],[0,0,0,1,0,0],[0,0,0,1,0,0],[0,0,0,1,0,0],[0,0,0,1,0,0],[0,0,0,1,0,0],[0,0,0,1,0,0],[0,0,0,1,0,0],[0,0,0,1,0,0]],"framerate":[59.99889910267033,60.003706792614764,60.0011215163903,59.99493000571354,60.006957328489584,60.00052863882979,60.00109092902351,60.0025863183758,60.00109092902351,60.00407794714912,59.99708752002331,60.00473721581362,60.00055046406102,60.0012245148955,60.00052863882979,59.196957115499515,60.00351485033207,60.00220191586351,60.0016667128649,59.999423082676685]}
