{"practice":[0,0,0,0,0,0,0,0,0,0,0,0,0,0,0,0,0,0,0,0],"center_interval":[25,25,25,50,25,75,25,50,25,25,0,50,50,25,50,25,0,100,0,75],"image_pair":[2,4,4,3,4,4,2,4,2,3,1,3,4,2,3,1,3,2,4,2],"feature_space":[2,2,2,2,2,2,1,1,2,1,2,1,1,1,2,1,1,2,2,1],"left_img":[2,2,2,2,2,2,1,2,1,1,2,1,2,2,1,1,2,2,2,1],"img1Sample":[3,3,3,1,2,3,3,1,3,1,3,2,3,3,1,3,2,1,3,2],"img2Sample":[1,3,1,2,1,3,1,1,2,3,2,3,1,3,1,3,2,2,2,1],"stim_time":[250,250,250,250,250,250,250,250,250,250,250,250,250,250,250,250,250,250,250,250],"key":[null,null,49,49,50,50,50,50,50,50,50,50,49,49,null,50,50,50,50,50],"correct":[null,null,false,false,true,false,false,true,false,false,true,false,false,false,null,false,true,false,true,true],"right_img":[1,1,1,1,1,1,2,1,2,2,1,2,1,1,2,2,1,1,1,2],"img_choice":[null,null,2,2,1,1,2,1,2,2,1,2,2,2,null,2,1,1,1,2],"center_sample":[3,3,3,3,3,1,3,3,1,3,1,2,3,2,3,1,3,3,3,2],"left_sample":[1,3,1,2,1,3,3,1,3,1,2,2,1,3,1,3,2,2,2,2],"right_sample":[3,3,3,1,2,3,1,1,2,3,3,3,3,3,1,3,2,1,3,1],"exact_match":[0,0,0,0,0,0,0,0,0,0,0,0,0,0,0,0,0,0,1,0],"RT":[[0,0,0,0,0,0],[0,0,0,0,0,0],[0,0,0,2792.5,0,0],[0,0,0,3537.8000000044703,0,0],[0,0,0,4285.70000000298,0,0],[0,0,0,81.10000000149012,0,0],[0,0,0,12.099999994039536,0,0],[0,0,0,16.5,0,0],[0,0,0,45.79999999701977,0,0],[0,0,0,58.600000001490116,0,0],[0,0,0,21.899999998509884,0,0],[0,0,0,52.19999999552965,0,0],[0,0,0,1488.8000000044703,0,0],[0,0,0,3320.2000000029802,0,0],[0,0,0,0,0,0],[0,0,0,2759,0,0],[0,0,0,24.600000001490116,0,0],[0,0,0,142,0,0],[0,0,0,341.19999999552965,0,0],[0,0,0,142.10000000149012,0,0]],"response":[[0,0,0,1,0,0],[0,0,0,1,0,0],[0,0,0,1,0,0],[0,0,0,1,0,0],[0,0,0,1,0,0],[0,0,0,1,0,0],[0,0,0,1,0,0],[0,0,0,1,0,0],[0,0,0,1,0,0],[0,0,0,1,0,0],[0,0,0,1,0,0],[0,0,0,1,0,0],[0,0,0,1,0,0],[0,0,0,1,0,0],[0,0,0,1,0,0],[0,0,0,1,0,0],[0,0,0,1,0,0],[0,0,0,1,0,0],[0,0,0,1,0,0],[0,0,0,1,0,0]],"framerate":[60.01253008864086,60.0154985079154,60.01091107467117,60.01174142765119,60.00785149462151,60.033548159107525,60.015003751021595,60.024009603924135,59.99999999999999,60.0358422939068,59.96863179268324,60.00358230334102,60.03531489111242,59.999087466370725,59.50806664901999,60.02306563216112,59.97969917898693,60.08512058727481,60.025725310911426,59.97001499242932]}
