{"practice":[0,0,0,0,0,0,0,0,0,0,0,0,0,0,0,0,0,0,0,0],"center_interval":[50,50,0,25,50,100,100,100,50,100,25,100,50,100,25,25,50,25,75,25],"image_pair":[4,1,2,1,3,3,2,4,2,1,4,3,3,1,2,3,3,3,2,2],"feature_space":[1,1,1,2,2,2,2,1,1,2,2,1,2,2,1,1,1,1,2,1],"left_img":[2,2,1,2,2,1,2,2,2,2,1,2,1,2,2,2,1,2,2,1],"img1Sample":[1,3,3,3,1,2,1,1,2,2,1,2,3,2,3,1,3,1,3,2],"img2Sample":[2,1,3,2,1,3,1,1,1,2,2,3,2,1,1,1,3,3,3,1],"stim_time":[2000,2000,2000,2000,2000,2000,2000,2000,2000,2000,2000,2000,2000,2000,2000,2000,2000,2000,2000,2000],"key":[49,50,50,50,null,50,49,49,50,50,49,49,49,49,49,50,50,50,49,50],"correct":[false,true,false,true,null,true,true,true,true,false,true,true,true,true,false,true,false,true,true,false],"right_img":[1,1,2,1,1,2,1,1,1,1,2,1,2,1,1,1,2,1,1,2],"img_choice":[2,1,2,1,null,2,2,2,1,1,1,2,1,2,2,1,2,1,2,2],"center_sample":[3,1,1,3,3,2,3,1,2,1,3,1,1,2,1,3,2,3,2,1],"left_sample":[2,1,3,2,1,2,1,1,1,2,1,3,3,1,1,1,3,3,3,2],"right_sample":[1,3,3,3,1,3,1,1,2,2,2,2,2,2,3,1,3,1,3,1],"exact_match":[0,0,0,0,0,0,0,1,0,0,0,0,0,0,0,0,0,0,0,0],"RT":[[0,0,0,4026.60000000149,0,0],[0,0,0,53.5,0,0],[0,0,0,112.39999999850988,0,0],[0,0,0,60.79999999701977,0,0],[0,0,0,0,0,0],[0,0,0,574,0,0],[0,0,0,11.800000004470348,0,0],[0,0,0,5.100000001490116,0,0],[0,0,0,45.20000000298023,0,0],[0,0,0,65.20000000298023,0,0],[0,0,0,1755.2999999970198,0,0],[0,0,0,27.799999997019768,0,0],[0,0,0,7.9000000059604645,0,0],[0,0,0,28.5,0,0],[0,0,0,273,0,0],[0,0,0,153.10000000149012,0,0],[0,0,0,2090.39999999851,0,0],[0,0,0,45.600000001490116,0,0],[0,0,0,993.1999999955297,0,0],[0,0,0,239.20000000298023,0,0]],"response":[[0,0,0,1,0,0],[0,0,0,1,0,0],[0,0,0,1,0,0],[0,0,0,1,0,0],[0,0,0,1,0,0],[0,0,0,1,0,0],[0,0,0,1,0,0],[0,0,0,1,0,0],[0,0,0,1,0,0],[0,0,0,1,0,0],[0,0,0,1,0,0],[0,0,0,1,0,0],[0,0,0,1,0,0],[0,0,0,1,0,0],[0,0,0,1,0,0],[0,0,0,1,0,0],[0,0,0,1,0,0],[0,0,0,1,0,0],[0,0,0,1,0,0],[0,0,0,1,0,0]],"framerate":[60.004683292380705,60.04538313841857,60.01577557517139,60.01605080431607,60.00818875069228,60.018330721751134,59.99928994916789,60.0376567551563,60.004210821874814,59.97837988625772,60.03111101377625,59.64144551097936,60.022730501459925,58.96268050707049,60.01622060016221,60.00337097589752,60.00857265318142,59.995789769233106,60.0331762289922,60.025584675376756]}
