{"practice":[1,1,1,1,1],"center_interval":[25,25,75,50,100],"image_pair":[2,4,4,1,2],"feature_space":[2,1,1,1,1],"left_img":[2,2,2,2,1],"img1Sample":[2,1,1,1,1],"img2Sample":[1,3,1,3,2],"key":[null,null,null,null,null],"correct":[null,null,null,null,null],"right_img":[1,1,1,1,2],"img_choice":[null,null,null,null,null],"center_sample":[2,3,3,1,1],"left_sample":[1,3,1,3,1],"right_sample":[2,1,1,1,2],"RT":[[0,0,0,0],[0,0,0,0],[0,0,0,0],[0,0,0,0],[0,0,0,0]],"response":[[0,1,0,0],[0,1,0,0],[0,1,0,0],[0,1,0,0],[0,1,0,0]],"framerate":[9.787472035957322,13.015957921012747,14.450351446573288,14.606601471720106,15.671469021603638]}
