{"practice":[0,0,0,0,0,0,0,0,0,0,0,0,0,0,0,0,0,0,0,0],"center_interval":[25,100,75,75,0,0,25,25,100,0,0,100,25,75,0,75,50,50,0,100],"image_pair":[1,1,2,3,2,4,3,1,1,4,1,4,3,1,1,4,2,2,4,3],"feature_space":[1,2,2,1,2,1,2,2,1,1,1,1,1,1,2,1,1,1,1,1],"left_img":[1,1,1,2,2,2,2,2,1,1,1,2,1,2,1,2,1,1,1,1],"img1Sample":[1,2,1,1,3,1,3,2,3,1,2,1,1,1,3,2,3,2,1,2],"img2Sample":[3,1,2,2,2,1,1,2,3,2,3,3,2,1,2,3,2,3,3,2],"key":[50,50,49,50,50,50,50,50,49,49,50,49,49,49,49,49,50,49,49,50],"correct":[false,true,false,false,true,true,true,true,false,true,false,true,true,true,true,true,false,true,true,true],"right_img":[2,2,2,1,1,1,1,1,2,2,2,1,2,1,2,1,2,2,2,2],"img_choice":[2,2,1,1,1,1,1,1,1,1,2,2,1,2,1,2,2,1,1,2],"center_sample":[1,3,1,1,2,2,3,3,1,2,1,1,2,1,2,3,1,1,3,1],"left_sample":[1,2,1,2,2,1,1,2,3,1,2,3,1,1,3,3,3,2,1,2],"right_sample":[3,1,2,1,3,1,3,2,3,2,3,1,2,1,2,2,2,3,3,2],"RT":[[0,0,0,1998,0,0],[0,0,0,1555,0,0],[0,0,0,2214,0,0],[0,0,0,3291,0,0],[0,0,0,3054,0,0],[0,0,0,1013,0,0],[0,0,0,1567,0,0],[0,0,0,3165,0,0],[0,0,0,2177,0,0],[0,0,0,1296,0,0],[0,0,0,1580,0,0],[0,0,0,1254,0,0],[0,0,0,1269,0,0],[0,0,0,2742,0,0],[0,0,0,1874,0,0],[0,0,0,1887,0,0],[0,0,0,2570,0,0],[0,0,0,2072,0,0],[0,0,0,1234,0,0],[0,0,0,2054,0,0]],"response":[[0,0,0,1,0,0],[0,0,0,1,0,0],[0,0,0,1,0,0],[0,0,0,1,0,0],[0,0,0,1,0,0],[0,0,0,1,0,0],[0,0,0,1,0,0],[0,0,0,1,0,0],[0,0,0,1,0,0],[0,0,0,1,0,0],[0,0,0,1,0,0],[0,0,0,1,0,0],[0,0,0,1,0,0],[0,0,0,1,0,0],[0,0,0,1,0,0],[0,0,0,1,0,0],[0,0,0,1,0,0],[0,0,0,1,0,0],[0,0,0,1,0,0],[0,0,0,1,0,0]],"framerate":[143.33333333333334,142.82439248051352,143.7973673713602,143.46614199049023,143.80757420675536,143.38138925294888,143.77289377289378,143.646408839779,143.5454727966272,143.48462664714495,143.7699680511182,143.70224303672663,143.48894348894348,143.6036036036036,143.7433155080214,143.5580204778157,143.60119047619048,143.5602953240361,143.45887016848366,143.56333676622037]}
