{"practice":[0,0,0,0,0,0,0,0,0,0,0,0,0,0,0,0,0,0,0,0],"center_interval":[50,0,50,25,50,25,75,25,100,100,0,100,100,100,75,50,0,75,75,50],"image_pair":[1,1,3,1,3,2,2,4,3,1,3,3,2,2,2,4,1,4,1,4],"feature_space":[1,2,2,1,1,2,2,1,2,1,1,2,1,1,2,2,1,2,2,2],"left_img":[2,2,1,2,1,1,1,1,2,2,1,2,2,1,1,2,2,2,2,1],"img1Sample":[1,3,1,3,3,3,3,3,3,3,2,2,3,2,2,3,2,2,3,3],"img2Sample":[1,1,1,3,2,1,1,2,2,2,2,1,2,2,3,3,3,3,3,1],"key":[50,50,49,50,50,50,49,49,49,49,49,49,50,50,50,50,50,49,49,49],"correct":[true,true,true,true,false,false,false,true,true,true,true,true,false,true,true,true,true,true,true,true],"right_img":[1,1,2,1,2,2,2,2,1,1,2,1,1,2,2,1,1,1,1,2],"img_choice":[1,1,1,1,2,2,1,1,2,2,1,2,1,2,2,1,1,2,2,1],"center_sample":[2,2,3,3,3,3,2,3,3,3,1,2,3,3,2,1,3,1,2,1],"left_sample":[1,1,1,3,3,3,3,3,2,2,2,1,2,2,2,3,3,3,3,3],"right_sample":[1,3,1,3,2,1,1,2,3,3,2,2,3,2,3,3,2,2,3,1],"RT":[[0,0,0,1830,0,0],[0,0,0,2799,0,0],[0,0,0,3067,0,0],[0,0,0,1769,0,0],[0,0,0,1644,0,0],[0,0,0,3270,0,0],[0,0,0,2241,0,0],[0,0,0,1457,0,0],[0,0,0,1979,0,0],[0,0,0,1240,0,0],[0,0,0,1323,0,0],[0,0,0,3896,0,0],[0,0,0,1741,0,0],[0,0,0,1594,0,0],[0,0,0,1505,0,0],[0,0,0,1608,0,0],[0,0,0,1039,0,0],[0,0,0,1520,0,0],[0,0,0,1497,0,0],[0,0,0,1810,0,0]],"response":[[0,0,0,1,0,0],[0,0,0,1,0,0],[0,0,0,1,0,0],[0,0,0,1,0,0],[0,0,0,1,0,0],[0,0,0,1,0,0],[0,0,0,1,0,0],[0,0,0,1,0,0],[0,0,0,1,0,0],[0,0,0,1,0,0],[0,0,0,1,0,0],[0,0,0,1,0,0],[0,0,0,1,0,0],[0,0,0,1,0,0],[0,0,0,1,0,0],[0,0,0,1,0,0],[0,0,0,1,0,0],[0,0,0,1,0,0],[0,0,0,1,0,0],[0,0,0,1,0,0]],"framerate":[143.75134901791495,143.5961469853728,143.63605384222183,143.32603938730853,143.04993252361672,143.49258649093903,143.7636327582788,143.49355216881594,143.57366771159874,143.45782834528814,143.48036839554047,143.51782783828136,143.7376183138895,143.73436433932227,143.55287569573284,143.5048741781909,143.1912681912682,143.75,143.48837209302326,143.5385949696444]}
