{"practice":[0,0,0,0,0,0,0,0,0,0,0,0,0,0,0,0,0,0,0,0],"center_interval":[25,50,0,25,50,0,75,100,100,100,50,50,100,50,50,100,75,100,50,25],"image_pair":[4,1,2,4,4,3,1,1,4,1,3,2,1,2,2,3,4,3,3,1],"feature_space":[2,2,2,2,2,1,2,2,1,2,1,2,1,1,2,1,1,2,1,2],"left_img":[2,1,2,1,1,1,2,2,1,2,2,2,1,1,2,2,1,1,1,2],"img1Sample":[1,1,3,1,1,2,1,3,3,3,1,3,1,2,2,2,2,1,1,1],"img2Sample":[2,1,1,1,3,2,3,1,3,2,2,2,1,3,2,1,2,3,1,1],"key":[50,50,50,49,50,50,49,50,50,49,50,50,50,50,49,49,50,50,50,49],"correct":[true,false,true,true,false,false,true,false,true,true,true,true,true,false,false,true,true,true,false,false],"right_img":[1,2,1,2,2,2,1,1,2,1,1,1,2,2,1,1,2,2,2,1],"img_choice":[1,2,1,1,2,2,2,1,2,2,1,1,2,2,2,2,2,2,2,2],"center_sample":[2,3,2,1,2,3,2,2,2,3,2,2,2,2,1,3,2,2,2,3],"left_sample":[2,1,1,1,1,2,3,1,3,2,2,2,1,2,2,1,2,1,1,1],"right_sample":[1,1,3,1,3,2,1,3,3,3,1,3,1,3,2,2,2,3,1,1],"RT":[[0,0,0,2227,0,0],[0,0,0,2164,0,0],[0,0,0,1518,0,0],[0,0,0,1213,0,0],[0,0,0,1074,0,0],[0,0,0,1678,0,0],[0,0,0,1437,0,0],[0,0,0,3568,0,0],[0,0,0,838,0,0],[0,0,0,1414,0,0],[0,0,0,1053,0,0],[0,0,0,935,0,0],[0,0,0,1476,0,0],[0,0,0,1081,0,0],[0,0,0,2652,0,0],[0,0,0,2984,0,0],[0,0,0,943,0,0],[0,0,0,1062,0,0],[0,0,0,923,0,0],[0,0,0,2143,0,0]],"response":[[0,0,0,1,0,0],[0,0,0,1,0,0],[0,0,0,1,0,0],[0,0,0,1,0,0],[0,0,0,1,0,0],[0,0,0,1,0,0],[0,0,0,1,0,0],[0,0,0,1,0,0],[0,0,0,1,0,0],[0,0,0,1,0,0],[0,0,0,1,0,0],[0,0,0,1,0,0],[0,0,0,1,0,0],[0,0,0,1,0,0],[0,0,0,1,0,0],[0,0,0,1,0,0],[0,0,0,1,0,0],[0,0,0,1,0,0],[0,0,0,1,0,0],[0,0,0,1,0,0]],"framerate":[143.5958631662689,143.5763189689891,143.7167322379079,143.71108343711083,143.70485036119712,143.78209421745925,143.73232799245994,143.79905808477235,143.4065934065934,143.50094876660341,143.45006485084306,143.6981535991437,143.7251694321103,143.22514167954662,143.7992306283202,143.2763680303815,143.6950146627566,143.70638407857328,143.69973190348526,143.78159757330639]}
