{"practice":[0,0,0,0,0,0,0,0,0,0,0,0,0,0,0,0,0,0,0,0],"center_interval":[75,75,75,75,25,0,50,100,100,75,50,25,100,25,0,0,0,100,75,100],"image_pair":[4,4,1,1,4,1,3,4,2,1,2,4,3,1,4,2,2,3,4,2],"feature_space":[2,1,1,2,2,2,2,1,2,2,2,2,1,2,2,1,2,1,1,2],"left_img":[1,2,1,1,2,1,2,2,1,2,2,1,2,1,1,2,2,2,1,1],"img1Sample":[3,2,1,2,3,2,2,2,3,2,1,2,2,2,2,1,3,1,1,2],"img2Sample":[3,1,1,3,1,3,2,3,3,2,2,2,1,3,2,2,2,3,3,3],"stim_time":[250,250,250,250,250,250,250,250,250,250,250,250,250,250,250,250,250,250,250,250],"key":[50,49,50,49,49,49,49,49,50,49,50,49,50,49,49,49,50,50,50,49],"correct":[true,true,true,false,false,true,false,true,true,true,true,true,false,true,true,false,true,false,true,false],"right_img":[2,1,2,2,1,2,1,1,2,1,1,2,1,2,2,1,1,1,2,2],"img_choice":[2,2,2,1,2,1,2,2,2,2,1,1,1,1,1,2,1,1,2,1],"center_sample":[3,3,1,3,1,2,1,1,3,2,1,1,3,3,1,2,2,1,2,2],"left_sample":[3,1,1,2,1,2,2,3,3,2,2,2,1,2,2,2,2,3,1,2],"right_sample":[3,2,1,3,3,3,2,2,3,2,1,2,2,3,2,1,3,1,3,3],"exact_match":[0,0,0,0,0,1,0,0,1,0,0,0,0,0,0,0,0,0,0,0],"RT":[[0,0,0,808.7999999821186,0,0],[0,0,0,572.7999999821186,0,0],[0,0,0,532.2000000178814,0,0],[0,0,0,618,0,0],[0,0,0,548.0999999940395,0,0],[0,0,0,680.5,0,0],[0,0,0,576.4000000059605,0,0],[0,0,0,713,0,0],[0,0,0,761.7000000178814,0,0],[0,0,0,632.6999999880791,0,0],[0,0,0,663.2000000178814,0,0],[0,0,0,562.4000000059605,0,0],[0,0,0,786.1999999880791,0,0],[0,0,0,992.7000000178814,0,0],[0,0,0,743.5,0,0],[0,0,0,764.6999999880791,0,0],[0,0,0,742.2000000178814,0,0],[0,0,0,602.1999999880791,0,0],[0,0,0,735.2000000178814,0,0],[0,0,0,917.0999999940395,0,0]],"response":[[0,0,0,1,0,0],[0,0,0,1,0,0],[0,0,0,1,0,0],[0,0,0,1,0,0],[0,0,0,1,0,0],[0,0,0,1,0,0],[0,0,0,1,0,0],[0,0,0,1,0,0],[0,0,0,1,0,0],[0,0,0,1,0,0],[0,0,0,1,0,0],[0,0,0,1,0,0],[0,0,0,1,0,0],[0,0,0,1,0,0],[0,0,0,1,0,0],[0,0,0,1,0,0],[0,0,0,1,0,0],[0,0,0,1,0,0],[0,0,0,1,0,0],[0,0,0,1,0,0]],"framerate":[37.455187543355315,41.64115125535824,40.002500156110735,39.23200380403752,40.8340035888945,40.15142824352454,38.71443495332053,37.640449438202246,35.716248145970404,36.64735784345852,37.6702405099971,39.78211640844781,38.32244831891663,36.60858105107892,37.8724589250905,36.722389695807074,38.610038610038615,40.51477597769659,37.205686361370766,37.07465718638903]}
