{"practice":[1,1,1,1,1],"center_interval":[50,25,25,75,25],"image_pair":[4,1,3,3,1],"feature_space":[1,2,2,1,1],"left_img":[2,2,1,1,1],"img1Sample":[2,2,3,2,2],"img2Sample":[1,3,2,1,3],"stim_time":[2000,2000,2000,2000,2000],"key":[50,49,50,50,50],"correct":[true,false,false,true,false],"right_img":[1,1,2,2,2],"img_choice":[1,2,2,2,2],"center_sample":[1,1,2,2,3],"left_sample":[1,3,3,2,2],"right_sample":[2,2,2,1,3],"exact_match":[0,0,0,0,0],"RT":[[0,0,0,1176.800000011921,0,0],[0,0,0,628.4000000059605,0,0],[0,0,0,568.6999999880791,0,0],[0,0,0,978,0,0],[0,0,0,1046.9000000059605,0,0]],"response":[[0,0,0,1,0,0],[0,0,0,1,0,0],[0,0,0,1,0,0],[0,0,0,1,0,0],[0,0,0,1,0,0]],"framerate":[29.087991173255755,34.33026882358002,34.94950093285057,32.4666754652237,33.4986626502377]}
