{"practice":[0,0,0,0,0,0,0,0,0,0,0,0,0,0,0,0,0,0,0,0],"center_interval":[25,50,25,100,50,100,50,100,0,75,25,100,25,0,50,100,75,100,75,50],"image_pair":[2,1,2,2,2,4,3,2,4,3,4,1,3,4,1,4,4,3,4,4],"feature_space":[1,2,1,2,2,2,1,1,2,1,2,1,1,1,1,2,2,2,2,1],"left_img":[2,1,1,1,1,1,2,1,2,1,2,1,1,1,2,2,2,2,2,1],"img1Sample":[1,1,2,1,3,2,1,2,2,3,1,2,1,1,2,3,1,3,3,1],"img2Sample":[3,2,3,1,1,1,1,3,2,1,1,2,1,1,1,1,3,1,2,3],"stim_time":[250,250,250,250,250,250,250,250,250,250,250,250,250,250,250,250,250,250,250,250],"key":[49,50,50,49,50,49,49,49,50,50,49,49,49,50,49,49,49,49,49,50],"correct":[false,false,false,false,false,false,false,false,true,true,false,false,true,false,false,true,true,true,true,false],"right_img":[1,2,2,2,2,2,1,2,1,2,1,2,2,2,1,1,1,1,1,2],"img_choice":[2,2,2,1,2,1,2,1,1,2,2,1,1,2,2,2,2,2,2,2],"center_sample":[1,1,2,2,3,2,3,1,1,3,1,2,1,2,3,3,1,3,3,3],"left_sample":[3,1,2,1,3,2,1,2,2,3,1,2,1,1,1,1,3,1,2,1],"right_sample":[1,2,3,1,1,1,1,3,2,1,1,2,1,1,2,3,1,3,3,3],"exact_match":[0,0,0,0,0,0,0,0,0,0,0,1,0,0,0,0,0,0,0,0],"RT":[[0,0,0,659.4000000059605,0,0],[0,0,0,633,0,0],[0,0,0,939.3000000119209,0,0],[0,0,0,1069.5,0,0],[0,0,0,678.5,0,0],[0,0,0,1009.6999999880791,0,0],[0,0,0,820.8000000119209,0,0],[0,0,0,1115.8999999761581,0,0],[0,0,0,1038.3999999761581,0,0],[0,0,0,571.9000000059605,0,0],[0,0,0,656,0,0],[0,0,0,920.2999999821186,0,0],[0,0,0,863.4000000059605,0,0],[0,0,0,657,0,0],[0,0,0,943.1999999880791,0,0],[0,0,0,683,0,0],[0,0,0,570,0,0],[0,0,0,774.8000000119209,0,0],[0,0,0,1106.0999999940395,0,0],[0,0,0,859.5,0,0]],"response":[[0,0,0,1,0,0],[0,0,0,1,0,0],[0,0,0,1,0,0],[0,0,0,1,0,0],[0,0,0,1,0,0],[0,0,0,1,0,0],[0,0,0,1,0,0],[0,0,0,1,0,0],[0,0,0,1,0,0],[0,0,0,1,0,0],[0,0,0,1,0,0],[0,0,0,1,0,0],[0,0,0,1,0,0],[0,0,0,1,0,0],[0,0,0,1,0,0],[0,0,0,1,0,0],[0,0,0,1,0,0],[0,0,0,1,0,0],[0,0,0,1,0,0],[0,0,0,1,0,0]],"framerate":[40.57971014492754,39.46283425581904,36.36001394652261,37.69317753476034,39.1119291385213,36.718523528631884,36.64559987300106,33.15985814931364,37.04055465835238,38.04147748231699,38.439138031450206,36.98449690929127,29.639644324359974,35.92953175719411,34.51380552190018,35.01119210275271,37.84872718407032,34.26520178352173,32.709849811201956,32.846715328467155]}
