{"practice":[0,0,0,0,0,0,0,0,0,0,0,0,0,0,0,0,0,0,0,0],"center_interval":[100,50,75,25,50,50,0,50,25,50,0,75,100,75,100,75,0,25,50,0],"image_pair":[2,3,1,3,2,4,2,2,3,2,3,2,4,3,3,1,1,4,2,4],"feature_space":[2,2,2,1,1,1,1,1,1,1,2,1,1,1,1,2,2,2,2,1],"left_img":[1,1,2,2,2,1,2,1,2,2,1,1,2,1,2,1,1,1,2,2],"img1Sample":[1,1,3,2,2,2,2,2,2,1,1,3,1,1,2,2,1,1,3,1],"img2Sample":[3,1,3,3,1,2,3,1,1,1,2,1,2,2,2,2,1,1,2,3],"stim_time":[2000,2000,2000,2000,2000,2000,2000,2000,2000,2000,2000,2000,2000,2000,2000,2000,2000,2000,2000,2000],"key":[50,49,49,49,50,49,50,50,49,49,50,49,49,50,49,50,49,49,50,49],"correct":[true,true,true,false,true,true,true,false,false,false,false,false,true,true,true,true,true,true,true,false],"right_img":[2,2,1,1,1,2,1,2,1,1,2,2,1,2,1,2,2,2,1,1],"img_choice":[2,1,2,2,1,1,1,2,2,2,2,1,2,2,2,2,1,1,1,2],"center_sample":[1,1,3,2,3,2,1,3,2,3,3,1,2,3,3,2,2,2,3,1],"left_sample":[1,1,3,3,1,2,3,2,1,1,1,3,2,1,2,2,1,1,2,3],"right_sample":[3,1,3,2,2,2,2,1,2,1,2,1,1,2,2,2,1,1,3,1],"exact_match":[0,0,0,0,0,0,0,0,0,0,0,0,1,0,0,0,0,0,0,1],"RT":[[0,0,0,1074.0999999940395,0,0],[0,0,0,1047.199999988079,0,0],[0,0,0,987.5999999940395,0,0],[0,0,0,1113.5,0,0],[0,0,0,924.2000000178814,0,0],[0,0,0,798,0,0],[0,0,0,564.8000000119209,0,0],[0,0,0,749,0,0],[0,0,0,757.1999999880791,0,0],[0,0,0,703.5,0,0],[0,0,0,953.2999999821186,0,0],[0,0,0,681.2000000178814,0,0],[0,0,0,815.0999999940395,0,0],[0,0,0,786.5,0,0],[0,0,0,597.7999999821186,0,0],[0,0,0,681.0999999940395,0,0],[0,0,0,732.2999999821186,0,0],[0,0,0,747.5,0,0],[0,0,0,920.9000000059605,0,0],[0,0,0,974.3000000119209,0,0]],"response":[[0,0,0,1,0,0],[0,0,0,1,0,0],[0,0,0,1,0,0],[0,0,0,1,0,0],[0,0,0,1,0,0],[0,0,0,1,0,0],[0,0,0,1,0,0],[0,0,0,1,0,0],[0,0,0,1,0,0],[0,0,0,1,0,0],[0,0,0,1,0,0],[0,0,0,1,0,0],[0,0,0,1,0,0],[0,0,0,1,0,0],[0,0,0,1,0,0],[0,0,0,1,0,0],[0,0,0,1,0,0],[0,0,0,1,0,0],[0,0,0,1,0,0],[0,0,0,1,0,0]],"framerate":[34.22278259542803,34.534690485921914,35.2677983945256,34.41945846729139,34.497512969940196,34.35188519832936,36.45308517555218,34.55056179775281,36.42987249544627,34.92234746322028,35.33756675622958,34.965034964855775,33.37378640782186,30.731407498412256,30.914605693115025,33.321843042457814,29.342060715692234,34.224296422005374,35.46572091388347,36.01408786395254]}
