{"practice":[0,0,0,0,0,0,0,0,0,0,0,0,0,0,0,0,0,0,0,0],"center_interval":[75,50,25,0,50,75,75,100,75,25,75,75,50,0,100,100,100,25,25,50],"image_pair":[3,3,3,3,1,4,1,1,1,3,4,4,1,2,4,2,1,1,1,4],"feature_space":[2,2,1,2,2,1,2,1,1,2,1,1,1,1,1,2,2,2,2,1],"left_img":[2,2,2,1,1,2,1,2,2,2,2,1,2,2,1,2,1,2,1,1],"img1Sample":[3,2,1,3,3,2,1,1,2,3,3,1,3,1,1,3,1,1,2,1],"img2Sample":[3,1,2,3,2,3,2,1,1,3,1,2,3,2,1,3,1,2,2,3],"stim_time":[2000,2000,2000,2000,2000,2000,2000,2000,2000,2000,2000,2000,2000,2000,2000,2000,2000,2000,2000,2000],"key":[49,50,50,49,50,49,49,49,50,50,49,49,50,49,50,49,49,50,50,49],"correct":[true,true,true,true,false,true,false,true,false,true,true,false,true,false,true,true,false,true,false,true],"right_img":[1,1,1,2,2,1,2,1,1,1,1,2,1,1,2,1,2,1,2,2],"img_choice":[2,1,1,1,2,2,1,2,1,1,2,1,1,2,2,2,1,1,2,1],"center_sample":[2,3,2,1,2,1,1,3,3,1,3,3,3,1,3,1,3,2,3,1],"left_sample":[3,1,2,3,3,3,1,1,1,3,1,1,3,2,1,3,1,2,2,1],"right_sample":[3,2,1,3,2,2,2,1,2,3,3,2,3,1,1,3,1,1,2,3],"exact_match":[0,0,0,0,0,0,0,0,0,0,0,0,0,1,0,0,0,0,0,0],"RT":[[0,0,0,907.4000000059605,0,0],[0,0,0,494.2999999821186,0,0],[0,0,0,789.0999999940395,0,0],[0,0,0,690.4000000059605,0,0],[0,0,0,590.5999999940395,0,0],[0,0,0,652.5,0,0],[0,0,0,1038.8999999761581,0,0],[0,0,0,624.1000000238419,0,0],[0,0,0,667.0999999940395,0,0],[0,0,0,619.7000000178814,0,0],[0,0,0,778.8000000119209,0,0],[0,0,0,1315.9000000059605,0,0],[0,0,0,804.5999999940395,0,0],[0,0,0,1087.4000000059605,0,0],[0,0,0,810.8999999761581,0,0],[0,0,0,867.8000000119209,0,0],[0,0,0,1007,0,0],[0,0,0,590.7999999821186,0,0],[0,0,0,695.4000000059605,0,0],[0,0,0,883.9000000059605,0,0]],"response":[[0,0,0,1,0,0],[0,0,0,1,0,0],[0,0,0,1,0,0],[0,0,0,1,0,0],[0,0,0,1,0,0],[0,0,0,1,0,0],[0,0,0,1,0,0],[0,0,0,1,0,0],[0,0,0,1,0,0],[0,0,0,1,0,0],[0,0,0,1,0,0],[0,0,0,1,0,0],[0,0,0,1,0,0],[0,0,0,1,0,0],[0,0,0,1,0,0],[0,0,0,1,0,0],[0,0,0,1,0,0],[0,0,0,1,0,0],[0,0,0,1,0,0],[0,0,0,1,0,0]],"framerate":[36.024410570860404,35.33568904568196,31.72218048261629,37.14391839760525,36.241492088683806,37.328549106044186,36.32966576713113,37.31234513919254,35.2748860018325,36.25200994006724,33.72258298269307,35.08517228019303,35.669846536706764,35.46646106399383,35.631421942268155,35.09822060178234,35.77770813758135,36.336996336996336,36.91409603394381,36.505232416705226]}
