{"practice":[1,1,1,1,1],"center_interval":[75,100,0,25,50],"image_pair":[1,2,3,2,2],"feature_space":[1,1,1,1,2],"left_img":[1,2,1,1,2],"img1Sample":[3,1,3,2,2],"img2Sample":[2,1,2,1,2],"key":[50,49,49,50,50],"correct":[true,true,true,false,true],"right_img":[2,1,2,2,1],"img_choice":[2,2,1,2,1],"center_sample":[2,3,1,3,2],"left_sample":[3,1,3,2,2],"right_sample":[2,1,2,1,2],"RT":[[0,0,0,1404,0,0],[0,0,0,1430,0,0],[0,0,0,1992,0,0],[0,0,0,1809,0,0],[0,0,0,1816,0,0]],"response":[[0,0,0,1,0,0],[0,0,0,1,0,0],[0,0,0,1,0,0],[0,0,0,1,0,0],[0,0,0,1,0,0]],"framerate":[142.0090239848017,143.53163361661944,143.57157741196082,143.72425753305873,143.1045680883308]}
