{"practice":[0,0,0,0,0,0,0,0,0,0,0,0,0,0,0,0,0,0,0,0],"center_interval":[50,0,50,50,50,0,100,25,25,25,100,50,0,25,50,25,100,75,25,25],"image_pair":[1,3,4,1,3,4,1,1,2,3,2,1,1,1,4,3,1,3,2,3],"feature_space":[2,1,2,2,2,2,1,1,2,2,1,1,1,2,2,2,1,2,2,2],"left_img":[1,1,2,2,2,1,1,1,1,1,1,1,2,2,2,2,2,2,2,1],"img1Sample":[3,2,3,2,1,3,1,1,3,2,3,1,1,2,3,3,3,3,2,1],"img2Sample":[3,1,1,2,3,1,2,1,3,2,1,2,3,3,1,2,1,1,3,1],"stim_time":[2000,2000,2000,2000,2000,2000,2000,2000,2000,2000,2000,2000,2000,2000,2000,2000,2000,2000,2000,2000],"key":[49,50,50,50,50,49,50,50,49,50,49,50,50,49,50,49,49,50,50,50],"correct":[true,false,true,true,true,true,true,false,true,false,false,false,true,false,true,false,true,false,true,false],"right_img":[2,2,1,1,1,2,2,2,2,2,2,2,1,1,1,1,1,1,1,2],"img_choice":[1,2,1,1,1,1,2,2,1,2,1,2,1,2,1,2,2,1,1,2],"center_sample":[1,1,1,1,2,3,3,2,2,1,3,2,1,2,1,2,2,1,2,1],"left_sample":[3,2,1,2,3,3,1,1,3,2,3,1,3,3,1,2,1,1,3,1],"right_sample":[3,1,3,2,1,1,2,1,3,2,1,2,1,2,3,3,3,3,2,1],"exact_match":[0,0,0,0,0,1,0,0,0,0,0,0,1,0,0,0,0,0,0,0],"RT":[[0,0,0,514.9000000059605,0,0],[0,0,0,508.5,0,0],[0,0,0,1171.199999988079,0,0],[0,0,0,559.5999999940395,0,0],[0,0,0,1553.4000000059605,0,0],[0,0,0,577.1999999880791,0,0],[0,0,0,786.4000000059605,0,0],[0,0,0,495.30000001192093,0,0],[0,0,0,536.5999999940395,0,0],[0,0,0,824.0999999940395,0,0],[0,0,0,636.1999999880791,0,0],[0,0,0,695.5,0,0],[0,0,0,593.2999999821186,0,0],[0,0,0,579.3999999761581,0,0],[0,0,0,618,0,0],[0,0,0,681.0999999940395,0,0],[0,0,0,1033.199999988079,0,0],[0,0,0,887.1999999880791,0,0],[0,0,0,1082.7999999821186,0,0],[0,0,0,1116.3999999761581,0,0]],"response":[[0,0,0,1,0,0],[0,0,0,1,0,0],[0,0,0,1,0,0],[0,0,0,1,0,0],[0,0,0,1,0,0],[0,0,0,1,0,0],[0,0,0,1,0,0],[0,0,0,1,0,0],[0,0,0,1,0,0],[0,0,0,1,0,0],[0,0,0,1,0,0],[0,0,0,1,0,0],[0,0,0,1,0,0],[0,0,0,1,0,0],[0,0,0,1,0,0],[0,0,0,1,0,0],[0,0,0,1,0,0],[0,0,0,1,0,0],[0,0,0,1,0,0],[0,0,0,1,0,0]],"framerate":[37.05935522747816,38.87298478228115,35.452076837817074,37.446504993066334,33.56476159814242,38.23754338510611,34.02878500485092,37.96781775454297,37.40163370342687,35.73293752239163,36.890722128368225,35.39519881272883,37.86989196799386,35.723775501229056,37.372262773722625,36.441893830703016,30.119693041088375,35.0281572493688,34.91566326928913,34.71158754466565]}
