{"practice":[1,1,1,1,1],"center_interval":[25,100,50,100,100],"image_pair":[4,3,1,3,2],"feature_space":[2,2,1,1,2],"left_img":[2,1,1,1,1],"img1Sample":[3,2,2,1,2],"img2Sample":[1,2,3,1,3],"key":[50,50,49,50,50],"correct":[true,true,true,true,true],"right_img":[1,2,2,2,2],"img_choice":[1,2,1,2,2],"center_sample":[3,1,2,3,1],"left_sample":[1,2,2,1,2],"right_sample":[3,2,3,1,3],"RT":[[0,1213.8999999761581,0,0],[0,1170.199999988079,0,0],[0,1294.5,0,0],[0,1491.3999999761581,0,0],[0,1295.800000011921,0,0]],"response":[[0,1,0,0],[0,1,0,0],[0,1,0,0],[0,1,0,0],[0,1,0,0]],"framerate":[59.39613925055928,60.01121704991587,60.0157936299026,59.96573386670229,60.04740584672109]}
