{"practice":[0,0,0,0,0,0,0,0,0,0,0,0,0,0,0,0,0,0,0,0],"center_interval":[25,100,50,25,25,0,0,75,0,50,25,0,0,75,25,0,0,100,25,50],"image_pair":[1,2,3,3,1,2,4,3,1,1,3,4,2,1,3,3,2,4,4,3],"feature_space":[1,1,1,2,2,1,1,1,1,1,2,2,1,2,1,2,1,2,1,2],"left_img":[2,1,2,1,2,1,2,2,2,2,2,1,1,1,2,1,2,2,1,2],"img1Sample":[3,2,2,3,2,1,3,2,1,1,2,2,2,3,1,2,3,2,3,3],"img2Sample":[2,3,3,2,1,3,2,3,3,3,1,1,1,1,3,1,3,1,3,2],"key":[50,50,50,50,50,50,50,50,50,49,50,49,49,50,50,49,50,49,49,50],"correct":[true,true,true,false,true,false,true,false,true,false,true,true,true,true,true,true,true,true,true,true],"right_img":[1,2,1,2,1,2,1,1,1,1,1,2,2,2,1,2,1,1,2,1],"img_choice":[1,2,1,2,1,2,1,1,1,2,1,1,1,2,1,1,1,2,1,1],"center_sample":[3,1,1,2,2,3,1,2,2,2,3,3,1,2,3,3,2,3,1,3],"left_sample":[2,2,3,3,1,1,2,3,3,3,1,2,2,3,3,2,3,1,3,2],"right_sample":[3,3,2,2,2,3,3,2,1,1,2,1,1,1,1,1,3,2,3,3],"RT":[[0,1820.800000011921,0,0],[0,1443.300000011921,0,0],[0,1062.5,0,0],[0,1043.0999999642372,0,0],[0,1011.1999999880791,0,0],[0,1339.4000000357628,0,0],[0,1188.300000011921,0,0],[0,986.4000000357628,0,0],[0,1522.6000000238419,0,0],[0,1862.3999999761581,0,0],[0,1102.5,0,0],[0,1295.1000000238419,0,0],[0,1494.1000000238419,0,0],[0,1923,0,0],[0,1727.3999999761581,0,0],[0,2184.400000035763,0,0],[0,1557.3999999761581,0,0],[0,1684,0,0],[0,1223.4000000357628,0,0],[0,1419.5,0,0]],"response":[[0,1,0,0],[0,1,0,0],[0,1,0,0],[0,1,0,0],[0,1,0,0],[0,1,0,0],[0,1,0,0],[0,1,0,0],[0,1,0,0],[0,1,0,0],[0,1,0,0],[0,1,0,0],[0,1,0,0],[0,1,0,0],[0,1,0,0],[0,1,0,0],[0,1,0,0],[0,1,0,0],[0,1,0,0],[0,1,0,0]],"framerate":[54.258467609073165,59.964898596292336,59.991601174548286,60.03274513501118,60.00618620476338,60.00615447701542,59.98333796167731,59.99999999999999,59.98125585754452,59.95786744362978,60.02331002331002,60.05056890088059,59.96858788185724,60.03159557661927,60.00085715632841,59.95548215619151,59.985234404169006,60.02348745098905,59.98146027669451,60.018694347771664]}
