{"practice":[0,0,0,0,0,0,0,0,0,0,0,0,0,0,0,0,0,0,0,0],"center_interval":[100,25,100,100,75,50,100,50,25,25,100,100,75,25,50,25,0,75,25,25],"image_pair":[1,2,4,4,2,4,2,3,1,4,4,1,2,4,4,2,2,2,2,3],"feature_space":[2,1,1,2,1,1,2,2,2,2,1,2,1,1,2,2,1,1,1,2],"left_img":[2,2,1,2,2,1,1,2,1,2,2,1,2,2,2,2,2,1,2,2],"img1Sample":[3,3,2,1,2,2,1,3,3,3,2,3,2,3,2,3,1,3,2,2],"img2Sample":[2,1,1,2,3,1,1,1,3,3,2,3,2,3,2,1,3,2,2,3],"key":[49,50,50,49,49,49,50,50,50,50,50,50,50,50,50,50,50,49,50,50],"correct":[true,true,true,true,true,true,true,true,false,true,false,true,false,true,true,true,true,false,true,true],"right_img":[1,1,2,1,1,2,2,1,2,1,1,2,1,1,1,1,1,2,1,1],"img_choice":[2,1,2,2,2,1,2,1,2,1,1,2,1,1,1,1,1,1,1,1],"center_sample":[3,2,3,3,2,2,3,1,3,3,1,1,2,1,3,2,3,2,2,3],"left_sample":[2,1,2,2,3,2,1,1,3,3,2,3,2,3,2,1,3,3,2,3],"right_sample":[3,3,1,1,2,1,1,3,3,3,2,3,2,3,2,3,1,2,2,2],"RT":[[0,1487.800000011921,0,0],[0,987.5999999642372,0,0],[0,1534.2999999523163,0,0],[0,1493.199999988079,0,0],[0,1124.699999988079,0,0],[0,1048.300000011921,0,0],[0,1109.300000011921,0,0],[0,1233.8999999761581,0,0],[0,1139.199999988079,0,0],[0,897.6000000238419,0,0],[0,887.4000000357628,0,0],[0,1141.699999988079,0,0],[0,1593.2000000476837,0,0],[0,1363.3999999761581,0,0],[0,1350.9000000357628,0,0],[0,1108.9000000357628,0,0],[0,1747.6000000238419,0,0],[0,991.3000000119209,0,0],[0,1217.300000011921,0,0],[0,1086.5,0,0]],"response":[[0,1,0,0],[0,1,0,0],[0,1,0,0],[0,1,0,0],[0,1,0,0],[0,1,0,0],[0,1,0,0],[0,1,0,0],[0,1,0,0],[0,1,0,0],[0,1,0,0],[0,1,0,0],[0,1,0,0],[0,1,0,0],[0,1,0,0],[0,1,0,0],[0,1,0,0],[0,1,0,0],[0,1,0,0],[0,1,0,0]],"framerate":[60.01143074973623,59.9850037477223,60.00279082814577,60.00857265357688,59.976931949250286,59.92010652506616,60.01981236441292,59.98702983216072,60.06177782698549,59.89219405118384,60.05204510623599,59.99999999999999,60.046399490189785,59.953256783210385,60.03256003183186,59.92901611724815,60.03320986107874,59.9962502334664,59.97491958025456,60.031781530556614]}
