{"practice":[0,0,0,0,0,0,0,0,0,0,0,0,0,0,0,0,0,0,0,0],"center_interval":[75,25,50,25,50,50,25,0,50,100,0,100,25,25,100,50,0,100,0,75],"image_pair":[2,4,1,2,4,4,4,3,1,2,1,3,3,4,1,1,3,3,4,3],"feature_space":[2,2,2,2,2,1,2,1,2,2,1,2,2,2,1,2,1,1,1,2],"left_img":[2,1,2,2,1,2,2,1,1,1,1,2,2,2,2,1,1,2,2,1],"img1Sample":[3,2,2,2,1,3,1,3,1,1,2,1,2,2,3,1,2,3,3,1],"img2Sample":[1,1,1,1,1,2,1,1,1,3,3,3,2,3,3,3,3,2,1,1],"key":[49,49,49,50,50,50,50,50,49,50,49,50,49,50,50,49,49,49,49,50],"correct":[true,true,false,true,false,true,true,false,true,true,true,false,false,true,false,true,true,true,false,true],"right_img":[1,2,1,1,2,1,1,2,2,2,2,1,1,1,1,2,2,1,1,2],"img_choice":[2,1,2,1,2,1,1,2,1,2,1,1,2,1,1,1,1,2,2,2],"center_sample":[2,3,3,3,2,2,2,2,2,1,3,2,2,1,2,2,1,3,1,1],"left_sample":[1,2,1,1,1,2,1,3,1,1,2,3,2,3,3,1,2,2,1,1],"right_sample":[3,1,2,2,1,3,1,1,1,3,3,1,2,2,3,3,3,3,3,1],"RT":[[0,2135.199999988079,0,0],[0,1200.800000011921,0,0],[0,1806.8999999761581,0,0],[0,1540.8999999761581,0,0],[0,1235.3999999761581,0,0],[0,1397.5,0,0],[0,1042.699999988079,0,0],[0,1310.3999999761581,0,0],[0,1770,0,0],[0,1175.5999999642372,0,0],[0,1004.9000000357628,0,0],[0,1146.5,0,0],[0,834.8999999761581,0,0],[0,1406.800000011921,0,0],[0,976,0,0],[0,1508.7000000476837,0,0],[0,867.0999999642372,0,0],[0,895.7000000476837,0,0],[0,1341.5,0,0],[0,1352,0,0]],"response":[[0,1,0,0],[0,1,0,0],[0,1,0,0],[0,1,0,0],[0,1,0,0],[0,1,0,0],[0,1,0,0],[0,1,0,0],[0,1,0,0],[0,1,0,0],[0,1,0,0],[0,1,0,0],[0,1,0,0],[0,1,0,0],[0,1,0,0],[0,1,0,0],[0,1,0,0],[0,1,0,0],[0,1,0,0],[0,1,0,0]],"framerate":[60.00872854181309,59.97908985818797,60.00910482940225,59.99441912413506,60.009731308166394,59.94305409932022,60.02910501888042,60.020876826722336,60.000839173776306,59.98094063448338,59.96167398202065,59.99657162366126,60.020696791997246,59.9841364270846,60.02400960429363,60.00472478147885,60.001348344424414,60.02000666888963,59.966172929191,60.03256003183186]}
