{"practice":[0,0,0,0,0,0,0,0,0,0,0,0,0,0,0,0,0,0,0,0],"center_interval":[0,25,0,100,25,25,0,0,25,25,0,100,50,25,25,100,100,50,25,25],"image_pair":[2,4,3,1,4,1,2,1,1,1,3,3,2,2,2,1,3,3,3,2],"feature_space":[1,2,1,2,2,1,2,2,1,2,2,1,1,1,1,1,1,1,1,2],"left_img":[1,1,1,1,1,2,2,1,1,2,2,1,1,1,1,1,1,1,2,1],"img1Sample":[1,1,1,3,3,3,2,2,1,3,3,2,3,1,3,1,2,3,1,2],"img2Sample":[1,2,1,1,1,1,2,3,2,1,3,2,3,2,3,3,1,2,3,1],"key":[49,49,49,50,49,49,49,49,50,50,50,50,49,50,49,50,49,49,49,50],"correct":[true,true,true,true,true,false,false,true,false,true,true,true,true,false,true,true,false,true,false,false],"right_img":[2,2,2,2,2,1,1,2,2,1,1,2,2,2,2,2,2,2,1,2],"img_choice":[1,1,1,2,1,2,2,1,2,1,1,2,1,2,1,2,1,1,2,2],"center_sample":[2,3,3,3,3,3,1,3,2,2,2,3,2,1,2,1,3,1,3,2],"left_sample":[1,1,1,3,3,1,2,2,1,1,3,2,3,1,3,1,2,3,3,2],"right_sample":[1,2,1,1,1,3,2,3,2,3,3,2,3,2,3,3,1,2,1,1],"RT":[[0,1624.1000000238419,0,0],[0,1452.800000011921,0,0],[0,1389.0999999642372,0,0],[0,940.5,0,0],[0,1153.9000000357628,0,0],[0,1071.3999999761581,0,0],[0,1150.3999999761581,0,0],[0,1184.199999988079,0,0],[0,962.1000000238419,0,0],[0,1325.5,0,0],[0,1553.8999999761581,0,0],[0,1237.300000011921,0,0],[0,1502.1000000238419,0,0],[0,1039,0,0],[0,1047.3999999761581,0,0],[0,862.8000000119209,0,0],[0,1427.300000011921,0,0],[0,1155.8999999761581,0,0],[0,1569.5999999642372,0,0],[0,1101.6000000238419,0,0]],"response":[[0,1,0,0],[0,1,0,0],[0,1,0,0],[0,1,0,0],[0,1,0,0],[0,1,0,0],[0,1,0,0],[0,1,0,0],[0,1,0,0],[0,1,0,0],[0,1,0,0],[0,1,0,0],[0,1,0,0],[0,1,0,0],[0,1,0,0],[0,1,0,0],[0,1,0,0],[0,1,0,0],[0,1,0,0],[0,1,0,0]],"framerate":[59.8588403460077,60.1387070184945,59.92210126763775,60.10469850661378,59.93441140005848,60.05113264632404,59.99886794629266,60.01765225066197,53.72999264675017,60.013451291546815,59.963099630996304,60.01622060016221,59.85201941723313,60.204329845443276,60.04002668532444,59.970014991042184,60.02460024600246,59.99886794629266,59.99267265165117,60.01631511312097]}
