{"practice":[0,0,0,0,0,0,0,0,0,0,0,0,0,0,0,0,0,0,0,0],"center_interval":[50,25,100,0,100,50,50,25,75,0,100,25,75,0,75,100,75,100,0,50],"image_pair":[2,1,2,2,4,4,4,2,1,1,2,1,4,4,3,4,3,1,1,1],"feature_space":[2,2,2,1,2,2,2,2,1,2,1,1,2,1,2,2,2,1,1,1],"left_img":[1,2,2,1,2,1,2,1,2,2,2,1,1,1,1,1,1,1,2,1],"img1Sample":[3,3,2,2,2,3,3,3,1,1,2,3,3,2,2,2,3,1,2,3],"img2Sample":[1,2,3,3,2,2,3,1,2,3,2,2,2,1,1,2,3,2,3,3],"key":[null,null,null,null,null,null,null,null,null,null,null,49,49,50,49,49,49,50,49,50],"correct":[null,null,null,null,null,null,null,null,null,null,null,true,false,false,false,false,false,true,false,false],"right_img":[2,1,1,2,1,2,1,2,1,1,1,2,2,2,2,2,2,2,1,2],"img_choice":[null,null,null,null,null,null,null,null,null,null,null,1,1,2,1,1,1,2,2,2],"center_sample":[3,1,2,3,1,2,1,2,1,2,1,3,2,3,1,3,1,3,3,2],"left_sample":[3,2,3,2,2,3,3,3,2,3,2,3,3,2,2,2,3,1,3,3],"right_sample":[1,3,2,3,2,2,3,1,1,1,2,2,2,1,1,2,3,2,2,3],"RT":[[0,0,0,0],[0,0,0,0],[0,0,0,0],[0,0,0,0],[0,0,0,0],[0,0,0,0],[0,0,0,0],[0,0,0,0],[0,0,0,0],[0,0,0,0],[0,0,0,0],[0,2162.300000011921,0,0],[0,84.60000002384186,0,0],[0,3.900000035762787,0,0],[0,38.39999997615814,0,0],[0,9.099999964237213,0,0],[0,44.19999998807907,0,0],[0,23.69999998807907,0,0],[0,55.10000002384186,0,0],[0,232.5,0,0]],"response":[[0,1,0,0],[0,1,0,0],[0,1,0,0],[0,1,0,0],[0,1,0,0],[0,1,0,0],[0,1,0,0],[0,1,0,0],[0,1,0,0],[0,1,0,0],[0,1,0,0],[0,1,0,0],[0,1,0,0],[0,1,0,0],[0,1,0,0],[0,1,0,0],[0,1,0,0],[0,1,0,0],[0,1,0,0],[0,1,0,0]],"framerate":[26.99465470088167,27.288030477540534,27.05300252749217,27.532061529658566,25.168380007089684,26.359378061216848,26.618075280692207,26.374482246013525,26.47947396481251,26.83699210986708,26.680421906574797,26.86342634014087,26.824791754454644,26.70017276632369,26.932826362992813,26.38932008741786,27.906976744186046,26.994601079301436,26.942074538778105,27.450531855551805]}
