{"practice":[0,0,0,0,0,0,0,0,0,0,0,0,0,0,0,0,0,0,0,0],"center_interval":[25,75,25,50,50,50,25,25,0,100,100,0,0,75,25,25,0,25,50,25],"image_pair":[4,1,1,2,1,3,4,3,1,3,2,1,3,2,2,4,4,3,4,2],"feature_space":[2,2,2,2,2,2,2,1,2,2,2,2,1,1,1,1,2,2,2,1],"left_img":[1,1,1,1,1,1,2,2,1,2,1,2,2,1,2,1,2,1,1,2],"img1Sample":[1,2,3,2,1,3,2,2,2,2,1,1,1,3,1,2,1,3,3,2],"img2Sample":[2,1,3,2,2,2,3,1,3,1,2,1,2,2,1,2,2,3,2,3],"key":[49,50,49,49,49,50,50,49,49,49,49,49,50,49,50,49,null,50,49,49],"correct":[true,true,true,true,true,false,true,false,true,true,false,false,true,false,true,true,null,false,true,false],"right_img":[2,2,2,2,2,2,1,1,2,1,2,1,1,2,1,2,1,2,2,1],"img_choice":[1,2,1,1,1,2,1,2,1,2,1,2,1,1,1,1,null,2,1,2],"center_sample":[1,2,2,1,1,2,1,3,1,3,3,3,3,2,3,3,2,2,3,2],"left_sample":[1,2,3,2,1,3,3,1,2,1,1,1,2,3,1,2,2,3,3,3],"right_sample":[2,1,3,2,2,2,2,2,3,2,2,1,1,2,1,2,1,3,2,2],"RT":[[0,2276.2999999523163,0,0],[0,63.60000002384186,0,0],[0,81.10000002384186,0,0],[0,142.89999997615814,0,0],[0,123.5,0,0],[0,22,0,0],[0,52.30000001192093,0,0],[0,24.200000047683716,0,0],[0,98.89999997615814,0,0],[0,72.19999998807907,0,0],[0,84.69999998807907,0,0],[0,88,0,0],[0,236.80000001192093,0,0],[0,47.59999996423721,0,0],[0,20.19999998807907,0,0],[0,91.39999997615814,0,0],[0,0,0,0],[0,1647.0999999642372,0,0],[0,119.09999996423721,0,0],[0,89,0,0]],"response":[[0,1,0,0],[0,1,0,0],[0,1,0,0],[0,1,0,0],[0,1,0,0],[0,1,0,0],[0,1,0,0],[0,1,0,0],[0,1,0,0],[0,1,0,0],[0,1,0,0],[0,1,0,0],[0,1,0,0],[0,1,0,0],[0,1,0,0],[0,1,0,0],[0,1,0,0],[0,1,0,0],[0,1,0,0],[0,1,0,0]],"framerate":[28.019925280083708,27.90014684287812,28.710881425533707,27.869940278699403,28.32097100472016,28.571428571428573,28.64897466621518,28.310789558587548,28.731700641636987,28.437366699361583,28.264556247895452,28.847540746655287,28.439388553949573,28.923732682243276,28.41357537490134,28.324599916460794,28.528635617819653,28.55511136478478,28.393726339934343,28.003360403715803]}
