{"practice":[0,0,0,0,0,0,0,0,0,0,0,0,0,0,0,0,0,0,0,0],"center_interval":[100,0,25,25,75,75,100,50,0,25,75,0,100,0,0,25,25,50,0,50],"image_pair":[3,1,3,4,1,1,2,3,3,4,3,1,3,1,4,1,2,2,1,4],"feature_space":[1,1,2,2,2,1,2,2,1,1,1,1,2,2,2,1,1,1,1,1],"left_img":[2,2,2,1,1,2,2,2,1,2,1,2,2,2,2,1,1,2,2,2],"img1Sample":[2,1,2,3,3,3,2,2,1,3,2,2,2,1,1,3,1,1,1,2],"img2Sample":[1,1,3,2,3,3,3,2,3,3,2,1,2,1,1,3,3,1,1,2],"key":[null,null,49,50,50,null,49,null,null,50,49,49,null,null,null,null,null,null,null,null],"correct":[null,null,false,false,true,null,true,null,null,true,false,false,null,null,null,null,null,null,null,null],"right_img":[1,1,1,2,2,1,1,1,2,1,2,1,1,1,1,2,2,1,1,1],"img_choice":[null,null,2,2,2,null,2,null,null,1,1,2,null,null,null,null,null,null,null,null],"center_sample":[3,3,2,3,3,2,2,2,3,1,3,1,1,2,2,3,2,1,3,1],"left_sample":[1,1,3,3,3,3,3,2,1,3,2,1,2,1,1,3,1,1,1,2],"right_sample":[2,1,2,2,3,3,2,2,3,3,2,2,2,1,1,3,3,1,1,2],"RT":[[0,0,0,0],[0,0,0,0],[0,282.80000001192093,0,0],[0,4.800000011920929,0,0],[0,79.60000002384186,0,0],[0,0,0,0],[0,1479.9000000357628,0,0],[0,0,0,0],[0,0,0,0],[0,2667.600000023842,0,0],[0,74.89999997615814,0,0],[0,89.80000001192093,0,0],[0,0,0,0],[0,0,0,0],[0,0,0,0],[0,0,0,0],[0,0,0,0],[0,0,0,0],[0,0,0,0],[0,0,0,0]],"response":[[0,1,0,0],[0,1,0,0],[0,1,0,0],[0,1,0,0],[0,1,0,0],[0,1,0,0],[0,1,0,0],[0,1,0,0],[0,1,0,0],[0,1,0,0],[0,1,0,0],[0,1,0,0],[0,1,0,0],[0,1,0,0],[0,1,0,0],[0,1,0,0],[0,1,0,0],[0,1,0,0],[0,1,0,0],[0,1,0,0]],"framerate":[27.38605445195411,28.565852273916647,27.85515320334262,26.268264651738164,26.174404188764356,26.430459318410218,26.697177726622563,26.936504279828142,27.197098975993953,28.872747166330353,29.01494269498638,28.80599164576783,28.77084554324382,27.454895528832505,27.579580434394842,27.055891776432894,26.936867831015057,26.90279361453807,27.135838816607226,27.402135231316727]}
