{"practice":[0,0,0,0,0,0,0,0,0,0,0,0,0,0,0,0,0,0,0,0],"center_interval":[0,100,50,100,25,75,100,50,50,100,100,75,25,0,100,75,25,0,25,50],"image_pair":[1,4,4,1,4,4,3,4,2,1,1,1,4,3,4,4,4,4,4,4],"feature_space":[2,1,1,1,2,2,1,2,2,1,1,1,2,1,1,2,1,2,1,1],"left_img":[2,1,1,1,2,2,2,2,1,1,2,1,1,1,1,2,1,1,1,2],"img1Sample":[3,3,3,2,1,1,2,3,1,2,3,2,3,1,2,1,2,2,1,3],"img2Sample":[3,2,2,3,2,1,1,2,3,1,1,2,3,2,3,3,1,3,3,1],"key":[49,49,50,49,50,49,50,49,50,49,49,50,49,50,49,49,50,50,49,49],"correct":[false,false,false,false,true,true,false,false,false,false,true,true,true,false,false,true,false,false,true,false],"right_img":[1,2,2,2,1,1,1,1,2,2,1,2,2,2,2,1,2,2,2,1],"img_choice":[2,1,2,1,1,2,1,2,2,1,2,2,1,2,1,2,2,2,1,2],"center_sample":[1,3,3,2,3,1,3,2,3,3,2,3,3,3,1,1,1,3,2,2],"left_sample":[3,3,3,2,2,1,1,2,1,2,1,2,3,1,2,3,2,2,1,1],"right_sample":[3,2,2,3,1,1,2,3,3,1,3,2,3,2,3,1,1,3,3,3],"RT":[[0,2335.699999988079,0,0],[0,117.5,0,0],[0,4,0,0],[0,141.19999998807907,0,0],[0,43.90000003576279,0,0],[0,120.10000002384186,0,0],[0,5,0,0],[0,50.89999997615814,0,0],[0,83.09999996423721,0,0],[0,102.39999997615814,0,0],[0,113,0,0],[0,4.599999964237213,0,0],[0,42.90000003576279,0,0],[0,3.800000011920929,0,0],[0,92,0,0],[0,151.0999999642372,0,0],[0,69.09999996423721,0,0],[0,467.60000002384186,0,0],[0,80.89999997615814,0,0],[0,97.40000003576279,0,0]],"response":[[0,1,0,0],[0,1,0,0],[0,1,0,0],[0,1,0,0],[0,1,0,0],[0,1,0,0],[0,1,0,0],[0,1,0,0],[0,1,0,0],[0,1,0,0],[0,1,0,0],[0,1,0,0],[0,1,0,0],[0,1,0,0],[0,1,0,0],[0,1,0,0],[0,1,0,0],[0,1,0,0],[0,1,0,0],[0,1,0,0]],"framerate":[26.180680697485908,26.957811026611033,26.62073285212232,26.67344087548824,26.463262763159403,25.55480833893746,27.014142697724402,26.124818577648767,26.768103692978872,27.034333603241045,25.693035835023665,26.792750197005518,26.19706010679001,26.62672657785793,26.910656620453178,26.123301984557436,26.794528274377615,26.517922458804275,26.76056338028169,26.03809784885624]}
