{"practice":[0,0,0,0,0,0,0,0,0,0,0,0,0,0,0,0,0,0,0,0],"center_interval":[100,50,100,75,25,25,100,100,75,0,75,100,0,0,100,25,75,75,50,0],"image_pair":[1,2,3,2,4,1,1,2,4,2,3,4,1,4,1,1,2,4,4,2],"feature_space":[2,1,2,1,1,1,1,2,1,2,2,1,2,1,1,1,1,2,1,1],"left_img":[2,1,1,1,1,1,2,1,2,2,1,1,1,1,1,1,1,2,2,1],"img1Sample":[3,1,1,3,3,3,3,2,1,1,2,2,2,2,3,3,3,1,3,2],"img2Sample":[2,2,2,2,3,1,1,2,1,2,1,1,3,1,3,1,3,3,1,3],"key":[49,50,49,50,49,50,50,49,49,50,49,49,49,49,49,49,49,50,49,50],"correct":[true,false,false,true,true,false,false,false,true,true,false,false,true,true,false,true,false,false,false,false],"right_img":[1,2,2,2,2,2,1,2,1,1,2,2,2,2,2,2,2,1,1,2],"img_choice":[2,2,1,2,1,2,1,1,2,1,1,1,1,1,1,1,1,1,2,2],"center_sample":[3,1,3,2,2,2,3,1,3,3,1,3,3,1,1,1,3,3,1,1],"left_sample":[2,1,1,3,3,3,1,2,1,2,2,2,2,2,3,3,3,3,1,2],"right_sample":[3,2,2,2,3,1,3,2,1,1,1,1,3,1,3,1,3,1,3,3],"RT":[[0,48.10000002384186,0,0],[0,83.90000003576279,0,0],[0,126.10000002384186,0,0],[0,39.39999997615814,0,0],[0,160.79999995231628,0,0],[0,17,0,0],[0,53.59999996423721,0,0],[0,323.39999997615814,0,0],[0,160.70000004768372,0,0],[0,132.60000002384186,0,0],[0,108.20000004768372,0,0],[0,212.29999995231628,0,0],[0,177.19999998807907,0,0],[0,165.39999997615814,0,0],[0,166.5,0,0],[0,163.30000001192093,0,0],[0,235.10000002384186,0,0],[0,22.5,0,0],[0,25.400000035762787,0,0],[0,73,0,0]],"response":[[0,1,0,0],[0,1,0,0],[0,1,0,0],[0,1,0,0],[0,1,0,0],[0,1,0,0],[0,1,0,0],[0,1,0,0],[0,1,0,0],[0,1,0,0],[0,1,0,0],[0,1,0,0],[0,1,0,0],[0,1,0,0],[0,1,0,0],[0,1,0,0],[0,1,0,0],[0,1,0,0],[0,1,0,0],[0,1,0,0]],"framerate":[27.70083102442256,26.973310619879463,26.788106080044635,27.837921434173047,26.39185622761671,27.773491746633635,26.901808398383817,27.08897686984484,26.785714285714285,26.63115845539281,26.813245744254292,27.374434658803057,26.92307692307692,26.568825909729032,26.8336314860205,26.995757808245994,26.92778457772338,27.06144540006781,27.256693923881553,27.345998848120338]}
