{"practice":[0,0,0,0,0,0,0,0,0,0,0,0,0,0,0,0,0,0,0,0],"center_interval":[50,50,0,0,0,75,100,100,0,50,100,75,0,50,0,75,25,25,75,0],"image_pair":[1,1,4,1,3,4,3,2,4,4,1,1,1,1,1,4,3,1,4,2],"feature_space":[2,2,2,2,1,2,2,2,2,2,1,2,1,2,1,2,1,2,1,1],"left_img":[1,2,1,1,1,1,1,2,2,1,1,1,2,2,1,2,1,2,2,2],"img1Sample":[2,3,3,3,2,2,3,1,2,2,1,3,1,2,3,2,1,2,3,2],"img2Sample":[3,1,1,1,2,3,3,3,2,1,2,1,1,1,1,3,3,1,2,2],"key":[50,49,49,49,49,50,50,50,50,50,49,50,49,49,50,49,49,50,49,50],"correct":[false,false,true,true,true,true,true,false,true,false,false,true,false,false,false,true,true,true,true,true],"right_img":[2,1,2,2,2,2,2,1,1,2,2,2,1,1,2,1,2,1,1,1],"img_choice":[2,2,1,1,1,2,2,1,1,2,1,2,2,2,2,2,1,1,2,1],"center_sample":[3,2,1,1,3,2,2,2,3,2,3,1,2,1,1,1,1,2,1,1],"left_sample":[2,1,3,3,2,2,3,3,2,2,1,3,1,1,3,3,1,1,2,2],"right_sample":[3,3,1,1,2,3,3,1,2,1,2,1,1,2,1,2,3,2,3,2],"RT":[[0,0,0,1699.9000000953674,0,0],[0,0,0,1335.2000002861023,0,0],[0,0,0,1128.8999996185303,0,0],[0,0,0,1805.3000001907349,0,0],[0,0,0,1379.9000000953674,0,0],[0,0,0,1501.1999998092651,0,0],[0,0,0,1465.5999999046326,0,0],[0,0,0,1599,0,0],[0,0,0,1080,0,0],[0,0,0,1693.1999998092651,0,0],[0,0,0,1457,0,0],[0,0,0,1342.9000000953674,0,0],[0,0,0,1234.3999996185303,0,0],[0,0,0,1551.7999997138977,0,0],[0,0,0,1194.5,0,0],[0,0,0,1179.5,0,0],[0,0,0,1596.1999998092651,0,0],[0,0,0,1348,0,0],[0,0,0,1535.5,0,0],[0,0,0,1488.9000000953674,0,0]],"response":[[0,0,0,1,0,0],[0,0,0,1,0,0],[0,0,0,1,0,0],[0,0,0,1,0,0],[0,0,0,1,0,0],[0,0,0,1,0,0],[0,0,0,1,0,0],[0,0,0,1,0,0],[0,0,0,1,0,0],[0,0,0,1,0,0],[0,0,0,1,0,0],[0,0,0,1,0,0],[0,0,0,1,0,0],[0,0,0,1,0,0],[0,0,0,1,0,0],[0,0,0,1,0,0],[0,0,0,1,0,0],[0,0,0,1,0,0],[0,0,0,1,0,0],[0,0,0,1,0,0]],"framerate":[59.999557195039294,59.99999999999999,60.00203397016284,59.99956679261031,60.000478088723206,60.00092665656352,60.00234384155631,59.99999999999999,60.00051502293302,60.002666789005495,59.99953124963883,60.001445816592636,59.998518556510184,60.002290163746714,60.00150003607035,60.00050210056141,60.001363666055546,59.99999999999999,60.001379340738374,60.00139537995717]}
