{"practice":[0,0,0,0,0,0,0,0,0,0,0,0,0,0,0,0,0,0,0,0],"center_interval":[50,50,25,75,100,100,0,50,75,100,75,0,50,0,25,50,0,50,100,75],"image_pair":[4,3,4,1,1,1,4,4,1,2,3,4,4,1,2,2,3,2,3,2],"feature_space":[2,1,1,2,1,1,2,2,1,1,1,2,2,2,2,1,1,2,1,2],"left_img":[1,1,2,2,2,1,2,2,2,1,1,1,2,2,1,1,1,2,1,2],"img1Sample":[2,3,2,1,3,2,2,3,2,1,2,1,3,1,2,3,2,3,2,2],"img2Sample":[3,1,3,1,1,1,2,1,1,1,1,2,1,2,1,2,3,3,1,2],"key":[50,49,49,49,50,50,49,50,49,50,50,49,50,50,50,49,50,49,50,49],"correct":[false,true,false,true,false,true,false,true,true,true,true,true,true,true,false,true,false,false,true,true],"right_img":[2,2,1,1,1,2,1,1,1,2,2,2,1,1,2,2,2,1,2,1],"img_choice":[2,1,2,2,1,2,2,1,2,2,2,1,1,1,2,1,2,2,2,2],"center_sample":[2,3,3,3,2,3,3,3,1,3,3,3,3,2,3,1,1,1,3,1],"left_sample":[2,3,3,1,1,2,2,1,1,1,2,1,1,2,2,3,2,3,2,2],"right_sample":[3,1,2,1,3,1,2,3,2,1,1,2,3,1,1,2,3,3,1,2],"RT":[[0,0,0,1494.1999998092651,0,0],[0,0,0,1475.2999997138977,0,0],[0,0,0,1448.4000000953674,0,0],[0,0,0,1439,0,0],[0,0,0,1364.9000000953674,0,0],[0,0,0,1270.8000001907349,0,0],[0,0,0,1517,0,0],[0,0,0,1359.0999999046326,0,0],[0,0,0,1513,0,0],[0,0,0,1693.3000001907349,0,0],[0,0,0,1337.1999998092651,0,0],[0,0,0,1083.5999999046326,0,0],[0,0,0,1296.6999998092651,0,0],[0,0,0,1636.8000001907349,0,0],[0,0,0,1691.3000001907349,0,0],[0,0,0,1792.5,0,0],[0,0,0,1560.4000000953674,0,0],[0,0,0,1442.3000001907349,0,0],[0,0,0,1328.7000002861023,0,0],[0,0,0,1363.9000000953674,0,0]],"response":[[0,0,0,1,0,0],[0,0,0,1,0,0],[0,0,0,1,0,0],[0,0,0,1,0,0],[0,0,0,1,0,0],[0,0,0,1,0,0],[0,0,0,1,0,0],[0,0,0,1,0,0],[0,0,0,1,0,0],[0,0,0,1,0,0],[0,0,0,1,0,0],[0,0,0,1,0,0],[0,0,0,1,0,0],[0,0,0,1,0,0],[0,0,0,1,0,0],[0,0,0,1,0,0],[0,0,0,1,0,0],[0,0,0,1,0,0],[0,0,0,1,0,0],[0,0,0,1,0,0]],"framerate":[60.00279082481869,60.00046692703192,59.99999999999999,60.00141180331037,59.999519999720164,59.99755112036244,60.00323094452525,60.00384024440226,59.99814677936564,60.00400026286924,59.99999999999999,59.99999999999999,60.00292697623469,59.9986517105486,60.00133336805011,59.99999999999999,60.0036643446037,59.99999999999999,59.51516910880248,60.00096001673358]}
