{"practice":[1,1,1,1,1],"center_interval":[25,25,50,25,50],"image_pair":[4,4,4,1,2],"feature_space":[1,1,1,2,2],"left_img":[1,1,2,2,2],"img1Sample":[1,2,1,1,2],"img2Sample":[2,3,1,2,3],"key":[49,49,49,49,50],"correct":[true,true,false,false,true],"right_img":[2,2,1,1,1],"img_choice":[1,1,2,2,1],"center_sample":[3,1,1,1,1],"left_sample":[1,2,1,2,3],"right_sample":[2,3,1,1,2],"RT":[[0,0,0,1341.9000000953674,0,0],[0,0,0,1440.9000000953674,0,0],[0,0,0,1469.0999999046326,0,0],[0,0,0,2043.5999999046326,0,0],[0,0,0,1594.6999998092651,0,0]],"response":[[0,0,0,1,0,0],[0,0,0,1,0,0],[0,0,0,1,0,0],[0,0,0,1,0,0],[0,0,0,1,0,0]],"framerate":[59.99999999999999,60.00141180331037,59.066607519607295,59.99999999999999,59.09090909090909]}
