{"practice":[1,1,1,1,1],"center_interval":[75,75,0,100,0],"image_pair":[1,1,3,3,2],"feature_space":[1,2,2,1,1],"left_img":[2,1,2,2,1],"img1Sample":[2,1,3,3,3],"img2Sample":[2,2,2,2,1],"key":[49,50,50,49,49],"correct":[true,true,true,true,true],"right_img":[1,2,1,1,2],"img_choice":[2,2,1,2,1],"center_sample":[1,1,2,3,2],"left_sample":[2,1,2,2,3],"right_sample":[2,2,3,3,1],"RT":[[0,0,0,1274,0,0],[0,0,0,1648,0,0],[0,0,0,2262,0,0],[0,0,0,1225,0,0],[0,0,0,1156,0,0]],"response":[[0,0,0,1,0,0],[0,0,0,1,0,0],[0,0,0,1,0,0],[0,0,0,1,0,0],[0,0,0,1,0,0]],"framerate":[56.08621111927505,60.01348617666891,59.79869745411486,59.26109595834366,59.75794251134644]}
