{"practice":[0,0,0,0,0,0,0,0,0,0,0,0,0,0,0,0,0,0,0,0],"center_interval":[50,100,75,50,25,25,50,75,50,75,100,50,50,75,0,100,25,100,50,0],"image_pair":[4,2,3,4,1,1,1,3,1,4,1,3,4,4,2,1,4,3,3,1],"feature_space":[1,2,1,2,1,1,1,1,1,2,1,2,2,2,1,1,1,2,2,1],"left_img":[1,2,2,1,2,2,1,2,2,2,1,2,2,1,2,1,2,2,1,1],"img1Sample":[3,1,3,3,2,3,2,1,2,1,1,2,1,3,3,3,2,3,1,3],"img2Sample":[2,2,3,2,1,2,2,3,1,1,1,2,2,3,3,1,2,2,1,2],"key":[50,49,49,50,50,50,49,50,50,49,50,50,49,50,50,50,50,50,50,49],"correct":[false,true,true,false,true,true,true,false,true,true,true,true,false,true,true,true,true,false,false,true],"right_img":[2,1,1,2,1,1,2,1,1,1,2,1,1,2,1,2,1,1,2,2],"img_choice":[2,2,2,2,1,1,1,1,1,2,2,1,2,2,1,2,1,1,2,1],"center_sample":[1,3,3,2,2,2,3,2,3,3,3,2,1,2,1,3,2,1,1,1],"left_sample":[3,2,3,3,1,2,2,3,1,1,1,2,2,3,3,3,2,2,1,3],"right_sample":[2,1,3,2,2,3,2,1,2,1,1,2,1,3,3,1,2,3,1,2],"RT":[[0,0,0,1530,0,0],[0,0,0,647,0,0],[0,0,0,1083,0,0],[0,0,0,1572,0,0],[0,0,0,1010,0,0],[0,0,0,572,0,0],[0,0,0,1272,0,0],[0,0,0,823,0,0],[0,0,0,1356,0,0],[0,0,0,1232,0,0],[0,0,0,774,0,0],[0,0,0,738,0,0],[0,0,0,1030,0,0],[0,0,0,1010,0,0],[0,0,0,811,0,0],[0,0,0,605,0,0],[0,0,0,930,0,0],[0,0,0,961,0,0],[0,0,0,861,0,0],[0,0,0,1025,0,0]],"response":[[0,0,0,1,0,0],[0,0,0,1,0,0],[0,0,0,1,0,0],[0,0,0,1,0,0],[0,0,0,1,0,0],[0,0,0,1,0,0],[0,0,0,1,0,0],[0,0,0,1,0,0],[0,0,0,1,0,0],[0,0,0,1,0,0],[0,0,0,1,0,0],[0,0,0,1,0,0],[0,0,0,1,0,0],[0,0,0,1,0,0],[0,0,0,1,0,0],[0,0,0,1,0,0],[0,0,0,1,0,0],[0,0,0,1,0,0],[0,0,0,1,0,0],[0,0,0,1,0,0]],"framerate":[60.00461573967229,59.71014492753623,60.005150656708736,59.79005020538566,59.45521215295966,60.0059119125037,59.990205680705195,59.74669603524229,59.755219582433405,59.75700471113315,59.44739045492604,59.73513665821358,58.68544600938967,59.99476028294472,59.73451327433629,60.011709601873534,59.721478307445096,60.01062134891131,59.72184346877556,58.96164883902947]}
