{"practice":[0,0,0,0,0,0,0,0,0,0,0,0,0,0,0,0,0,0,0,0],"center_interval":[75,50,100,50,100,0,75,0,100,25,50,25,100,100,75,100,100,25,100,75],"image_pair":[1,4,4,1,3,1,3,3,2,2,4,1,3,3,4,4,4,2,1,1],"feature_space":[2,2,2,1,1,2,1,1,2,2,1,1,1,1,2,1,2,2,1,2],"left_img":[1,2,2,2,2,2,1,1,1,2,1,1,1,1,1,2,1,1,1,2],"img1Sample":[1,2,2,3,2,3,2,2,1,1,2,2,1,3,3,1,3,2,2,1],"img2Sample":[1,3,1,1,3,2,1,2,1,1,2,3,3,2,3,2,3,1,3,3],"key":[50,50,49,49,50,50,49,50,50,49,50,49,50,50,50,49,49,50,49,49],"correct":[true,true,true,false,false,true,false,false,true,false,false,true,true,true,true,true,false,false,false,true],"right_img":[2,1,1,1,1,1,2,2,2,1,2,2,2,2,2,1,2,2,2,1],"img_choice":[2,1,2,2,1,1,1,2,2,2,2,1,2,2,2,2,1,2,1,2],"center_sample":[3,3,3,2,1,1,3,1,3,2,1,1,2,1,1,1,2,3,1,1],"left_sample":[1,3,1,1,3,2,2,2,1,1,2,2,1,3,3,2,3,2,2,3],"right_sample":[1,2,2,3,2,3,1,2,1,1,2,3,3,2,3,1,3,1,3,1],"RT":[[0,0,0,1244,0,0],[0,0,0,972,0,0],[0,0,0,741,0,0],[0,0,0,931,0,0],[0,0,0,556,0,0],[0,0,0,810,0,0],[0,0,0,846,0,0],[0,0,0,1196,0,0],[0,0,0,1233,0,0],[0,0,0,1089,0,0],[0,0,0,1446,0,0],[0,0,0,761,0,0],[0,0,0,1056,0,0],[0,0,0,806,0,0],[0,0,0,790,0,0],[0,0,0,944,0,0],[0,0,0,729,0,0],[0,0,0,491,0,0],[0,0,0,1492,0,0],[0,0,0,1171,0,0]],"response":[[0,0,0,1,0,0],[0,0,0,1,0,0],[0,0,0,1,0,0],[0,0,0,1,0,0],[0,0,0,1,0,0],[0,0,0,1,0,0],[0,0,0,1,0,0],[0,0,0,1,0,0],[0,0,0,1,0,0],[0,0,0,1,0,0],[0,0,0,1,0,0],[0,0,0,1,0,0],[0,0,0,1,0,0],[0,0,0,1,0,0],[0,0,0,1,0,0],[0,0,0,1,0,0],[0,0,0,1,0,0],[0,0,0,1,0,0],[0,0,0,1,0,0],[0,0,0,1,0,0]],"framerate":[59.73833621328067,59.989429175475685,60.01690617075232,59.73747656040718,59.6970596970597,59.457964601769916,59.726027397260275,59.99999999999999,59.75700471113315,59.48717948717949,60.01412096963991,59.71404541631623,58.19968960165546,58.61210948299696,59.722222222222214,60.016004267804746,59.72261534106992,59.39393939393939,59.99999999999999,59.98995983935743]}
