{"practice":[0,0,0,0,0,0,0,0,0,0,0,0,0,0,0,0,0,0,0,0],"center_interval":[25,75,25,50,100,0,25,100,25,50,0,0,0,0,0,25,75,0,25,25],"image_pair":[1,4,3,4,1,1,3,2,3,2,2,1,4,3,3,2,4,1,4,4],"feature_space":[2,2,2,1,2,2,1,1,1,1,1,1,1,1,1,1,2,2,1,2],"left_img":[1,2,1,2,1,2,2,1,2,1,1,1,2,2,1,1,1,1,1,2],"img1Sample":[1,2,1,1,3,1,3,1,1,3,3,2,1,1,1,2,3,1,1,2],"img2Sample":[3,1,1,3,1,1,3,2,2,1,3,3,1,2,1,1,1,3,2,2],"key":[49,49,50,49,50,50,50,50,49,50,49,50,49,50,50,49,49,49,50,50],"correct":[true,true,false,false,true,true,true,true,false,false,true,false,false,true,false,true,false,true,false,true],"right_img":[2,1,2,1,2,1,1,2,1,2,2,2,1,1,2,2,2,2,2,1],"img_choice":[1,2,2,2,2,1,1,2,2,2,1,2,2,1,2,1,1,1,2,1],"center_sample":[2,1,2,2,2,3,2,3,3,3,1,1,3,3,3,2,2,2,2,1],"left_sample":[1,1,1,3,3,1,3,1,2,3,3,2,1,2,1,2,3,1,1,2],"right_sample":[3,2,1,1,1,1,3,2,1,1,3,3,1,1,1,1,1,3,2,2],"RT":[[0,0,0,910,0,0],[0,0,0,847,0,0],[0,0,0,796,0,0],[0,0,0,704,0,0],[0,0,0,590,0,0],[0,0,0,484,0,0],[0,0,0,891,0,0],[0,0,0,775,0,0],[0,0,0,672,0,0],[0,0,0,649,0,0],[0,0,0,742,0,0],[0,0,0,657,0,0],[0,0,0,1460,0,0],[0,0,0,640,0,0],[0,0,0,581,0,0],[0,0,0,633,0,0],[0,0,0,879,0,0],[0,0,0,898,0,0],[0,0,0,959,0,0],[0,0,0,827,0,0]],"response":[[0,0,0,1,0,0],[0,0,0,1,0,0],[0,0,0,1,0,0],[0,0,0,1,0,0],[0,0,0,1,0,0],[0,0,0,1,0,0],[0,0,0,1,0,0],[0,0,0,1,0,0],[0,0,0,1,0,0],[0,0,0,1,0,0],[0,0,0,1,0,0],[0,0,0,1,0,0],[0,0,0,1,0,0],[0,0,0,1,0,0],[0,0,0,1,0,0],[0,0,0,1,0,0],[0,0,0,1,0,0],[0,0,0,1,0,0],[0,0,0,1,0,0],[0,0,0,1,0,0]],"framerate":[59.45655098197471,59.726027397260275,59.722222222222214,59.425646858117716,58.269570335491466,59.37594668282338,59.729729729729726,59.44739045492604,59.718633362044216,59.72302365839584,59.43661971830986,59.994231323911166,59.774964838255976,59.69284265430311,59.74102413184225,59.69714618520676,59.17480998914223,60.01622060016221,59.72922750199098,60.022026431718054]}
