{"practice":[0,0,0,0,0,0,0,0,0,0,0,0,0,0,0,0,0,0,0,0],"center_interval":[100,75,50,50,25,50,100,100,75,75,25,75,50,0,0,25,50,50,100,100],"image_pair":[2,3,4,1,1,1,2,4,3,3,3,1,1,4,2,3,4,2,4,3],"feature_space":[1,1,2,1,1,1,2,1,2,2,2,2,2,1,2,2,2,1,1,1],"left_img":[1,1,1,2,2,2,2,2,1,2,2,1,1,2,2,2,2,2,1,2],"img1Sample":[3,3,2,3,2,3,1,3,2,2,2,3,1,2,2,2,3,1,2,2],"img2Sample":[3,3,1,1,3,1,2,1,1,3,1,3,2,3,1,1,1,2,2,2],"key":[49,50,49,50,50,50,50,49,49,49,49,50,50,50,50,50,49,50,50,50],"correct":[false,true,true,true,true,true,false,true,false,true,false,true,false,true,true,true,false,true,true,false],"right_img":[2,2,2,1,1,1,1,1,2,1,1,2,2,1,1,1,1,1,2,1],"img_choice":[1,2,1,1,1,1,1,2,1,2,2,2,2,1,1,1,2,1,2,1],"center_sample":[2,3,3,2,2,3,3,2,2,3,3,3,3,3,1,2,2,3,1,1],"left_sample":[3,3,2,1,3,1,2,1,2,3,1,3,1,3,1,1,1,2,2,2],"right_sample":[3,3,1,3,2,3,1,3,1,2,2,3,2,2,2,2,3,1,2,2],"RT":[[0,0,0,1143,0,0],[0,0,0,1258,0,0],[0,0,0,1542,0,0],[0,0,0,1391,0,0],[0,0,0,1329,0,0],[0,0,0,1106,0,0],[0,0,0,1724,0,0],[0,0,0,1108,0,0],[0,0,0,1557,0,0],[0,0,0,2144,0,0],[0,0,0,1372,0,0],[0,0,0,1017,0,0],[0,0,0,931,0,0],[0,0,0,1013,0,0],[0,0,0,829,0,0],[0,0,0,1190,0,0],[0,0,0,809,0,0],[0,0,0,927,0,0],[0,0,0,789,0,0],[0,0,0,705,0,0]],"response":[[0,0,0,1,0,0],[0,0,0,1,0,0],[0,0,0,1,0,0],[0,0,0,1,0,0],[0,0,0,1,0,0],[0,0,0,1,0,0],[0,0,0,1,0,0],[0,0,0,1,0,0],[0,0,0,1,0,0],[0,0,0,1,0,0],[0,0,0,1,0,0],[0,0,0,1,0,0],[0,0,0,1,0,0],[0,0,0,1,0,0],[0,0,0,1,0,0],[0,0,0,1,0,0],[0,0,0,1,0,0],[0,0,0,1,0,0],[0,0,0,1,0,0],[0,0,0,1,0,0]],"framerate":[59.99999999999999,59.99508237029752,59.78385835824328,60.014289116456304,59.26463473633285,59.754851889683344,59.550066166740194,59.770114942528735,59.52380952380952,59.81006263891696,60.00478125747071,59.72874282733437,59.753483386923904,59.47078857741682,59.73025048169557,59.99999999999999,59.71799834116671,58.93383337798017,59.18310641844956,59.709980096673306]}
