{"practice":[0,0,0,0,0,0,0,0,0,0,0,0,0,0,0,0,0,0,0,0],"center_interval":[25,75,75,25,100,25,25,50,100,25,0,75,75,0,100,50,0,50,100,0],"image_pair":[3,4,1,1,4,1,1,1,4,2,3,3,3,4,1,4,1,1,3,3],"feature_space":[2,2,2,2,1,1,2,2,2,1,2,1,1,2,2,2,2,1,2,1],"left_img":[1,2,2,2,2,2,2,2,2,2,1,1,1,1,2,2,1,2,1,1],"img1Sample":[1,3,3,3,1,2,1,1,3,1,3,3,2,1,1,3,1,3,2,1],"img2Sample":[2,3,2,3,2,2,2,1,1,1,3,3,2,2,3,3,1,2,1,3],"key":[50,49,50,49,49,49,50,50,49,49,49,49,49,49,50,50,49,50,49,50],"correct":[false,true,false,false,true,false,true,true,true,false,true,false,false,true,false,true,true,true,false,false],"right_img":[2,1,1,1,1,1,1,1,1,1,2,2,2,2,1,1,2,1,2,2],"img_choice":[2,2,1,2,2,2,1,1,2,2,1,1,1,1,1,1,1,1,1,2],"center_sample":[3,1,3,3,1,1,3,2,3,3,1,2,1,2,2,1,3,1,2,3],"left_sample":[1,3,2,3,2,2,2,1,1,1,3,3,2,1,3,3,1,2,2,1],"right_sample":[2,3,3,3,1,2,1,1,3,1,3,3,2,2,1,3,1,3,1,3],"RT":[[0,1567.7999999970198,0,0],[0,2045.2000000029802,0,0],[0,1652.8000000044703,0,0],[0,1624.3999999985099,0,0],[0,1814.8999999985099,0,0],[0,2146.7000000029802,0,0],[0,1665.9000000059605,0,0],[0,2040,0,0],[0,1969.6000000014901,0,0],[0,2091.39999999851,0,0],[0,1763,0,0],[0,2416.89999999851,0,0],[0,1409.3999999985099,0,0],[0,2107.2999999970198,0,0],[0,2299.3000000044703,0,0],[0,2349.7999999970198,0,0],[0,3589.7000000029802,0,0],[0,1451.8000000044703,0,0],[0,2507.0999999940395,0,0],[0,1367.7999999970198,0,0]],"response":[[0,1,0,0],[0,1,0,0],[0,1,0,0],[0,1,0,0],[0,1,0,0],[0,1,0,0],[0,1,0,0],[0,1,0,0],[0,1,0,0],[0,1,0,0],[0,1,0,0],[0,1,0,0],[0,1,0,0],[0,1,0,0],[0,1,0,0],[0,1,0,0],[0,1,0,0],[0,1,0,0],[0,1,0,0],[0,1,0,0]],"framerate":[50.06430277413687,50.048919997017606,50.075334574105014,50.03126954343136,50.06827492043854,50.06711896374711,50.048292211848775,50.05833866538996,44.952528579732615,50.12996658002228,50.056787111334806,50.06422713359191,49.96042738421327,50.12161863347633,50.05485463513996,50.050727088265134,50.06436847373418,50.0656199874346,50.03688616603614,50.05308660704514]}
