{"practice":[0,0,0,0,0,0,0,0,0,0,0,0,0,0,0,0,0,0,0,0],"center_interval":[25,50,100,0,25,50,75,100,100,0,0,100,25,0,0,100,50,100,25,0],"image_pair":[4,2,4,1,1,3,4,3,4,3,1,4,3,1,3,1,1,4,2,1],"feature_space":[1,1,2,2,2,2,1,1,1,2,1,2,2,2,1,2,1,1,2,2],"left_img":[2,1,1,2,1,1,1,1,2,1,2,1,2,1,2,1,2,1,2,1],"img1Sample":[1,1,2,2,3,3,2,2,3,2,2,1,3,2,3,2,3,1,1,3],"img2Sample":[2,1,3,2,2,3,1,3,3,2,1,2,2,3,3,3,1,2,1,3],"key":[49,50,49,49,50,49,50,50,49,49,50,49,49,49,50,50,50,50,50,49],"correct":[false,false,false,false,false,true,true,true,true,true,true,false,false,true,true,true,true,true,true,true],"right_img":[1,2,2,1,2,2,2,2,1,2,1,2,1,2,1,2,1,2,1,2],"img_choice":[2,2,1,2,2,1,2,2,2,1,1,1,2,1,1,2,1,2,1,1],"center_sample":[3,3,1,1,1,3,2,2,1,3,1,1,1,1,2,1,3,3,1,2],"left_sample":[2,1,2,2,3,3,2,2,3,2,1,1,2,2,3,2,1,1,1,3],"right_sample":[1,1,3,2,2,3,1,3,3,2,2,2,3,3,3,3,3,2,1,3],"RT":[[0,1417,0,0],[0,930.6999999955297,0,0],[0,601.0999999940395,0,0],[0,759.8999999985099,0,0],[0,846.2000000029802,0,0],[0,1584.7000000029802,0,0],[0,1589.1000000014901,0,0],[0,1944.5,0,0],[0,1867.1999999955297,0,0],[0,1929.3000000044703,0,0],[0,3072,0,0],[0,2444.2999999970198,0,0],[0,2290.3000000044703,0,0],[0,2092.1999999955297,0,0],[0,3312.3000000044703,0,0],[0,1912,0,0],[0,2881,0,0],[0,2339.2000000029802,0,0],[0,3626.5,0,0],[0,2980.10000000149,0,0]],"response":[[0,1,0,0],[0,1,0,0],[0,1,0,0],[0,1,0,0],[0,1,0,0],[0,1,0,0],[0,1,0,0],[0,1,0,0],[0,1,0,0],[0,1,0,0],[0,1,0,0],[0,1,0,0],[0,1,0,0],[0,1,0,0],[0,1,0,0],[0,1,0,0],[0,1,0,0],[0,1,0,0],[0,1,0,0],[0,1,0,0]],"framerate":[50.056995589147924,50.03899142174182,50.032808399133586,50.0871080138831,50.05828704666337,50.04094258932348,50.08121277751066,50.06062028240236,50.04641401293573,50.00984445757039,50.09938192606276,50.050704962568155,50.06041774555498,50.064898943074354,50.06002094351626,50.0536288880055,50.042893909064915,50.03718980328255,50.08505008508535,50.0500500499671]}
