{"practice":[0,0,0,0,0,0,0,0,0,0,0,0,0,0,0,0,0,0,0,0],"center_interval":[25,0,25,0,0,75,75,50,0,50,25,50,25,25,100,100,0,25,100,100],"image_pair":[3,1,3,3,4,1,4,3,4,2,4,2,3,1,4,4,3,3,3,1],"feature_space":[1,1,1,2,2,2,1,1,2,1,1,2,1,2,1,2,1,2,1,2],"left_img":[2,2,1,2,2,2,2,2,1,1,2,1,2,1,2,2,1,1,1,1],"img1Sample":[1,2,1,1,1,2,3,1,2,1,3,3,3,3,3,3,2,1,1,1],"img2Sample":[2,3,3,3,3,2,2,2,1,1,3,3,3,1,3,1,2,1,1,2],"stim_time":[250,250,250,250,250,250,250,250,250,250,250,250,250,250,250,250,250,250,250,250],"key":[49,50,50,49,50,49,50,49,49,49,50,49,49,50,49,49,49,49,49,50],"correct":[false,true,false,false,true,true,false,false,true,true,true,true,false,false,true,true,true,true,false,true],"right_img":[1,1,2,1,1,1,1,1,2,2,1,2,1,2,1,1,2,2,2,2],"img_choice":[2,1,2,2,1,2,1,2,1,1,1,1,2,2,2,2,1,1,1,2],"center_sample":[3,3,3,2,3,2,1,3,3,1,2,1,2,3,1,3,1,3,2,3],"left_sample":[2,3,1,3,3,2,2,2,2,1,3,3,3,3,3,1,2,1,1,1],"right_sample":[1,2,3,1,1,2,3,1,1,1,3,3,3,1,3,3,2,1,1,2],"exact_match":[0,0,0,0,0,0,0,0,0,0,0,0,0,0,0,0,0,0,0,0],"RT":[[0,0,0,1206,0,0],[0,0,0,1225,0,0],[0,0,0,1201,0,0],[0,0,0,1070,0,0],[0,0,0,1186,0,0],[0,0,0,2230,0,0],[0,0,0,1238,0,0],[0,0,0,889,0,0],[0,0,0,1450,0,0],[0,0,0,1442,0,0],[0,0,0,1191,0,0],[0,0,0,1151,0,0],[0,0,0,1144,0,0],[0,0,0,1604,0,0],[0,0,0,809,0,0],[0,0,0,1781,0,0],[0,0,0,1071,0,0],[0,0,0,1278,0,0],[0,0,0,684,0,0],[0,0,0,1462,0,0]],"response":[[0,0,0,1,0,0],[0,0,0,1,0,0],[0,0,0,1,0,0],[0,0,0,1,0,0],[0,0,0,1,0,0],[0,0,0,1,0,0],[0,0,0,1,0,0],[0,0,0,1,0,0],[0,0,0,1,0,0],[0,0,0,1,0,0],[0,0,0,1,0,0],[0,0,0,1,0,0],[0,0,0,1,0,0],[0,0,0,1,0,0],[0,0,0,1,0,0],[0,0,0,1,0,0],[0,0,0,1,0,0],[0,0,0,1,0,0],[0,0,0,1,0,0],[0,0,0,1,0,0]],"framerate":[20.614035087719298,20.008699434536755,20.581655480984338,20.90106827682304,20.713970912296165,20.531400966183575,21.21212121212121,21.180030257186083,20.899053627760253,21.209740769835037,21.624007060900265,21.486123545210386,20.739404869251576,20.97378277153558,22.019334049409238,20.876826722338205,21.008403361344538,20.675105485232066,19.80758347481607,20.254169976171564]}
