{"practice":[0,0,0,0,0,0,0,0,0,0,0,0,0,0,0,0,0,0,0,0],"center_interval":[25,75,75,100,100,0,100,50,50,0,75,25,100,0,50,50,25,0,0,25],"image_pair":[4,2,4,1,1,2,1,1,3,2,2,4,2,1,2,2,4,2,1,4],"feature_space":[2,2,1,1,2,1,2,2,1,2,1,1,1,1,1,2,1,2,1,1],"left_img":[2,1,2,2,2,1,1,2,1,1,1,2,2,2,2,1,1,1,2,2],"img1Sample":[2,2,1,1,2,2,3,1,2,1,3,1,2,3,3,1,2,3,2,1],"img2Sample":[1,1,1,2,2,3,3,1,2,1,2,1,2,2,3,3,1,2,2,1],"stim_time":[2000,2000,2000,2000,2000,2000,2000,2000,2000,2000,2000,2000,2000,2000,2000,2000,2000,2000,2000,2000],"key":[50,50,50,49,50,49,50,50,49,50,49,50,50,49,50,49,50,49,50,49],"correct":[true,true,false,true,false,true,true,true,true,false,false,true,false,false,true,true,false,true,true,false],"right_img":[1,2,1,1,1,2,2,1,2,2,2,1,1,1,1,2,2,2,1,1],"img_choice":[1,2,1,2,1,1,2,1,1,2,1,1,1,2,1,1,2,1,1,2],"center_sample":[3,1,2,1,2,2,3,2,2,2,3,1,1,2,3,2,2,2,3,2],"left_sample":[1,2,1,2,2,2,3,1,2,1,3,1,2,2,3,1,2,3,2,1],"right_sample":[2,1,1,1,2,3,3,1,2,1,2,1,2,3,3,3,1,2,2,1],"exact_match":[0,0,0,0,1,1,1,0,0,0,0,0,0,0,0,0,0,0,0,0],"RT":[[0,0,0,948,0,0],[0,0,0,1618,0,0],[0,0,0,1132,0,0],[0,0,0,1111,0,0],[0,0,0,1403,0,0],[0,0,0,1008,0,0],[0,0,0,1058,0,0],[0,0,0,1604,0,0],[0,0,0,1130,0,0],[0,0,0,1310,0,0],[0,0,0,1305,0,0],[0,0,0,559,0,0],[0,0,0,1350,0,0],[0,0,0,1054,0,0],[0,0,0,1147,0,0],[0,0,0,872,0,0],[0,0,0,1029,0,0],[0,0,0,1186,0,0],[0,0,0,799,0,0],[0,0,0,541,0,0]],"response":[[0,0,0,1,0,0],[0,0,0,1,0,0],[0,0,0,1,0,0],[0,0,0,1,0,0],[0,0,0,1,0,0],[0,0,0,1,0,0],[0,0,0,1,0,0],[0,0,0,1,0,0],[0,0,0,1,0,0],[0,0,0,1,0,0],[0,0,0,1,0,0],[0,0,0,1,0,0],[0,0,0,1,0,0],[0,0,0,1,0,0],[0,0,0,1,0,0],[0,0,0,1,0,0],[0,0,0,1,0,0],[0,0,0,1,0,0],[0,0,0,1,0,0],[0,0,0,1,0,0]],"framerate":[20.728142439542918,20.583578375933048,20.475227502527805,20.902370634718327,21.19642016015073,21.309771309771307,21.249028245659495,20.734730673878747,20.253164556962027,21.40967043541015,20.99927588703838,21.43495087823757,20.37392138063279,20.408163265306122,20.896273917421954,21.064002160410478,21.09375,22.8457909113484,20.735416090682886,21.5311004784689]}
