{"practice":[0,0,0,0,0,0,0,0,0,0,0,0,0,0,0,0,0,0,0,0],"center_interval":[50,100,75,75,75,25,25,50,75,75,100,25,50,25,0,0,25,0,25,100],"image_pair":[1,4,4,3,3,3,3,1,1,1,3,2,3,1,4,2,3,4,3,2],"feature_space":[2,1,1,2,2,2,2,1,2,2,1,2,1,1,2,2,2,1,2,2],"left_img":[2,2,2,1,2,2,1,1,2,2,2,2,1,1,1,2,2,2,2,2],"img1Sample":[3,3,3,1,3,1,3,1,1,3,3,1,3,1,1,1,1,1,1,2],"img2Sample":[1,2,2,2,2,1,3,2,1,1,3,3,3,1,1,2,3,3,3,3],"stim_time":[2000,2000,2000,2000,2000,2000,2000,2000,2000,2000,2000,2000,2000,2000,2000,2000,2000,2000,2000,2000],"key":[49,49,51,49,49,50,49,49,49,49,49,49,50,49,49,49,50,49,50,50],"correct":[false,true,null,false,true,true,true,true,true,true,true,false,false,true,true,false,true,false,true,false],"right_img":[1,1,1,2,1,1,2,2,1,1,1,1,2,2,2,1,1,1,1,1],"img_choice":[2,2,null,1,2,1,1,1,2,2,2,2,2,1,1,2,1,2,1,1],"center_sample":[1,3,1,3,1,1,3,3,2,3,3,3,1,3,2,1,1,2,1,1],"left_sample":[1,2,2,1,2,1,3,1,1,1,3,3,3,1,1,2,3,3,3,3],"right_sample":[3,3,3,2,3,1,3,2,1,3,3,1,3,1,1,1,1,1,1,2],"exact_match":[0,0,0,0,0,0,0,0,0,0,1,0,0,0,0,1,0,0,0,0],"RT":[[0,0,0,3034,0,0],[0,0,0,1896,0,0],[0,0,0,1477,0,0],[0,0,0,2123,0,0],[0,0,0,1973,0,0],[0,0,0,1550,0,0],[0,0,0,919,0,0],[0,0,0,1700,0,0],[0,0,0,1527,0,0],[0,0,0,984,0,0],[0,0,0,1622,0,0],[0,0,0,2240,0,0],[0,0,0,1367,0,0],[0,0,0,884,0,0],[0,0,0,1990,0,0],[0,0,0,1395,0,0],[0,0,0,1807,0,0],[0,0,0,1346,0,0],[0,0,0,1226,0,0],[0,0,0,979,0,0]],"response":[[0,0,0,1,0,0],[0,0,0,1,0,0],[0,0,0,1,0,0],[0,0,0,1,0,0],[0,0,0,1,0,0],[0,0,0,1,0,0],[0,0,0,1,0,0],[0,0,0,1,0,0],[0,0,0,1,0,0],[0,0,0,1,0,0],[0,0,0,1,0,0],[0,0,0,1,0,0],[0,0,0,1,0,0],[0,0,0,1,0,0],[0,0,0,1,0,0],[0,0,0,1,0,0],[0,0,0,1,0,0],[0,0,0,1,0,0],[0,0,0,1,0,0],[0,0,0,1,0,0]],"framerate":[21.713113352709865,20.771513353115726,20.47868936388071,21.05263157894737,20.166320166320165,20.710059171597635,20.62131762185324,21.346830985915496,20.85747392815759,20.21527960094513,20.730058584948175,20.73050345508391,20.86831374430319,20.69336199946251,20.79002079002079,20.547945205479454,21.03209019947962,21.251193887297042,21.25030887076847,20.65899581589958]}
