{"practice":[1,1,1,1,1],"center_interval":[25,0,75,75,50],"image_pair":[1,3,4,3,3],"feature_space":[2,2,2,1,2],"left_img":[2,1,2,2,1],"img1Sample":[1,3,3,2,2],"img2Sample":[3,1,3,2,2],"key":[null,49,50,50,50],"correct":[null,true,false,false,false],"right_img":[1,2,1,1,2],"img_choice":[null,1,1,1,2],"center_sample":[1,1,3,2,2],"left_sample":[3,3,3,2,2],"right_sample":[1,1,3,2,2],"RT":[[0,0,0,0],[0,4096,0,0],[0,2278,0,0],[0,1845,0,0],[0,2170,0,0]],"response":[[0,1,0,0],[0,1,0,0],[0,1,0,0],[0,1,0,0],[0,1,0,0]],"framerate":[7.352941176470588,8.110992529348987,6.518010291595197,7.211538461538462,7.885304659498209]}
