{"practice":[0,0,0,0,0,0,0,0,0,0,0,0,0,0,0,0,0,0,0,0],"center_interval":[25,50,50,50,50,75,0,25,50,0,100,75,50,50,100,50,50,75,100,0],"image_pair":[1,3,2,3,4,1,3,3,2,2,3,3,2,1,1,2,2,2,2,1],"feature_space":[1,2,2,1,2,2,2,1,2,2,2,2,1,1,1,1,1,1,1,2],"left_img":[1,1,1,2,2,2,1,1,1,2,2,1,1,1,2,2,1,2,1,2],"img1Sample":[1,3,1,3,3,1,2,1,3,3,2,2,1,1,2,1,1,3,3,3],"img2Sample":[3,3,2,1,3,3,2,2,1,2,3,2,3,3,2,3,3,1,3,1],"key":[49,50,49,50,49,50,49,50,49,50,49,50,49,49,50,50,49,50,49,49],"correct":[true,false,true,true,false,false,true,false,true,true,true,true,true,true,false,true,true,false,false,false],"right_img":[2,2,2,1,1,1,2,2,2,1,1,2,2,2,1,1,2,1,2,1],"img_choice":[1,2,1,1,2,1,1,2,1,1,2,2,1,1,1,1,1,1,1,2],"center_sample":[2,1,2,3,2,2,1,1,3,2,1,3,1,3,1,3,1,1,1,2],"left_sample":[1,3,1,1,3,3,2,1,3,2,3,2,1,1,2,3,1,1,3,1],"right_sample":[3,3,2,3,3,1,2,2,1,3,2,2,3,3,2,1,3,3,3,3],"RT":[[0,2386,0,0],[0,1606,0,0],[0,1778,0,0],[0,2499,0,0],[0,1094,0,0],[0,1200,0,0],[0,1138,0,0],[0,1000,0,0],[0,1622,0,0],[0,1267,0,0],[0,1249,0,0],[0,1534,0,0],[0,1271,0,0],[0,1894,0,0],[0,1212,0,0],[0,3397,0,0],[0,1287,0,0],[0,1555,0,0],[0,1558,0,0],[0,2845,0,0]],"response":[[0,1,0,0],[0,1,0,0],[0,1,0,0],[0,1,0,0],[0,1,0,0],[0,1,0,0],[0,1,0,0],[0,1,0,0],[0,1,0,0],[0,1,0,0],[0,1,0,0],[0,1,0,0],[0,1,0,0],[0,1,0,0],[0,1,0,0],[0,1,0,0],[0,1,0,0],[0,1,0,0],[0,1,0,0],[0,1,0,0]],"framerate":[7.9787234042553195,8.11541929666366,6.824568446407065,10.873041253597698,10.227272727272728,9.392265193370166,10.12943162633652,12.019230769230768,9.892086330935252,11.777301927194861,15.552099533437016,21.749190189726978,20.461699895068207,21.808088818398097,13.912075681691709,8.984277514349888,9.132420091324201,11.389521640091116,10.884353741496598,9.169054441260744]}
