{"practice":[0,0,0,0,0,0,0,0,0,0,0,0,0,0,0,0,0,0,0,0],"center_interval":[75,75,100,50,75,100,0,25,100,0,50,50,100,25,25,50,50,75,75,25],"image_pair":[1,3,4,3,4,4,4,1,1,3,2,3,1,1,2,2,3,4,3,2],"feature_space":[1,1,1,2,1,1,2,2,1,2,1,2,1,2,2,2,2,2,2,2],"left_img":[2,1,2,1,1,1,2,1,1,2,1,2,2,1,2,2,2,2,1,1],"img1Sample":[3,3,2,1,2,3,2,3,2,1,2,1,3,2,3,3,1,2,3,2],"img2Sample":[2,2,3,1,1,3,1,1,3,3,1,2,1,1,3,2,1,1,3,1],"key":[49,50,49,50,49,50,49,50,49,50,49,50,49,50,49,50,49,50,49,50],"correct":[true,true,true,false,false,true,false,false,false,true,true,true,true,false,false,true,false,false,false,false],"right_img":[1,2,1,2,2,2,1,2,2,1,2,1,1,2,1,1,1,1,2,2],"img_choice":[2,2,2,2,1,2,2,2,1,1,1,1,2,2,2,1,2,1,1,2],"center_sample":[2,3,1,1,2,2,3,2,1,2,3,2,2,3,1,3,2,1,2,2],"left_sample":[2,3,3,1,2,3,1,3,2,3,2,2,1,2,3,2,1,1,3,2],"right_sample":[3,2,2,1,1,3,2,1,3,1,1,1,3,1,3,3,1,2,3,1],"RT":[[0,1202,0,0],[0,1035,0,0],[0,1231,0,0],[0,1300,0,0],[0,679,0,0],[0,1278,0,0],[0,1739,0,0],[0,1273,0,0],[0,1486,0,0],[0,1664,0,0],[0,1834,0,0],[0,1284,0,0],[0,1509,0,0],[0,1056,0,0],[0,1182,0,0],[0,1639,0,0],[0,1866,0,0],[0,1466,0,0],[0,1332,0,0],[0,1233,0,0]],"response":[[0,1,0,0],[0,1,0,0],[0,1,0,0],[0,1,0,0],[0,1,0,0],[0,1,0,0],[0,1,0,0],[0,1,0,0],[0,1,0,0],[0,1,0,0],[0,1,0,0],[0,1,0,0],[0,1,0,0],[0,1,0,0],[0,1,0,0],[0,1,0,0],[0,1,0,0],[0,1,0,0],[0,1,0,0],[0,1,0,0]],"framerate":[9.071504802561366,16.625615763546797,9.589770911028237,9.207161125319693,11.843079200592154,10.886469673405909,10.122311261071278,8.474576271186441,10.560146923783288,9.850107066381156,8.737092930897537,9.857072449482503,9.354536950420954,14.857142857142858,19.774011299435028,13.204225352112676,10.86534730306558,10.314111579934364,9.481037924151696,9.032943676939427]}
