{"practice":[0,0,0,0,0,0,0,0,0,0,0,0,0,0,0,0,0,0,0,0],"center_interval":[0,25,75,0,25,100,100,100,0,75,25,0,100,75,0,0,25,25,0,0],"image_pair":[4,1,2,3,4,4,2,2,3,3,2,4,3,4,3,2,4,4,2,2],"feature_space":[2,2,2,2,1,2,1,2,1,2,1,2,1,2,2,2,2,1,2,1],"left_img":[2,2,1,2,2,1,2,1,1,2,1,2,2,2,2,2,2,2,1,1],"img1Sample":[1,1,1,3,2,2,1,1,1,3,3,3,2,2,3,2,2,2,2,1],"img2Sample":[2,2,1,3,2,2,2,3,3,2,1,3,1,3,3,1,1,1,2,2],"key":[49,50,49,50,49,50,49,50,49,50,49,50,49,50,49,50,49,50,49,50],"correct":[false,true,false,true,false,true,true,true,true,false,true,true,true,false,false,true,false,true,true,false],"right_img":[1,1,2,1,1,2,1,2,2,1,2,1,1,1,1,1,1,1,2,2],"img_choice":[2,1,1,1,2,2,2,2,1,1,1,1,2,1,2,1,2,1,1,2],"center_sample":[2,3,1,2,1,3,1,2,2,1,1,2,2,3,1,3,3,3,3,2],"left_sample":[2,2,1,3,2,2,2,1,1,2,3,3,1,3,3,1,1,1,2,1],"right_sample":[1,1,1,3,2,2,1,3,3,3,1,3,2,2,3,2,2,2,2,2],"RT":[[0,1709,0,0],[0,1268,0,0],[0,998,0,0],[0,1316,0,0],[0,1198,0,0],[0,1345,0,0],[0,1461,0,0],[0,1488,0,0],[0,1550,0,0],[0,1610,0,0],[0,1800,0,0],[0,1741,0,0],[0,1885,0,0],[0,1379,0,0],[0,1979,0,0],[0,1815,0,0],[0,1367,0,0],[0,1166,0,0],[0,1554,0,0],[0,1586,0,0]],"response":[[0,1,0,0],[0,1,0,0],[0,1,0,0],[0,1,0,0],[0,1,0,0],[0,1,0,0],[0,1,0,0],[0,1,0,0],[0,1,0,0],[0,1,0,0],[0,1,0,0],[0,1,0,0],[0,1,0,0],[0,1,0,0],[0,1,0,0],[0,1,0,0],[0,1,0,0],[0,1,0,0],[0,1,0,0],[0,1,0,0]],"framerate":[9.393680614859095,7.419183889772126,8.561643835616438,8.37696335078534,10.911074740861974,9.876543209876543,12.918660287081341,13.295346628679964,10.362694300518134,9.000900090009,11.363636363636363,16.39344262295082,13.147410358565736,15.151515151515152,19.92337164750958,18.813905930470348,15.531062124248496,9.31315483119907,8.185538881309686,13.004484304932735]}
