{"practice":[0,0,0,0,0,0,0,0,0,0,0,0,0,0,0,0,0,0,0,0],"center_interval":[75,75,0,0,50,50,100,0,50,0,50,50,75,75,50,75,25,50,75,50],"image_pair":[4,1,3,2,3,1,2,4,1,1,4,4,1,2,3,2,3,3,4,2],"feature_space":[2,1,2,1,1,1,2,1,1,1,1,1,1,2,2,2,2,1,2,1],"left_img":[1,1,2,1,2,1,2,2,2,2,2,2,2,1,1,1,2,2,2,1],"img1Sample":[2,3,1,1,2,3,2,1,3,1,3,1,2,1,2,3,3,2,1,2],"img2Sample":[2,1,1,3,1,3,1,1,2,3,1,2,3,3,3,1,2,1,1,2],"key":[49,49,49,49,49,50,50,50,50,49,50,49,50,50,49,50,50,49,49,49],"correct":[false,false,false,true,false,false,false,true,true,false,true,false,false,true,true,true,true,false,true,true],"right_img":[2,2,1,2,1,2,1,1,1,1,1,1,1,2,2,2,1,1,1,2],"img_choice":[1,1,2,1,2,2,1,1,1,2,1,2,1,2,1,2,1,2,2,1],"center_sample":[2,2,2,3,2,3,2,2,1,2,3,2,2,3,2,3,3,3,2,2],"left_sample":[2,3,1,1,1,3,1,1,2,3,1,2,3,1,2,3,2,1,1,2],"right_sample":[2,1,1,3,2,3,2,1,3,1,3,1,2,3,3,1,3,2,1,2],"RT":[[0,27,0,0],[0,37.5,0,0],[0,236.30000000074506,0,0],[0,93.40000000223517,0,0],[0,72.59999999776483,0,0],[0,55.900000002235174,0,0],[0,126.80000000074506,0,0],[0,95.19999999925494,0,0],[0,59,0,0],[0,81.30000000074506,0,0],[0,134.89999999850988,0,0],[0,33.900000002235174,0,0],[0,383.1000000014901,0,0],[0,230.39999999850988,0,0],[0,77.19999999925494,0,0],[0,42.70000000298023,0,0],[0,47.69999999925494,0,0],[0,108.80000000074506,0,0],[0,53.69999999925494,0,0],[0,275.5,0,0]],"response":[[0,1,0,0],[0,1,0,0],[0,1,0,0],[0,1,0,0],[0,1,0,0],[0,1,0,0],[0,1,0,0],[0,1,0,0],[0,1,0,0],[0,1,0,0],[0,1,0,0],[0,1,0,0],[0,1,0,0],[0,1,0,0],[0,1,0,0],[0,1,0,0],[0,1,0,0],[0,1,0,0],[0,1,0,0],[0,1,0,0]],"framerate":[60.00315806087998,60.01846722061447,58.73370139781069,59.95717344753748,60.17023774594901,59.97900734756242,60.01091107449693,60.01714775675745,59.93407252002702,60.002926971982,58.70580386924616,58.25854196210081,57.02851425712856,60.08171112718669,60.02049480297257,60.00923218970521,59.733496706795044,58.54474491230449,57.125676488338186,59.88023952085727]}
