{"practice":[0,0,0,0,0,0,0,0,0,0,0,0,0,0,0,0,0,0,0,0],"center_interval":[100,0,0,75,50,100,25,50,75,25,100,100,50,75,0,25,50,50,0,50],"image_pair":[2,4,3,1,4,2,1,2,4,2,2,4,3,1,2,4,3,1,3,3],"feature_space":[2,1,1,2,1,1,1,1,1,1,2,1,2,1,1,1,2,2,2,2],"left_img":[2,2,1,1,2,2,1,1,1,1,1,2,1,2,1,2,2,1,1,2],"img1Sample":[1,2,1,2,2,3,1,2,2,2,1,1,1,3,2,1,2,2,3,2],"img2Sample":[1,2,3,1,3,1,2,1,3,2,2,2,2,2,3,2,1,1,1,3],"key":[50,50,50,49,50,49,50,49,49,50,50,49,49,50,49,50,49,49,50,50],"correct":[false,true,false,false,true,true,false,true,false,false,true,true,true,false,true,true,false,true,false,true],"right_img":[1,1,2,2,1,1,2,2,2,2,2,1,2,1,2,1,1,2,2,1],"img_choice":[1,1,2,1,1,2,2,1,1,2,2,2,1,1,1,1,2,1,2,1],"center_sample":[3,3,2,2,3,3,2,1,2,3,1,1,3,2,3,3,2,2,2,3],"left_sample":[1,2,1,2,3,1,1,2,2,2,1,2,1,2,2,2,1,2,3,3],"right_sample":[1,2,3,1,2,3,2,1,3,2,2,1,2,3,3,1,2,1,1,2],"RT":[[0,75.40000000223517,0,0],[0,64.39999999850988,0,0],[0,139.90000000223517,0,0],[0,60,0,0],[0,144.80000000074506,0,0],[0,104.39999999850988,0,0],[0,226.80000000074506,0,0],[0,9.599999997764826,0,0],[0,76.5,0,0],[0,52.80000000074506,0,0],[0,128.30000000074506,0,0],[0,37.80000000074506,0,0],[0,138.69999999925494,0,0],[0,69.09999999776483,0,0],[0,5.700000002980232,0,0],[0,38.69999999925494,0,0],[0,6.5,0,0],[0,44.100000001490116,0,0],[0,90.30000000074506,0,0],[0,154.5,0,0]],"response":[[0,1,0,0],[0,1,0,0],[0,1,0,0],[0,1,0,0],[0,1,0,0],[0,1,0,0],[0,1,0,0],[0,1,0,0],[0,1,0,0],[0,1,0,0],[0,1,0,0],[0,1,0,0],[0,1,0,0],[0,1,0,0],[0,1,0,0],[0,1,0,0],[0,1,0,0],[0,1,0,0],[0,1,0,0],[0,1,0,0]],"framerate":[60.01170960193898,59.71040453812356,60.096153846094055,58.56735245545468,60.04002668445631,58.675607711590224,59.96641880541535,60.11372867587327,59.714535391656014,59.95203836937151,58.711086837913015,58.65102639275954,59.61844197161854,60.055661344398736,55.619172256119356,59.99999999999999,58.08325266207926,58.443555829042666,59.922956198981396,57.68222338746333]}
