{"practice":[0,0,0,0,0,0,0,0,0,0,0,0,0,0,0,0,0,0,0,0],"center_interval":[100,25,75,75,25,25,25,0,50,75,75,50,25,25,25,0,0,50,50,100],"image_pair":[4,1,2,4,3,2,3,2,3,4,4,4,1,2,1,2,1,1,3,1],"feature_space":[2,2,2,2,1,1,1,1,2,2,2,2,2,2,1,1,1,1,2,1],"left_img":[2,1,1,1,1,2,2,1,1,1,2,1,2,1,1,2,1,2,2,1],"img1Sample":[1,3,2,3,1,1,2,1,3,3,1,3,2,2,2,2,2,1,3,3],"img2Sample":[2,1,2,2,2,1,2,1,2,2,3,2,1,3,1,3,2,1,2,1],"key":[49,49,49,50,50,49,50,49,50,49,50,49,50,49,49,50,49,49,49,50],"correct":[true,true,false,true,false,false,true,true,false,false,false,true,true,true,true,true,true,false,false,true],"right_img":[1,2,2,2,2,1,1,2,2,2,1,2,1,2,2,1,2,1,1,2],"img_choice":[2,1,1,2,2,2,1,1,2,1,1,1,1,1,1,1,1,2,2,2],"center_sample":[3,2,2,1,2,3,3,2,2,2,2,2,3,1,3,1,3,2,3,2],"left_sample":[2,3,2,3,1,1,2,1,3,3,3,3,1,2,2,3,2,1,2,3],"right_sample":[1,1,2,2,2,1,2,1,2,2,1,2,2,3,1,2,2,1,3,1],"RT":[[0,286.0999999977648,0,0],[0,82.30000000074506,0,0],[0,14.899999998509884,0,0],[0,52,0,0],[0,137.90000000223517,0,0],[0,2.300000000745058,0,0],[0,40,0,0],[0,24,0,0],[0,92.80000000074506,0,0],[0,107.89999999850988,0,0],[0,81.60000000149012,0,0],[0,77.70000000298023,0,0],[0,175.30000000074506,0,0],[0,123,0,0],[0,3,0,0],[0,137.20000000298023,0,0],[0,21.799999997019768,0,0],[0,42.70000000298023,0,0],[0,31.199999999254942,0,0],[0,125.70000000298023,0,0]],"response":[[0,1,0,0],[0,1,0,0],[0,1,0,0],[0,1,0,0],[0,1,0,0],[0,1,0,0],[0,1,0,0],[0,1,0,0],[0,1,0,0],[0,1,0,0],[0,1,0,0],[0,1,0,0],[0,1,0,0],[0,1,0,0],[0,1,0,0],[0,1,0,0],[0,1,0,0],[0,1,0,0],[0,1,0,0],[0,1,0,0]],"framerate":[59.99333407389246,60.029282576866756,59.93844160044604,60.08712633325036,58.76068376062529,60.12349691272277,59.92624462193508,59.974747474606424,60.025725310911426,59.747116854306675,60.03807292442446,60.038072924096944,57.47860518595689,60.1750547046565,60.01622060016221,59.96002664890074,60.04108073924127,60.00923218970521,59.47722648280961,60.52269601100412]}
