{"practice":[0,0,0,0,0,0,0,0,0,0,0,0,0,0,0,0,0,0,0,0],"center_interval":[25,75,0,25,100,50,0,100,50,0,25,75,50,100,25,75,75,100,50,50],"image_pair":[4,4,4,3,1,4,1,2,2,3,4,3,3,4,4,1,4,4,3,4],"feature_space":[1,1,2,1,2,1,1,2,1,1,2,2,2,1,2,2,2,1,1,1],"left_img":[2,2,2,1,1,1,1,2,1,2,1,2,1,1,1,1,2,2,2,1],"img1Sample":[2,3,2,3,3,1,2,2,1,1,1,3,2,1,3,3,1,1,2,3],"img2Sample":[1,3,3,3,2,2,2,1,3,3,3,3,1,1,3,3,2,1,2,1],"key":[50,49,50,50,50,49,49,49,49,50,49,50,49,50,50,50,49,49,49,49],"correct":[true,true,true,false,true,true,true,true,true,true,true,false,true,true,false,true,true,true,false,true],"right_img":[1,1,1,2,2,2,2,1,2,1,2,1,2,2,2,2,1,1,1,2],"img_choice":[1,2,1,2,2,1,1,2,1,1,1,1,1,2,2,2,2,2,2,1],"center_sample":[2,2,1,1,1,3,1,3,2,2,3,2,2,2,3,3,1,2,3,2],"left_sample":[1,3,3,3,3,1,2,1,1,3,1,3,2,1,3,3,2,1,2,3],"right_sample":[2,3,2,3,2,2,2,2,3,1,3,3,1,1,3,3,1,1,2,1],"RT":[[0,3118,0,0],[0,2448,0,0],[0,2497,0,0],[0,3131,0,0],[0,3297,0,0],[0,2181,0,0],[0,2451,0,0],[0,4156,0,0],[0,3850,0,0],[0,2309,0,0],[0,2600,0,0],[0,2994,0,0],[0,2523,0,0],[0,2159,0,0],[0,2230,0,0],[0,2610,0,0],[0,2431,0,0],[0,1748,0,0],[0,2112,0,0],[0,3125,0,0]],"response":[[0,1,0,0],[0,1,0,0],[0,1,0,0],[0,1,0,0],[0,1,0,0],[0,1,0,0],[0,1,0,0],[0,1,0,0],[0,1,0,0],[0,1,0,0],[0,1,0,0],[0,1,0,0],[0,1,0,0],[0,1,0,0],[0,1,0,0],[0,1,0,0],[0,1,0,0],[0,1,0,0],[0,1,0,0],[0,1,0,0]],"framerate":[20.560747663551403,20.361990950226243,21.06607085860198,19.27710843373494,19.4672131147541,20.299145299145298,21.938441388343158,19.64061847053907,20.37617554858934,21.41400407885792,19.172245891661596,19.570011025358323,19.57637997432606,20.78853046594982,18.59134787272077,18.942865872288422,18.621365566808233,19.3631669535284,18.90909090909091,20.516919797495337]}
