{"practice":[0,0,0,0,0,0,0,0,0,0,0,0,0,0,0,0,0,0,0,0],"center_interval":[50,100,50,50,100,75,25,100,0,100,25,25,0,100,0,50,50,25,75,100],"image_pair":[1,2,4,1,3,3,1,1,2,4,1,3,2,3,3,4,4,2,1,2],"feature_space":[1,2,1,1,2,2,2,1,2,2,2,2,1,2,1,1,2,1,2,2],"left_img":[2,1,2,2,2,1,2,2,1,1,1,2,2,1,2,2,2,1,1,2],"img1Sample":[1,2,3,3,2,2,1,3,1,3,1,2,3,3,2,1,1,3,1,3],"img2Sample":[2,1,2,3,3,2,1,1,2,1,2,2,1,3,2,2,1,3,1,1],"key":[49,50,50,49,50,50,50,50,49,49,50,49,49,49,50,49,50,49,49,49],"correct":[false,true,true,false,false,true,true,false,true,false,false,false,false,false,true,false,true,true,false,true],"right_img":[1,2,1,1,1,2,1,1,2,2,2,1,1,2,1,1,1,2,2,1],"img_choice":[2,2,1,2,1,2,1,1,1,1,2,2,2,1,1,2,1,1,1,2],"center_sample":[1,3,1,2,2,2,1,3,2,2,1,2,2,1,1,3,3,1,3,2],"left_sample":[2,2,2,3,3,2,1,1,1,3,1,2,1,3,2,2,1,3,1,1],"right_sample":[1,1,3,3,2,2,1,3,2,1,2,2,3,3,2,1,1,3,1,3],"RT":[[0,1935,0,0],[0,2998,0,0],[0,1854,0,0],[0,1923,0,0],[0,2701,0,0],[0,2046,0,0],[0,3075,0,0],[0,1689,0,0],[0,2115,0,0],[0,1799,0,0],[0,2348,0,0],[0,1347,0,0],[0,2925,0,0],[0,1518,0,0],[0,1747,0,0],[0,1518,0,0],[0,2333,0,0],[0,2427,0,0],[0,2731,0,0],[0,2280,0,0]],"response":[[0,1,0,0],[0,1,0,0],[0,1,0,0],[0,1,0,0],[0,1,0,0],[0,1,0,0],[0,1,0,0],[0,1,0,0],[0,1,0,0],[0,1,0,0],[0,1,0,0],[0,1,0,0],[0,1,0,0],[0,1,0,0],[0,1,0,0],[0,1,0,0],[0,1,0,0],[0,1,0,0],[0,1,0,0],[0,1,0,0]],"framerate":[21.40077821011673,19.602429596907786,20.3334688897926,20.48857368006304,21.693281108767703,20.692249811888637,21.22448979591837,21.221307925508878,21.129326047358834,21.774856203779784,20.587242659466757,22.97090352220521,20.679886685552407,21.616541353383457,22.287636669470142,20.398701900788133,20.854355869492096,21.632251720747295,19.736842105263158,22.437003797031412]}
