{"practice":[0,0,0,0,0,0,0,0,0,0,0,0,0,0,0,0,0,0,0,0],"center_interval":[75,0,100,75,75,100,75,75,75,25,25,25,0,50,100,100,50,100,25,25],"image_pair":[3,4,1,4,4,1,4,4,3,2,4,2,2,2,2,2,3,3,2,2],"feature_space":[2,2,1,2,1,2,1,1,2,1,1,2,1,2,2,2,2,1,1,1],"left_img":[2,1,1,1,2,2,1,1,2,1,1,2,1,1,1,1,2,2,2,2],"img1Sample":[2,2,3,1,1,2,2,2,2,3,1,2,2,3,3,1,3,3,3,3],"img2Sample":[3,1,3,2,1,3,3,2,3,1,3,3,1,1,1,2,2,2,1,2],"key":[50,49,49,49,49,49,49,49,49,50,50,49,50,50,49,50,50,50,50,49],"correct":[false,true,false,false,true,true,false,false,true,false,false,false,false,false,false,true,true,false,true,false],"right_img":[1,2,2,2,1,1,2,2,1,2,2,1,2,2,2,2,1,1,1,1],"img_choice":[1,1,1,1,2,2,1,1,2,2,2,2,2,2,1,2,1,1,1,2],"center_sample":[2,3,2,3,3,2,1,2,1,2,2,3,3,2,2,3,2,3,1,1],"left_sample":[3,2,3,1,1,3,2,2,3,3,1,3,2,3,3,1,2,2,1,2],"right_sample":[2,1,3,2,1,2,3,2,2,1,3,2,1,1,1,2,3,3,3,3],"RT":[[0,2278,0,0],[0,2424,0,0],[0,2310,0,0],[0,4769,0,0],[0,1969,0,0],[0,2367,0,0],[0,2778,0,0],[0,2911,0,0],[0,1655,0,0],[0,1626,0,0],[0,1505,0,0],[0,3758,0,0],[0,1588,0,0],[0,2784,0,0],[0,2565,0,0],[0,1731,0,0],[0,2309,0,0],[0,1826,0,0],[0,2593,0,0],[0,2065,0,0]],"response":[[0,1,0,0],[0,1,0,0],[0,1,0,0],[0,1,0,0],[0,1,0,0],[0,1,0,0],[0,1,0,0],[0,1,0,0],[0,1,0,0],[0,1,0,0],[0,1,0,0],[0,1,0,0],[0,1,0,0],[0,1,0,0],[0,1,0,0],[0,1,0,0],[0,1,0,0],[0,1,0,0],[0,1,0,0],[0,1,0,0]],"framerate":[22.12236432768752,21.660649819494587,20.33781454670803,20.910436713545522,20.94647013188518,21.426180113826582,21.30142982200175,21.50537634408602,20.80566622399292,20.861074123391035,19.58041958041958,20.594965675057207,23.21347291761493,21.18270079435128,21.75940317065589,15.202702702702704,15.045135406218655,23.514851485148515,20.43343653250774,21.50537634408602]}
