{"practice":[0,0,0,0,0,0,0,0,0,0,0,0,0,0,0,0,0,0,0,0],"center_interval":[50,25,25,100,100,25,100,75,25,0,100,75,75,25,50,50,75,0,50,75],"image_pair":[1,2,1,1,1,1,3,4,4,4,4,4,3,2,2,3,4,2,2,2],"feature_space":[2,1,2,2,1,2,2,2,2,1,2,2,2,1,2,1,2,2,1,2],"left_img":[2,2,2,1,2,1,1,2,1,1,2,2,2,1,2,2,2,1,2,1],"img1Sample":[3,2,3,1,3,1,2,3,2,2,3,3,3,2,3,3,2,1,3,2],"img2Sample":[3,3,1,2,1,1,2,3,1,3,2,1,1,2,3,3,3,2,3,3],"key":[50,50,49,49,50,49,50,50,50,49,49,50,49,50,49,50,49,49,49,50],"correct":[true,true,false,false,false,true,true,false,false,true,true,false,true,false,false,true,true,true,false,true],"right_img":[1,1,1,2,1,2,2,1,2,2,1,1,1,2,1,1,1,2,1,2],"img_choice":[1,1,2,1,1,1,2,1,2,1,2,1,2,2,2,1,2,1,2,2],"center_sample":[1,3,3,1,2,1,1,3,1,1,1,3,3,1,1,1,2,2,1,2],"left_sample":[3,3,1,1,1,1,2,3,2,2,2,1,1,2,3,3,3,1,3,2],"right_sample":[3,2,3,2,3,1,2,3,1,3,3,3,3,2,3,3,2,2,3,3],"RT":[[0,1290.6999999284744,0,0],[0,1396.6000000238419,0,0],[0,1654.3999999761581,0,0],[0,1431.5,0,0],[0,1697.6999999284744,0,0],[0,1850.7999999523163,0,0],[0,2415.5,0,0],[0,1407.3000000715256,0,0],[0,2136.7999999523163,0,0],[0,1827.3999999761581,0,0],[0,1420.7999999523163,0,0],[0,2121.7000000476837,0,0],[0,1463.2999999523163,0,0],[0,1750.2000000476837,0,0],[0,1721.3000000715256,0,0],[0,1440.3999999761581,0,0],[0,1767.7999999523163,0,0],[0,2458.5999999046326,0,0],[0,1780,0,0],[0,2201.5,0,0]],"response":[[0,1,0,0],[0,1,0,0],[0,1,0,0],[0,1,0,0],[0,1,0,0],[0,1,0,0],[0,1,0,0],[0,1,0,0],[0,1,0,0],[0,1,0,0],[0,1,0,0],[0,1,0,0],[0,1,0,0],[0,1,0,0],[0,1,0,0],[0,1,0,0],[0,1,0,0],[0,1,0,0],[0,1,0,0],[0,1,0,0]],"framerate":[59.261590096371556,59.89518342899925,59.6948927702852,58.85815185540837,59.872445659867005,59.417222854129406,59.38634114153745,59.329575792833715,58.39629183597659,59.826257991077846,59.16284573079345,59.123792738290355,59.825348577771656,59.00832059712733,59.779803889676494,59.73193473055155,59.79702699168259,59.86075867097872,59.80511061794744,59.04111537864289]}
