{"practice":[1,1,1,1,1],"center_interval":[75,75,75,50,25],"image_pair":[4,3,2,2,3],"feature_space":[1,1,2,2,1],"left_img":[2,1,2,2,2],"img1Sample":[1,3,1,1,1],"img2Sample":[3,1,1,1,3],"key":[49,50,49,50,50],"correct":[true,true,true,true,true],"right_img":[1,2,1,1,1],"img_choice":[2,2,2,1,1],"center_sample":[3,1,1,1,2],"left_sample":[3,3,1,1,3],"right_sample":[1,1,1,1,1],"RT":[[0,1822.8999999761581,0,0],[0,1826.4000000953674,0,0],[0,2500,0,0],[0,2009.2000000476837,0,0],[0,969,0,0]],"response":[[0,1,0,0],[0,1,0,0],[0,1,0,0],[0,1,0,0],[0,1,0,0]],"framerate":[58.453052320745584,59.435973109765094,58.85379816086807,59.73120955590297,59.86117302608063]}
