{"practice":[0,0,0,0,0,0,0,0,0,0,0,0,0,0,0,0,0,0,0,0],"center_interval":[75,50,0,100,0,0,75,25,100,0,0,50,50,0,0,75,0,75,50,0],"image_pair":[3,1,3,4,1,1,2,2,4,2,2,3,3,2,2,2,1,2,2,4],"feature_space":[1,1,1,2,1,2,1,2,2,1,1,2,1,2,1,2,1,2,1,1],"left_img":[1,2,1,2,2,2,1,2,1,2,2,1,2,2,2,2,1,1,2,1],"img1Sample":[1,2,2,1,1,2,1,2,1,1,3,2,2,2,3,3,2,2,3,1],"img2Sample":[1,1,2,3,1,1,1,1,3,2,1,1,2,3,3,2,3,2,2,1],"key":[49,50,50,49,49,50,50,50,50,50,50,50,49,50,50,50,50,50,50,50],"correct":[false,true,false,true,false,true,true,true,true,true,true,false,false,true,true,false,false,true,true,false],"right_img":[2,1,2,1,1,1,2,1,2,1,1,2,1,1,1,1,2,2,1,2],"img_choice":[1,1,2,2,2,1,2,1,2,1,1,2,2,1,1,1,2,2,1,2],"center_sample":[2,1,1,1,2,1,3,2,1,2,2,3,3,3,1,3,3,3,1,2],"left_sample":[1,1,2,3,1,1,1,1,1,2,1,2,2,3,3,2,2,2,2,1],"right_sample":[1,2,2,1,1,2,1,2,3,1,3,1,2,2,3,3,3,2,3,1],"RT":[[0,0,0,586,0,0],[0,0,0,513.3999999985099,0,0],[0,0,0,613.2999999970198,0,0],[0,0,0,586.5999999940395,0,0],[0,0,0,638.5,0,0],[0,0,0,388,0,0],[0,0,0,1372.1000000014901,0,0],[0,0,0,729.9000000059605,0,0],[0,0,0,1831.1000000014901,0,0],[0,0,0,1183.3999999985099,0,0],[0,0,0,489.8999999985099,0,0],[0,0,0,1083.1000000014901,0,0],[0,0,0,1999.5999999940395,0,0],[0,0,0,266.8999999985099,0,0],[0,0,0,788,0,0],[0,0,0,743.9000000059605,0,0],[0,0,0,383.59999999403954,0,0],[0,0,0,30.200000002980232,0,0],[0,0,0,903.3999999985099,0,0],[0,0,0,514.7999999970198,0,0]],"response":[[0,0,0,1,0,0],[0,0,0,1,0,0],[0,0,0,1,0,0],[0,0,0,1,0,0],[0,0,0,1,0,0],[0,0,0,1,0,0],[0,0,0,1,0,0],[0,0,0,1,0,0],[0,0,0,1,0,0],[0,0,0,1,0,0],[0,0,0,1,0,0],[0,0,0,1,0,0],[0,0,0,1,0,0],[0,0,0,1,0,0],[0,0,0,1,0,0],[0,0,0,1,0,0],[0,0,0,1,0,0],[0,0,0,1,0,0],[0,0,0,1,0,0],[0,0,0,1,0,0]],"framerate":[39.94478221278848,39.953137673123116,39.95333916593759,39.95182280189785,39.61827646038173,39.99625035156679,39.954064787746155,39.95048390728661,39.95531878333447,39.95105995149988,39.9491556201739,39.955946008201565,39.95671356034684,39.89749910800203,39.98889197445154,39.949359966239975,39.962535123321885,39.94673768302664,39.95896106704441,39.9447381066616]}
