{"practice":[0,0,0,0,0,0,0,0,0,0,0,0,0,0,0,0,0,0,0,0],"center_interval":[75,75,50,0,100,100,75,0,100,100,25,50,25,75,25,50,25,50,0,75],"image_pair":[1,2,3,4,4,1,3,2,1,3,2,3,2,2,4,4,3,1,2,4],"feature_space":[1,2,1,2,2,1,1,2,2,2,2,1,2,1,2,1,2,2,2,2],"left_img":[2,1,1,2,1,1,2,2,1,1,1,2,2,1,2,2,2,1,2,1],"img1Sample":[3,3,3,2,1,1,1,2,1,2,2,2,1,2,2,2,1,2,2,1],"img2Sample":[2,2,1,2,2,3,1,1,1,2,2,1,2,1,1,2,1,3,3,3],"key":[49,49,50,49,50,50,50,49,50,50,50,50,49,50,50,50,50,50,49,50],"correct":[true,false,false,false,true,true,false,false,true,true,false,true,false,true,true,true,true,false,false,true],"right_img":[1,2,2,1,2,2,1,1,2,2,2,1,1,2,1,1,1,2,1,2],"img_choice":[2,1,2,2,2,2,1,2,2,2,2,1,2,2,1,1,1,2,2,2],"center_sample":[1,2,3,3,1,2,2,3,3,1,2,3,2,2,2,1,3,3,3,3],"left_sample":[2,3,3,2,1,1,1,1,1,2,2,1,2,2,1,2,1,2,3,1],"right_sample":[3,2,1,2,2,3,1,2,1,2,2,2,1,1,2,2,1,3,2,3],"RT":[[0,0,0,532.8000000044703,0,0],[0,0,0,1475.3000000044703,0,0],[0,0,0,432.79999999701977,0,0],[0,0,0,380.19999999552965,0,0],[0,0,0,632,0,0],[0,0,0,393.5,0,0],[0,0,0,595,0,0],[0,0,0,402.90000000596046,0,0],[0,0,0,367.69999999552965,0,0],[0,0,0,547,0,0],[0,0,0,440.69999999552965,0,0],[0,0,0,3112.60000000149,0,0],[0,0,0,741.8999999985099,0,0],[0,0,0,959.3999999985099,0,0],[0,0,0,272.30000000447035,0,0],[0,0,0,1033.1000000014901,0,0],[0,0,0,858.8999999985099,0,0],[0,0,0,395.29999999701977,0,0],[0,0,0,622.5,0,0],[0,0,0,258.1000000014901,0,0]],"response":[[0,0,0,1,0,0],[0,0,0,1,0,0],[0,0,0,1,0,0],[0,0,0,1,0,0],[0,0,0,1,0,0],[0,0,0,1,0,0],[0,0,0,1,0,0],[0,0,0,1,0,0],[0,0,0,1,0,0],[0,0,0,1,0,0],[0,0,0,1,0,0],[0,0,0,1,0,0],[0,0,0,1,0,0],[0,0,0,1,0,0],[0,0,0,1,0,0],[0,0,0,1,0,0],[0,0,0,1,0,0],[0,0,0,1,0,0],[0,0,0,1,0,0],[0,0,0,1,0,0]],"framerate":[39.94753160030394,39.92715046234216,39.98646611914134,39.956297799282034,39.952520193376124,39.94756881589194,39.93305341051135,39.97251889322368,39.94338732505111,39.92610690667376,39.983710340209704,36.40233838749144,39.960602223160265,39.94708994708995,39.95192776167893,39.95122837060695,39.96194100856327,39.94632212958257,39.9381978252978,39.95841725679972]}
