{"practice":[0,0,0,0,0,0,0,0,0,0,0,0,0,0,0,0,0,0,0,0],"center_interval":[100,75,25,0,25,75,0,75,75,25,100,25,0,0,50,100,0,75,100,50],"image_pair":[3,4,2,2,2,2,3,1,4,2,1,4,2,1,3,2,2,2,3,3],"feature_space":[2,2,1,1,1,2,2,2,2,1,1,2,1,2,2,2,2,2,1,2],"left_img":[1,1,2,2,2,1,2,2,1,1,1,2,1,2,1,2,1,1,1,2],"img1Sample":[1,2,2,1,1,1,2,3,3,1,1,3,3,1,3,3,2,3,3,1],"img2Sample":[3,1,3,3,2,2,1,3,3,3,2,1,3,1,2,2,1,2,2,2],"key":[49,50,50,50,50,50,50,50,49,50,49,50,50,49,50,49,49,49,50,50],"correct":[false,true,true,true,true,true,true,false,false,false,false,true,false,false,false,true,true,false,true,true],"right_img":[2,2,1,1,1,2,1,1,2,2,2,1,2,1,2,1,2,2,2,1],"img_choice":[1,2,1,1,1,2,1,1,1,2,1,1,2,2,2,2,1,1,2,1],"center_sample":[1,3,2,3,3,1,3,2,1,2,1,1,2,2,3,1,1,3,3,3],"left_sample":[1,2,3,3,2,1,1,3,3,1,1,1,3,1,3,2,2,3,3,2],"right_sample":[3,1,2,1,1,2,2,3,3,3,2,3,3,1,2,3,1,2,2,1],"RT":[[0,0,0,936,0,0],[0,0,0,526.2000000029802,0,0],[0,0,0,3548.5,0,0],[0,0,0,438.09999999403954,0,0],[0,0,0,440.3999999985099,0,0],[0,0,0,343.80000000447035,0,0],[0,0,0,911.7999999970198,0,0],[0,0,0,354.20000000298023,0,0],[0,0,0,354.5,0,0],[0,0,0,193.79999999701977,0,0],[0,0,0,397.19999999552965,0,0],[0,0,0,603.2999999970198,0,0],[0,0,0,630,0,0],[0,0,0,639.7000000029802,0,0],[0,0,0,216.69999999552965,0,0],[0,0,0,252.60000000149012,0,0],[0,0,0,238.80000000447035,0,0],[0,0,0,217.30000000447035,0,0],[0,0,0,317.6000000014901,0,0],[0,0,0,403.79999999701977,0,0]],"response":[[0,0,0,1,0,0],[0,0,0,1,0,0],[0,0,0,1,0,0],[0,0,0,1,0,0],[0,0,0,1,0,0],[0,0,0,1,0,0],[0,0,0,1,0,0],[0,0,0,1,0,0],[0,0,0,1,0,0],[0,0,0,1,0,0],[0,0,0,1,0,0],[0,0,0,1,0,0],[0,0,0,1,0,0],[0,0,0,1,0,0],[0,0,0,1,0,0],[0,0,0,1,0,0],[0,0,0,1,0,0],[0,0,0,1,0,0],[0,0,0,1,0,0],[0,0,0,1,0,0]],"framerate":[39.944610140652586,39.95313767303369,39.94904138032401,39.968025579518056,39.944691964971575,39.917630286709965,39.97746237019142,39.952183213828825,39.94715651732541,39.954717986302036,39.96003996000278,39.95182280189785,39.9525201934623,39.952520193376124,39.914233877618344,39.99606596066656,39.94368595099336,39.93794765154338,39.962914415441524,39.96282527881041]}
