{"practice":[0,0,0,0,0,0,0,0,0,0,0,0,0,0,0,0,0,0,0,0],"center_interval":[25,75,100,75,25,75,75,75,100,100,75,25,50,50,100,0,100,100,0,25],"image_pair":[3,2,3,1,1,2,1,4,1,3,1,1,2,4,4,1,3,3,2,4],"feature_space":[2,1,1,2,1,2,1,1,1,1,1,2,1,2,1,1,2,1,2,1],"left_img":[1,2,1,2,1,2,1,1,1,2,1,2,1,1,1,1,2,2,1,1],"img1Sample":[2,3,3,3,3,1,2,1,1,2,1,2,1,2,1,2,2,2,2,1],"img2Sample":[3,1,2,2,1,2,2,1,2,1,1,2,2,3,1,1,3,3,2,3],"key":[49,49,49,50,49,49,49,50,50,50,49,49,49,49,49,49,49,49,49,49],"correct":[true,true,false,false,true,true,false,true,true,false,false,false,true,true,false,true,true,true,true,true],"right_img":[2,1,2,1,2,1,2,2,2,1,2,1,2,2,2,2,1,1,2,2],"img_choice":[1,2,1,1,1,2,1,2,2,1,1,2,1,1,1,1,2,2,1,1],"center_sample":[2,1,3,3,1,1,2,1,3,3,3,2,1,3,2,3,2,1,1,1],"left_sample":[2,1,3,2,3,2,2,1,1,1,1,2,1,2,1,2,3,3,2,1],"right_sample":[3,3,2,3,1,1,2,1,2,2,1,2,2,3,1,1,2,2,2,3],"RT":[[0,0,0,308.3999999985099,0,0],[0,0,0,417.8999999985099,0,0],[0,0,0,718.1000000014901,0,0],[0,0,0,245.20000000298023,0,0],[0,0,0,468.8999999985099,0,0],[0,0,0,470.8999999985099,0,0],[0,0,0,543.4000000059605,0,0],[0,0,0,447.79999999701977,0,0],[0,0,0,535.5,0,0],[0,0,0,527.5,0,0],[0,0,0,491.3999999985099,0,0],[0,0,0,723.8999999985099,0,0],[0,0,0,903.6999999955297,0,0],[0,0,0,746.7000000029802,0,0],[0,0,0,663.7000000029802,0,0],[0,0,0,857,0,0],[0,0,0,497.29999999701977,0,0],[0,0,0,657.1999999955297,0,0],[0,0,0,554.7999999970198,0,0],[0,0,0,766.8999999985099,0,0]],"response":[[0,0,0,1,0,0],[0,0,0,1,0,0],[0,0,0,1,0,0],[0,0,0,1,0,0],[0,0,0,1,0,0],[0,0,0,1,0,0],[0,0,0,1,0,0],[0,0,0,1,0,0],[0,0,0,1,0,0],[0,0,0,1,0,0],[0,0,0,1,0,0],[0,0,0,1,0,0],[0,0,0,1,0,0],[0,0,0,1,0,0],[0,0,0,1,0,0],[0,0,0,1,0,0],[0,0,0,1,0,0],[0,0,0,1,0,0],[0,0,0,1,0,0],[0,0,0,1,0,0]],"framerate":[33.87772060462081,39.9492118547701,39.94334277620397,39.955459487706115,39.95364157622272,39.95486015795313,39.94395922144411,39.953285389335974,39.945149943432334,39.95673856874976,39.95520174346367,39.932030586236195,39.97210001071478,39.95048390728661,39.95056476880955,39.96628694161128,39.93706886115242,39.955158239690576,39.949101885041,39.95529477507684]}
