{"practice":[0,0,0,0,0,0,0,0,0,0,0,0,0,0,0,0,0,0,0,0],"center_interval":[25,0,100,100,75,0,50,75,100,25,0,0,50,75,75,0,25,50,0,25],"image_pair":[1,2,1,3,2,4,4,2,2,3,4,2,1,4,3,2,3,4,3,4],"feature_space":[2,1,2,1,2,1,1,1,2,2,2,2,1,2,2,2,1,1,2,1],"left_img":[1,1,1,2,1,2,2,2,2,2,2,1,1,1,2,1,2,2,1,2],"img1Sample":[2,2,2,1,1,1,1,3,2,2,2,2,2,1,3,2,2,3,3,1],"img2Sample":[3,3,2,1,1,2,1,3,3,3,1,1,3,1,2,2,1,1,1,3],"key":[50,49,49,50,49,null,null,49,49,49,50,50,49,49,49,49,49,50,50,49],"correct":[false,true,false,false,false,null,null,true,true,false,true,false,true,false,true,true,false,true,false,false],"right_img":[2,2,2,1,2,1,1,1,1,1,1,2,2,2,1,2,1,1,2,1],"img_choice":[2,1,1,1,1,null,null,2,2,2,1,2,1,1,2,1,2,1,2,2],"center_sample":[3,1,3,3,2,2,3,3,2,1,1,1,2,2,3,3,3,3,2,3],"left_sample":[2,2,2,1,1,2,1,3,3,3,1,2,2,1,2,2,1,1,3,3],"right_sample":[3,3,2,1,1,1,1,3,2,2,2,1,3,1,3,2,2,3,1,1],"RT":[[0,0,0,843.3999999985099,0,0],[0,0,0,317.09999999403954,0,0],[0,0,0,658.2999999970198,0,0],[0,0,0,261.69999999552965,0,0],[0,0,0,607.2000000029802,0,0],[0,0,0,0,0,0],[0,0,0,0,0,0],[0,0,0,4997.89999999851,0,0],[0,0,0,1531.5,0,0],[0,0,0,512.7000000029802,0,0],[0,0,0,1023.1000000014901,0,0],[0,0,0,3083.5,0,0],[0,0,0,253.20000000298023,0,0],[0,0,0,1631.5999999940395,0,0],[0,0,0,1234.5999999940395,0,0],[0,0,0,380.29999999701977,0,0],[0,0,0,227.60000000149012,0,0],[0,0,0,408.6000000014901,0,0],[0,0,0,756.8999999985099,0,0],[0,0,0,715,0,0]],"response":[[0,0,0,1,0,0],[0,0,0,1,0,0],[0,0,0,1,0,0],[0,0,0,1,0,0],[0,0,0,1,0,0],[0,0,0,1,0,0],[0,0,0,1,0,0],[0,0,0,1,0,0],[0,0,0,1,0,0],[0,0,0,1,0,0],[0,0,0,1,0,0],[0,0,0,1,0,0],[0,0,0,1,0,0],[0,0,0,1,0,0],[0,0,0,1,0,0],[0,0,0,1,0,0],[0,0,0,1,0,0],[0,0,0,1,0,0],[0,0,0,1,0,0],[0,0,0,1,0,0]],"framerate":[39.943094769144935,39.88894916548524,40.02533978349438,39.90656024913408,39.98949181238787,39.944691964986816,39.95389934690741,39.95696941751983,39.952240999306255,39.93634207123126,39.96969617807664,39.949893354108326,39.95676808702685,39.951245937107686,39.9467376831039,39.96003996009573,39.94322120616031,39.93066303471197,39.97093023262474,39.93824674450949]}
