{"practice":[0,0,0,0,0,0,0,0,0,0,0,0,0,0,0,0,0,0,0,0],"center_interval":[50,100,50,50,50,0,0,25,25,50,0,50,75,100,75,25,50,25,75,75],"image_pair":[2,2,1,1,2,4,4,1,3,1,3,3,1,4,1,4,2,2,1,3],"feature_space":[1,2,1,1,1,1,2,1,1,1,2,2,2,1,1,2,1,1,2,2],"left_img":[1,1,1,1,2,1,1,1,1,1,2,1,1,2,2,2,1,1,2,1],"img1Sample":[3,2,3,2,3,1,2,3,2,1,1,3,3,3,2,3,3,3,1,2],"img2Sample":[2,1,1,1,2,1,3,2,2,3,3,3,3,2,3,2,1,1,1,1],"key":[49,49,50,50,50,50,49,50,50,50,49,49,49,50,50,50,50,50,49,50],"correct":[true,false,false,false,true,false,true,false,false,false,false,true,false,false,false,true,false,false,true,true],"right_img":[2,2,2,2,1,2,2,2,2,2,1,2,2,1,1,1,2,2,1,2],"img_choice":[1,1,2,2,1,2,1,2,2,2,2,1,1,1,1,1,2,2,2,2],"center_sample":[2,3,2,3,1,2,3,3,2,3,3,2,3,1,3,1,3,3,3,1],"left_sample":[3,2,3,2,2,1,2,3,2,1,3,3,3,2,3,2,3,3,1,2],"right_sample":[2,1,1,1,3,1,3,2,2,3,1,3,3,3,2,3,1,1,1,1],"RT":[[0,0,0,349.69999980926514,0,0],[0,0,0,776.9000000953674,0,0],[0,0,0,848.3000001907349,0,0],[0,0,0,869.6999998092651,0,0],[0,0,0,851.5999999046326,0,0],[0,0,0,704.6999998092651,0,0],[0,0,0,795,0,0],[0,0,0,860.3000001907349,0,0],[0,0,0,211.59999990463257,0,0],[0,0,0,444.5,0,0],[0,0,0,1919.7999997138977,0,0],[0,0,0,873.6000003814697,0,0],[0,0,0,1007.7000002861023,0,0],[0,0,0,309,0,0],[0,0,0,1088,0,0],[0,0,0,299.3999996185303,0,0],[0,0,0,867.5999999046326,0,0],[0,0,0,422.09999990463257,0,0],[0,0,0,532.3000001907349,0,0],[0,0,0,204.19999980926514,0,0]],"response":[[0,0,0,1,0,0],[0,0,0,1,0,0],[0,0,0,1,0,0],[0,0,0,1,0,0],[0,0,0,1,0,0],[0,0,0,1,0,0],[0,0,0,1,0,0],[0,0,0,1,0,0],[0,0,0,1,0,0],[0,0,0,1,0,0],[0,0,0,1,0,0],[0,0,0,1,0,0],[0,0,0,1,0,0],[0,0,0,1,0,0],[0,0,0,1,0,0],[0,0,0,1,0,0],[0,0,0,1,0,0],[0,0,0,1,0,0],[0,0,0,1,0,0],[0,0,0,1,0,0]],"framerate":[18.268291914157235,17.80250347705146,18.104512412563434,17.933807943826178,18.55591333345239,18.4344866704481,18.101311648409514,18.75560629730482,18.735824868167644,18.600963590359846,16.94843438905823,18.091483501181255,16.496033097214838,19.127163759818895,17.63397991216701,18.967401788018027,17.972387875873988,17.555206506728503,18.911536035899772,19.933337691589433]}
