{"practice":[0,0,0,0,0,0,0,0,0,0,0,0,0,0,0,0,0,0,0,0],"center_interval":[0,75,25,75,25,75,75,75,75,0,75,75,0,100,100,75,75,75,0,50],"image_pair":[2,2,2,4,4,4,3,1,2,4,1,4,1,3,2,3,3,3,3,3],"feature_space":[1,1,2,1,1,2,2,1,1,1,2,2,2,1,1,2,2,1,1,1],"left_img":[1,1,1,2,1,1,1,1,1,2,2,1,2,1,2,2,1,1,2,1],"img1Sample":[3,1,2,3,3,2,3,2,2,2,1,1,1,1,1,2,2,2,2,1],"img2Sample":[3,3,2,1,3,1,3,2,3,1,3,2,2,1,3,3,1,1,3,2],"key":[50,50,50,50,50,49,50,50,50,49,49,49,50,49,49,49,50,50,50,49],"correct":[false,true,false,false,false,false,true,true,true,false,true,false,true,false,true,true,true,true,true,true],"right_img":[2,2,2,1,2,2,2,2,2,1,1,2,1,2,1,1,2,2,1,2],"img_choice":[2,2,2,1,2,1,2,2,2,2,2,1,1,1,2,2,2,2,1,1],"center_sample":[2,3,3,2,3,3,1,1,2,1,1,3,3,3,2,2,1,1,1,1],"left_sample":[3,1,2,1,3,2,3,2,2,1,3,1,2,1,3,3,2,2,3,1],"right_sample":[3,3,2,3,3,1,3,2,3,2,1,2,1,1,1,2,1,1,2,2],"RT":[[0,0,0,217.40000009536743,0,0],[0,0,0,628.4000000953674,0,0],[0,0,0,2071.4000000953674,0,0],[0,0,0,111.69999980926514,0,0],[0,0,0,1867,0,0],[0,0,0,542.2000002861023,0,0],[0,0,0,378.69999980926514,0,0],[0,0,0,514.5,0,0],[0,0,0,150.90000009536743,0,0],[0,0,0,64.09999990463257,0,0],[0,0,0,278.2000002861023,0,0],[0,0,0,113.10000038146973,0,0],[0,0,0,558.8000001907349,0,0],[0,0,0,298.90000009536743,0,0],[0,0,0,506,0,0],[0,0,0,1146.5,0,0],[0,0,0,696.5999999046326,0,0],[0,0,0,108.80000019073486,0,0],[0,0,0,117.7000002861023,0,0],[0,0,0,108.5,0,0]],"response":[[0,0,0,1,0,0],[0,0,0,1,0,0],[0,0,0,1,0,0],[0,0,0,1,0,0],[0,0,0,1,0,0],[0,0,0,1,0,0],[0,0,0,1,0,0],[0,0,0,1,0,0],[0,0,0,1,0,0],[0,0,0,1,0,0],[0,0,0,1,0,0],[0,0,0,1,0,0],[0,0,0,1,0,0],[0,0,0,1,0,0],[0,0,0,1,0,0],[0,0,0,1,0,0],[0,0,0,1,0,0],[0,0,0,1,0,0],[0,0,0,1,0,0],[0,0,0,1,0,0]],"framerate":[19.59695594073156,18.916244687325538,16.80844521881726,19.73326075250538,16.881424023595503,19.251273545244658,18.427710277267636,18.641570704805073,19.8807157038488,18.40853044415115,18.828112319428666,19.801980198019802,18.62252438663908,19.166879631411994,17.139764253558628,16.91577459017713,18.23881447705899,19.77902060003584,19.941190385741976,19.41813722087216]}
