{"practice":[0,0,0,0,0,0,0,0,0,0,0,0,0,0,0,0,0,0,0,0],"center_interval":[50,0,25,0,75,75,0,75,25,75,50,50,75,25,25,25,0,50,0,100],"image_pair":[4,3,1,2,2,4,1,1,1,4,2,2,1,1,4,1,2,2,3,4],"feature_space":[2,1,2,1,2,2,1,1,1,1,2,2,1,2,1,1,1,2,1,1],"left_img":[1,2,2,2,2,1,2,1,2,2,1,1,2,2,1,2,1,1,2,2],"img1Sample":[3,3,2,1,1,1,1,2,2,2,2,1,2,2,1,3,3,2,2,1],"img2Sample":[1,1,2,3,2,3,2,3,3,1,2,2,1,1,3,2,2,2,1,2],"key":[50,50,49,50,50,50,49,50,50,50,49,50,50,50,50,49,50,50,50,50],"correct":[false,true,false,true,false,true,false,true,true,false,true,false,false,true,false,false,false,false,true,false],"right_img":[2,1,1,1,1,2,1,2,1,1,2,2,1,1,2,1,2,2,1,1],"img_choice":[2,1,2,1,1,2,2,2,1,1,1,2,1,1,2,2,2,2,1,1],"center_sample":[2,1,1,2,2,3,2,2,2,3,3,1,3,1,1,1,1,2,1,1],"left_sample":[3,1,2,3,2,1,2,2,3,1,2,1,1,1,1,2,3,2,1,2],"right_sample":[1,3,2,1,1,3,1,3,2,2,2,2,2,2,3,3,2,2,2,1],"RT":[[0,0,0,533.3000001907349,0,0],[0,0,0,1055.9000000953674,0,0],[0,0,0,1199.8999996185303,0,0],[0,0,0,540.5999999046326,0,0],[0,0,0,853.7999997138977,0,0],[0,0,0,534.1000003814697,0,0],[0,0,0,1024.7000002861023,0,0],[0,0,0,494.59999990463257,0,0],[0,0,0,124,0,0],[0,0,0,1091.3999996185303,0,0],[0,0,0,142,0,0],[0,0,0,313,0,0],[0,0,0,135.90000009536743,0,0],[0,0,0,988.8000001907349,0,0],[0,0,0,307.09999990463257,0,0],[0,0,0,1157.8000001907349,0,0],[0,0,0,4507.099999904633,0,0],[0,0,0,264.80000019073486,0,0],[0,0,0,292.09999990463257,0,0],[0,0,0,902.1999998092651,0,0]],"response":[[0,0,0,1,0,0],[0,0,0,1,0,0],[0,0,0,1,0,0],[0,0,0,1,0,0],[0,0,0,1,0,0],[0,0,0,1,0,0],[0,0,0,1,0,0],[0,0,0,1,0,0],[0,0,0,1,0,0],[0,0,0,1,0,0],[0,0,0,1,0,0],[0,0,0,1,0,0],[0,0,0,1,0,0],[0,0,0,1,0,0],[0,0,0,1,0,0],[0,0,0,1,0,0],[0,0,0,1,0,0],[0,0,0,1,0,0],[0,0,0,1,0,0],[0,0,0,1,0,0]],"framerate":[18.808215904234903,18.279182329305,16.361337662916696,18.487044161232706,17.95625204094908,19.045918518098766,17.744376599181795,18.53934291598453,19.523360709666154,17.199332563213964,19.306327058448986,18.894510982127816,18.954137755965476,17.558112111611386,19.511883055458018,18.1369338497004,15.55040240076388,19.94833055613646,20.167098818168544,17.832428402772834]}
