{"practice":[0,0,0,0,0,0,0,0,0,0,0,0,0,0,0,0,0,0,0,0],"center_interval":[100,0,75,75,25,75,25,100,0,75,100,50,50,100,25,50,25,0,75,100],"image_pair":[4,4,1,4,1,4,2,3,2,2,4,2,2,4,1,4,3,1,4,1],"feature_space":[2,1,1,1,2,2,1,2,2,1,2,2,2,2,1,1,1,1,1,1],"left_img":[2,1,2,2,1,2,2,2,1,2,1,1,2,1,1,2,2,2,1,2],"img1Sample":[2,1,1,3,1,2,3,3,2,1,2,1,1,1,2,3,3,1,2,3],"img2Sample":[1,1,2,1,3,2,1,2,2,1,2,2,1,3,2,3,2,3,3,2],"key":[49,50,49,49,50,49,50,49,50,49,50,49,49,50,50,49,50,50,49,49],"correct":[true,false,true,true,false,true,true,true,false,true,true,true,false,true,false,false,true,true,false,true],"right_img":[1,2,1,1,2,1,1,1,2,1,2,2,1,2,2,1,1,1,2,1],"img_choice":[2,2,2,2,2,2,1,2,2,2,2,1,2,2,2,2,1,1,1,2],"center_sample":[2,2,3,2,3,2,2,1,1,2,3,1,3,1,2,3,3,3,3,1],"left_sample":[1,1,2,1,1,2,1,2,2,1,2,1,1,1,2,3,2,3,2,2],"right_sample":[2,1,1,3,3,2,3,3,2,1,2,2,1,3,2,3,3,1,3,3],"RT":[[0,0,0,538.5,0,0],[0,0,0,1053.3000001907349,0,0],[0,0,0,2783.4000000953674,0,0],[0,0,0,1398.1000003814697,0,0],[0,0,0,108.7000002861023,0,0],[0,0,0,615.7000002861023,0,0],[0,0,0,371.69999980926514,0,0],[0,0,0,512.2000002861023,0,0],[0,0,0,299.7000002861023,0,0],[0,0,0,116.19999980926514,0,0],[0,0,0,275.59999990463257,0,0],[0,0,0,595.9000000953674,0,0],[0,0,0,310.59999990463257,0,0],[0,0,0,641.2000002861023,0,0],[0,0,0,1091.7999997138977,0,0],[0,0,0,478,0,0],[0,0,0,112.39999961853027,0,0],[0,0,0,39.299999713897705,0,0],[0,0,0,27.5,0,0],[0,0,0,1212.3999996185303,0,0]],"response":[[0,0,0,1,0,0],[0,0,0,1,0,0],[0,0,0,1,0,0],[0,0,0,1,0,0],[0,0,0,1,0,0],[0,0,0,1,0,0],[0,0,0,1,0,0],[0,0,0,1,0,0],[0,0,0,1,0,0],[0,0,0,1,0,0],[0,0,0,1,0,0],[0,0,0,1,0,0],[0,0,0,1,0,0],[0,0,0,1,0,0],[0,0,0,1,0,0],[0,0,0,1,0,0],[0,0,0,1,0,0],[0,0,0,1,0,0],[0,0,0,1,0,0],[0,0,0,1,0,0]],"framerate":[18.717133604151936,17.301484828921886,14.094809898241863,16.65278934221482,19.349582458257846,17.993963313540704,18.732438339057133,18.524604860338396,18.24642274024773,19.75342278943822,19.92287917737789,18.48320375531759,16.27988636100014,18.229166666666668,18.180887023319606,19.5995657936711,19.77160388614283,20.17672024000703,19.630525465132564,17.589495850365417]}
