{"practice":[1,1,1,1,1],"center_interval":[50,0,0,50,25],"image_pair":[3,3,2,2,4],"feature_space":[1,1,2,2,2],"left_img":[2,2,1,1,1],"img1Sample":[2,2,1,2,2],"img2Sample":[1,3,1,1,2],"key":[50,50,49,49,49],"correct":[true,true,true,true,true],"right_img":[1,1,2,2,2],"img_choice":[1,1,1,1,1],"center_sample":[1,1,2,2,3],"left_sample":[1,3,1,2,2],"right_sample":[2,2,1,1,2],"RT":[[0,0,0,1519.3999996185303,0,0],[0,0,0,2867.5999999046326,0,0],[0,0,0,2100.5999999046326,0,0],[0,0,0,2954.699999809265,0,0],[0,0,0,1501.4000000953674,0,0]],"response":[[0,0,0,1,0,0],[0,0,0,1,0,0],[0,0,0,1,0,0],[0,0,0,1,0,0],[0,0,0,1,0,0]],"framerate":[15.553904726874206,16.011260666842613,16.25223468195394,15.771230502599654,17.559668215076965]}
