{"practice":[0,0,0,0,0,0,0,0,0,0,0,0,0,0,0,0,0,0,0,0],"center_interval":[50,0,75,100,25,25,25,100,25,75,75,50,50,100,25,25,0,25,100,50],"image_pair":[4,3,1,2,2,1,3,2,1,2,1,1,1,3,4,2,1,2,3,2],"feature_space":[2,2,1,1,2,1,1,1,2,1,2,2,2,2,2,2,1,2,2,1],"left_img":[1,2,1,2,2,2,2,2,2,2,2,1,1,1,1,2,2,1,1,1],"img1Sample":[2,2,3,2,1,3,3,2,1,2,1,2,3,1,1,1,2,1,2,2],"img2Sample":[3,2,2,1,3,3,1,1,1,3,1,3,3,2,1,1,2,2,1,3],"key":[50,50,49,50,49,50,49,50,50,50,50,49,50,49,49,50,49,50,49,50],"correct":[false,true,false,false,false,true,false,false,true,false,false,true,false,false,true,true,false,false,false,false],"right_img":[2,1,2,1,1,1,1,1,1,1,1,2,2,2,2,1,1,2,2,2],"img_choice":[2,1,1,1,2,1,2,1,1,1,1,1,2,1,1,1,2,2,1,2],"center_sample":[1,1,3,2,3,3,3,3,3,3,1,3,3,3,1,3,1,3,2,3],"left_sample":[2,2,3,1,3,3,1,1,1,3,1,2,3,1,1,1,2,1,2,2],"right_sample":[3,2,2,2,1,3,3,2,1,2,1,3,3,2,1,1,2,2,1,3],"RT":[[0,0,0,1161,0,0],[0,0,0,1057.0999999046326,0,0],[0,0,0,1398.0999999046326,0,0],[0,0,0,1349.3000001907349,0,0],[0,0,0,509.80000019073486,0,0],[0,0,0,2288.9000000953674,0,0],[0,0,0,85.2000002861023,0,0],[0,0,0,3278.5,0,0],[0,0,0,1235.2000002861023,0,0],[0,0,0,822.6999998092651,0,0],[0,0,0,340.59999990463257,0,0],[0,0,0,686.5999999046326,0,0],[0,0,0,2497,0,0],[0,0,0,36.30000019073486,0,0],[0,0,0,825.3000001907349,0,0],[0,0,0,807.1999998092651,0,0],[0,0,0,965.9000000953674,0,0],[0,0,0,222,0,0],[0,0,0,331.80000019073486,0,0],[0,0,0,486.59999990463257,0,0]],"response":[[0,0,0,1,0,0],[0,0,0,1,0,0],[0,0,0,1,0,0],[0,0,0,1,0,0],[0,0,0,1,0,0],[0,0,0,1,0,0],[0,0,0,1,0,0],[0,0,0,1,0,0],[0,0,0,1,0,0],[0,0,0,1,0,0],[0,0,0,1,0,0],[0,0,0,1,0,0],[0,0,0,1,0,0],[0,0,0,1,0,0],[0,0,0,1,0,0],[0,0,0,1,0,0],[0,0,0,1,0,0],[0,0,0,1,0,0],[0,0,0,1,0,0],[0,0,0,1,0,0]],"framerate":[59.98437382146864,59.987071751777634,59.985717686265176,59.98410060121908,59.99035330484644,59.98470978322423,59.98552073045747,59.98553773618887,59.98666962755912,59.9873421220442,59.984765770140534,59.988002402788524,59.97962955761435,59.99789481271599,59.9873421220442,53.894201532414115,59.989913204991176,59.986816084377054,59.98149506701957,59.99091046811089]}
