{"practice":[1,1,1,1,1],"center_interval":[0,25,50,25,75],"image_pair":[3,3,2,4,1],"feature_space":[1,2,2,1,2],"left_img":[2,1,1,2,1],"img1Sample":[2,2,1,1,2],"img2Sample":[1,1,1,2,1],"key":[null,50,50,49,50],"correct":[null,false,false,false,true],"right_img":[1,2,2,1,2],"img_choice":[null,2,2,2,2],"center_sample":[1,1,3,3,1],"left_sample":[1,2,1,2,2],"right_sample":[2,1,1,1,1],"RT":[[0,0,0,0,0,0],[0,0,0,1026.2000002861023,0,0],[0,0,0,1083.9000000953674,0,0],[0,0,0,585.3999996185303,0,0],[0,0,0,504.2000002861023,0,0]],"response":[[0,0,0,1,0,0],[0,0,0,1,0,0],[0,0,0,1,0,0],[0,0,0,1,0,0],[0,0,0,1,0,0]],"framerate":[59.85337845058344,59.99269653830594,59.981544143197105,59.9770675884398,59.99577918968867]}
