{"practice":[0,0,0,0,0,0,0,0,0,0,0,0,0,0,0,0,0,0,0,0],"center_interval":[0,75,75,0,75,50,0,0,50,50,0,0,75,75,100,100,75,75,25,0],"image_pair":[1,3,4,3,2,2,3,3,4,3,2,2,1,4,2,3,3,4,3,2],"feature_space":[1,1,1,2,2,2,1,2,1,1,2,1,1,1,1,2,1,2,1,2],"left_img":[1,1,2,1,2,1,1,2,2,2,2,2,2,2,1,2,2,2,1,2],"img1Sample":[2,2,2,2,2,3,3,1,3,3,1,2,2,2,1,1,2,3,2,1],"img2Sample":[1,3,3,1,2,2,2,1,3,3,1,1,2,3,1,2,1,3,1,1],"key":[49,49,50,49,50,49,50,49,50,49,49,50,49,49,50,49,49,49,49,50],"correct":[true,false,false,true,false,true,false,false,true,false,false,true,true,true,true,true,true,true,true,true],"right_img":[2,2,1,2,1,2,2,1,1,1,1,1,1,1,2,1,1,1,2,1],"img_choice":[1,1,1,1,1,1,2,2,1,2,2,1,2,2,2,2,2,2,1,1],"center_sample":[3,3,3,3,2,1,2,3,2,3,2,1,3,1,3,3,3,2,2,3],"left_sample":[2,2,3,2,2,3,3,1,3,3,1,1,2,3,1,2,1,3,2,1],"right_sample":[1,3,2,1,2,2,2,1,3,3,1,2,2,2,1,1,2,3,1,1],"RT":[[0,0,0,1463.8000001907349,0,0],[0,0,0,1285.2999997138977,0,0],[0,0,0,368.7000002861023,0,0],[0,0,0,606.4000000953674,0,0],[0,0,0,205.5,0,0],[0,0,0,140.09999990463257,0,0],[0,0,0,293.6000003814697,0,0],[0,0,0,344.2000002861023,0,0],[0,0,0,9.599999904632568,0,0],[0,0,0,401.90000009536743,0,0],[0,0,0,1335.5999999046326,0,0],[0,0,0,169.2999997138977,0,0],[0,0,0,168.80000019073486,0,0],[0,0,0,352.59999990463257,0,0],[0,0,0,432.40000009536743,0,0],[0,0,0,1127.0999999046326,0,0],[0,0,0,840.1000003814697,0,0],[0,0,0,541.2000002861023,0,0],[0,0,0,1206.7999997138977,0,0],[0,0,0,572.9000000953674,0,0]],"response":[[0,0,0,1,0,0],[0,0,0,1,0,0],[0,0,0,1,0,0],[0,0,0,1,0,0],[0,0,0,1,0,0],[0,0,0,1,0,0],[0,0,0,1,0,0],[0,0,0,1,0,0],[0,0,0,1,0,0],[0,0,0,1,0,0],[0,0,0,1,0,0],[0,0,0,1,0,0],[0,0,0,1,0,0],[0,0,0,1,0,0],[0,0,0,1,0,0],[0,0,0,1,0,0],[0,0,0,1,0,0],[0,0,0,1,0,0],[0,0,0,1,0,0],[0,0,0,1,0,0]],"framerate":[59.98266126063863,59.98829497102097,59.985553219346336,59.98536942209217,59.985417907562585,59.98576608358624,59.98645467521577,59.984765770140534,59.98864120809383,59.98632435950744,59.985545651650206,59.982574898277846,59.99061598919421,59.98610847833532,59.98392183892184,59.98525785744827,59.98685220147978,59.98925565741092,59.983075312001375,59.988179669030735]}
