{"practice":[0,0,0,0,0,0,0,0,0,0,0,0,0,0,0,0,0,0,0,0],"center_interval":[25,50,100,25,25,0,0,100,50,0,100,25,75,25,100,100,25,0,100,75],"image_pair":[1,2,4,3,3,3,3,1,1,2,3,2,2,4,1,4,3,1,3,1],"feature_space":[2,2,2,2,2,1,1,1,2,1,1,1,1,1,1,1,2,1,1,2],"left_img":[1,1,1,2,1,2,1,1,2,1,1,1,1,1,2,2,1,2,1,2],"img1Sample":[1,1,2,1,3,2,3,3,2,2,1,1,2,2,2,3,1,1,2,2],"img2Sample":[2,1,1,1,3,1,2,2,2,1,1,1,2,3,1,2,1,2,2,3],"key":[50,49,50,49,50,49,49,49,50,50,49,49,50,49,49,50,49,50,49,50],"correct":[false,true,true,false,false,false,true,false,true,false,false,true,true,true,true,false,true,true,false,false],"right_img":[2,2,2,1,2,1,2,2,1,2,2,2,2,2,1,1,2,1,2,1],"img_choice":[2,1,2,2,2,2,1,1,1,2,1,1,2,1,2,1,1,1,1,1],"center_sample":[2,2,3,1,1,1,1,1,3,1,2,3,1,1,2,1,2,2,1,2],"left_sample":[1,1,2,1,3,1,3,3,2,2,1,1,2,2,1,2,1,2,2,3],"right_sample":[2,1,1,1,3,2,2,2,2,1,1,1,2,3,2,3,1,1,2,2],"RT":[[0,0,0,861.8000001907349,0,0],[0,0,0,499.19999980926514,0,0],[0,0,0,536.0999999046326,0,0],[0,0,0,503.59999990463257,0,0],[0,0,0,737.8000001907349,0,0],[0,0,0,490.8999996185303,0,0],[0,0,0,1030.0999999046326,0,0],[0,0,0,140,0,0],[0,0,0,541.5,0,0],[0,0,0,1798.0999999046326,0,0],[0,0,0,349.7999997138977,0,0],[0,0,0,14.799999713897705,0,0],[0,0,0,645.5999999046326,0,0],[0,0,0,603.4000000953674,0,0],[0,0,0,625.4000000953674,0,0],[0,0,0,775.5,0,0],[0,0,0,822.6999998092651,0,0],[0,0,0,437.3999996185303,0,0],[0,0,0,257.2999997138977,0,0],[0,0,0,23.09999990463257,0,0]],"response":[[0,0,0,1,0,0],[0,0,0,1,0,0],[0,0,0,1,0,0],[0,0,0,1,0,0],[0,0,0,1,0,0],[0,0,0,1,0,0],[0,0,0,1,0,0],[0,0,0,1,0,0],[0,0,0,1,0,0],[0,0,0,1,0,0],[0,0,0,1,0,0],[0,0,0,1,0,0],[0,0,0,1,0,0],[0,0,0,1,0,0],[0,0,0,1,0,0],[0,0,0,1,0,0],[0,0,0,1,0,0],[0,0,0,1,0,0],[0,0,0,1,0,0],[0,0,0,1,0,0]],"framerate":[59.98473116090102,59.675269593761904,59.98746530917173,59.98854489752453,59.98648192440078,59.675269593761904,59.983308998247914,59.99389892165443,57.27581886848174,60.00652244809218,59.984765770140534,59.98438276222029,59.98782855984055,59.98536942209217,59.98660493454494,59.9871655302912,59.9873421220442,59.98707970942923,59.975879264083,59.996470795835535]}
