{"practice":[0,0,0,0,0,0,0,0,0,0,0,0,0,0,0,0,0,0,0,0],"center_interval":[50,25,25,25,25,50,50,50,50,75,75,50,50,100,0,100,50,25,75,0],"image_pair":[1,3,4,3,4,2,3,4,2,1,4,3,4,2,3,2,1,1,3,4],"feature_space":[2,2,2,1,2,1,1,2,1,2,1,2,2,2,1,2,2,2,2,2],"left_img":[2,2,1,2,1,1,1,2,2,1,1,2,1,2,2,2,2,2,2,1],"img1Sample":[2,1,2,3,2,2,3,1,2,2,1,3,3,3,2,2,2,3,3,2],"img2Sample":[2,3,2,1,3,3,3,3,2,1,3,1,3,1,1,2,1,3,2,1],"stim_time":[2000,2000,2000,2000,2000,2000,2000,2000,2000,2000,2000,2000,2000,2000,2000,2000,2000,2000,2000,2000],"key":[50,50,49,49,49,49,49,49,49,49,49,49,49,49,49,49,49,50,49,49],"correct":[true,true,true,false,true,true,true,false,false,false,false,false,true,true,false,true,false,true,true,true],"right_img":[1,1,2,1,2,2,2,1,1,2,2,1,2,1,1,1,1,1,1,2],"img_choice":[1,1,1,2,1,1,1,2,2,1,1,2,1,2,2,2,2,1,2,1],"center_sample":[3,2,2,3,1,3,3,3,2,2,2,2,2,2,3,1,3,1,2,1],"left_sample":[2,3,2,1,2,2,3,3,2,2,1,1,3,1,1,2,1,3,2,2],"right_sample":[2,1,2,3,3,3,3,1,2,1,3,3,3,3,2,2,2,3,3,1],"exact_match":[0,0,0,0,0,0,0,0,0,0,0,0,0,0,0,0,0,0,0,0],"RT":[[0,0,0,4402.699999809265,0,0],[0,0,0,4667.900000095367,0,0],[0,0,0,2534.9000000953674,0,0],[0,0,0,506.2000002861023,0,0],[0,0,0,669.5,0,0],[0,0,0,381,0,0],[0,0,0,677.5,0,0],[0,0,0,542.8000001907349,0,0],[0,0,0,502.40000009536743,0,0],[0,0,0,501.3999996185303,0,0],[0,0,0,1058.6999998092651,0,0],[0,0,0,293.80000019073486,0,0],[0,0,0,853.3000001907349,0,0],[0,0,0,592.5999999046326,0,0],[0,0,0,819.9000000953674,0,0],[0,0,0,504.7999997138977,0,0],[0,0,0,460.69999980926514,0,0],[0,0,0,345.09999990463257,0,0],[0,0,0,639.5999999046326,0,0],[0,0,0,553.5999999046326,0,0]],"response":[[0,0,0,1,0,0],[0,0,0,1,0,0],[0,0,0,1,0,0],[0,0,0,1,0,0],[0,0,0,1,0,0],[0,0,0,1,0,0],[0,0,0,1,0,0],[0,0,0,1,0,0],[0,0,0,1,0,0],[0,0,0,1,0,0],[0,0,0,1,0,0],[0,0,0,1,0,0],[0,0,0,1,0,0],[0,0,0,1,0,0],[0,0,0,1,0,0],[0,0,0,1,0,0],[0,0,0,1,0,0],[0,0,0,1,0,0],[0,0,0,1,0,0],[0,0,0,1,0,0]],"framerate":[43.37222514814958,40.89105073860471,47.2914875347733,55.78001568031104,50.82263760457677,52.14878110390381,54.83620912555757,49.853722607466466,52.75374551289844,51.86659429765779,48.889003853006436,52.90151930745624,50.99397344082876,50.89432807291098,48.99532067162124,51.54949958092134,52.0402853062497,57.15374356847317,51.588221654034356,51.34328358208955]}
