{"practice":[0,0,0,0,0,0,0,0,0,0,0,0,0,0,0,0,0,0,0,0],"center_interval":[100,50,25,0,0,75,75,25,25,75,100,0,0,50,25,100,25,100,75,0],"image_pair":[1,2,4,1,4,3,1,1,2,3,1,4,1,2,2,1,1,3,4,2],"feature_space":[2,1,2,2,1,1,1,2,1,2,1,1,2,1,1,1,2,1,1,1],"left_img":[1,2,1,2,2,2,2,2,1,2,2,2,2,2,2,1,2,1,2,2],"img1Sample":[2,2,1,2,3,1,2,1,3,3,2,3,2,1,2,1,2,2,1,2],"img2Sample":[3,3,1,1,3,3,2,3,1,3,1,2,3,1,3,1,2,3,3,3],"stim_time":[250,250,250,250,250,250,250,250,250,250,250,250,250,250,250,250,250,250,250,250],"key":[50,50,50,49,49,49,50,49,49,49,50,50,49,49,49,50,49,49,50,50],"correct":[true,true,false,false,false,true,false,false,true,true,false,true,false,false,false,true,false,false,false,true],"right_img":[2,1,2,1,1,1,1,1,2,1,1,1,1,1,1,2,1,2,1,1],"img_choice":[2,1,2,2,2,2,1,2,1,2,1,1,2,2,2,2,2,1,1,1],"center_sample":[3,3,2,3,2,1,1,3,1,1,1,2,3,3,1,2,3,1,2,3],"left_sample":[2,3,1,1,3,3,2,3,3,3,1,2,3,1,3,1,2,2,3,3],"right_sample":[3,2,1,2,3,1,2,1,1,3,2,3,2,1,2,1,2,3,1,2],"exact_match":[1,0,0,0,0,0,0,0,0,0,1,0,0,0,0,0,0,0,0,0],"RT":[[0,0,0,3416.5,0,0],[0,0,0,492.30000019073486,0,0],[0,0,0,732.6000003814697,0,0],[0,0,0,792.3000001907349,0,0],[0,0,0,491.5,0,0],[0,0,0,1588.5999999046326,0,0],[0,0,0,630.3000001907349,0,0],[0,0,0,255.09999990463257,0,0],[0,0,0,544.9000000953674,0,0],[0,0,0,1489.5,0,0],[0,0,0,1283.0999999046326,0,0],[0,0,0,9.699999809265137,0,0],[0,0,0,753.4000000953674,0,0],[0,0,0,877.4000000953674,0,0],[0,0,0,547.3000001907349,0,0],[0,0,0,633.3999996185303,0,0],[0,0,0,912,0,0],[0,0,0,352.5,0,0],[0,0,0,230.59999990463257,0,0],[0,0,0,362.69999980926514,0,0]],"response":[[0,0,0,1,0,0],[0,0,0,1,0,0],[0,0,0,1,0,0],[0,0,0,1,0,0],[0,0,0,1,0,0],[0,0,0,1,0,0],[0,0,0,1,0,0],[0,0,0,1,0,0],[0,0,0,1,0,0],[0,0,0,1,0,0],[0,0,0,1,0,0],[0,0,0,1,0,0],[0,0,0,1,0,0],[0,0,0,1,0,0],[0,0,0,1,0,0],[0,0,0,1,0,0],[0,0,0,1,0,0],[0,0,0,1,0,0],[0,0,0,1,0,0],[0,0,0,1,0,0]],"framerate":[39.63278101209136,50.964453909335106,48.33064829987732,47.55728490891947,50.33232237568549,43.41096976487864,49.287410926365794,53.18744776618217,51.25,44.69887076369871,45.11022215205811,58.15044080225382,47.87848770269443,47.59195075502494,50.009376749198104,51.76166108166366,47.29454841105047,52.93993083228453,54.54687133920051,52.23037832788201]}
