{"practice":[0,0,0,0,0,0,0,0,0,0,0,0,0,0,0,0,0,0,0,0],"center_interval":[25,100,75,50,25,25,75,75,75,25,75,25,50,50,50,0,100,75,25,0],"image_pair":[1,4,2,4,3,1,2,4,1,2,1,3,3,3,2,2,3,1,3,2],"feature_space":[1,1,2,1,1,1,2,2,1,1,1,2,2,1,1,2,1,1,2,2],"left_img":[2,1,2,2,1,2,2,2,2,1,1,2,1,2,1,2,2,1,1,1],"img1Sample":[3,1,3,1,3,2,3,2,3,2,3,2,1,1,2,3,2,3,3,2],"img2Sample":[3,2,3,1,1,2,1,3,1,3,1,3,2,1,3,2,2,3,3,1],"stim_time":[2000,2000,2000,2000,2000,2000,2000,2000,2000,2000,2000,2000,2000,2000,2000,2000,2000,2000,2000,2000],"key":[49,49,49,50,49,49,49,49,49,49,49,50,50,49,49,49,50,49,49,49],"correct":[false,false,true,true,true,false,true,true,true,true,false,true,false,false,true,false,false,false,true,true],"right_img":[1,2,1,1,2,1,1,1,1,2,2,1,2,1,2,1,1,2,2,2],"img_choice":[2,1,2,1,1,2,2,2,2,1,1,1,2,2,1,2,1,1,1,1],"center_sample":[1,3,2,1,1,2,1,3,3,3,3,1,2,3,2,3,3,2,1,1],"left_sample":[3,1,3,1,3,2,1,3,1,2,3,3,1,1,2,2,2,3,3,2],"right_sample":[3,2,3,1,1,2,3,2,3,3,1,2,2,1,3,3,2,3,3,1],"exact_match":[0,0,0,0,0,0,0,0,0,0,0,0,0,0,0,1,0,0,0,0],"RT":[[0,0,0,424.7000002861023,0,0],[0,0,0,53.19999980926514,0,0],[0,0,0,313.30000019073486,0,0],[0,0,0,9.900000095367432,0,0],[0,0,0,258.1000003814697,0,0],[0,0,0,164,0,0],[0,0,0,486.59999990463257,0,0],[0,0,0,164.60000038146973,0,0],[0,0,0,281,0,0],[0,0,0,10.599999904632568,0,0],[0,0,0,225.2999997138977,0,0],[0,0,0,401.5,0,0],[0,0,0,54.700000286102295,0,0],[0,0,0,226.80000019073486,0,0],[0,0,0,491.80000019073486,0,0],[0,0,0,140.5,0,0],[0,0,0,114.2999997138977,0,0],[0,0,0,469.90000009536743,0,0],[0,0,0,404.59999990463257,0,0],[0,0,0,457.8999996185303,0,0]],"response":[[0,0,0,1,0,0],[0,0,0,1,0,0],[0,0,0,1,0,0],[0,0,0,1,0,0],[0,0,0,1,0,0],[0,0,0,1,0,0],[0,0,0,1,0,0],[0,0,0,1,0,0],[0,0,0,1,0,0],[0,0,0,1,0,0],[0,0,0,1,0,0],[0,0,0,1,0,0],[0,0,0,1,0,0],[0,0,0,1,0,0],[0,0,0,1,0,0],[0,0,0,1,0,0],[0,0,0,1,0,0],[0,0,0,1,0,0],[0,0,0,1,0,0],[0,0,0,1,0,0]],"framerate":[51.95929855406726,54.074797653796765,57.43254083195507,55.7508611124366,54.12278699917236,54.617174068712686,51.20436297530677,53.60935972045161,52.527479655331994,54.336245468298955,53.07925623438088,51.903651903651905,54.08989391581463,53.081006232917545,51.51202956949952,53.55932203389831,53.4961078169822,55.740001829160185,46.607009692876964,51.457975983271616]}
