{"practice":[0,0,0,0,0,0,0,0,0,0,0,0,0,0,0,0,0,0,0,0],"center_interval":[50,25,25,75,100,50,75,50,75,50,75,75,75,25,100,100,75,50,75,50],"image_pair":[3,4,2,4,1,1,1,2,1,4,4,4,4,2,1,1,2,3,4,2],"feature_space":[1,1,1,1,2,2,1,1,1,1,1,1,1,2,1,1,2,2,2,2],"left_img":[1,1,1,1,1,2,1,1,2,1,1,2,1,2,1,2,1,1,1,1],"img1Sample":[1,2,3,2,1,3,3,1,3,2,1,2,2,2,2,2,2,1,3,3],"img2Sample":[3,3,3,3,2,1,2,2,2,2,3,3,3,2,1,2,1,3,1,3],"stim_time":[250,250,250,250,250,250,250,250,250,250,250,250,250,250,250,250,250,250,250,250],"key":[null,null,50,49,49,49,49,49,49,49,49,null,null,null,50,49,49,49,49,49],"correct":[null,null,false,false,false,false,false,true,true,true,false,null,null,null,true,true,false,true,false,true],"right_img":[2,2,2,2,2,1,2,2,1,2,2,1,2,1,2,1,2,2,2,2],"img_choice":[null,null,2,1,1,2,1,1,2,1,1,null,null,null,2,2,1,1,1,1],"center_sample":[1,1,2,3,2,2,3,3,1,3,2,1,2,1,3,3,3,2,3,2],"left_sample":[1,2,3,2,1,1,3,1,2,2,1,3,2,2,2,2,2,1,3,3],"right_sample":[3,3,3,3,2,3,2,2,3,2,3,2,3,2,1,2,1,3,1,3],"exact_match":[0,0,0,0,1,0,0,0,0,0,0,0,0,0,0,0,0,0,0,0],"RT":[[0,0,0,0,0,0],[0,0,0,0,0,0],[0,0,0,3835.699999809265,0,0],[0,0,0,2420.3999996185303,0,0],[0,0,0,107.2999997138977,0,0],[0,0,0,988.1999998092651,0,0],[0,0,0,3193.7000002861023,0,0],[0,0,0,488,0,0],[0,0,0,361.6000003814697,0,0],[0,0,0,366.1000003814697,0,0],[0,0,0,76.30000019073486,0,0],[0,0,0,0,0,0],[0,0,0,0,0,0],[0,0,0,0,0,0],[0,0,0,56.59999990463257,0,0],[0,0,0,1141.4000000953674,0,0],[0,0,0,431.5,0,0],[0,0,0,441,0,0],[0,0,0,874,0,0],[0,0,0,725.7999997138977,0,0]],"response":[[0,0,0,1,0,0],[0,0,0,1,0,0],[0,0,0,1,0,0],[0,0,0,1,0,0],[0,0,0,1,0,0],[0,0,0,1,0,0],[0,0,0,1,0,0],[0,0,0,1,0,0],[0,0,0,1,0,0],[0,0,0,1,0,0],[0,0,0,1,0,0],[0,0,0,1,0,0],[0,0,0,1,0,0],[0,0,0,1,0,0],[0,0,0,1,0,0],[0,0,0,1,0,0],[0,0,0,1,0,0],[0,0,0,1,0,0],[0,0,0,1,0,0],[0,0,0,1,0,0]],"framerate":[38.07985229453451,39.655656714823266,39.194872005009174,40.477694205701255,56.628056628056626,47.31707317073171,40.23245418241314,56.77053091951729,52.96984251727268,52.928722653493296,58.23700696099194,37.918129813085436,37.41367659302555,35.93683030675784,59.06568819971993,47.75549187535228,51.886792452830186,52,46.550118970599705,47.10896751838335]}
