{"practice":[1,1,1,1,1],"center_interval":[50,50,100,75,100],"image_pair":[4,3,2,2,3],"feature_space":[2,1,2,2,2],"left_img":[1,1,1,2,2],"img1Sample":[1,3,3,1,1],"img2Sample":[2,3,2,3,3],"stim_time":[2000,2000,2000,2000,2000],"key":[49,49,null,49,null],"correct":[true,true,null,true,null],"right_img":[2,2,2,1,1],"img_choice":[1,1,null,2,null],"center_sample":[1,2,3,1,1],"left_sample":[1,3,3,3,3],"right_sample":[2,3,2,1,1],"exact_match":[0,0,0,0,0],"RT":[[0,0,0,883.8000001907349,0,0],[0,0,0,3874.7000002861023,0,0],[0,0,0,0,0,0],[0,0,0,774.1999998092651,0,0],[0,0,0,0,0,0]],"response":[[0,0,0,1,0,0],[0,0,0,1,0,0],[0,0,0,1,0,0],[0,0,0,1,0,0],[0,0,0,1,0,0]],"framerate":[52.050858021825604,40.733197556589886,42.09260372871563,53.85796009487931,39.662738775600694]}
