{"practice":[0,0,0,0,0,0,0,0,0,0,0,0,0,0,0,0,0,0,0,0],"center_interval":[75,75,75,0,0,25,75,0,25,25,0,100,25,25,100,25,50,0,50,25],"image_pair":[3,1,4,2,3,4,1,1,3,2,4,1,4,3,2,1,2,3,2,1],"feature_space":[2,1,2,1,1,1,2,2,1,1,2,2,2,2,2,1,1,2,2,2],"left_img":[2,1,2,1,2,1,2,1,2,2,1,2,1,1,1,2,1,1,1,1],"img1Sample":[1,3,2,3,3,3,2,2,3,2,2,3,3,1,1,2,1,2,2,1],"img2Sample":[3,3,1,2,2,3,2,1,2,1,1,1,1,3,1,2,1,1,3,3],"stim_time":[250,250,250,250,250,250,250,250,250,250,250,250,250,250,250,250,250,250,250,250],"key":[50,49,50,50,49,49,49,50,49,49,49,49,49,49,49,49,49,50,49,49],"correct":[false,false,false,false,false,true,true,false,false,false,true,true,true,true,false,false,true,false,true,true],"right_img":[1,2,1,2,1,2,1,2,1,1,2,1,2,2,2,1,2,2,2,2],"img_choice":[1,1,1,2,2,1,2,2,2,2,1,2,1,1,1,2,1,2,1,1],"center_sample":[2,1,2,1,2,2,2,1,3,3,3,2,1,1,3,1,1,3,1,3],"left_sample":[3,3,1,3,2,3,2,2,2,1,2,1,3,1,1,2,1,2,2,1],"right_sample":[1,3,2,2,3,3,2,1,3,2,1,3,1,3,1,2,1,1,3,3],"exact_match":[0,0,0,0,0,0,0,0,0,0,0,0,0,0,0,0,0,0,0,0],"RT":[[0,0,0,125.90000009536743,0,0],[0,0,0,144.2000002861023,0,0],[0,0,0,283.69999980926514,0,0],[0,0,0,315.6000003814697,0,0],[0,0,0,105.5,0,0],[0,0,0,364.90000009536743,0,0],[0,0,0,343.8999996185303,0,0],[0,0,0,373.09999990463257,0,0],[0,0,0,249.19999980926514,0,0],[0,0,0,359.7999997138977,0,0],[0,0,0,491.80000019073486,0,0],[0,0,0,279.6000003814697,0,0],[0,0,0,434.2000002861023,0,0],[0,0,0,223.80000019073486,0,0],[0,0,0,112.60000038146973,0,0],[0,0,0,140,0,0],[0,0,0,106,0,0],[0,0,0,196.2999997138977,0,0],[0,0,0,459.5,0,0],[0,0,0,47,0,0]],"response":[[0,0,0,1,0,0],[0,0,0,1,0,0],[0,0,0,1,0,0],[0,0,0,1,0,0],[0,0,0,1,0,0],[0,0,0,1,0,0],[0,0,0,1,0,0],[0,0,0,1,0,0],[0,0,0,1,0,0],[0,0,0,1,0,0],[0,0,0,1,0,0],[0,0,0,1,0,0],[0,0,0,1,0,0],[0,0,0,1,0,0],[0,0,0,1,0,0],[0,0,0,1,0,0],[0,0,0,1,0,0],[0,0,0,1,0,0],[0,0,0,1,0,0],[0,0,0,1,0,0]],"framerate":[42.24757076468103,54.99999999999999,54.82293674298783,52.7086383601757,56.53589172058277,52.96984249943386,52.15030717963503,51.600306816066514,53.84615384615384,55.076966537568914,50.964453909335106,54.01350337584396,52.00693425128715,55.32611235833194,56.56011656660893,56.666666666666664,57.46140651801029,54.395648331533245,52.07303408144887,57.29120043457498]}
