{"practice":[1,1,1,1,1],"center_interval":[100,25,75,0,0],"image_pair":[4,1,3,4,3],"feature_space":[1,2,2,2,1],"left_img":[2,2,1,1,1],"img1Sample":[2,2,2,1,1],"img2Sample":[3,3,2,2,2],"key":[32,null,50,49,49],"correct":[null,null,true,true,true],"right_img":[1,1,2,2,2],"img_choice":[null,null,2,1,1],"center_sample":[2,2,1,3,3],"left_sample":[3,3,2,1,1],"right_sample":[2,2,2,2,2],"RT":[[0,0,0,356,0,0],[0,0,0,0,0,0],[0,0,0,907,0,0],[0,0,0,1873,0,0],[0,0,0,3085,0,0]],"response":[[0,0,0,1,0,0],[0,0,0,1,0,0],[0,0,0,1,0,0],[0,0,0,1,0,0],[0,0,0,1,0,0]],"framerate":[22.21087567015573,23.107366270905146,24.40361941321634,22.851153039832287,17.67805541390447]}
