{"practice":[0,0,0,0,0,0,0,0,0,0,0,0,0,0,0,0,0,0,0,0],"center_interval":[100,100,75,25,50,100,100,100,0,25,100,25,50,100,50,100,0,50,25,25],"image_pair":[4,2,1,1,2,3,4,3,3,3,1,2,1,1,4,2,1,3,4,3],"feature_space":[2,2,2,1,2,1,1,1,2,1,1,2,2,1,2,2,1,1,1,1],"left_img":[1,2,1,1,2,2,2,2,1,2,1,2,1,1,1,2,1,1,2,2],"img1Sample":[1,3,1,2,1,1,1,1,3,2,3,2,2,1,3,3,3,2,3,3],"img2Sample":[3,2,1,1,2,2,2,3,2,3,3,2,2,1,3,1,1,1,2,1],"key":[50,49,null,50,49,50,49,49,50,49,50,50,49,49,null,null,50,49,50,49],"correct":[true,true,null,false,false,false,true,true,false,false,true,true,true,false,null,null,false,true,true,false],"right_img":[2,1,2,2,1,1,1,1,2,1,2,1,2,2,2,1,2,2,1,1],"img_choice":[2,2,null,2,2,1,2,2,2,2,2,1,1,1,null,null,2,1,1,2],"center_sample":[2,1,3,3,2,1,3,2,1,3,2,3,2,2,2,2,1,3,2,1],"left_sample":[1,2,1,2,2,2,2,3,3,3,3,2,2,1,3,1,3,2,2,1],"right_sample":[3,3,1,1,1,1,1,1,2,2,3,2,2,1,3,3,1,1,3,3],"RT":[[0,0,0,2184,0,0],[0,0,0,3114,0,0],[0,0,0,0,0,0],[0,0,0,1719,0,0],[0,0,0,2221,0,0],[0,0,0,1149,0,0],[0,0,0,2130,0,0],[0,0,0,1646,0,0],[0,0,0,2096,0,0],[0,0,0,1612,0,0],[0,0,0,1717,0,0],[0,0,0,2705,0,0],[0,0,0,2147,0,0],[0,0,0,1430,0,0],[0,0,0,0,0,0],[0,0,0,0,0,0],[0,0,0,3878,0,0],[0,0,0,882,0,0],[0,0,0,971,0,0],[0,0,0,2080,0,0]],"response":[[0,0,0,1,0,0],[0,0,0,1,0,0],[0,0,0,1,0,0],[0,0,0,1,0,0],[0,0,0,1,0,0],[0,0,0,1,0,0],[0,0,0,1,0,0],[0,0,0,1,0,0],[0,0,0,1,0,0],[0,0,0,1,0,0],[0,0,0,1,0,0],[0,0,0,1,0,0],[0,0,0,1,0,0],[0,0,0,1,0,0],[0,0,0,1,0,0],[0,0,0,1,0,0],[0,0,0,1,0,0],[0,0,0,1,0,0],[0,0,0,1,0,0],[0,0,0,1,0,0]],"framerate":[24.356158913954882,21.09704641350211,23.88555371056329,25.182239893969516,22.69108280254777,24.549098196392784,24.671385237613748,20.884796766225016,24.231317450621056,25.236593059936908,21.825396825396826,24.823337561152382,24.85350575873914,22.180714452486576,24.119448698315466,23.00907580212195,24.040615200836196,24.811218985976268,23.205023205023206,22.11595935445308]}
