{"practice":[0,0,0,0,0,0,0,0,0,0,0,0,0,0,0,0,0,0,0,0],"center_interval":[0,50,100,25,0,100,25,75,100,0,25,0,100,0,75,50,0,0,75,75],"image_pair":[2,2,1,3,3,3,3,2,3,4,3,1,3,1,3,4,1,2,1,1],"feature_space":[1,1,1,1,1,2,2,1,2,1,1,1,1,1,2,1,1,2,2,2],"left_img":[2,1,2,1,2,2,2,1,1,2,2,1,2,2,2,1,1,2,2,1],"img1Sample":[2,2,2,3,3,3,3,3,2,2,3,1,2,1,3,2,2,3,3,3],"img2Sample":[1,3,2,3,1,2,2,1,2,1,1,2,1,3,2,3,3,1,3,3],"key":[null,null,null,null,null,null,null,null,null,null,null,null,null,null,null,null,null,null,null,null],"correct":[null,null,null,null,null,null,null,null,null,null,null,null,null,null,null,null,null,null,null,null],"right_img":[1,2,1,2,1,1,1,2,2,1,1,2,1,1,1,2,2,1,1,2],"img_choice":[null,null,null,null,null,null,null,null,null,null,null,null,null,null,null,null,null,null,null,null],"center_sample":[3,3,3,1,1,1,3,1,3,1,3,3,2,3,3,1,1,2,2,2],"left_sample":[1,2,2,3,1,2,2,3,2,1,1,1,1,3,2,2,2,1,3,3],"right_sample":[2,3,2,3,3,3,3,1,2,2,3,2,2,1,3,3,3,3,3,3],"RT":[[0,0,0,0,0,0],[0,0,0,0,0,0],[0,0,0,0,0,0],[0,0,0,0,0,0],[0,0,0,0,0,0],[0,0,0,0,0,0],[0,0,0,0,0,0],[0,0,0,0,0,0],[0,0,0,0,0,0],[0,0,0,0,0,0],[0,0,0,0,0,0],[0,0,0,0,0,0],[0,0,0,0,0,0],[0,0,0,0,0,0],[0,0,0,0,0,0],[0,0,0,0,0,0],[0,0,0,0,0,0],[0,0,0,0,0,0],[0,0,0,0,0,0],[0,0,0,0,0,0]],"response":[[0,0,0,1,0,0],[0,0,0,1,0,0],[0,0,0,1,0,0],[0,0,0,1,0,0],[0,0,0,1,0,0],[0,0,0,1,0,0],[0,0,0,1,0,0],[0,0,0,1,0,0],[0,0,0,1,0,0],[0,0,0,1,0,0],[0,0,0,1,0,0],[0,0,0,1,0,0],[0,0,0,1,0,0],[0,0,0,1,0,0],[0,0,0,1,0,0],[0,0,0,1,0,0],[0,0,0,1,0,0],[0,0,0,1,0,0],[0,0,0,1,0,0],[0,0,0,1,0,0]],"framerate":[59.99538497112037,60.00588543792492,59.749996804308246,60.00127934497537,60.00972438957405,59.99744147371115,58.97435897435898,60.00204697741643,60.01126010997112,59.999230776158264,60.00204698107683,60.002814629499305,60.00588543792492,60.004349996254206,59.49182467328717,59.871812911186375,56.809458007756,60.00153849951994,60.0089565606807,59.99897656549558]}
