{"practice":[0,0,0,0,0,0,0,0,0,0,0,0,0,0,0,0,0,0,0,0],"center_interval":[75,100,50,25,25,100,75,50,25,25,25,0,0,100,100,25,75,0,50,0],"image_pair":[2,2,4,4,2,2,2,4,3,3,4,3,3,3,3,1,1,1,1,4],"feature_space":[2,1,1,1,1,2,1,1,2,2,2,1,2,2,2,1,1,1,2,1],"left_img":[2,2,2,1,2,2,1,1,1,2,1,2,2,1,2,1,2,1,1,1],"img1Sample":[2,3,2,3,2,3,1,3,1,1,2,1,1,3,3,3,1,2,1,3],"img2Sample":[3,2,2,3,2,3,2,1,1,2,3,2,2,2,3,2,2,3,1,1],"key":[null,null,null,null,null,null,null,null,null,null,null,null,null,null,null,null,null,null,null,null],"correct":[null,null,null,null,null,null,null,null,null,null,null,null,null,null,null,null,null,null,null,null],"right_img":[1,1,1,2,1,1,2,2,2,1,2,1,1,2,1,2,1,2,2,2],"img_choice":[null,null,null,null,null,null,null,null,null,null,null,null,null,null,null,null,null,null,null,null],"center_sample":[1,1,1,3,3,2,3,3,2,2,3,2,3,3,1,2,3,1,1,1],"left_sample":[3,2,2,3,2,3,1,3,1,2,2,2,2,3,3,3,2,2,1,3],"right_sample":[2,3,2,3,2,3,2,1,1,1,3,1,1,2,3,2,1,3,1,1],"RT":[[0,0,0,0,0,0],[0,0,0,0,0,0],[0,0,0,0,0,0],[0,0,0,0,0,0],[0,0,0,0,0,0],[0,0,0,0,0,0],[0,0,0,0,0,0],[0,0,0,0,0,0],[0,0,0,0,0,0],[0,0,0,0,0,0],[0,0,0,0,0,0],[0,0,0,0,0,0],[0,0,0,0,0,0],[0,0,0,0,0,0],[0,0,0,0,0,0],[0,0,0,0,0,0],[0,0,0,0,0,0],[0,0,0,0,0,0],[0,0,0,0,0,0],[0,0,0,0,0,0]],"response":[[0,0,0,1,0,0],[0,0,0,1,0,0],[0,0,0,1,0,0],[0,0,0,1,0,0],[0,0,0,1,0,0],[0,0,0,1,0,0],[0,0,0,1,0,0],[0,0,0,1,0,0],[0,0,0,1,0,0],[0,0,0,1,0,0],[0,0,0,1,0,0],[0,0,0,1,0,0],[0,0,0,1,0,0],[0,0,0,1,0,0],[0,0,0,1,0,0],[0,0,0,1,0,0],[0,0,0,1,0,0],[0,0,0,1,0,0],[0,0,0,1,0,0],[0,0,0,1,0,0]],"framerate":[59.22849121042819,60.000511732175376,59.986925927867205,60.022780498717296,60.00818875143595,60.002814629499305,60.00511770726714,60.00818875143595,59.99820900795432,56.91650963628709,60.0127959053103,59.999230776158264,60.0127959053103,60.00358230488534,59.980775392502395,60.0243168874384,60.0089565606807,59.99999999999999,60.00588543792492,56.937407237503194]}
