{"practice":[1,1,1,1,1],"center_interval":[100,100,25,75,50],"image_pair":[3,1,1,4,2],"feature_space":[1,2,2,2,2],"left_img":[1,2,2,1,2],"img1Sample":[2,2,1,2,1],"img2Sample":[1,1,2,2,2],"key":[49,49,49,49,50],"correct":[false,true,false,false,true],"right_img":[2,1,1,2,1],"img_choice":[1,2,2,1,1],"center_sample":[3,2,2,1,2],"left_sample":[2,1,2,2,2],"right_sample":[1,2,1,2,1],"RT":[[0,3144,0,0],[0,3326,0,0],[0,2385,0,0],[0,2671,0,0],[0,1710,0,0]],"response":[[0,1,0,0],[0,1,0,0],[0,1,0,0],[0,1,0,0],[0,1,0,0]],"framerate":[11.848341232227487,11.074754593506167,10.409670920080591,11.803874092009686,14.756944444444445]}
