{"practice":[0,0,0,0,0,0,0,0,0,0,0,0,0,0,0,0,0,0,0,0],"center_interval":[25,0,25,25,25,75,50,25,100,25,0,50,50,0,50,0,100,75,25,75],"image_pair":[1,1,4,1,4,4,3,1,2,4,1,3,1,1,4,1,2,2,2,1],"feature_space":[1,1,2,1,1,2,1,1,1,2,1,2,1,2,1,1,2,1,2,2],"left_img":[1,1,2,1,1,1,2,2,2,1,2,2,1,2,1,2,2,2,2,2],"img1Sample":[1,3,2,2,1,2,1,1,1,3,1,1,1,3,1,1,1,1,1,3],"img2Sample":[1,3,1,1,3,2,2,2,2,3,3,2,2,3,2,2,2,3,2,2],"key":[50,49,50,49,50,49,49,50,49,50,49,50,50,50,50,50,49,50,49,49],"correct":[false,true,true,true,false,false,false,true,true,false,false,true,false,true,false,true,true,false,false,true],"right_img":[2,2,1,2,2,2,1,1,1,2,1,1,2,1,2,1,1,1,1,1],"img_choice":[2,1,1,1,2,1,2,1,2,2,2,1,2,1,2,1,2,1,2,2],"center_sample":[2,1,3,3,1,3,3,2,3,2,2,2,1,1,1,3,3,1,2,2],"left_sample":[1,3,1,2,1,2,2,2,2,3,3,2,1,3,1,2,2,3,2,2],"right_sample":[1,3,2,1,3,2,1,1,1,3,1,1,2,3,2,1,1,1,1,3],"RT":[[0,2634,0,0],[0,1924,0,0],[0,3839,0,0],[0,2709,0,0],[0,1637,0,0],[0,2523,0,0],[0,2910,0,0],[0,2457,0,0],[0,1982,0,0],[0,1542,0,0],[0,1046,0,0],[0,865,0,0],[0,879,0,0],[0,946,0,0],[0,1118,0,0],[0,887,0,0],[0,1308,0,0],[0,1330,0,0],[0,883,0,0],[0,803,0,0]],"response":[[0,1,0,0],[0,1,0,0],[0,1,0,0],[0,1,0,0],[0,1,0,0],[0,1,0,0],[0,1,0,0],[0,1,0,0],[0,1,0,0],[0,1,0,0],[0,1,0,0],[0,1,0,0],[0,1,0,0],[0,1,0,0],[0,1,0,0],[0,1,0,0],[0,1,0,0],[0,1,0,0],[0,1,0,0],[0,1,0,0]],"framerate":[17.064846416382252,16.31259484066768,17.348754448398576,18.55176540993417,19.306713470820537,17.61006289308176,17.826825127334466,18.7192118226601,19.127773527161438,17.865322950068713,20.347097546379413,19.129287598944593,18.80456682337139,19.871794871794872,17.96060254924681,18.842530282637956,19.40755873340143,18.153526970954356,18.917155903457274,15.835312747426762]}
