{"practice":[0,0,0,0,0,0,0,0,0,0,0,0,0,0,0,0,0,0,0,0],"center_interval":[50,0,50,50,25,0,25,100,0,0,25,50,25,100,25,75,50,100,0,50],"image_pair":[1,2,2,2,1,1,1,4,3,2,3,4,2,1,4,1,2,3,3,2],"feature_space":[1,2,2,1,1,1,1,1,2,2,2,1,2,1,1,2,1,2,1,2],"left_img":[2,1,1,2,1,1,1,1,1,2,1,2,1,2,2,2,2,1,1,1],"img1Sample":[1,3,3,2,3,3,1,2,1,1,3,1,2,2,1,1,2,2,3,2],"img2Sample":[1,1,2,2,1,3,1,1,3,3,2,3,1,2,2,3,2,3,2,2],"key":[50,50,49,50,49,49,50,49,50,50,49,50,49,50,50,49,49,50,50,50],"correct":[true,false,true,true,true,true,false,false,false,true,true,true,true,false,true,true,false,true,false,false],"right_img":[1,2,2,1,2,2,2,2,2,1,2,1,2,1,1,1,1,2,2,2],"img_choice":[1,2,1,1,1,1,2,1,2,1,1,1,1,1,1,2,2,2,2,2],"center_sample":[1,1,3,2,3,1,1,3,2,2,1,3,3,1,3,3,1,1,1,1],"left_sample":[1,3,3,2,3,3,1,2,1,3,3,3,2,2,2,3,2,2,3,2],"right_sample":[1,1,2,2,1,3,1,1,3,1,2,1,1,2,1,1,2,3,2,2],"RT":[[0,33,0,0],[0,607,0,0],[0,13,0,0],[0,23,0,0],[0,162,0,0],[0,144,0,0],[0,28,0,0],[0,58,0,0],[0,289,0,0],[0,192,0,0],[0,180,0,0],[0,20,0,0],[0,101,0,0],[0,78,0,0],[0,13,0,0],[0,170,0,0],[0,150,0,0],[0,143,0,0],[0,23,0,0],[0,104,0,0]],"response":[[0,1,0,0],[0,1,0,0],[0,1,0,0],[0,1,0,0],[0,1,0,0],[0,1,0,0],[0,1,0,0],[0,1,0,0],[0,1,0,0],[0,1,0,0],[0,1,0,0],[0,1,0,0],[0,1,0,0],[0,1,0,0],[0,1,0,0],[0,1,0,0],[0,1,0,0],[0,1,0,0],[0,1,0,0],[0,1,0,0]],"framerate":[22.455089820359284,15.510204081632653,21.772939346811818,19.96927803379416,19.71090670170828,20.12578616352201,19.11764705882353,16.783216783216783,16.286644951140065,17.441860465116278,23.98989898989899,23.569023569023567,15.444015444015443,13.782542113323125,15.602836879432623,17.67676767676768,24.193548387096772,22.818791946308725,22.727272727272727,24.759284731774418]}
