{"practice":[0,0,0,0,0,0,0,0,0,0,0,0,0,0,0,0,0,0,0,0],"center_interval":[0,75,50,75,25,25,50,25,75,50,0,75,100,100,100,50,50,100,50,0],"image_pair":[3,4,3,3,1,4,2,2,1,1,4,3,1,2,3,2,2,3,3,4],"feature_space":[1,1,1,2,1,1,2,1,2,1,2,2,1,2,1,2,1,1,1,1],"left_img":[2,1,2,2,1,2,1,1,1,1,1,2,2,1,1,1,2,2,2,2],"img1Sample":[2,1,2,1,1,3,3,1,1,1,1,2,3,3,3,3,2,2,3,2],"img2Sample":[3,3,2,1,2,1,3,1,1,1,3,2,2,1,3,2,3,3,3,1],"key":[49,50,50,50,49,49,49,50,49,50,49,50,null,null,50,50,50,49,49,49],"correct":[false,true,true,false,true,false,true,false,false,false,true,false,null,null,true,false,true,true,false,false],"right_img":[1,2,1,1,2,1,2,2,2,2,2,1,1,2,2,2,1,1,1,1],"img_choice":[2,2,1,1,1,2,1,2,1,2,1,1,null,null,2,2,1,2,2,2],"center_sample":[3,1,1,2,2,2,2,1,3,1,2,1,3,2,2,1,2,2,2,3],"left_sample":[3,1,2,1,1,1,3,1,1,1,1,2,2,3,3,3,3,3,3,1],"right_sample":[2,3,2,1,2,3,3,1,1,1,3,2,3,1,3,2,2,2,3,2],"RT":[[0,123,0,0],[0,428,0,0],[0,138,0,0],[0,384,0,0],[0,141,0,0],[0,39,0,0],[0,280,0,0],[0,4385,0,0],[0,106,0,0],[0,106,0,0],[0,264,0,0],[0,24,0,0],[0,0,0,0],[0,0,0,0],[0,976,0,0],[0,197,0,0],[0,33,0,0],[0,62,0,0],[0,670,0,0],[0,388,0,0]],"response":[[0,1,0,0],[0,1,0,0],[0,1,0,0],[0,1,0,0],[0,1,0,0],[0,1,0,0],[0,1,0,0],[0,1,0,0],[0,1,0,0],[0,1,0,0],[0,1,0,0],[0,1,0,0],[0,1,0,0],[0,1,0,0],[0,1,0,0],[0,1,0,0],[0,1,0,0],[0,1,0,0],[0,1,0,0],[0,1,0,0]],"framerate":[16.709511568123393,9.37207122774133,18.15823605706874,15.503875968992247,15.544041450777204,19.363762102351313,18.07909604519774,17.24829522663458,19.68503937007874,21.337126600284495,18.681318681318682,24.8062015503876,17.6093916755603,17.60626000355682,19.863438857852266,16.877637130801688,10.736196319018406,15.345268542199488,16.793893129770993,21.611001964636543]}
