{"practice":[0,0,0,0,0,0,0,0,0,0,0,0,0,0,0,0,0,0,0,0],"center_interval":[75,50,75,100,100,75,100,50,50,100,50,100,25,25,75,50,100,25,25,75],"image_pair":[1,4,2,3,2,3,2,1,3,3,4,4,4,1,2,1,3,1,4,3],"feature_space":[1,2,2,2,2,1,1,2,1,2,2,2,1,2,1,2,1,2,1,1],"left_img":[2,1,2,2,1,1,1,2,2,2,2,2,2,1,1,2,2,2,1,1],"img1Sample":[1,2,2,3,3,1,1,1,1,2,2,3,2,3,1,2,3,2,1,2],"img2Sample":[1,3,1,1,3,1,3,3,2,3,1,3,2,3,1,2,2,2,3,1],"key":[49,50,49,49,50,50,50,50,49,49,50,49,50,50,50,49,50,50,49,50],"correct":[true,false,true,true,true,true,true,true,false,true,true,true,true,false,true,false,false,true,true,true],"right_img":[1,2,1,1,2,2,2,1,1,1,1,1,1,2,2,1,1,1,2,2],"img_choice":[2,2,2,2,2,2,2,1,2,2,1,2,1,2,2,2,1,1,1,2],"center_sample":[2,1,1,3,2,3,1,1,3,2,3,2,1,1,2,2,3,2,3,1],"left_sample":[1,2,1,1,3,1,1,3,2,3,1,3,2,3,1,2,2,2,1,2],"right_sample":[1,3,2,3,3,1,3,1,1,2,2,3,2,3,1,2,3,2,3,1],"RT":[[0,0,0,1216,0,0],[0,0,0,1050.5,0,0],[0,0,0,1278.199999988079,0,0],[0,0,0,1017.0999999642372,0,0],[0,0,0,2000.699999988079,0,0],[0,0,0,1048.699999988079,0,0],[0,0,0,2649.5,0,0],[0,0,0,1314.800000011921,0,0],[0,0,0,1505,0,0],[0,0,0,1385,0,0],[0,0,0,1258.2000000476837,0,0],[0,0,0,1482.0999999642372,0,0],[0,0,0,1013,0,0],[0,0,0,1352.300000011921,0,0],[0,0,0,958.7999999523163,0,0],[0,0,0,1055.300000011921,0,0],[0,0,0,1201.699999988079,0,0],[0,0,0,974.8000000119209,0,0],[0,0,0,1077.5,0,0],[0,0,0,1536.699999988079,0,0]],"response":[[0,0,0,1,0,0],[0,0,0,1,0,0],[0,0,0,1,0,0],[0,0,0,1,0,0],[0,0,0,1,0,0],[0,0,0,1,0,0],[0,0,0,1,0,0],[0,0,0,1,0,0],[0,0,0,1,0,0],[0,0,0,1,0,0],[0,0,0,1,0,0],[0,0,0,1,0,0],[0,0,0,1,0,0],[0,0,0,1,0,0],[0,0,0,1,0,0],[0,0,0,1,0,0],[0,0,0,1,0,0],[0,0,0,1,0,0],[0,0,0,1,0,0],[0,0,0,1,0,0]],"framerate":[60.051117894099534,60.05073251484506,60.053435301790785,60.05065141958371,59.01298701298701,60.047623977266895,60.05676096310537,60.05278833830929,60.05240093622675,60.0357355568791,60.063016936154,60.05866194871364,60.05221932114883,60.05284650492433,60.05048492095125,60.0538413752112,60.047340226734775,60.05132139323518,60.05618991177563,60.04555179808033]}
