{"practice":[0,0,0,0,0,0,0,0,0,0,0,0,0,0,0,0,0,0,0,0],"center_interval":[0,25,25,75,0,100,75,100,75,0,0,75,50,25,100,0,75,0,0,75],"image_pair":[1,2,1,2,1,2,2,1,2,1,4,4,3,3,4,2,2,1,2,3],"feature_space":[1,1,2,2,2,1,1,1,1,1,2,2,2,2,1,1,1,1,1,1],"left_img":[1,2,1,2,2,1,1,2,1,1,2,1,1,2,2,1,2,2,1,2],"img1Sample":[1,2,3,2,1,1,3,1,2,2,3,1,3,2,2,3,2,1,1,3],"img2Sample":[3,3,2,1,3,2,1,3,2,3,2,1,1,3,1,2,3,3,3,2],"key":[49,50,49,50,50,50,50,50,50,49,50,49,49,49,49,49,50,50,50,49],"correct":[true,true,true,false,true,true,true,false,true,true,true,false,true,false,true,true,false,true,false,true],"right_img":[2,1,2,1,1,2,2,1,2,2,1,2,2,1,1,2,1,1,2,1],"img_choice":[1,1,1,1,1,2,2,1,2,1,1,1,1,2,2,1,1,1,2,2],"center_sample":[2,3,3,2,3,3,2,1,2,3,2,3,1,1,2,2,2,3,3,1],"left_sample":[1,3,3,1,3,1,3,3,2,2,2,1,3,3,1,3,3,3,1,2],"right_sample":[3,2,2,2,1,2,1,1,2,3,3,1,1,2,2,2,2,1,3,3],"RT":[[0,0,0,1130,0,0],[0,0,0,1201.800000011921,0,0],[0,0,0,2395,0,0],[0,0,0,823.0999999642372,0,0],[0,0,0,1041.3999999761581,0,0],[0,0,0,1232.9000000357628,0,0],[0,0,0,1340.300000011921,0,0],[0,0,0,1399.300000011921,0,0],[0,0,0,953.8000000119209,0,0],[0,0,0,2154.800000011921,0,0],[0,0,0,1025.1000000238419,0,0],[0,0,0,1607.699999988079,0,0],[0,0,0,1784.3999999761581,0,0],[0,0,0,1092.6000000238419,0,0],[0,0,0,826.6999999880791,0,0],[0,0,0,1013.5999999642372,0,0],[0,0,0,1122.9000000357628,0,0],[0,0,0,1348.300000011921,0,0],[0,0,0,1108,0,0],[0,0,0,1193.4000000357628,0,0]],"response":[[0,0,0,1,0,0],[0,0,0,1,0,0],[0,0,0,1,0,0],[0,0,0,1,0,0],[0,0,0,1,0,0],[0,0,0,1,0,0],[0,0,0,1,0,0],[0,0,0,1,0,0],[0,0,0,1,0,0],[0,0,0,1,0,0],[0,0,0,1,0,0],[0,0,0,1,0,0],[0,0,0,1,0,0],[0,0,0,1,0,0],[0,0,0,1,0,0],[0,0,0,1,0,0],[0,0,0,1,0,0],[0,0,0,1,0,0],[0,0,0,1,0,0],[0,0,0,1,0,0]],"framerate":[60.0501684953799,60.0518289645958,60.051968049273405,60.05178778048479,60.043668121526544,60.063771411799195,60.04195703073166,60.062198798586046,60.052080564875475,60.05400830291321,60.05221932114883,60.0512134880536,60.048299719183724,60.05543578724767,56.47382920110193,60.05221932114883,60.01881945997534,60.08315508698418,60.051618838137664,60.05104338652061]}
