{"practice":[0,0,0,0,0,0,0,0,0,0,0,0,0,0,0,0,0,0,0,0],"center_interval":[0,0,0,75,0,25,0,50,100,50,100,50,50,0,25,100,75,50,0,75],"image_pair":[3,2,4,2,2,3,2,4,2,3,4,3,4,3,4,2,3,1,1,3],"feature_space":[1,1,1,1,2,1,1,1,1,2,1,2,1,1,1,1,1,2,1,2],"left_img":[2,2,1,2,2,1,1,2,1,2,1,1,2,2,1,2,1,1,1,2],"img1Sample":[2,1,2,2,2,3,1,3,3,1,3,2,2,3,1,2,2,3,1,3],"img2Sample":[1,3,3,3,1,2,1,3,1,1,3,3,2,3,1,2,1,1,1,3],"key":[50,50,49,50,50,49,50,50,50,49,50,50,50,50,49,49,50,49,49,50],"correct":[true,true,true,false,true,true,false,true,true,false,true,false,true,true,true,true,true,true,true,false],"right_img":[1,1,2,1,1,2,2,1,2,1,2,2,1,1,2,1,2,2,2,1],"img_choice":[1,1,1,1,1,1,2,1,2,2,2,2,1,1,1,2,2,1,1,1],"center_sample":[3,3,3,1,3,1,2,1,2,1,1,2,3,2,1,3,2,1,3,2],"left_sample":[1,3,2,3,1,3,1,3,3,1,3,2,2,3,1,2,2,3,1,3],"right_sample":[2,1,3,2,2,2,1,3,1,1,3,3,2,3,1,2,1,1,1,3],"RT":[[0,0,0,1124.699999988079,0,0],[0,0,0,1352.5,0,0],[0,0,0,875.0999999642372,0,0],[0,0,0,1564.5,0,0],[0,0,0,1332,0,0],[0,0,0,1078.6000000238419,0,0],[0,0,0,1408.300000011921,0,0],[0,0,0,743,0,0],[0,0,0,847,0,0],[0,0,0,1375.4000000357628,0,0],[0,0,0,783.6999999880791,0,0],[0,0,0,942.2999999523163,0,0],[0,0,0,892.5,0,0],[0,0,0,792.5,0,0],[0,0,0,828.8999999761581,0,0],[0,0,0,951.3000000119209,0,0],[0,0,0,929.4000000357628,0,0],[0,0,0,1084.199999988079,0,0],[0,0,0,1021.6999999880791,0,0],[0,0,0,1470.5999999642372,0,0]],"response":[[0,0,0,1,0,0],[0,0,0,1,0,0],[0,0,0,1,0,0],[0,0,0,1,0,0],[0,0,0,1,0,0],[0,0,0,1,0,0],[0,0,0,1,0,0],[0,0,0,1,0,0],[0,0,0,1,0,0],[0,0,0,1,0,0],[0,0,0,1,0,0],[0,0,0,1,0,0],[0,0,0,1,0,0],[0,0,0,1,0,0],[0,0,0,1,0,0],[0,0,0,1,0,0],[0,0,0,1,0,0],[0,0,0,1,0,0],[0,0,0,1,0,0],[0,0,0,1,0,0]],"framerate":[60.05089058524173,60.05428907680999,60.051084180402114,60.05114622388976,60.041957029868705,60.063930707546916,60.045093152960725,60.0592133088961,60.053502210474505,60.05215685353396,60.05004170141785,60.05605231549447,60.053561284582436,60.033351862145636,60.068334619397135,60.03453313853101,60.07208650380456,60.04927119669579,56.660922241193944,60.05234134081401]}
