{"practice":[0,0,0,0,0,0,0,0,0,0,0,0,0,0,0,0,0,0,0,0],"center_interval":[25,75,75,50,25,75,50,75,25,100,50,25,100,0,50,0,50,50,50,75],"image_pair":[1,3,3,2,1,4,4,2,3,1,2,1,1,3,3,1,1,4,1,2],"feature_space":[1,2,1,2,2,2,1,1,2,2,1,2,2,1,2,2,1,1,2,2],"left_img":[2,1,2,2,2,1,2,2,1,2,2,2,1,1,1,1,2,2,2,2],"img1Sample":[1,1,3,2,1,1,3,3,3,1,1,2,1,1,1,2,1,2,2,1],"img2Sample":[2,1,3,3,1,1,3,2,2,3,3,1,3,3,3,2,1,2,1,1],"stim_time":[250,250,250,250,250,250,250,250,250,250,250,250,250,250,250,250,250,250,250,250],"key":[49,49,49,49,49,49,49,49,49,49,49,49,49,49,49,49,49,49,49,49],"correct":[false,false,true,false,false,false,false,true,true,true,false,false,false,true,true,true,false,false,false,true],"right_img":[1,2,1,1,1,2,1,1,2,1,1,1,2,2,2,2,1,1,1,1],"img_choice":[2,1,2,2,2,1,2,2,1,2,2,2,1,1,1,1,2,2,2,2],"center_sample":[3,1,2,1,1,3,1,2,2,2,1,2,2,2,1,1,3,2,1,1],"left_sample":[2,1,3,3,1,1,3,2,3,3,3,1,1,1,1,2,1,2,1,1],"right_sample":[1,1,3,2,1,1,3,3,2,1,1,2,3,3,3,2,1,2,2,1],"exact_match":[0,0,0,0,0,0,0,0,0,0,0,0,0,0,0,0,0,0,0,0],"RT":[[0,0,0,50,0,0],[0,0,0,330.30000019073486,0,0],[0,0,0,25.700000047683716,0,0],[0,0,0,190.20000004768372,0,0],[0,0,0,46,0,0],[0,0,0,76.79999995231628,0,0],[0,0,0,131.10000014305115,0,0],[0,0,0,107.90000009536743,0,0],[0,0,0,70.20000004768372,0,0],[0,0,0,163.40000009536743,0,0],[0,0,0,165.5,0,0],[0,0,0,26.40000009536743,0,0],[0,0,0,1.9000000953674316,0,0],[0,0,0,110.5,0,0],[0,0,0,73.29999995231628,0,0],[0,0,0,40.09999990463257,0,0],[0,0,0,174.70000004768372,0,0],[0,0,0,143.30000019073486,0,0],[0,0,0,20.800000190734863,0,0],[0,0,0,204.20000004768372,0,0]],"response":[[0,0,0,1,0,0],[0,0,0,1,0,0],[0,0,0,1,0,0],[0,0,0,1,0,0],[0,0,0,1,0,0],[0,0,0,1,0,0],[0,0,0,1,0,0],[0,0,0,1,0,0],[0,0,0,1,0,0],[0,0,0,1,0,0],[0,0,0,1,0,0],[0,0,0,1,0,0],[0,0,0,1,0,0],[0,0,0,1,0,0],[0,0,0,1,0,0],[0,0,0,1,0,0],[0,0,0,1,0,0],[0,0,0,1,0,0],[0,0,0,1,0,0],[0,0,0,1,0,0]],"framerate":[59.73931932350256,59.798270893371765,59.6768270394624,59.842017065815085,59.7501358009218,59.774964843267036,59.75927951473055,59.76775956040817,59.423503325942356,60.00822030415126,59.82135540674629,59.78110917212415,59.755287871430674,59.77796754910333,59.74870397280808,59.777194099901095,59.75934749483126,59.78080371496086,59.74264705882353,47.7668975436314]}
