{"practice":[0,0,0,0,0,0,0,0,0,0,0,0,0,0,0,0,0,0,0,0],"center_interval":[75,0,100,25,25,75,0,50,50,75,25,0,50,75,25,50,50,100,25,100],"image_pair":[1,1,4,2,3,3,1,3,4,3,1,1,3,4,2,4,4,3,3,1],"feature_space":[2,1,2,2,1,2,2,2,2,2,1,2,1,1,1,1,1,1,2,2],"left_img":[2,1,1,1,1,2,1,1,2,1,2,1,1,1,1,1,1,1,1,1],"img1Sample":[1,3,2,2,3,2,1,2,1,2,2,2,3,2,2,2,3,1,3,3],"img2Sample":[3,1,1,3,2,3,2,2,1,2,3,2,2,3,2,1,1,3,3,2],"stim_time":[2000,2000,2000,2000,2000,2000,2000,2000,2000,2000,2000,2000,2000,2000,2000,2000,2000,2000,2000,2000],"key":[49,49,49,49,49,49,49,49,49,49,49,49,49,49,49,49,49,49,49,49],"correct":[true,true,false,true,true,true,true,true,false,false,false,true,true,false,true,true,true,false,true,false],"right_img":[1,2,2,2,2,1,2,2,1,2,1,2,2,2,2,2,2,2,2,2],"img_choice":[2,1,1,1,1,2,1,1,2,1,2,1,1,1,1,1,1,1,1,1],"center_sample":[1,2,2,3,1,3,2,1,2,2,1,1,1,1,2,3,1,1,3,2],"left_sample":[3,3,2,2,3,3,1,2,1,2,3,2,3,2,2,2,3,1,3,3],"right_sample":[1,1,1,3,2,2,2,2,1,2,2,2,2,3,2,1,1,3,3,2],"exact_match":[0,0,0,0,0,0,0,0,0,0,0,0,0,0,0,0,0,0,0,1],"RT":[[0,0,0,124.59999990463257,0,0],[0,0,0,89.89999985694885,0,0],[0,0,0,126.60000014305115,0,0],[0,0,0,197.79999995231628,0,0],[0,0,0,113.80000019073486,0,0],[0,0,0,193.79999995231628,0,0],[0,0,0,205.20000004768372,0,0],[0,0,0,216.5,0,0],[0,0,0,124,0,0],[0,0,0,60.90000009536743,0,0],[0,0,0,122.29999995231628,0,0],[0,0,0,168.70000004768372,0,0],[0,0,0,163.70000004768372,0,0],[0,0,0,54.700000047683716,0,0],[0,0,0,39,0,0],[0,0,0,24.299999952316284,0,0],[0,0,0,192.59999990463257,0,0],[0,0,0,112.40000009536743,0,0],[0,0,0,122.70000004768372,0,0],[0,0,0,40.40000009536743,0,0]],"response":[[0,0,0,1,0,0],[0,0,0,1,0,0],[0,0,0,1,0,0],[0,0,0,1,0,0],[0,0,0,1,0,0],[0,0,0,1,0,0],[0,0,0,1,0,0],[0,0,0,1,0,0],[0,0,0,1,0,0],[0,0,0,1,0,0],[0,0,0,1,0,0],[0,0,0,1,0,0],[0,0,0,1,0,0],[0,0,0,1,0,0],[0,0,0,1,0,0],[0,0,0,1,0,0],[0,0,0,1,0,0],[0,0,0,1,0,0],[0,0,0,1,0,0],[0,0,0,1,0,0]],"framerate":[59.76571838588152,59.766461689248864,59.76571838101514,59.77484807320768,59.747354045749404,59.7702684662916,54.44706350792181,59.763587137852305,59.751434035389636,59.74007825401857,59.80861244019139,59.757612380283526,59.77768076414739,59.75469126643277,59.76445772543506,59.74264705983058,59.78224567401956,59.77388393522211,59.7432746132566,59.76655885548786]}
