{"practice":[0,0,0,0,0,0,0,0,0,0,0,0,0,0,0,0,0,0,0,0],"center_interval":[100,75,0,25,0,0,25,0,100,0,0,0,75,75,75,50,50,75,100,75],"image_pair":[4,2,4,4,3,4,4,1,1,2,4,4,1,4,4,3,2,4,1,1],"feature_space":[1,1,1,2,2,1,2,2,2,2,1,2,1,1,1,2,2,2,1,2],"left_img":[2,2,2,2,1,1,1,2,1,1,1,1,1,1,1,1,1,2,2,1],"img1Sample":[3,3,2,2,1,1,3,3,3,1,3,1,2,1,3,2,2,1,3,3],"img2Sample":[3,1,3,3,3,2,3,1,1,2,2,1,2,3,2,2,1,3,2,3],"stim_time":[250,250,250,250,250,250,250,250,250,250,250,250,250,250,250,250,250,250,250,250],"key":[50,49,50,49,49,49,49,50,49,49,50,49,50,50,49,50,49,50,49,50],"correct":[false,true,true,false,true,true,true,true,false,true,false,true,true,true,false,false,true,false,true,true],"right_img":[1,1,1,1,2,2,2,1,2,2,2,2,2,2,2,2,2,1,1,2],"img_choice":[1,2,1,2,1,1,1,1,1,1,2,1,2,2,1,2,1,1,2,2],"center_sample":[1,3,3,1,3,2,2,1,2,1,2,2,2,1,2,2,3,3,3,1],"left_sample":[3,1,3,3,1,1,3,1,3,1,3,1,2,1,3,2,2,3,2,3],"right_sample":[3,3,2,2,3,2,3,3,1,2,2,1,2,3,2,2,1,1,3,3],"exact_match":[0,0,0,0,0,0,0,0,0,1,0,0,0,0,0,0,0,0,0,0],"RT":[[0,0,0,540.8999998569489,0,0],[0,0,0,56.09999990463257,0,0],[0,0,0,85.59999990463257,0,0],[0,0,0,50.5,0,0],[0,0,0,50.799999952316284,0,0],[0,0,0,31.100000143051147,0,0],[0,0,0,100.20000004768372,0,0],[0,0,0,122.40000009536743,0,0],[0,0,0,23.200000047683716,0,0],[0,0,0,106,0,0],[0,0,0,67.70000004768372,0,0],[0,0,0,113.39999985694885,0,0],[0,0,0,30,0,0],[0,0,0,38.60000014305115,0,0],[0,0,0,6.1000001430511475,0,0],[0,0,0,54.799999952316284,0,0],[0,0,0,31.100000143051147,0,0],[0,0,0,89.39999985694885,0,0],[0,0,0,54,0,0],[0,0,0,163.79999995231628,0,0]],"response":[[0,0,0,1,0,0],[0,0,0,1,0,0],[0,0,0,1,0,0],[0,0,0,1,0,0],[0,0,0,1,0,0],[0,0,0,1,0,0],[0,0,0,1,0,0],[0,0,0,1,0,0],[0,0,0,1,0,0],[0,0,0,1,0,0],[0,0,0,1,0,0],[0,0,0,1,0,0],[0,0,0,1,0,0],[0,0,0,1,0,0],[0,0,0,1,0,0],[0,0,0,1,0,0],[0,0,0,1,0,0],[0,0,0,1,0,0],[0,0,0,1,0,0],[0,0,0,1,0,0]],"framerate":[59.76839745806875,59.768064228367535,59.69101123345656,59.836808703535816,58.31510986439725,48.16955683667274,59.77130977871653,59.71906804130268,59.81411612878241,59.706584790635524,59.8107480781539,59.783072845075274,59.77561155835109,59.81511690619502,59.70432145295022,59.773396385538994,59.753631184821906,59.76613252490255,59.77178047197053,59.67465053776302]}
