{"practice":[0,0,0,0,0,0,0,0,0,0,0,0,0,0,0,0,0,0,0,0],"center_interval":[50,75,0,0,50,50,50,75,75,75,100,50,0,0,0,0,0,25,0,0],"image_pair":[1,1,2,2,1,4,3,4,2,2,1,2,4,4,2,1,2,3,2,3],"feature_space":[2,2,1,1,2,2,1,2,2,1,2,2,1,2,1,2,1,1,2,2],"left_img":[2,2,2,1,1,2,2,2,2,2,1,1,1,2,2,1,2,2,1,2],"img1Sample":[3,3,2,1,3,1,3,3,1,3,3,3,3,3,3,2,3,1,1,1],"img2Sample":[2,3,2,1,3,3,1,3,3,1,3,2,2,3,2,1,3,2,1,3],"stim_time":[2000,2000,2000,2000,2000,2000,2000,2000,2000,2000,2000,2000,2000,2000,2000,2000,2000,2000,2000,2000],"key":[49,49,49,49,49,49,49,49,49,49,49,49,49,49,49,49,49,49,49,49],"correct":[false,true,false,true,true,false,false,true,true,true,false,true,true,false,false,true,false,false,true,false],"right_img":[1,1,1,2,2,1,1,1,1,1,2,2,2,1,1,2,1,1,2,1],"img_choice":[2,2,2,1,1,2,2,2,2,2,1,1,1,2,2,1,2,2,1,2],"center_sample":[2,3,1,3,2,3,3,2,1,3,2,2,2,1,1,1,2,2,3,2],"left_sample":[2,3,2,1,3,3,1,3,3,1,3,3,3,3,2,2,3,2,1,3],"right_sample":[3,3,2,1,3,1,3,3,1,3,3,2,2,3,3,1,3,1,1,1],"exact_match":[0,0,0,0,0,0,0,0,0,0,0,0,0,0,0,0,0,0,0,0],"RT":[[0,0,0,9.599999904632568,0,0],[0,0,0,44.39999985694885,0,0],[0,0,0,189.20000004768372,0,0],[0,0,0,91.19999980926514,0,0],[0,0,0,104.10000014305115,0,0],[0,0,0,397.40000009536743,0,0],[0,0,0,172.29999995231628,0,0],[0,0,0,215.60000014305115,0,0],[0,0,0,113.29999995231628,0,0],[0,0,0,23.699999809265137,0,0],[0,0,0,93.79999995231628,0,0],[0,0,0,143.89999985694885,0,0],[0,0,0,87.90000009536743,0,0],[0,0,0,175.40000009536743,0,0],[0,0,0,39.89999985694885,0,0],[0,0,0,176.90000009536743,0,0],[0,0,0,206.69999980926514,0,0],[0,0,0,9.100000143051147,0,0],[0,0,0,38.40000009536743,0,0],[0,0,0,172.79999995231628,0,0]],"response":[[0,0,0,1,0,0],[0,0,0,1,0,0],[0,0,0,1,0,0],[0,0,0,1,0,0],[0,0,0,1,0,0],[0,0,0,1,0,0],[0,0,0,1,0,0],[0,0,0,1,0,0],[0,0,0,1,0,0],[0,0,0,1,0,0],[0,0,0,1,0,0],[0,0,0,1,0,0],[0,0,0,1,0,0],[0,0,0,1,0,0],[0,0,0,1,0,0],[0,0,0,1,0,0],[0,0,0,1,0,0],[0,0,0,1,0,0],[0,0,0,1,0,0],[0,0,0,1,0,0]],"framerate":[59.78491580686669,59.76931142957008,59.7642816619477,59.74788464859264,59.74248927038627,59.79631878734853,59.76764488521592,59.759640782768614,59.76367734347047,59.75320864224066,59.78711639677279,59.766367835795265,59.76439700043189,59.683476392941294,59.84440454717021,59.7642816619477,59.75897214757116,59.77371379472329,59.768660128274085,59.769651793324634]}
