{"practice":[0,0,0,0,0,0,0,0,0,0,0,0,0,0,0,0,0,0,0,0],"center_interval":[25,75,25,0,100,50,25,25,75,50,50,100,0,50,0,0,75,25,75,50],"image_pair":[4,2,1,2,3,4,4,2,1,3,4,1,2,4,1,1,4,2,2,4],"feature_space":[1,1,1,2,2,1,2,1,1,1,2,1,2,1,2,2,2,2,1,1],"left_img":[1,1,2,1,2,1,1,2,1,1,2,1,1,1,2,2,2,2,1,2],"img1Sample":[2,2,3,3,2,1,3,2,2,2,2,2,3,1,3,3,1,3,2,1],"img2Sample":[2,1,3,3,1,3,2,2,2,3,3,1,2,3,1,3,1,3,3,3],"stim_time":[250,250,250,250,250,250,250,250,250,250,250,250,250,250,250,250,250,250,250,250],"key":[49,49,49,49,49,49,49,49,49,49,49,49,49,49,49,49,49,49,49,49],"correct":[true,false,false,true,true,true,true,false,false,true,false,false,true,true,false,false,true,false,false,false],"right_img":[2,2,1,2,1,2,2,1,2,2,1,2,2,2,1,1,1,1,2,1],"img_choice":[1,1,2,1,2,1,1,2,1,1,2,1,1,1,2,2,2,2,1,2],"center_sample":[3,3,1,1,3,3,2,2,1,1,2,3,3,2,1,2,3,3,1,3],"left_sample":[2,2,3,3,1,1,3,2,2,2,3,2,3,1,1,3,1,3,2,3],"right_sample":[2,1,3,3,2,3,2,2,2,3,2,1,2,3,3,3,1,3,3,1],"exact_match":[0,0,0,0,0,0,0,0,0,0,0,0,1,0,0,0,0,0,0,0],"RT":[[0,0,0,14.200000047683716,0,0],[0,0,0,79.79999995231628,0,0],[0,0,0,58.700000047683716,0,0],[0,0,0,180.20000004768372,0,0],[0,0,0,206.89999985694885,0,0],[0,0,0,159.70000004768372,0,0],[0,0,0,113.79999995231628,0,0],[0,0,0,141.59999990463257,0,0],[0,0,0,144.69999980926514,0,0],[0,0,0,222.79999995231628,0,0],[0,0,0,24.799999952316284,0,0],[0,0,0,180.59999990463257,0,0],[0,0,0,174.29999995231628,0,0],[0,0,0,8.399999856948853,0,0],[0,0,0,145.5,0,0],[0,0,0,76.09999990463257,0,0],[0,0,0,41.200000047683716,0,0],[0,0,0,177,0,0],[0,0,0,211.5,0,0],[0,0,0,196.20000004768372,0,0]],"response":[[0,0,0,1,0,0],[0,0,0,1,0,0],[0,0,0,1,0,0],[0,0,0,1,0,0],[0,0,0,1,0,0],[0,0,0,1,0,0],[0,0,0,1,0,0],[0,0,0,1,0,0],[0,0,0,1,0,0],[0,0,0,1,0,0],[0,0,0,1,0,0],[0,0,0,1,0,0],[0,0,0,1,0,0],[0,0,0,1,0,0],[0,0,0,1,0,0],[0,0,0,1,0,0],[0,0,0,1,0,0],[0,0,0,1,0,0],[0,0,0,1,0,0],[0,0,0,1,0,0]],"framerate":[59.757236227824464,59.75395430579965,59.7627330224341,59.77865741057549,59.753125241215116,59.77237370248928,59.76775956040817,59.75599634351501,59.760956177664035,59.77332712090497,59.78110917212415,59.715945769167625,59.79314803304971,59.80190618309514,59.57305974324121,59.97530428899264,59.75013578802523,59.74969721437222,59.75782355940358,59.77048135388115]}
