{"practice":[0,0,0,0,0,0,0,0,0,0,0,0,0,0,0,0,0,0,0,0],"center_interval":[0,25,50,0,25,100,50,0,100,0,25,0,75,25,25,25,0,75,0,100],"image_pair":[1,1,2,3,4,4,4,4,4,2,3,3,1,2,3,4,2,1,4,1],"feature_space":[1,1,2,1,1,2,1,2,2,2,2,2,1,2,2,2,2,2,2,2],"left_img":[1,1,1,2,2,2,2,2,1,1,1,2,2,1,2,1,2,2,2,1],"img1Sample":[1,3,2,1,2,3,1,3,2,1,2,3,3,2,1,1,3,2,2,1],"img2Sample":[1,1,1,3,2,1,3,3,3,3,3,2,3,1,3,2,3,2,2,2],"key":[50,50,49,50,49,49,49,49,49,50,50,50,49,49,50,50,49,50,50,50],"correct":[false,false,true,true,false,true,false,false,false,false,false,true,true,true,true,false,false,false,true,true],"right_img":[2,2,2,1,1,1,1,1,2,2,2,1,1,2,1,2,1,1,1,2],"img_choice":[2,2,1,1,2,2,2,2,1,2,2,1,2,1,1,2,2,1,1,2],"center_sample":[2,3,3,2,2,3,2,1,2,2,2,2,1,1,2,1,2,3,1,3],"left_sample":[1,3,2,3,2,1,3,3,2,1,2,2,3,2,3,1,3,2,2,1],"right_sample":[1,1,1,1,2,3,1,3,3,3,3,3,3,1,1,2,3,2,2,2],"RT":[[0,1717,0,0],[0,1464,0,0],[0,1680,0,0],[0,1304,0,0],[0,2125,0,0],[0,1031,0,0],[0,896,0,0],[0,1349,0,0],[0,1464,0,0],[0,1287,0,0],[0,1770,0,0],[0,1277,0,0],[0,1116,0,0],[0,836,0,0],[0,1153,0,0],[0,1240,0,0],[0,967,0,0],[0,1278,0,0],[0,862,0,0],[0,778,0,0]],"response":[[0,1,0,0],[0,1,0,0],[0,1,0,0],[0,1,0,0],[0,1,0,0],[0,1,0,0],[0,1,0,0],[0,1,0,0],[0,1,0,0],[0,1,0,0],[0,1,0,0],[0,1,0,0],[0,1,0,0],[0,1,0,0],[0,1,0,0],[0,1,0,0],[0,1,0,0],[0,1,0,0],[0,1,0,0],[0,1,0,0]],"framerate":[31.623931623931625,31.041069723018147,32.003507233669445,32.00419727177335,32,32.0048309178744,31.95739014647137,32.028469750889684,31.996179560649473,32.00419727177335,32,32.00419727177335,31.995346131471788,31.988873435326845,32.004491858506455,31.995661605206074,32.015065913371,31.98741478762454,31.994554118447923,32.005689900426745]}
