{"practice":[0,0,0,0,0,0,0,0,0,0,0,0,0,0,0,0,0,0,0,0],"center_interval":[50,0,25,75,25,0,0,100,25,25,25,75,50,100,75,75,50,75,50,0],"image_pair":[4,4,1,1,3,3,2,2,4,4,2,3,2,3,4,1,4,2,4,3],"feature_space":[2,1,1,2,1,1,2,1,1,1,1,2,1,1,1,1,1,2,2,2],"left_img":[2,2,2,2,1,2,2,2,1,1,1,2,1,2,1,2,1,1,2,1],"img1Sample":[1,3,3,1,2,2,3,2,1,1,1,1,2,2,3,2,1,3,3,1],"img2Sample":[3,3,2,2,2,1,3,3,1,3,2,2,3,1,2,2,1,3,3,2],"key":[49,49,50,50,50,50,49,50,49,49,50,49,50,49,50,49,49,49,50,50],"correct":[false,false,true,false,false,true,false,false,true,true,false,true,false,true,true,true,true,false,true,false],"right_img":[1,1,1,1,2,1,1,1,2,2,2,1,2,1,2,1,2,2,1,2],"img_choice":[2,2,1,1,2,1,2,1,1,1,2,2,2,2,2,2,1,1,1,2],"center_sample":[2,2,3,3,1,1,1,2,2,2,3,2,3,2,3,1,2,1,1,3],"left_sample":[3,3,2,2,2,1,3,3,1,1,1,2,2,1,3,2,1,3,3,1],"right_sample":[1,3,3,1,2,2,3,2,1,3,2,1,3,2,2,2,1,3,3,2],"RT":[[0,221,0,0],[0,19,0,0],[0,100,0,0],[0,97,0,0],[0,401,0,0],[0,131,0,0],[0,271,0,0],[0,353,0,0],[0,330,0,0],[0,100,0,0],[0,272,0,0],[0,229,0,0],[0,292,0,0],[0,237,0,0],[0,236,0,0],[0,546,0,0],[0,81,0,0],[0,410,0,0],[0,240,0,0],[0,105,0,0]],"response":[[0,1,0,0],[0,1,0,0],[0,1,0,0],[0,1,0,0],[0,1,0,0],[0,1,0,0],[0,1,0,0],[0,1,0,0],[0,1,0,0],[0,1,0,0],[0,1,0,0],[0,1,0,0],[0,1,0,0],[0,1,0,0],[0,1,0,0],[0,1,0,0],[0,1,0,0],[0,1,0,0],[0,1,0,0],[0,1,0,0]],"framerate":[38.18615751789976,45.45454545454545,39.94490358126722,43.0416068866571,31.809145129224653,41.722745625841185,36.69724770642202,34.59119496855346,35.90285110876452,41.60688665710187,37.58542141230068,40.7185628742515,32.65765765765766,37.16608594657375,37.42690058479532,31.06125970664366,43.0416068866571,30.977734753146176,38.55140186915888,40.333796940194716]}
