{"practice":[0,0,0,0,0,0,0,0,0,0,0,0,0,0,0,0,0,0,0,0],"center_interval":[75,100,25,0,0,100,100,75,0,0,75,100,0,75,75,100,0,0,50,25],"image_pair":[1,1,4,3,4,2,4,1,2,1,4,1,4,4,3,4,1,4,3,2],"feature_space":[1,1,2,1,1,2,2,2,2,1,2,1,2,2,2,1,1,2,1,1],"left_img":[1,1,1,2,1,1,2,1,2,2,2,1,1,1,1,1,1,2,2,1],"img1Sample":[3,1,2,2,3,2,1,3,2,3,1,1,1,3,3,1,2,1,2,1],"img2Sample":[1,3,2,2,2,3,1,1,3,1,2,3,3,1,1,1,2,1,3,2],"key":[50,49,50,50,50,50,49,49,49,50,50,50,49,49,49,49,50,49,50,50],"correct":[true,false,false,true,false,true,true,false,false,true,false,true,true,false,false,false,false,false,true,false],"right_img":[2,2,2,1,2,2,1,2,1,1,1,2,2,2,2,2,2,1,1,2],"img_choice":[2,1,2,1,2,2,2,1,2,1,1,2,1,1,1,1,2,2,1,2],"center_sample":[2,1,2,3,2,2,2,2,1,2,2,1,3,1,3,3,1,2,1,1],"left_sample":[3,1,2,2,3,2,1,3,3,1,2,1,1,3,3,1,2,1,3,1],"right_sample":[1,3,2,2,2,3,1,1,2,3,1,3,3,1,1,1,2,1,2,2],"RT":[[0,846,0,0],[0,19,0,0],[0,19,0,0],[0,142,0,0],[0,142,0,0],[0,224,0,0],[0,147,0,0],[0,147,0,0],[0,95,0,0],[0,97,0,0],[0,88,0,0],[0,161,0,0],[0,238,0,0],[0,88,0,0],[0,476,0,0],[0,297,0,0],[0,99,0,0],[0,304,0,0],[0,153,0,0],[0,182,0,0]],"response":[[0,1,0,0],[0,1,0,0],[0,1,0,0],[0,1,0,0],[0,1,0,0],[0,1,0,0],[0,1,0,0],[0,1,0,0],[0,1,0,0],[0,1,0,0],[0,1,0,0],[0,1,0,0],[0,1,0,0],[0,1,0,0],[0,1,0,0],[0,1,0,0],[0,1,0,0],[0,1,0,0],[0,1,0,0],[0,1,0,0]],"framerate":[28.826355525051476,44.0251572327044,41.139240506329116,41.11405835543766,41.99475065616798,38.049940546967896,35.76158940397351,40.78947368421053,41.95804195804196,41.25177809388335,42.0899854862119,37.908496732026144,35.62945368171022,42.25352112676056,36.73094582185491,35.39823008849557,40.787623066104075,35.714285714285715,40.62909567496723,41.878172588832484]}
