{"practice":[0,0,0,0,0,0,0,0,0,0,0,0,0,0,0,0,0,0,0,0],"center_interval":[0,0,25,100,100,25,75,0,100,0,50,100,50,50,75,25,75,75,25,0],"image_pair":[1,2,3,3,1,1,3,2,1,1,2,2,1,4,2,1,1,1,1,4],"feature_space":[2,2,2,2,2,1,2,1,1,1,1,2,1,1,2,2,2,1,2,2],"left_img":[1,1,2,2,1,2,2,1,1,1,2,1,1,1,2,2,2,1,1,2],"img1Sample":[1,3,1,3,3,3,3,1,2,2,2,3,1,1,1,3,3,1,1,2],"img2Sample":[2,2,3,1,1,2,3,1,1,2,3,1,3,2,3,2,3,1,3,2],"key":[49,49,50,50,50,49,50,49,49,50,49,49,50,50,49,49,49,49,50,null],"correct":[true,true,true,false,true,false,false,true,false,false,false,false,false,false,true,false,true,false,false,null],"right_img":[2,2,1,1,2,1,1,2,2,2,1,2,2,2,1,1,1,2,2,1],"img_choice":[1,1,1,1,2,2,1,1,1,2,2,1,2,2,2,2,2,1,2,null],"center_sample":[2,2,1,2,2,1,2,3,2,1,2,2,2,2,2,2,2,1,2,3],"left_sample":[1,3,3,1,3,2,3,1,2,2,3,3,1,1,3,2,3,1,1,2],"right_sample":[2,2,1,3,1,3,3,1,1,2,2,1,3,2,1,3,3,1,3,2],"RT":[[0,0,0,2261,0,0],[0,0,0,1711,0,0],[0,0,0,2057,0,0],[0,0,0,1659,0,0],[0,0,0,2620,0,0],[0,0,0,1890,0,0],[0,0,0,2797,0,0],[0,0,0,1569,0,0],[0,0,0,1720,0,0],[0,0,0,1515,0,0],[0,0,0,2224,0,0],[0,0,0,1433,0,0],[0,0,0,1501,0,0],[0,0,0,1357,0,0],[0,0,0,2527,0,0],[0,0,0,1064,0,0],[0,0,0,1223,0,0],[0,0,0,2424,0,0],[0,0,0,1214,0,0],[0,0,0,0,0,0]],"response":[[0,0,0,1,0,0],[0,0,0,1,0,0],[0,0,0,1,0,0],[0,0,0,1,0,0],[0,0,0,1,0,0],[0,0,0,1,0,0],[0,0,0,1,0,0],[0,0,0,1,0,0],[0,0,0,1,0,0],[0,0,0,1,0,0],[0,0,0,1,0,0],[0,0,0,1,0,0],[0,0,0,1,0,0],[0,0,0,1,0,0],[0,0,0,1,0,0],[0,0,0,1,0,0],[0,0,0,1,0,0],[0,0,0,1,0,0],[0,0,0,1,0,0],[0,0,0,1,0,0]],"framerate":[19.796158369266955,20.030816640986135,20.081967213114755,20.512820512820515,20.671834625322997,21.922428330522767,23.504273504273502,24.586397058823533,23.02126726595045,24.024024024024023,22.790328973444314,23.91559202813599,23.00720427608645,22.928110819202292,21.820216337187617,23.883696780893043,22.282076395690503,23.322500477920094,24.86943546381497,21.458679269383065]}
