{"practice":[0,0,0,0,0,0,0,0,0,0,0,0,0,0,0,0,0,0,0,0],"center_interval":[75,25,0,25,100,50,0,75,75,50,50,100,50,0,25,50,75,75,50,75],"image_pair":[2,1,1,4,1,2,1,3,3,2,4,2,2,4,3,4,2,1,4,3],"feature_space":[1,2,2,2,1,1,2,1,2,2,1,2,1,2,1,1,2,1,1,1],"left_img":[1,2,1,1,2,2,1,2,1,1,1,1,2,2,2,2,2,2,2,1],"img1Sample":[3,1,2,3,1,1,2,2,3,1,2,3,3,2,3,2,1,1,1,1],"img2Sample":[1,1,3,2,3,2,1,2,3,3,1,1,2,2,3,1,2,3,2,1],"key":[50,49,49,50,50,50,50,50,49,50,49,49,50,49,50,50,50,50,49,50],"correct":[true,false,true,false,false,true,false,false,false,false,true,false,true,false,true,true,false,false,false,true],"right_img":[2,1,2,2,1,1,2,1,2,2,2,2,1,1,1,1,1,1,1,2],"img_choice":[2,2,1,2,1,1,2,1,1,2,1,1,1,2,1,1,1,1,2,2],"center_sample":[2,2,1,2,1,3,1,2,2,2,1,3,2,1,2,2,3,2,3,3],"left_sample":[3,1,2,3,3,2,2,2,3,1,2,3,2,2,3,1,2,3,2,1],"right_sample":[1,1,3,2,1,1,1,2,3,3,1,1,3,2,3,2,1,1,1,1],"RT":[[0,0,0,2340,0,0],[0,0,0,2018,0,0],[0,0,0,2213,0,0],[0,0,0,1646,0,0],[0,0,0,1509,0,0],[0,0,0,2580,0,0],[0,0,0,1694,0,0],[0,0,0,1185,0,0],[0,0,0,1415,0,0],[0,0,0,1882,0,0],[0,0,0,1578,0,0],[0,0,0,1099,0,0],[0,0,0,1692,0,0],[0,0,0,1373,0,0],[0,0,0,2295,0,0],[0,0,0,1775,0,0],[0,0,0,1801,0,0],[0,0,0,1296,0,0],[0,0,0,1445,0,0],[0,0,0,1146,0,0]],"response":[[0,0,0,1,0,0],[0,0,0,1,0,0],[0,0,0,1,0,0],[0,0,0,1,0,0],[0,0,0,1,0,0],[0,0,0,1,0,0],[0,0,0,1,0,0],[0,0,0,1,0,0],[0,0,0,1,0,0],[0,0,0,1,0,0],[0,0,0,1,0,0],[0,0,0,1,0,0],[0,0,0,1,0,0],[0,0,0,1,0,0],[0,0,0,1,0,0],[0,0,0,1,0,0],[0,0,0,1,0,0],[0,0,0,1,0,0],[0,0,0,1,0,0],[0,0,0,1,0,0]],"framerate":[10.409803663196731,20.152169442730823,15.68705321683876,17.333333333333332,21.1038961038961,20.476545048399107,21.295279912184412,21.35054617676266,20.5819730305181,21.928890781349796,21.121962298432887,20.710815648171824,22.163120567375888,22.30130486358244,21.12676056338028,20.806241872561767,21.088874542715732,22.420443587270974,21.0054283691291,21.40518761017376]}
