{"practice":[0,0,0,0,0,0,0,0,0,0,0,0,0,0,0,0,0,0,0,0],"center_interval":[0,75,100,25,50,75,25,25,0,75,100,25,100,75,50,50,75,75,25,0],"image_pair":[4,2,1,3,2,4,2,3,3,4,4,2,4,4,2,1,1,2,3,2],"feature_space":[1,2,2,2,2,1,1,1,2,2,1,1,2,2,2,2,1,1,2,2],"left_img":[1,2,1,1,1,2,1,2,2,1,1,1,2,2,2,2,2,1,1,2],"img1Sample":[3,3,1,2,1,3,2,1,3,1,3,2,2,3,3,2,2,3,1,3],"img2Sample":[2,1,1,3,3,2,3,1,3,1,3,2,1,2,2,1,2,2,3,1],"key":[49,49,50,49,49,50,49,49,50,50,50,50,49,49,50,50,49,49,null,49],"correct":[true,true,true,true,true,false,true,false,true,true,true,false,true,true,true,true,true,false,null,false],"right_img":[2,1,2,2,2,1,2,1,1,2,2,2,1,1,1,1,1,2,2,1],"img_choice":[1,2,2,1,1,1,1,2,1,2,2,2,2,2,1,1,2,1,null,2],"center_sample":[2,3,3,2,3,2,2,3,2,1,2,2,2,1,1,2,3,3,3,2],"left_sample":[3,1,1,2,1,2,2,1,3,1,3,2,1,2,2,1,2,3,1,1],"right_sample":[2,3,1,3,3,3,3,1,3,1,3,2,2,3,3,2,2,2,3,3],"RT":[[0,0,0,2774,0,0],[0,0,0,1646,0,0],[0,0,0,2228,0,0],[0,0,0,1884,0,0],[0,0,0,2507,0,0],[0,0,0,1806,0,0],[0,0,0,1947,0,0],[0,0,0,1973,0,0],[0,0,0,1358,0,0],[0,0,0,1316,0,0],[0,0,0,1694,0,0],[0,0,0,1790,0,0],[0,0,0,1667,0,0],[0,0,0,1242,0,0],[0,0,0,1971,0,0],[0,0,0,1578,0,0],[0,0,0,1334,0,0],[0,0,0,1717,0,0],[0,0,0,0,0,0],[0,0,0,4085,0,0]],"response":[[0,0,0,1,0,0],[0,0,0,1,0,0],[0,0,0,1,0,0],[0,0,0,1,0,0],[0,0,0,1,0,0],[0,0,0,1,0,0],[0,0,0,1,0,0],[0,0,0,1,0,0],[0,0,0,1,0,0],[0,0,0,1,0,0],[0,0,0,1,0,0],[0,0,0,1,0,0],[0,0,0,1,0,0],[0,0,0,1,0,0],[0,0,0,1,0,0],[0,0,0,1,0,0],[0,0,0,1,0,0],[0,0,0,1,0,0],[0,0,0,1,0,0],[0,0,0,1,0,0]],"framerate":[19.410496046010064,22.671156004489337,22.021234762092018,22.795057520238604,21.980086417433778,22.111424235855193,20.00421141292904,21.1882010801828,22.041207474844274,22.650602409638555,21.445942958213575,22.308858566168507,22.306491188935983,20.539470428111855,20.91530337544005,20.909090909090907,23.941958887545344,20.22222222222222,21.436774275870867,20.446635730858468]}
