{"practice":[0,0,0,0,0,0,0,0,0,0,0,0,0,0,0,0,0,0,0,0],"center_interval":[0,25,75,75,25,75,25,0,100,100,100,25,75,0,75,100,100,0,100,100],"image_pair":[4,2,2,1,2,1,2,2,3,1,2,2,4,2,2,4,4,2,3,2],"feature_space":[2,1,1,1,2,1,1,2,2,2,1,1,2,1,2,2,2,1,1,2],"left_img":[2,1,2,2,2,1,1,1,2,2,2,1,1,2,2,2,1,1,1,2],"img1Sample":[1,3,2,1,1,3,3,3,3,1,3,1,1,2,1,3,3,1,2,3],"img2Sample":[1,1,2,1,1,1,2,2,1,3,1,1,1,3,3,2,2,1,1,1],"key":[50,50,50,50,49,50,49,50,50,null,50,null,null,null,null,49,null,null,null,null],"correct":[true,false,false,false,false,true,true,false,false,null,false,null,null,null,null,true,null,null,null,null],"right_img":[1,2,1,1,1,2,2,2,1,1,1,2,2,1,1,1,2,2,2,1],"img_choice":[1,2,1,1,2,2,1,2,1,null,1,null,null,null,null,2,null,null,null,null],"center_sample":[3,2,2,1,3,2,3,2,3,2,3,2,2,1,3,1,3,3,3,3],"left_sample":[1,3,2,1,1,3,3,3,1,3,1,1,1,3,3,2,3,1,2,1],"right_sample":[1,1,2,1,1,1,2,2,3,1,3,1,1,2,1,3,2,1,1,3],"RT":[[0,0,0,2366,0,0],[0,0,0,2316,0,0],[0,0,0,2123,0,0],[0,0,0,2789,0,0],[0,0,0,1328,0,0],[0,0,0,1282,0,0],[0,0,0,1753,0,0],[0,0,0,1818,0,0],[0,0,0,3740,0,0],[0,0,0,0,0,0],[0,0,0,2670,0,0],[0,0,0,0,0,0],[0,0,0,0,0,0],[0,0,0,0,0,0],[0,0,0,0,0,0],[0,0,0,960,0,0],[0,0,0,0,0,0],[0,0,0,0,0,0],[0,0,0,0,0,0],[0,0,0,0,0,0]],"response":[[0,0,0,1,0,0],[0,0,0,1,0,0],[0,0,0,1,0,0],[0,0,0,1,0,0],[0,0,0,1,0,0],[0,0,0,1,0,0],[0,0,0,1,0,0],[0,0,0,1,0,0],[0,0,0,1,0,0],[0,0,0,1,0,0],[0,0,0,1,0,0],[0,0,0,1,0,0],[0,0,0,1,0,0],[0,0,0,1,0,0],[0,0,0,1,0,0],[0,0,0,1,0,0],[0,0,0,1,0,0],[0,0,0,1,0,0],[0,0,0,1,0,0],[0,0,0,1,0,0]],"framerate":[22.79312343055824,23.44207853096308,22.819063004846527,22.86122521878907,23.435612466779414,23.879142300194932,22.8220320386219,23.145143845987455,22.82410225197809,23.562556025099244,22.81021897810219,21.91745706229172,22.51503134194704,22.686719347438185,22.444529947415674,24.390243902439025,20.51545069880754,21.480629075565783,20.963824619711108,21.14919097974264]}
