{"practice":[1,1,1,1,1],"center_interval":[100,0,0,25,75],"image_pair":[1,1,4,2,1],"feature_space":[1,1,2,1,1],"left_img":[1,1,2,2,1],"img1Sample":[3,1,2,2,3],"img2Sample":[1,3,1,2,2],"key":[49,50,49,49,50],"correct":[false,false,false,false,true],"right_img":[2,2,1,1,2],"img_choice":[1,2,2,2,2],"center_sample":[2,2,3,1,1],"left_sample":[3,1,1,2,3],"right_sample":[1,3,2,2,2],"RT":[[0,0,0,4169,0,0],[0,0,0,2599,0,0],[0,0,0,1666,0,0],[0,0,0,1661,0,0],[0,0,0,1493,0,0]],"response":[[0,0,0,1,0,0],[0,0,0,1,0,0],[0,0,0,1,0,0],[0,0,0,1,0,0],[0,0,0,1,0,0]],"framerate":[20.3234578502934,22.213994816734544,20.0445434298441,22.778025904421618,21.950092421441774]}
