{"practice":[0,0,0,0,0,0,0,0,0,0,0,0,0,0,0,0,0,0,0,0],"center_interval":[0,50,75,25,0,50,25,0,100,75,0,75,0,25,100,0,0,50,50,75],"image_pair":[2,4,2,1,4,3,4,1,3,1,4,3,1,2,1,1,2,4,4,1],"feature_space":[2,2,2,1,1,2,2,1,1,2,1,2,2,1,2,2,2,2,2,1],"left_img":[1,1,2,2,2,1,1,2,1,2,1,1,1,1,1,1,1,2,1,2],"img1Sample":[2,2,2,3,1,3,2,2,1,3,3,2,3,2,2,2,3,3,1,3],"img2Sample":[1,1,2,1,1,2,1,2,1,3,2,1,2,2,3,2,1,3,1,1],"key":[50,49,49,49,50,50,49,49,50,50,49,49,50,49,49,50,49,50,49,50],"correct":[false,true,true,false,true,false,true,false,true,false,true,false,false,true,false,false,true,true,true,false],"right_img":[2,2,1,1,1,2,2,1,2,1,2,2,2,2,2,2,2,1,2,1],"img_choice":[2,1,2,2,1,2,1,2,2,1,1,1,2,1,1,2,1,1,1,1],"center_sample":[1,2,3,2,2,2,2,3,3,3,2,3,1,3,1,1,2,3,1,2],"left_sample":[2,2,2,1,1,3,2,2,1,3,3,2,3,2,2,2,3,3,1,1],"right_sample":[1,1,2,3,1,2,1,2,1,3,2,1,2,2,3,2,1,3,1,3],"RT":[[0,1455.3999999985099,0,0],[0,1459.5,0,0],[0,769.5999999940395,0,0],[0,887.5,0,0],[0,863,0,0],[0,968.3999999985099,0,0],[0,564.3000000044703,0,0],[0,528.7000000029802,0,0],[0,641.2999999970198,0,0],[0,512.2999999970198,0,0],[0,286.29999999701977,0,0],[0,526.3999999985099,0,0],[0,455.20000000298023,0,0],[0,1563.5999999940395,0,0],[0,812.5,0,0],[0,1072.2999999970198,0,0],[0,1545,0,0],[0,1240.8000000044703,0,0],[0,668.3000000044703,0,0],[0,1254.2000000029802,0,0]],"response":[[0,1,0,0],[0,1,0,0],[0,1,0,0],[0,1,0,0],[0,1,0,0],[0,1,0,0],[0,1,0,0],[0,1,0,0],[0,1,0,0],[0,1,0,0],[0,1,0,0],[0,1,0,0],[0,1,0,0],[0,1,0,0],[0,1,0,0],[0,1,0,0],[0,1,0,0],[0,1,0,0],[0,1,0,0],[0,1,0,0]],"framerate":[60.01064705036967,60.01355144701439,60.01880107027944,60.01200240036084,60.01909698558744,60.00884340844583,60.02915701904687,60.00705965431367,60.00960153603115,60.01970796396925,60.006667407589084,60.028248587333735,60.00937646507267,60.01569641286671,60.01553343230873,57.01728336391879,60.01674886018863,59.97730588440488,60.08583690987125,60.0150037508419]}
