{"practice":[1,1,1,1,1],"center_interval":[50,25,0,75,0],"image_pair":[4,2,1,3,1],"feature_space":[1,1,1,2,2],"left_img":[2,1,2,1,2],"img1Sample":[3,2,3,3,2],"img2Sample":[3,1,1,1,2],"key":[50,50,50,50,50],"correct":[true,false,true,true,true],"right_img":[1,2,1,2,1],"img_choice":[1,2,1,2,1],"center_sample":[2,1,2,1,1],"left_sample":[3,2,1,3,2],"right_sample":[3,1,3,1,2],"RT":[[0,2063.60000000149,0,0],[0,1277.8999999985099,0,0],[0,1287.3999999985099,0,0],[0,1337.8999999985099,0,0],[0,1286.3999999985099,0,0]],"response":[[0,1,0,0],[0,1,0,0],[0,1,0,0],[0,1,0,0],[0,1,0,0]],"framerate":[60.01050183775454,60.016995963553676,60.02211341006249,60.0030770809218,59.99999999999999]}
