{"practice":[0,0,0,0,0,0,0,0,0,0,0,0,0,0,0,0,0,0,0,0],"center_interval":[75,100,50,100,0,100,100,75,75,25,50,25,25,100,0,50,75,75,0,0],"image_pair":[2,4,2,3,2,1,3,4,4,2,4,1,2,2,4,4,1,3,4,1],"feature_space":[2,1,1,1,1,2,1,1,2,2,2,2,1,2,1,1,2,2,1,2],"left_img":[2,2,1,1,2,1,1,2,2,1,1,1,1,2,2,2,1,1,2,1],"img1Sample":[1,2,2,1,3,2,1,2,2,3,1,3,3,3,1,3,1,3,1,2],"img2Sample":[1,3,2,1,3,3,2,1,2,3,2,2,1,2,2,3,1,2,1,2],"key":[49,50,49,50,50,50,49,50,49,50,49,50,49,50,49,49,50,49,49,50],"correct":[true,false,true,true,true,true,false,false,true,false,true,false,true,false,false,false,true,false,false,false],"right_img":[1,1,2,2,1,2,2,1,1,2,2,2,2,1,1,1,2,2,1,2],"img_choice":[2,1,1,2,1,2,1,1,2,2,1,2,1,1,2,2,2,1,2,2],"center_sample":[3,2,1,3,1,1,1,1,2,2,2,2,1,1,3,1,1,3,3,3],"left_sample":[1,3,2,1,3,2,1,1,2,3,1,3,3,2,2,3,1,3,1,2],"right_sample":[1,2,2,1,3,3,2,2,2,3,2,2,1,3,1,3,1,2,1,2],"RT":[[0,1559,0,0],[0,985.5,0,0],[0,1525.1000000014901,0,0],[0,1077.7000000029802,0,0],[0,1055.7000000029802,0,0],[0,1171.2999999970198,0,0],[0,873.3999999985099,0,0],[0,1215.8999999985099,0,0],[0,485.59999999403954,0,0],[0,1131,0,0],[0,1048.7999999970198,0,0],[0,1734.8999999985099,0,0],[0,1305,0,0],[0,1064.2999999970198,0,0],[0,804.8999999985099,0,0],[0,874.2999999970198,0,0],[0,1421.6000000014901,0,0],[0,964.6000000014901,0,0],[0,719.1000000014901,0,0],[0,1876.2999999970198,0,0]],"response":[[0,1,0,0],[0,1,0,0],[0,1,0,0],[0,1,0,0],[0,1,0,0],[0,1,0,0],[0,1,0,0],[0,1,0,0],[0,1,0,0],[0,1,0,0],[0,1,0,0],[0,1,0,0],[0,1,0,0],[0,1,0,0],[0,1,0,0],[0,1,0,0],[0,1,0,0],[0,1,0,0],[0,1,0,0],[0,1,0,0]],"framerate":[60.012925861078514,60.015003750881824,60.01218997613082,60.019015925678445,60.01320290474636,60.01794929309608,60.009439687382965,60.01872143599503,60.02182611850724,60.01154068090017,60.01320290474636,60.01787766557345,60.014612253558234,60.013202904478014,59.98588567395907,60.045877749472695,60.01278961072473,60.01787766585896,60.01500375093773,60.012888673969606]}
