{"practice":[0,0,0,0,0,0,0,0,0,0,0,0,0,0,0,0,0,0,0,0],"center_interval":[25,0,50,0,0,50,0,0,0,75,50,25,25,75,100,50,0,0,100,25],"image_pair":[2,2,1,3,1,4,1,1,3,1,3,1,3,4,3,2,2,2,2,4],"feature_space":[2,2,2,1,2,1,2,2,2,1,2,2,2,2,1,2,2,2,2,1],"left_img":[2,2,1,1,1,1,2,2,1,2,2,1,2,1,1,2,2,2,2,1],"img1Sample":[2,2,1,1,1,2,2,3,2,3,3,3,2,1,1,3,1,2,2,2],"img2Sample":[1,2,2,3,1,2,2,3,2,2,2,1,3,2,3,3,3,2,2,2],"key":[50,50,49,50,49,49,50,50,49,50,49,50,50,50,50,50,50,50,50,49],"correct":[true,true,true,false,true,true,true,true,true,false,false,false,true,true,true,true,true,true,false,true],"right_img":[1,1,2,2,2,2,1,1,2,1,1,2,1,2,2,1,1,1,1,2],"img_choice":[1,1,1,2,1,1,1,1,1,1,2,2,1,2,2,1,1,1,1,1],"center_sample":[3,1,3,3,2,1,1,1,3,2,2,3,1,3,2,3,2,1,3,1],"left_sample":[1,2,1,1,1,2,2,3,2,2,2,3,3,1,1,3,3,2,2,2],"right_sample":[2,2,2,3,1,2,2,3,2,3,3,1,2,2,3,3,1,2,2,2],"RT":[[0,627.7999999970198,0,0],[0,2461.0999999940395,0,0],[0,1691.6999999955297,0,0],[0,1132.3999999985099,0,0],[0,2169.60000000149,0,0],[0,1102.6000000014901,0,0],[0,1692.1000000014901,0,0],[0,1772.7999999970198,0,0],[0,911.2999999970198,0,0],[0,775.2999999970198,0,0],[0,603,0,0],[0,305.19999999552965,0,0],[0,2130.8000000044703,0,0],[0,3208.5999999940395,0,0],[0,1542.5999999940395,0,0],[0,990.6999999955297,0,0],[0,1456.8000000044703,0,0],[0,1902.5,0,0],[0,1440.8999999985099,0,0],[0,632.1000000014901,0,0]],"response":[[0,1,0,0],[0,1,0,0],[0,1,0,0],[0,1,0,0],[0,1,0,0],[0,1,0,0],[0,1,0,0],[0,1,0,0],[0,1,0,0],[0,1,0,0],[0,1,0,0],[0,1,0,0],[0,1,0,0],[0,1,0,0],[0,1,0,0],[0,1,0,0],[0,1,0,0],[0,1,0,0],[0,1,0,0],[0,1,0,0]],"framerate":[60.011353499238155,60.015003750966905,60.01304631441617,60.017147756501856,58.21683975988303,60.012818271968094,60.01304631441617,60.018467220645746,60.00263747851153,60.01446131597976,60.027958227045936,60.00436395413229,58.92040256175663,60.00262020175553,60.03630101913766,60.015003750881824,60.01936108422072,60.00397377309756,60.02635303299524,60.01622060016221]}
