{"practice":[0,0,0,0,0,0,0,0,0,0,0,0,0,0,0,0,0,0,0,0],"center_interval":[75,25,0,75,50,0,50,50,25,0,0,50,100,0,50,50,100,75,75,0],"image_pair":[1,2,3,4,1,2,3,1,3,1,4,1,3,2,2,1,1,3,3,4],"feature_space":[1,1,2,2,1,1,1,2,2,1,1,1,1,1,2,1,2,2,1,1],"left_img":[2,1,1,1,1,1,1,1,1,1,1,2,2,1,2,2,1,1,2,1],"img1Sample":[3,1,3,2,1,3,3,1,3,3,1,2,2,1,1,2,2,1,1,2],"img2Sample":[2,2,2,2,2,2,2,1,2,3,3,2,3,3,1,2,2,2,2,1],"key":[49,50,49,49,49,50,49,49,50,49,49,49,50,49,49,50,49,50,50,49],"correct":[true,false,true,false,true,false,true,true,false,true,true,false,false,true,false,true,false,true,false,true],"right_img":[1,2,2,2,2,2,2,2,2,2,2,1,1,2,1,1,2,2,1,2],"img_choice":[2,2,1,1,1,2,1,1,2,1,1,2,1,1,2,1,1,2,1,1],"center_sample":[3,3,1,1,1,2,3,2,2,2,3,3,1,3,3,3,3,3,3,3],"left_sample":[2,1,3,2,1,3,3,1,3,3,1,2,3,1,1,2,2,1,2,2],"right_sample":[3,2,2,2,2,2,2,1,2,3,3,2,2,3,1,2,2,2,1,1],"RT":[[0,1463.2999999970198,0,0],[0,782.5,0,0],[0,435.79999999701977,0,0],[0,475.79999999701977,0,0],[0,663,0,0],[0,1188.2000000029802,0,0],[0,863.7000000029802,0,0],[0,583.6000000014901,0,0],[0,2514.2000000029802,0,0],[0,344.6000000014901,0,0],[0,565.3999999985099,0,0],[0,1285.5,0,0],[0,2011.7000000029802,0,0],[0,395.20000000298023,0,0],[0,541.6000000014901,0,0],[0,442.30000000447035,0,0],[0,2188.7999999970198,0,0],[0,589.7000000029802,0,0],[0,4023.5,0,0],[0,1492,0,0]],"response":[[0,1,0,0],[0,1,0,0],[0,1,0,0],[0,1,0,0],[0,1,0,0],[0,1,0,0],[0,1,0,0],[0,1,0,0],[0,1,0,0],[0,1,0,0],[0,1,0,0],[0,1,0,0],[0,1,0,0],[0,1,0,0],[0,1,0,0],[0,1,0,0],[0,1,0,0],[0,1,0,0],[0,1,0,0],[0,1,0,0]],"framerate":[60.00774293461547,60.01446131597976,60.01714775633147,60.018467220683284,60.012634238857736,60.02000666893934,60.006818956699625,60.02000666881508,60.016689132864386,60.00631645445775,60.013717420818146,60.0157936299026,60.0175847700942,60.018005401888864,60.01565625799873,60.01714775633147,60.01285989858164,60.02000666881508,60.01467984980534,60.01143074867146]}
