{"practice":[0,0,0,0,0,0,0,0,0,0,0,0,0,0,0,0,0,0,0,0],"center_interval":[25,25,50,100,0,25,25,75,75,50,25,75,100,50,100,50,50,75,25,50],"image_pair":[4,1,2,2,2,4,2,3,1,4,1,3,3,1,1,2,4,1,2,1],"feature_space":[2,2,2,2,1,1,1,1,1,2,2,2,2,1,1,2,1,2,2,1],"left_img":[1,2,1,2,2,1,1,2,1,1,2,1,1,1,2,2,1,1,1,1],"img1Sample":[2,2,1,2,1,3,3,2,3,2,1,2,3,1,1,3,3,1,2,3],"img2Sample":[3,3,3,1,3,2,3,3,3,2,1,1,1,3,3,2,3,2,1,1],"key":[50,50,49,null,null,50,null,null,null,null,null,null,50,null,50,null,49,49,null,49],"correct":[false,true,true,null,null,false,null,null,null,null,null,null,true,null,false,null,true,false,null,true],"right_img":[2,1,2,1,1,2,2,1,2,2,1,2,2,2,1,1,2,2,2,2],"img_choice":[2,1,1,null,null,2,null,null,null,null,null,null,2,null,1,null,1,1,null,1],"center_sample":[1,3,3,2,2,2,2,1,3,1,1,2,2,3,2,3,3,3,2,1],"left_sample":[2,3,1,1,3,3,3,3,3,2,1,2,3,1,3,2,3,1,2,3],"right_sample":[3,2,3,2,1,2,3,2,3,2,1,1,1,3,1,3,3,2,1,1],"RT":[[0,0,0,1090,0,0],[0,0,0,2192,0,0],[0,0,0,1296,0,0],[0,0,0,0,0,0],[0,0,0,0,0,0],[0,0,0,1434,0,0],[0,0,0,0,0,0],[0,0,0,0,0,0],[0,0,0,0,0,0],[0,0,0,0,0,0],[0,0,0,0,0,0],[0,0,0,0,0,0],[0,0,0,4706,0,0],[0,0,0,0,0,0],[0,0,0,581,0,0],[0,0,0,0,0,0],[0,0,0,1309,0,0],[0,0,0,1728,0,0],[0,0,0,0,0,0],[0,0,0,81,0,0]],"response":[[0,0,0,1,0,0],[0,0,0,1,0,0],[0,0,0,1,0,0],[0,0,0,1,0,0],[0,0,0,1,0,0],[0,0,0,1,0,0],[0,0,0,1,0,0],[0,0,0,1,0,0],[0,0,0,1,0,0],[0,0,0,1,0,0],[0,0,0,1,0,0],[0,0,0,1,0,0],[0,0,0,1,0,0],[0,0,0,1,0,0],[0,0,0,1,0,0],[0,0,0,1,0,0],[0,0,0,1,0,0],[0,0,0,1,0,0],[0,0,0,1,0,0],[0,0,0,1,0,0]],"framerate":[59.170081967213115,60.03602161296778,57.08709441327153,59.86185725249425,59.50095969289828,59.07272299364557,59.877175025588535,59.60010253781082,50.15994881637876,59.86411998461735,59.743589743589745,53.66978352760343,58.18908122503329,59.89250063987715,59.119125036949455,59.48573621593961,59.03790087463557,60.0044120891242,59.61538461538462,59.90304709141274]}
