{"practice":[1,1,1,1,1],"center_interval":[50,75,0,75,100],"image_pair":[3,1,4,1,2],"feature_space":[2,1,1,1,1],"left_img":[1,2,1,1,2],"img1Sample":[3,3,1,3,3],"img2Sample":[3,2,2,1,3],"key":[null,50,49,49,50],"correct":[null,false,true,false,false],"right_img":[2,1,2,2,1],"img_choice":[null,1,1,1,1],"center_sample":[3,3,3,1,1],"left_sample":[3,2,1,3,3],"right_sample":[3,3,2,1,3],"RT":[[0,0,0,0,0,0],[0,0,0,684,0,0],[0,0,0,471,0,0],[0,0,0,1348,0,0],[0,0,0,930,0,0]],"response":[[0,0,0,1,0,0],[0,0,0,1,0,0],[0,0,0,1,0,0],[0,0,0,1,0,0],[0,0,0,1,0,0]],"framerate":[58.447371786673486,59.46255002858776,58.8235294117647,59.73025048169557,59.877038225073505]}
