{"practice":[0,0,0,0,0,0,0,0,0,0,0,0,0,0,0,0,0,0,0,0],"center_interval":[100,0,0,75,75,25,0,100,25,25,25,25,25,75,50,0,50,100,75,100],"image_pair":[2,4,2,3,4,1,1,2,2,2,4,4,3,2,1,4,3,4,3,3],"feature_space":[1,2,1,1,1,1,2,2,1,1,1,2,1,1,2,2,1,1,1,1],"left_img":[1,2,1,1,1,2,2,1,1,1,2,2,2,2,2,2,2,1,1,1],"img1Sample":[3,3,1,3,1,3,1,2,2,2,2,1,1,1,2,2,1,1,3,1],"img2Sample":[3,1,2,1,3,3,1,1,2,1,1,1,2,1,2,3,1,2,3,1],"key":[50,49,49,50,50,50,null,null,null,null,null,49,50,50,50,49,50,50,null,49],"correct":[true,false,true,true,true,true,null,null,null,null,null,false,true,false,true,false,true,true,null,false],"right_img":[2,1,2,2,2,1,1,2,2,2,1,1,1,1,1,1,1,2,2,2],"img_choice":[2,2,1,2,2,1,null,null,null,null,null,2,1,1,1,2,1,2,null,1],"center_sample":[1,1,3,1,2,2,3,3,1,3,3,2,3,1,1,1,2,3,1,3],"left_sample":[3,1,1,3,1,3,1,2,2,2,1,1,2,1,2,3,1,1,3,1],"right_sample":[3,3,2,1,3,3,1,1,2,1,2,1,1,1,2,2,1,2,3,1],"RT":[[0,0,0,936,0,0],[0,0,0,3595,0,0],[0,0,0,115,0,0],[0,0,0,3555,0,0],[0,0,0,845,0,0],[0,0,0,185,0,0],[0,0,0,0,0,0],[0,0,0,0,0,0],[0,0,0,0,0,0],[0,0,0,0,0,0],[0,0,0,0,0,0],[0,0,0,1357,0,0],[0,0,0,1014,0,0],[0,0,0,92,0,0],[0,0,0,2144,0,0],[0,0,0,540,0,0],[0,0,0,1043,0,0],[0,0,0,2549,0,0],[0,0,0,0,0,0],[0,0,0,3289,0,0]],"response":[[0,0,0,1,0,0],[0,0,0,1,0,0],[0,0,0,1,0,0],[0,0,0,1,0,0],[0,0,0,1,0,0],[0,0,0,1,0,0],[0,0,0,1,0,0],[0,0,0,1,0,0],[0,0,0,1,0,0],[0,0,0,1,0,0],[0,0,0,1,0,0],[0,0,0,1,0,0],[0,0,0,1,0,0],[0,0,0,1,0,0],[0,0,0,1,0,0],[0,0,0,1,0,0],[0,0,0,1,0,0],[0,0,0,1,0,0],[0,0,0,1,0,0],[0,0,0,1,0,0]],"framerate":[58.94905308082155,55.00859509298328,60.01371742112483,54.499764410240296,59.726027397260275,60.02000666888963,57.69476781373929,59.3361527617583,59.779825908858164,59.74158884482538,59.613662530382506,59.48668745502519,59.837993206166715,59.937995177402684,59.7979797979798,59.71931919976112,59.984419631264615,59.439252336448604,59.76452521115945,53.562653562653566]}
