{"practice":[0,0,0,0,0,0,0,0,0,0,0,0,0,0,0,0,0,0,0,0],"center_interval":[0,50,0,75,75,50,25,25,25,100,50,75,25,100,0,50,25,50,50,0],"image_pair":[3,2,1,1,4,3,1,3,1,3,2,2,4,2,4,2,2,2,4,4],"feature_space":[2,2,1,2,1,1,1,2,1,2,1,2,1,2,1,2,1,1,1,2],"left_img":[2,2,2,2,2,2,2,2,2,2,2,2,1,1,2,2,2,2,1,1],"img1Sample":[1,2,2,1,1,1,2,3,3,3,2,3,1,1,2,1,2,2,2,1],"img2Sample":[1,3,3,3,2,1,1,2,3,3,1,1,3,1,2,1,2,1,3,3],"key":[50,null,49,49,49,50,49,50,49,49,50,49,50,50,50,50,49,50,50,50],"correct":[true,null,false,true,true,true,false,true,false,true,true,true,false,true,true,true,false,true,false,false],"right_img":[1,1,1,1,1,1,1,1,1,1,1,1,2,2,1,1,1,1,2,2],"img_choice":[1,null,2,2,2,1,2,1,2,2,1,2,2,2,1,1,2,1,2,2],"center_sample":[2,3,1,2,3,3,3,1,2,1,3,1,2,3,1,1,3,2,1,2],"left_sample":[1,3,3,3,2,1,1,2,3,3,1,1,1,1,2,1,2,1,2,1],"right_sample":[1,2,2,1,1,1,2,3,3,3,2,3,3,1,2,1,2,2,3,3],"RT":[[0,0,0,110,0,0],[0,0,0,0,0,0],[0,0,0,2549,0,0],[0,0,0,4945,0,0],[0,0,0,1466,0,0],[0,0,0,2501,0,0],[0,0,0,1637,0,0],[0,0,0,3726,0,0],[0,0,0,2130,0,0],[0,0,0,203,0,0],[0,0,0,150,0,0],[0,0,0,59,0,0],[0,0,0,1208,0,0],[0,0,0,88,0,0],[0,0,0,899,0,0],[0,0,0,337,0,0],[0,0,0,278,0,0],[0,0,0,2959,0,0],[0,0,0,3016,0,0],[0,0,0,657,0,0]],"response":[[0,0,0,1,0,0],[0,0,0,1,0,0],[0,0,0,1,0,0],[0,0,0,1,0,0],[0,0,0,1,0,0],[0,0,0,1,0,0],[0,0,0,1,0,0],[0,0,0,1,0,0],[0,0,0,1,0,0],[0,0,0,1,0,0],[0,0,0,1,0,0],[0,0,0,1,0,0],[0,0,0,1,0,0],[0,0,0,1,0,0],[0,0,0,1,0,0],[0,0,0,1,0,0],[0,0,0,1,0,0],[0,0,0,1,0,0],[0,0,0,1,0,0],[0,0,0,1,0,0]],"framerate":[59.97258396161755,57.54475703324809,59.67922417008578,54.967741935483865,60.023446658851114,59.42083490033847,59.77528089887641,59.543854278279504,59.39590512872491,59.587217043941415,59.777102330293815,59.64422741541681,59.9950211600697,59.310344827586206,59.60086299892125,60.13363028953229,58.728098637248536,59.67042497831743,59.358380511236916,59.331797235023046]}
