{"practice":[0,0,0,0,0,0,0,0,0,0,0,0,0,0,0,0,0,0,0,0],"center_interval":[0,25,50,75,0,25,50,25,25,25,50,75,25,75,0,100,75,50,75,75],"image_pair":[2,2,4,2,2,1,2,4,1,4,2,4,4,2,4,4,3,4,4,3],"feature_space":[1,1,1,2,2,1,1,2,1,2,2,2,1,1,2,2,2,1,2,1],"left_img":[2,1,1,2,2,2,2,2,1,1,2,2,2,1,2,1,2,2,1,1],"img1Sample":[2,3,1,1,1,3,1,3,2,1,3,1,1,1,3,2,1,1,3,2],"img2Sample":[3,1,2,3,1,3,3,3,1,2,3,1,3,2,3,1,1,1,2,3],"key":[49,49,49,50,50,50,50,50,50,50,50,49,49,50,49,50,50,50,49,49],"correct":[false,true,true,false,true,true,true,true,false,false,true,true,false,true,false,true,false,true,false,false],"right_img":[1,2,2,1,1,1,1,1,2,2,1,1,1,2,1,2,1,1,2,2],"img_choice":[2,1,1,1,1,1,1,1,2,2,1,2,2,2,2,2,1,1,1,1],"center_sample":[3,1,3,3,2,3,2,1,3,1,1,2,2,2,2,2,3,3,1,2],"left_sample":[3,3,1,3,1,3,3,3,2,1,3,1,3,1,3,2,1,1,3,2],"right_sample":[2,1,2,1,1,3,1,3,1,2,3,1,1,2,3,1,1,1,2,3],"RT":[[0,0,0,1202,0,0],[0,0,0,1853,0,0],[0,0,0,89,0,0],[0,0,0,33,0,0],[0,0,0,154,0,0],[0,0,0,10,0,0],[0,0,0,84,0,0],[0,0,0,198,0,0],[0,0,0,157,0,0],[0,0,0,106,0,0],[0,0,0,43,0,0],[0,0,0,201,0,0],[0,0,0,335,0,0],[0,0,0,116,0,0],[0,0,0,200,0,0],[0,0,0,147,0,0],[0,0,0,680,0,0],[0,0,0,681,0,0],[0,0,0,705,0,0],[0,0,0,613,0,0]],"response":[[0,0,0,1,0,0],[0,0,0,1,0,0],[0,0,0,1,0,0],[0,0,0,1,0,0],[0,0,0,1,0,0],[0,0,0,1,0,0],[0,0,0,1,0,0],[0,0,0,1,0,0],[0,0,0,1,0,0],[0,0,0,1,0,0],[0,0,0,1,0,0],[0,0,0,1,0,0],[0,0,0,1,0,0],[0,0,0,1,0,0],[0,0,0,1,0,0],[0,0,0,1,0,0],[0,0,0,1,0,0],[0,0,0,1,0,0],[0,0,0,1,0,0],[0,0,0,1,0,0]],"framerate":[58.252427184466015,59.5671737733019,55.172413793103445,59.11330049261083,59.83772819472617,59.595601277048594,59.22865013774104,59.155865736124966,59.97304582210242,59.3278463648834,59.29824561403508,59.953627028817486,59.701492537313435,60.027285129604365,59.99337089824329,60.02034587995931,59.98851894374282,59.54766676209562,59.82905982905982,59.76676384839651]}
