{"practice":[0,0,0,0,0,0,0,0,0,0,0,0,0,0,0,0,0,0,0,0],"center_interval":[75,25,75,50,100,50,100,50,50,50,0,50,0,50,25,0,100,25,25,100],"image_pair":[1,1,3,3,4,1,2,2,3,1,3,3,4,4,1,1,2,2,2,1],"feature_space":[2,2,1,2,2,1,2,2,2,1,2,2,2,1,2,2,1,1,2,2],"left_img":[1,2,2,2,2,1,2,1,1,2,1,1,1,2,2,2,1,2,2,2],"img1Sample":[2,1,1,1,2,2,1,2,2,2,3,2,1,3,3,3,1,3,1,1],"img2Sample":[2,2,1,1,2,2,1,3,1,1,2,3,2,2,1,2,1,2,1,1],"key":[null,50,50,null,49,49,49,50,50,null,49,49,50,49,49,49,50,49,null,null],"correct":[null,true,false,null,true,true,true,false,false,null,true,true,false,false,false,false,true,false,null,null],"right_img":[2,1,1,1,1,2,1,2,2,1,2,2,2,1,1,1,2,1,1,1],"img_choice":[null,1,1,null,2,1,2,2,2,null,1,1,2,2,2,2,2,2,null,null],"center_sample":[1,3,3,1,1,2,3,2,3,3,2,1,2,2,2,2,2,3,3,2],"left_sample":[2,2,1,1,2,2,1,2,2,1,3,2,1,2,1,2,1,2,1,1],"right_sample":[2,1,1,1,2,2,1,3,1,2,2,3,2,3,3,3,1,3,1,1],"RT":[[0,0,0,0,0,0],[0,0,0,188,0,0],[0,0,0,4217,0,0],[0,0,0,0,0,0],[0,0,0,1996,0,0],[0,0,0,661,0,0],[0,0,0,91,0,0],[0,0,0,1031,0,0],[0,0,0,160,0,0],[0,0,0,0,0,0],[0,0,0,4655,0,0],[0,0,0,2667,0,0],[0,0,0,42,0,0],[0,0,0,1162,0,0],[0,0,0,41,0,0],[0,0,0,839,0,0],[0,0,0,2407,0,0],[0,0,0,196,0,0],[0,0,0,0,0,0],[0,0,0,0,0,0]],"response":[[0,0,0,1,0,0],[0,0,0,1,0,0],[0,0,0,1,0,0],[0,0,0,1,0,0],[0,0,0,1,0,0],[0,0,0,1,0,0],[0,0,0,1,0,0],[0,0,0,1,0,0],[0,0,0,1,0,0],[0,0,0,1,0,0],[0,0,0,1,0,0],[0,0,0,1,0,0],[0,0,0,1,0,0],[0,0,0,1,0,0],[0,0,0,1,0,0],[0,0,0,1,0,0],[0,0,0,1,0,0],[0,0,0,1,0,0],[0,0,0,1,0,0],[0,0,0,1,0,0]],"framerate":[59.86411998461735,59.33333333333333,59.718470069671554,59.58482829318299,56.31753948462178,58.874458874458874,59.97931747673216,59.20709441836202,59.35919055649241,59.728274801332994,58.53985264567984,59.10251732944181,59.87394957983194,51.282051282051285,59.29824561403508,59.99999999999999,56.83122847301952,60.21290751829674,59.86951515926827,59.74158884482538]}
