{"practice":[1,1,1,1,1],"center_interval":[50,75,0,100,75],"image_pair":[3,4,2,1,3],"feature_space":[1,2,1,2,2],"left_img":[2,2,1,1,2],"img1Sample":[1,1,3,1,2],"img2Sample":[2,1,3,3,3],"key":[49,50,49,49,50],"correct":[false,false,true,false,false],"right_img":[1,1,2,2,1],"img_choice":[2,1,1,1,1],"center_sample":[1,2,2,1,1],"left_sample":[2,1,3,1,3],"right_sample":[1,1,3,3,2],"RT":[[0,735,0,0],[0,298,0,0],[0,367,0,0],[0,493,0,0],[0,325,0,0]],"response":[[0,1,0,0],[0,1,0,0],[0,1,0,0],[0,1,0,0],[0,1,0,0]],"framerate":[58.252427184466015,58.62831858407079,58.76288659793814,59.72850678733032,58.760683760683754]}
