{"practice":[0,0,0,0,0,0,0,0,0,0,0,0,0,0,0,0,0,0,0,0],"center_interval":[100,50,0,75,25,100,50,50,100,75,75,25,0,50,0,25,75,100,100,75],"image_pair":[2,1,4,4,4,4,2,3,1,2,2,2,1,2,2,3,3,3,3,3],"feature_space":[2,1,2,2,2,1,1,2,2,2,2,1,2,2,2,1,2,2,1,1],"left_img":[2,2,1,2,2,2,2,2,1,2,2,1,2,1,2,1,1,1,1,1],"img1Sample":[2,2,2,2,2,3,2,1,1,1,2,1,2,3,3,1,1,3,1,2],"img2Sample":[3,3,2,2,1,2,1,3,3,1,2,1,2,2,3,3,3,1,1,3],"key":[49,49,50,49,49,50,49,49,50,50,49,50,49,50,50,50,50,49,50,50],"correct":[true,false,false,true,false,false,false,false,true,false,true,false,false,false,true,false,true,false,true,true],"right_img":[1,1,2,1,1,1,1,1,2,1,1,2,1,2,1,2,2,2,2,2],"img_choice":[2,2,2,2,2,1,2,2,2,1,2,2,2,2,1,2,2,1,2,2],"center_sample":[1,2,3,1,1,1,2,3,1,2,3,2,3,1,1,3,2,3,3,1],"left_sample":[3,3,2,2,1,2,1,3,1,1,2,1,2,3,3,1,1,3,1,2],"right_sample":[2,2,2,2,2,3,2,1,3,1,2,1,2,2,3,3,3,1,1,3],"RT":[[0,698,0,0],[0,615,0,0],[0,327,0,0],[0,427,0,0],[0,920,0,0],[0,880,0,0],[0,715,0,0],[0,697,0,0],[0,916,0,0],[0,1187,0,0],[0,743,0,0],[0,961,0,0],[0,1414,0,0],[0,531,0,0],[0,453,0,0],[0,997,0,0],[0,711,0,0],[0,1216,0,0],[0,529,0,0],[0,996,0,0]],"response":[[0,1,0,0],[0,1,0,0],[0,1,0,0],[0,1,0,0],[0,1,0,0],[0,1,0,0],[0,1,0,0],[0,1,0,0],[0,1,0,0],[0,1,0,0],[0,1,0,0],[0,1,0,0],[0,1,0,0],[0,1,0,0],[0,1,0,0],[0,1,0,0],[0,1,0,0],[0,1,0,0],[0,1,0,0],[0,1,0,0]],"framerate":[59.770114942528735,58.96805896805897,58.63539445628998,58.88030888030889,59.75049244911359,59.060402684563755,59.04617713853142,59.003831417624525,59.78975032851511,58.10055865921788,58.99705014749263,59.16030534351145,59.25925925925926,58.87521968365554,59.77229601518026,59.190031152647975,59.75794251134644,59.17808219178082,59.80650835532103,59.153175591531756]}
