{"practice":[1,1,1,1,1],"center_interval":[50,0,100,50,0],"image_pair":[2,1,3,2,4],"feature_space":[1,2,1,1,1],"left_img":[2,1,2,2,1],"img1Sample":[3,1,1,2,2],"img2Sample":[2,2,1,2,3],"stim_time":[2000,2000,2000,2000,2000],"key":[49,49,49,50,49],"correct":[false,true,true,true,true],"right_img":[1,2,1,1,2],"img_choice":[2,1,2,1,1],"center_sample":[1,2,3,3,3],"left_sample":[2,1,1,2,2],"right_sample":[3,2,1,2,3],"exact_match":[0,0,0,0,0],"RT":[[0,0,0,3501.0999999996275,0,0],[0,0,0,1703,0,0],[0,0,0,1663.7000000011176,0,0],[0,0,0,1613.8999999985099,0,0],[0,0,0,996.0999999996275,0,0]],"response":[[0,0,0,1,0,0],[0,0,0,1,0,0],[0,0,0,1,0,0],[0,0,0,1,0,0],[0,0,0,1,0,0]],"framerate":[30.87672503769657,53.92542136057548,45.13058826157492,49.711896960795386,49.58807787164337]}
