{"practice":[0,0,0,0,0,0,0,0,0,0,0,0,0,0,0,0,0,0,0,0],"center_interval":[75,25,25,75,0,75,100,25,0,0,0,100,0,25,50,25,0,100,50,50],"image_pair":[1,3,3,2,3,1,1,2,3,4,3,3,4,4,2,3,1,1,3,2],"feature_space":[1,2,1,2,2,1,1,2,1,1,1,2,2,2,2,2,1,2,1,2],"left_img":[2,2,1,2,1,2,1,2,2,2,1,2,2,2,2,2,2,1,1,2],"img1Sample":[2,3,2,3,1,1,2,2,2,1,3,1,1,2,2,1,2,2,3,3],"img2Sample":[3,1,3,1,1,3,2,2,2,3,1,2,1,1,3,1,1,3,2,3],"stim_time":[2000,2000,2000,2000,2000,2000,2000,2000,2000,2000,2000,2000,2000,2000,2000,2000,2000,2000,2000,2000],"key":[49,50,49,49,49,49,49,49,50,50,50,49,49,50,49,50,49,50,49,49],"correct":[true,true,true,true,true,true,false,false,true,true,false,true,false,true,false,true,false,true,true,false],"right_img":[1,1,2,1,2,1,2,1,1,1,2,1,1,1,1,1,1,2,2,1],"img_choice":[2,1,1,2,1,2,1,2,1,1,2,2,2,1,2,1,2,2,1,2],"center_sample":[3,1,2,1,3,3,2,1,3,1,1,1,2,3,3,3,1,2,1,1],"left_sample":[3,1,2,1,1,3,2,2,2,3,3,2,1,1,3,1,1,2,3,3],"right_sample":[2,3,3,3,1,1,2,2,2,1,1,1,1,2,2,1,2,3,2,3],"exact_match":[0,0,0,0,0,0,1,0,0,1,0,0,0,0,0,0,0,0,0,0],"RT":[[0,0,0,714.9000000003725,0,0],[0,0,0,1743,0,0],[0,0,0,777.5999999996275,0,0],[0,0,0,1836.5999999996275,0,0],[0,0,0,632,0,0],[0,0,0,605.3000000007451,0,0],[0,0,0,605.5,0,0],[0,0,0,704.5999999996275,0,0],[0,0,0,968.3000000007451,0,0],[0,0,0,593.1999999992549,0,0],[0,0,0,1080.5,0,0],[0,0,0,571.3000000007451,0,0],[0,0,0,1179.199999999255,0,0],[0,0,0,629.0999999996275,0,0],[0,0,0,1057.2000000011176,0,0],[0,0,0,1052.5,0,0],[0,0,0,1417.0999999996275,0,0],[0,0,0,1343.9000000003725,0,0],[0,0,0,1058,0,0],[0,0,0,722.9000000003725,0,0]],"response":[[0,0,0,1,0,0],[0,0,0,1,0,0],[0,0,0,1,0,0],[0,0,0,1,0,0],[0,0,0,1,0,0],[0,0,0,1,0,0],[0,0,0,1,0,0],[0,0,0,1,0,0],[0,0,0,1,0,0],[0,0,0,1,0,0],[0,0,0,1,0,0],[0,0,0,1,0,0],[0,0,0,1,0,0],[0,0,0,1,0,0],[0,0,0,1,0,0],[0,0,0,1,0,0],[0,0,0,1,0,0],[0,0,0,1,0,0],[0,0,0,1,0,0],[0,0,0,1,0,0]],"framerate":[58.44785311056003,55.727960138108855,57.365636313004735,59.437923979756654,59.603419201016976,58.71301080321967,58.947738870302096,59.639310580977565,59.604227926561705,53.87324985941456,55.29408739036566,56.05776003757976,56.070087609511894,59.97088791848618,59.92045043647796,56.750453485358896,59.796738359725836,59.69143379787818,59.367095142205784,58.44320844746805]}
