{"practice":[0,0,0,0,0,0,0,0,0,0,0,0,0,0,0,0,0,0,0,0],"center_interval":[50,100,0,25,25,75,75,75,0,100,25,0,100,75,0,100,75,100,75,100],"image_pair":[2,4,1,4,4,2,1,2,1,1,1,2,2,1,1,3,2,4,2,2],"feature_space":[1,2,1,2,2,2,1,2,2,2,1,1,2,2,1,1,2,2,2,2],"left_img":[2,2,1,2,2,2,2,2,1,2,2,1,2,1,1,2,2,1,2,2],"img1Sample":[2,3,1,3,2,2,3,3,1,1,3,3,3,1,3,2,2,2,2,1],"img2Sample":[2,1,3,2,3,1,3,2,3,1,2,2,2,2,1,2,2,2,2,3],"stim_time":[250,250,250,250,250,250,250,250,250,250,250,250,250,250,250,250,250,250,250,250],"key":[49,50,49,50,50,50,49,49,49,49,49,50,49,49,50,50,49,49,49,49],"correct":[false,false,true,true,true,false,true,true,true,true,false,false,true,false,false,false,true,false,true,true],"right_img":[1,1,2,1,1,1,1,1,2,1,1,2,1,2,2,1,1,2,1,1],"img_choice":[2,1,1,1,1,1,2,2,1,2,2,2,2,1,2,1,2,1,2,2],"center_sample":[1,2,1,3,2,3,2,2,2,3,2,2,1,3,1,1,2,1,2,2],"left_sample":[2,1,1,2,3,1,3,2,1,1,2,3,2,1,3,2,2,2,2,3],"right_sample":[2,3,3,3,2,2,3,3,3,1,3,2,3,2,1,2,2,2,2,1],"exact_match":[0,0,1,0,0,0,0,0,0,0,0,0,0,0,0,0,0,0,0,0],"RT":[[0,0,0,605.6999999992549,0,0],[0,0,0,545.7000000011176,0,0],[0,0,0,550.5,0,0],[0,0,0,805.5999999996275,0,0],[0,0,0,795.3999999985099,0,0],[0,0,0,1084.7999999988824,0,0],[0,0,0,658.8000000007451,0,0],[0,0,0,667.0999999996275,0,0],[0,0,0,645.5,0,0],[0,0,0,888.1000000014901,0,0],[0,0,0,770.5999999996275,0,0],[0,0,0,29.59999999962747,0,0],[0,0,0,2794.0999999996275,0,0],[0,0,0,1174.2000000011176,0,0],[0,0,0,659,0,0],[0,0,0,1179.4000000003725,0,0],[0,0,0,585.9000000003725,0,0],[0,0,0,598.6999999992549,0,0],[0,0,0,479.90000000037253,0,0],[0,0,0,926.5999999996275,0,0]],"response":[[0,0,0,1,0,0],[0,0,0,1,0,0],[0,0,0,1,0,0],[0,0,0,1,0,0],[0,0,0,1,0,0],[0,0,0,1,0,0],[0,0,0,1,0,0],[0,0,0,1,0,0],[0,0,0,1,0,0],[0,0,0,1,0,0],[0,0,0,1,0,0],[0,0,0,1,0,0],[0,0,0,1,0,0],[0,0,0,1,0,0],[0,0,0,1,0,0],[0,0,0,1,0,0],[0,0,0,1,0,0],[0,0,0,1,0,0],[0,0,0,1,0,0],[0,0,0,1,0,0]],"framerate":[58.66155872143054,56.465273856565005,53.2648201528765,49.25325707024504,53.38941918781224,59.473634916164585,59.29543076389035,59.90461788994864,59.904856991862715,59.336463546784024,58.727569331158236,59.08419497778247,59.09644643737124,59.012875536461024,59.86283854470667,58.560572194903884,59.854897218863364,59.89110707803993,59.76742675246333,59.332260659672066]}
