{"practice":[0,0,0,0,0,0,0,0,0,0,0,0,0,0,0,0,0,0,0,0],"center_interval":[50,100,0,0,75,50,0,100,50,75,0,75,75,50,0,75,0,75,0,25],"image_pair":[4,3,3,4,4,4,4,4,1,3,2,1,2,2,4,1,1,4,1,3],"feature_space":[1,2,2,1,1,2,1,1,2,1,1,1,2,2,1,2,1,1,1,1],"left_img":[1,2,2,2,2,2,2,1,1,2,1,2,1,2,1,2,1,2,1,2],"img1Sample":[3,1,2,2,2,2,3,3,3,2,2,2,2,2,3,3,1,2,3,1],"img2Sample":[3,3,1,2,1,1,2,2,1,3,3,3,1,1,3,2,2,2,1,1],"stim_time":[2000,2000,2000,2000,2000,2000,2000,2000,2000,2000,2000,2000,2000,2000,2000,2000,2000,2000,2000,2000],"key":[49,49,51,49,49,49,49,49,50,50,49,49,49,50,50,49,50,49,49,49],"correct":[true,true,null,false,true,false,false,false,false,false,true,true,false,true,false,true,false,true,true,false],"right_img":[2,1,1,1,1,1,1,2,2,1,2,1,2,1,2,1,2,1,2,1],"img_choice":[1,2,null,2,2,2,2,1,2,1,1,2,1,1,2,2,2,2,1,2],"center_sample":[3,3,1,3,2,3,2,3,2,1,3,3,2,2,1,1,2,2,1,2],"left_sample":[3,3,1,2,1,1,2,3,3,3,2,3,2,1,3,2,1,2,3,1],"right_sample":[3,1,2,2,2,2,3,2,1,2,3,2,1,2,3,3,2,2,1,1],"exact_match":[0,1,0,0,0,0,0,0,0,0,0,0,0,0,0,0,0,0,0,0],"RT":[[0,0,0,613.5999999996275,0,0],[0,0,0,720.0999999996275,0,0],[0,0,0,2343.9000000003725,0,0],[0,0,0,437.1000000014901,0,0],[0,0,0,494.40000000037253,0,0],[0,0,0,462.09999999962747,0,0],[0,0,0,574.5,0,0],[0,0,0,610.5999999996275,0,0],[0,0,0,910.6000000014901,0,0],[0,0,0,1028.0999999996275,0,0],[0,0,0,489.90000000037253,0,0],[0,0,0,910.0999999996275,0,0],[0,0,0,622.5,0,0],[0,0,0,1297.5999999996275,0,0],[0,0,0,768.9000000003725,0,0],[0,0,0,572.6999999992549,0,0],[0,0,0,1337.4000000003725,0,0],[0,0,0,1392.9000000003725,0,0],[0,0,0,1304.8999999985099,0,0],[0,0,0,671.9000000003725,0,0]],"response":[[0,0,0,1,0,0],[0,0,0,1,0,0],[0,0,0,1,0,0],[0,0,0,1,0,0],[0,0,0,1,0,0],[0,0,0,1,0,0],[0,0,0,1,0,0],[0,0,0,1,0,0],[0,0,0,1,0,0],[0,0,0,1,0,0],[0,0,0,1,0,0],[0,0,0,1,0,0],[0,0,0,1,0,0],[0,0,0,1,0,0],[0,0,0,1,0,0],[0,0,0,1,0,0],[0,0,0,1,0,0],[0,0,0,1,0,0],[0,0,0,1,0,0],[0,0,0,1,0,0]],"framerate":[59.02980713033313,54.21823549451022,59.36768299703592,59.87099959882323,59.900166389351085,57.681743270437046,57.83587594797315,47.51569191059492,52.64147396126039,59.41677742164188,59.579615908059885,59.582919563052634,59.612085259815,58.63461632038433,59.08543586007447,58.68579388840435,59.08740111903772,53.495007132667624,58.91231316031845,58.752376015219106]}
