{"practice":[0,0,0,0,0,0,0,0,0,0,0,0,0,0,0,0,0,0,0,0],"center_interval":[75,75,50,75,100,100,0,0,75,100,100,25,100,100,25,0,25,25,75,25],"image_pair":[2,1,4,4,1,3,1,3,1,4,1,1,4,3,2,3,3,4,4,1],"feature_space":[1,1,1,2,2,2,1,2,1,1,1,1,2,1,1,1,1,2,2,1],"left_img":[2,1,2,2,2,2,2,2,1,1,2,2,1,2,2,1,1,1,1,1],"img1Sample":[2,2,2,3,1,1,1,3,1,1,2,1,2,3,2,3,1,2,1,2],"img2Sample":[3,2,2,2,1,2,2,1,1,3,1,3,1,3,3,1,1,2,3,2],"stim_time":[2000,2000,2000,2000,2000,2000,2000,2000,2000,2000,2000,2000,2000,2000,2000,2000,2000,2000,2000,2000],"key":[49,49,50,49,50,49,49,50,49,50,49,49,50,49,49,50,50,50,49,49],"correct":[true,false,true,true,false,true,false,true,false,true,true,false,true,true,false,false,false,false,false,true],"right_img":[1,2,1,1,1,1,1,1,2,2,1,1,2,1,1,2,2,2,2,2],"img_choice":[2,1,1,2,1,2,2,1,1,2,2,2,2,2,2,2,2,2,1,1],"center_sample":[3,2,3,1,2,2,3,1,2,1,1,1,2,1,2,2,2,2,1,3],"left_sample":[3,2,2,2,1,2,2,1,1,1,1,3,2,3,3,3,1,2,1,2],"right_sample":[2,2,2,3,1,1,1,3,1,3,2,1,1,3,2,1,1,2,3,2],"exact_match":[0,0,0,0,0,1,0,0,0,0,1,0,0,0,0,0,0,0,0,0],"RT":[[0,0,0,1791.5999999996275,0,0],[0,0,0,3581.9000000003725,0,0],[0,0,0,1209.7000000011176,0,0],[0,0,0,1195,0,0],[0,0,0,1676.5,0,0],[0,0,0,812.1999999992549,0,0],[0,0,0,748.5999999996275,0,0],[0,0,0,1141.0999999996275,0,0],[0,0,0,1290,0,0],[0,0,0,804.4000000003725,0,0],[0,0,0,1311.2000000011176,0,0],[0,0,0,668,0,0],[0,0,0,1463.300000000745,0,0],[0,0,0,1377.4000000003725,0,0],[0,0,0,613.1000000014901,0,0],[0,0,0,910,0,0],[0,0,0,1362,0,0],[0,0,0,961,0,0],[0,0,0,1268.199999999255,0,0],[0,0,0,944.8000000007451,0,0]],"response":[[0,0,0,1,0,0],[0,0,0,1,0,0],[0,0,0,1,0,0],[0,0,0,1,0,0],[0,0,0,1,0,0],[0,0,0,1,0,0],[0,0,0,1,0,0],[0,0,0,1,0,0],[0,0,0,1,0,0],[0,0,0,1,0,0],[0,0,0,1,0,0],[0,0,0,1,0,0],[0,0,0,1,0,0],[0,0,0,1,0,0],[0,0,0,1,0,0],[0,0,0,1,0,0],[0,0,0,1,0,0],[0,0,0,1,0,0],[0,0,0,1,0,0],[0,0,0,1,0,0]],"framerate":[58.14586554587135,55.202827385593736,59.853470756239915,58.415297818179965,58.76460767946578,59.87858719646798,59.48539521310302,58.97920604914934,58.63383172091363,55.441592282524624,57.44618964514772,54.16150499839223,55.89597268348905,57.2573718866355,59.56900075918683,59.31612002793127,58.44451364104008,59.14035272996674,58.846606512352416,50.027941137332384]}
