{"practice":[0,0,0,0,0,0,0,0,0,0,0,0,0,0,0,0,0,0,0,0],"center_interval":[50,25,25,100,25,100,100,0,25,100,75,75,100,50,75,0,0,100,0,100],"image_pair":[3,3,1,3,4,4,3,2,3,1,1,1,3,1,1,4,2,2,4,2],"feature_space":[1,1,1,2,2,2,2,2,1,2,1,1,2,2,1,1,1,2,1,2],"left_img":[1,2,2,2,1,1,1,1,1,2,2,2,2,2,1,1,1,2,2,1],"img1Sample":[2,2,1,2,2,2,2,2,2,1,3,2,3,2,3,2,3,2,2,1],"img2Sample":[1,2,1,2,2,3,1,2,1,2,3,2,1,2,2,3,1,1,2,2],"key":[50,50,50,50,49,50,50,50,50,49,49,49,50,49,50,50,50,49,50,50],"correct":[false,true,true,false,true,true,true,false,false,true,true,true,false,false,true,false,false,true,true,true],"right_img":[2,1,1,1,2,2,2,2,2,1,1,1,1,1,2,2,2,1,1,2],"img_choice":[2,1,1,1,1,2,2,2,2,2,2,2,1,2,2,2,2,2,1,2],"center_sample":[2,1,2,3,3,2,3,1,2,1,2,1,3,1,1,1,1,3,3,1],"left_sample":[2,2,1,2,2,2,2,2,2,2,3,2,1,2,3,2,3,1,2,1],"right_sample":[1,2,1,2,2,3,1,2,1,1,3,2,3,2,2,3,1,2,2,2],"RT":[[0,0,0,1634.9000000953674,0,0],[0,0,0,1315.2999999523163,0,0],[0,0,0,1567.9000000953674,0,0],[0,0,0,2381.7999999523163,0,0],[0,0,0,1517,0,0],[0,0,0,1184.4000000953674,0,0],[0,0,0,1349.5,0,0],[0,0,0,1476.5,0,0],[0,0,0,1862.7000000476837,0,0],[0,0,0,2797.2999999523163,0,0],[0,0,0,1613,0,0],[0,0,0,1457.5999999046326,0,0],[0,0,0,1512.4000000953674,0,0],[0,0,0,1893,0,0],[0,0,0,1879.2000000476837,0,0],[0,0,0,1301.2000000476837,0,0],[0,0,0,1585.5,0,0],[0,0,0,1011.2000000476837,0,0],[0,0,0,1231.2000000476837,0,0],[0,0,0,1948.0999999046326,0,0]],"response":[[0,0,0,1,0,0],[0,0,0,1,0,0],[0,0,0,1,0,0],[0,0,0,1,0,0],[0,0,0,1,0,0],[0,0,0,1,0,0],[0,0,0,1,0,0],[0,0,0,1,0,0],[0,0,0,1,0,0],[0,0,0,1,0,0],[0,0,0,1,0,0],[0,0,0,1,0,0],[0,0,0,1,0,0],[0,0,0,1,0,0],[0,0,0,1,0,0],[0,0,0,1,0,0],[0,0,0,1,0,0],[0,0,0,1,0,0],[0,0,0,1,0,0],[0,0,0,1,0,0]],"framerate":[60.15952413399002,60.16642810215242,60.162415646803154,59.97493009353004,59.93012009096936,60.157914525629785,60.162679888483986,60.166507308923094,60.1622883073482,60.1656787851667,60.15649735142387,60.16199260332149,60.175434535406445,60.16412262487113,60.15743328223466,60.16173032096099,60.166826200571805,60.15588219758934,60.16936562317095,60.16619333122962]}
