{"practice":[0,0,0,0,0,0,0,0,0,0,0,0,0,0,0,0,0,0,0,0],"center_interval":[0,50,50,50,50,100,0,75,75,50,0,25,75,25,75,25,25,0,75,75],"image_pair":[4,1,1,4,1,1,3,1,4,2,1,1,4,4,3,1,4,2,1,3],"feature_space":[2,2,2,1,2,2,2,1,1,1,2,1,2,2,2,1,2,1,1,2],"left_img":[2,1,2,1,2,1,2,1,1,1,2,2,1,2,2,2,1,2,1,2],"img1Sample":[2,2,3,3,2,2,2,2,3,2,2,3,2,3,1,3,1,3,2,2],"img2Sample":[1,3,3,2,1,3,3,1,1,2,2,2,1,3,2,3,2,2,3,3],"key":[49,50,50,50,50,49,50,50,50,50,50,50,49,50,49,50,50,50,50,49],"correct":[false,false,true,false,true,false,true,true,true,false,true,true,false,true,true,true,false,true,true,true],"right_img":[1,2,1,2,1,2,1,2,2,2,1,1,2,1,1,1,2,1,2,1],"img_choice":[2,2,1,2,1,1,1,2,2,2,1,1,1,1,2,1,2,1,2,2],"center_sample":[3,3,2,1,1,1,3,2,1,1,1,1,1,2,3,3,2,2,1,1],"left_sample":[1,2,3,3,1,2,3,2,3,2,2,2,2,3,2,3,1,2,2,3],"right_sample":[2,3,3,2,2,3,2,1,1,2,2,3,1,3,1,3,2,3,3,2],"RT":[[0,0,0,1331.7000000476837,0,0],[0,0,0,1701.2000000476837,0,0],[0,0,0,1369.7000000476837,0,0],[0,0,0,1490.3999998569489,0,0],[0,0,0,1939.7999999523163,0,0],[0,0,0,2320.600000143051,0,0],[0,0,0,1277.5999999046326,0,0],[0,0,0,1138.8000001907349,0,0],[0,0,0,1289.9000000953674,0,0],[0,0,0,991.7000000476837,0,0],[0,0,0,1026.2999999523163,0,0],[0,0,0,1128.1999998092651,0,0],[0,0,0,1880.7000000476837,0,0],[0,0,0,1072.0999999046326,0,0],[0,0,0,1984.4000000953674,0,0],[0,0,0,1016.3999998569489,0,0],[0,0,0,1408,0,0],[0,0,0,1144.2000000476837,0,0],[0,0,0,976.3000001907349,0,0],[0,0,0,1754.4000000953674,0,0]],"response":[[0,0,0,1,0,0],[0,0,0,1,0,0],[0,0,0,1,0,0],[0,0,0,1,0,0],[0,0,0,1,0,0],[0,0,0,1,0,0],[0,0,0,1,0,0],[0,0,0,1,0,0],[0,0,0,1,0,0],[0,0,0,1,0,0],[0,0,0,1,0,0],[0,0,0,1,0,0],[0,0,0,1,0,0],[0,0,0,1,0,0],[0,0,0,1,0,0],[0,0,0,1,0,0],[0,0,0,1,0,0],[0,0,0,1,0,0],[0,0,0,1,0,0],[0,0,0,1,0,0]],"framerate":[60.15509868887697,60.16873889875666,60.16299137104507,60.16679443332428,60.1636619890046,60.16472283227131,60.142287852447936,59.93020786064719,60.16612671494627,60.16341328548059,60.16565088519215,60.16144590401141,60.1561500070115,60.1616359818902,60.16419812584482,59.88963569242991,60.18386882623932,60.16025884222778,60.15989867655155,60.16715529815297]}
