{"practice":[1,1,1,1,1],"center_interval":[75,25,75,100,100],"image_pair":[3,3,3,4,1],"feature_space":[1,1,1,1,1],"left_img":[2,2,1,2,2],"img1Sample":[2,1,2,1,1],"img2Sample":[1,2,2,3,1],"key":[50,50,49,49,50],"correct":[false,true,false,true,false],"right_img":[1,1,2,1,1],"img_choice":[1,1,1,2,1],"center_sample":[1,1,3,2,2],"left_sample":[1,2,2,3,1],"right_sample":[2,1,2,1,1],"RT":[[0,0,0,1775,0,0],[0,0,0,1106.1000001430511,0,0],[0,0,0,1081.2999999523163,0,0],[0,0,0,1441.7000000476837,0,0],[0,0,0,1693.1999998092651,0,0]],"response":[[0,0,0,1,0,0],[0,0,0,1,0,0],[0,0,0,1,0,0],[0,0,0,1,0,0],[0,0,0,1,0,0]],"framerate":[60.150375939849624,59.91688126404582,60.15578806505645,60.16734041620499,60.170074822767326]}
