{"practice":[0,0,0,0,0,0,0,0,0,0,0,0,0,0,0,0,0,0,0,0],"center_interval":[75,50,25,50,75,0,0,75,50,50,100,50,75,100,100,25,100,75,100,50],"image_pair":[2,2,2,4,3,4,4,1,1,2,3,4,1,4,3,1,1,2,4,2],"feature_space":[1,1,1,2,2,2,1,1,2,1,1,1,1,1,2,2,1,2,1,1],"left_img":[1,1,2,2,1,1,2,1,1,2,1,1,1,2,2,2,1,2,1,1],"img1Sample":[2,1,3,2,3,2,1,1,3,2,3,2,2,2,2,3,1,3,3,3],"img2Sample":[1,1,1,2,1,2,3,1,3,1,3,2,3,1,1,1,2,2,2,3],"key":[50,50,50,49,49,50,50,49,50,49,50,50,50,49,49,50,49,49,50,50],"correct":[true,false,true,false,false,false,true,false,false,false,true,false,true,true,true,true,false,true,true,false],"right_img":[2,2,1,1,2,2,1,2,2,1,2,2,2,1,1,1,2,1,2,2],"img_choice":[2,2,1,2,1,2,1,1,2,2,2,2,2,2,2,1,1,2,2,2],"center_sample":[1,2,2,3,3,3,2,2,1,1,2,3,3,2,3,3,3,1,3,1],"left_sample":[2,1,1,2,3,2,3,1,3,1,3,2,2,1,1,1,1,2,3,3],"right_sample":[1,1,3,2,1,2,1,1,3,2,3,2,3,2,2,3,2,3,2,3],"RT":[[0,0,0,1259.3999998569489,0,0],[0,0,0,1071.4000000953674,0,0],[0,0,0,1453.2999999523163,0,0],[0,0,0,999.2000000476837,0,0],[0,0,0,1612,0,0],[0,0,0,1215.2000000476837,0,0],[0,0,0,1440.2999999523163,0,0],[0,0,0,1914.2000000476837,0,0],[0,0,0,2326,0,0],[0,0,0,1406.5999999046326,0,0],[0,0,0,1367.9000000953674,0,0],[0,0,0,1065.7999999523163,0,0],[0,0,0,944.7999999523163,0,0],[0,0,0,961.1000001430511,0,0],[0,0,0,1813.4000000953674,0,0],[0,0,0,2239.2000000476837,0,0],[0,0,0,2268,0,0],[0,0,0,2685.7000000476837,0,0],[0,0,0,971.7000000476837,0,0],[0,0,0,1580.7999999523163,0,0]],"response":[[0,0,0,1,0,0],[0,0,0,1,0,0],[0,0,0,1,0,0],[0,0,0,1,0,0],[0,0,0,1,0,0],[0,0,0,1,0,0],[0,0,0,1,0,0],[0,0,0,1,0,0],[0,0,0,1,0,0],[0,0,0,1,0,0],[0,0,0,1,0,0],[0,0,0,1,0,0],[0,0,0,1,0,0],[0,0,0,1,0,0],[0,0,0,1,0,0],[0,0,0,1,0,0],[0,0,0,1,0,0],[0,0,0,1,0,0],[0,0,0,1,0,0],[0,0,0,1,0,0]],"framerate":[60.18473027485257,60.16008262328943,60.16309839754497,60.14287215194235,60.18916594883014,60.15710450503841,60.16734041620499,60.163118313737954,60.15066866352522,60.15536188153782,60.18318706934032,60.164742947162324,60.14797466180439,60.16592011297997,60.178370422923855,60.15513693322322,60.16609788107317,60.163222278836585,60.16273090864108,60.166826200571805]}
