{"practice":[0,0,0,0,0,0,0,0,0,0,0,0,0,0,0,0,0,0,0,0],"center_interval":[0,100,100,100,0,25,25,50,100,25,50,0,75,75,100,50,0,25,0,0],"image_pair":[2,3,3,2,3,3,3,2,3,3,2,1,4,3,1,1,1,4,2,2],"feature_space":[2,2,1,2,1,1,1,1,1,1,1,1,1,2,1,1,2,2,2,1],"left_img":[1,2,2,1,2,2,1,1,1,1,2,2,1,2,2,2,2,1,2,2],"img1Sample":[2,3,1,2,1,2,1,1,3,1,3,3,2,2,3,1,1,3,3,2],"img2Sample":[2,1,3,2,1,3,2,1,2,3,3,1,3,3,2,3,1,3,2,2],"key":[49,50,50,50,49,51,49,51,51,49,49,51,null,51,51,null,49,null,null,null],"correct":[true,false,false,true,false,null,true,null,null,true,false,null,null,null,null,null,false,null,null,null],"right_img":[2,1,1,2,1,1,2,2,2,2,1,1,2,1,1,1,1,2,1,1],"img_choice":[1,1,1,2,2,null,1,null,null,1,2,null,null,null,null,null,2,null,null,null],"center_sample":[1,3,1,1,2,1,2,2,1,1,2,2,2,3,1,2,3,1,2,1],"left_sample":[2,1,3,2,1,3,1,1,3,1,3,1,2,3,2,3,1,3,2,2],"right_sample":[2,3,1,2,1,2,2,1,2,3,3,3,3,2,3,1,1,3,3,2],"RT":[[0,2622,0,0],[0,1383,0,0],[0,3989,0,0],[0,4958,0,0],[0,2743,0,0],[0,2453,0,0],[0,3029,0,0],[0,3773,0,0],[0,2326,0,0],[0,3205,0,0],[0,2889,0,0],[0,4257,0,0],[0,0,0,0],[0,2921,0,0],[0,861,0,0],[0,0,0,0],[0,3899,0,0],[0,0,0,0],[0,0,0,0],[0,0,0,0]],"response":[[0,1,0,0],[0,1,0,0],[0,1,0,0],[0,1,0,0],[0,1,0,0],[0,1,0,0],[0,1,0,0],[0,1,0,0],[0,1,0,0],[0,1,0,0],[0,1,0,0],[0,1,0,0],[0,1,0,0],[0,1,0,0],[0,1,0,0],[0,1,0,0],[0,1,0,0],[0,1,0,0],[0,1,0,0],[0,1,0,0]],"framerate":[4.513888888888888,5.326876513317192,3.654342218400688,3.3831908831908835,4.1116005873715125,3.284923928077455,4.06393931183961,3.5854533037391154,3.327495621716287,3.8779731127197516,4.200504060487258,3.527040644944575,3.3462486791123633,1.4331780723754926,0.944733112895607,0.7279344858962693,0.5991611743559018,0.45201145095675754,0.42851021282673907,0.3279763857002296]}
