{"practice":[1,1,1,1,1],"center_interval":[0,25,75,50,75],"image_pair":[3,3,2,2,3],"feature_space":[1,1,1,2,2],"left_img":[2,2,2,1,2],"img1Sample":[3,3,1,3,1],"img2Sample":[1,3,3,2,3],"key":[49,49,49,50,50],"correct":[false,false,true,false,false],"right_img":[1,1,1,2,1],"img_choice":[2,2,2,2,1],"center_sample":[2,3,2,3,1],"left_sample":[1,3,3,3,3],"right_sample":[3,3,1,2,1],"RT":[[0,2784,0,0],[0,2406,0,0],[0,3042,0,0],[0,4160,0,0],[0,2964,0,0]],"response":[[0,1,0,0],[0,1,0,0],[0,1,0,0],[0,1,0,0],[0,1,0,0]],"framerate":[8.681672025723472,4.218040233614536,3.796095444685466,4.148516905206389,4.100601421541826]}
