{"practice":[0,0,0,0,0,0,0,0,0,0,0,0,0,0,0,0,0,0,0,0],"center_interval":[100,50,75,50,75,50,50,0,0,0,50,100,50,50,0,50,0,25,75,75],"image_pair":[4,2,1,2,4,3,4,1,1,4,4,1,3,3,4,4,3,3,4,4],"feature_space":[1,1,2,1,2,2,1,1,1,2,1,1,2,2,2,1,1,2,1,1],"left_img":[2,1,2,2,2,1,1,1,1,1,1,2,2,1,2,1,2,2,2,1],"img1Sample":[1,2,1,1,3,3,1,2,3,2,3,3,2,2,3,3,3,1,2,2],"img2Sample":[3,1,3,3,2,2,3,1,2,1,3,3,3,2,2,1,1,2,1,1],"stim_time":[2000,2000,2000,2000,2000,2000,2000,2000,2000,2000,2000,2000,2000,2000,2000,2000,2000,2000,2000,2000],"key":[49,49,49,49,50,null,null,null,49,49,49,49,49,49,49,49,49,49,49,49],"correct":[true,true,true,false,false,null,null,null,true,true,true,true,false,true,false,true,false,false,true,false],"right_img":[1,2,1,1,1,2,2,2,2,2,2,1,1,2,1,2,1,1,1,2],"img_choice":[2,1,2,2,1,null,null,null,1,1,1,2,2,1,2,1,2,2,2,1],"center_sample":[1,3,2,1,3,1,1,3,3,1,3,2,2,1,2,3,1,1,2,1],"left_sample":[3,2,3,3,2,3,1,2,3,2,3,3,3,2,2,3,1,2,1,2],"right_sample":[1,1,1,1,3,2,3,1,2,1,3,3,2,2,3,1,3,1,2,1],"exact_match":[0,0,0,0,0,0,0,0,1,0,0,0,0,0,0,0,0,0,0,0],"RT":[[0,0,0,155,0,0],[0,0,0,36.799999713897705,0,0],[0,0,0,75.09999990463257,0,0],[0,0,0,2.200000286102295,0,0],[0,0,0,9.5,0,0],[0,0,0,0,0,0],[0,0,0,0,0,0],[0,0,0,0,0,0],[0,0,0,559,0,0],[0,0,0,2.3000001907348633,0,0],[0,0,0,103.5,0,0],[0,0,0,27.199999809265137,0,0],[0,0,0,2.0999999046325684,0,0],[0,0,0,87.90000009536743,0,0],[0,0,0,3125.5,0,0],[0,0,0,40.200000286102295,0,0],[0,0,0,37.69999980926514,0,0],[0,0,0,61.09999990463257,0,0],[0,0,0,10.300000190734863,0,0],[0,0,0,97.80000019073486,0,0]],"response":[[0,0,0,1,0,0],[0,0,0,1,0,0],[0,0,0,1,0,0],[0,0,0,1,0,0],[0,0,0,1,0,0],[0,0,0,1,0,0],[0,0,0,1,0,0],[0,0,0,1,0,0],[0,0,0,1,0,0],[0,0,0,1,0,0],[0,0,0,1,0,0],[0,0,0,1,0,0],[0,0,0,1,0,0],[0,0,0,1,0,0],[0,0,0,1,0,0],[0,0,0,1,0,0],[0,0,0,1,0,0],[0,0,0,1,0,0],[0,0,0,1,0,0],[0,0,0,1,0,0]],"framerate":[60.01348617666891,59.98737108177957,60.013182080282405,60.01420454545455,60.00568101934751,60.007420958177995,60.004349996254206,60.00588543792492,60.01366647680461,59.999289953294266,60.00342876735813,60.00070588661835,60.016335815509926,59.99999999999999,60.00134834201333,60.02738091460993,59.991580127097514,60.01605080228774,59.99502999548385,60.014486261225215]}
