{"practice":[0,0,0,0,0,0,0,0,0,0,0,0,0,0,0,0,0,0,0,0],"center_interval":[0,0,50,25,75,50,0,100,100,0,75,75,75,100,75,50,0,25,0,25],"image_pair":[1,2,4,2,2,1,2,2,3,3,3,1,2,1,1,1,3,4,4,1],"feature_space":[1,2,2,1,2,2,2,1,2,2,2,1,2,1,1,2,1,2,2,2],"left_img":[1,1,2,1,1,2,2,1,1,1,1,2,2,1,1,2,2,1,2,2],"img1Sample":[1,2,3,1,3,2,2,2,3,3,1,3,1,3,2,2,1,1,3,2],"img2Sample":[3,3,2,2,1,3,3,1,1,2,3,1,3,1,3,1,1,3,2,1],"stim_time":[250,250,250,250,250,250,250,250,250,250,250,250,250,250,250,250,250,250,250,250],"key":[49,49,49,49,49,49,50,49,49,49,49,49,49,49,50,50,49,49,50,49],"correct":[true,true,false,true,false,false,true,false,false,true,false,true,true,false,true,true,false,true,true,false],"right_img":[2,2,1,2,2,1,1,2,2,2,2,1,1,2,2,1,1,2,1,1],"img_choice":[1,1,2,1,1,2,1,1,1,1,1,2,2,1,2,1,2,1,1,2],"center_sample":[1,1,2,3,3,3,1,3,2,1,3,1,3,1,2,3,2,1,2,3],"left_sample":[1,2,2,1,3,3,3,2,3,3,1,1,3,3,2,1,1,1,2,1],"right_sample":[3,3,3,2,1,2,2,1,1,2,3,3,1,1,3,2,1,3,3,2],"exact_match":[1,0,0,0,0,0,0,0,0,0,0,0,0,1,0,0,0,0,0,0],"RT":[[0,0,0,27.699999809265137,0,0],[0,0,0,35.40000009536743,0,0],[0,0,0,53.09999990463257,0,0],[0,0,0,55.80000019073486,0,0],[0,0,0,24.600000381469727,0,0],[0,0,0,72,0,0],[0,0,0,2603.800000190735,0,0],[0,0,0,121.19999980926514,0,0],[0,0,0,122,0,0],[0,0,0,121.80000019073486,0,0],[0,0,0,67.90000009536743,0,0],[0,0,0,93.7000002861023,0,0],[0,0,0,120,0,0],[0,0,0,104.60000038146973,0,0],[0,0,0,65.59999990463257,0,0],[0,0,0,124.09999990463257,0,0],[0,0,0,59.69999980926514,0,0],[0,0,0,2.4000000953674316,0,0],[0,0,0,76.59999990463257,0,0],[0,0,0,95.80000019073486,0,0]],"response":[[0,0,0,1,0,0],[0,0,0,1,0,0],[0,0,0,1,0,0],[0,0,0,1,0,0],[0,0,0,1,0,0],[0,0,0,1,0,0],[0,0,0,1,0,0],[0,0,0,1,0,0],[0,0,0,1,0,0],[0,0,0,1,0,0],[0,0,0,1,0,0],[0,0,0,1,0,0],[0,0,0,1,0,0],[0,0,0,1,0,0],[0,0,0,1,0,0],[0,0,0,1,0,0],[0,0,0,1,0,0],[0,0,0,1,0,0],[0,0,0,1,0,0],[0,0,0,1,0,0]],"framerate":[59.95203837985145,60.005455036164584,60.0412223266189,59.96598942858892,60.040642902019144,60.01765225066197,60.007637338782814,60.00676131070988,59.96115193456494,60.037206160769145,60.0335481693745,59.979137686265595,60.01183332408348,59.97258394691716,60.0627521290901,59.16187345932621,60.0089565606807,59.986877865103764,60.007059664177056,60.02087683170149]}
