{"practice":[0,0,0,0,0,0,0,0,0,0,0,0,0,0,0,0,0,0,0,0],"center_interval":[50,0,25,75,0,50,100,50,100,25,0,100,25,0,0,75,75,25,75,100],"image_pair":[2,2,1,1,4,2,4,3,3,2,1,3,4,2,1,4,2,1,1,1],"feature_space":[1,2,1,1,2,2,2,1,2,1,1,2,1,2,2,1,2,1,2,2],"left_img":[2,2,2,2,1,2,1,1,2,1,1,1,2,2,2,1,2,1,2,2],"img1Sample":[1,1,2,3,3,3,3,3,2,3,2,3,3,3,1,2,1,3,1,2],"img2Sample":[1,3,1,2,1,1,2,1,1,1,3,2,3,2,2,1,3,3,1,1],"stim_time":[2000,2000,2000,2000,2000,2000,2000,2000,2000,2000,2000,2000,2000,2000,2000,2000,2000,2000,2000,2000],"key":[50,49,null,null,50,50,50,49,49,49,49,49,49,50,49,49,49,null,null,49],"correct":[true,false,null,null,false,true,true,true,true,true,true,false,false,true,false,false,true,null,null,true],"right_img":[1,1,1,1,2,1,2,2,1,2,2,2,1,1,1,2,1,2,1,1],"img_choice":[1,2,null,null,2,1,2,1,2,1,1,1,2,1,2,1,2,null,null,2],"center_sample":[3,1,1,3,2,1,1,1,2,3,2,2,3,2,2,1,1,1,3,2],"left_sample":[1,3,1,2,3,1,3,3,1,3,2,3,3,2,2,2,3,3,1,1],"right_sample":[1,1,2,3,1,3,2,1,2,1,3,2,3,3,1,1,1,3,1,2],"exact_match":[0,1,0,0,0,0,0,0,0,0,1,1,0,0,0,0,0,0,0,0],"RT":[[0,0,0,20.5,0,0],[0,0,0,95.40000009536743,0,0],[0,0,0,0,0,0],[0,0,0,0,0,0],[0,0,0,36.09999990463257,0,0],[0,0,0,258.1000003814697,0,0],[0,0,0,7.399999618530273,0,0],[0,0,0,32.39999961853027,0,0],[0,0,0,85.69999980926514,0,0],[0,0,0,130.30000019073486,0,0],[0,0,0,149.60000038146973,0,0],[0,0,0,3894.1000003814697,0,0],[0,0,0,3.9000000953674316,0,0],[0,0,0,10.799999713897705,0,0],[0,0,0,66.80000019073486,0,0],[0,0,0,54.30000019073486,0,0],[0,0,0,73.5,0,0],[0,0,0,0,0,0],[0,0,0,0,0,0],[0,0,0,41.299999713897705,0,0]],"response":[[0,0,0,1,0,0],[0,0,0,1,0,0],[0,0,0,1,0,0],[0,0,0,1,0,0],[0,0,0,1,0,0],[0,0,0,1,0,0],[0,0,0,1,0,0],[0,0,0,1,0,0],[0,0,0,1,0,0],[0,0,0,1,0,0],[0,0,0,1,0,0],[0,0,0,1,0,0],[0,0,0,1,0,0],[0,0,0,1,0,0],[0,0,0,1,0,0],[0,0,0,1,0,0],[0,0,0,1,0,0],[0,0,0,1,0,0],[0,0,0,1,0,0],[0,0,0,1,0,0]],"framerate":[59.994353474633506,60.00620753279031,60.00204698107683,60.0081887477748,60.01263424682144,59.98174467894079,60.0269943961421,60.009177872242965,59.99172527729925,60.006818956699625,60.02441670800028,59.85253291398608,60.00994246957994,60.00568101934751,60.00485587635184,59.99930233768582,59.996531992370386,60.01126010997112,60.00511770726714,59.99999999999999]}
