{"practice":[0,0,0,0,0,0,0,0,0,0,0,0,0,0,0,0,0,0,0,0],"center_interval":[50,0,25,0,50,50,25,0,25,0,50,25,25,25,25,75,0,50,100,100],"image_pair":[3,3,2,3,4,3,1,3,1,3,2,4,3,3,3,2,2,4,4,2],"feature_space":[1,1,1,2,1,2,2,2,1,2,2,2,2,1,1,1,1,1,2,1],"left_img":[2,1,1,1,1,2,2,2,2,2,2,1,1,1,1,2,1,1,1,2],"img1Sample":[2,2,1,1,1,2,1,1,3,1,1,3,1,3,3,3,1,3,2,2],"img2Sample":[1,3,2,3,2,2,1,1,3,1,1,1,3,3,1,1,2,2,2,1],"stim_time":[2000,2000,2000,2000,2000,2000,2000,2000,2000,2000,2000,2000,2000,2000,2000,2000,2000,2000,2000,2000],"key":[50,49,50,49,49,50,50,49,49,49,49,50,49,49,50,50,50,50,50,49],"correct":[true,true,false,true,true,true,true,false,false,false,false,false,true,true,false,false,false,false,true,true],"right_img":[1,2,2,2,2,1,1,1,1,1,1,2,2,2,2,1,2,2,2,1],"img_choice":[1,1,2,1,1,1,1,2,2,2,2,2,1,1,2,1,2,2,2,2],"center_sample":[2,1,2,2,1,2,3,2,1,2,3,3,1,3,2,1,3,2,3,2],"left_sample":[1,2,1,1,1,2,1,1,3,1,1,3,1,3,3,1,1,3,2,1],"right_sample":[2,3,2,3,2,2,1,1,3,1,1,1,3,3,1,3,2,2,2,2],"exact_match":[0,0,0,0,0,0,0,0,0,0,0,0,0,0,0,0,0,0,0,0],"RT":[[0,0,0,46.59999990463257,0,0],[0,0,0,26.40000009536743,0,0],[0,0,0,69.2999997138977,0,0],[0,0,0,97.5,0,0],[0,0,0,84.80000019073486,0,0],[0,0,0,90.09999990463257,0,0],[0,0,0,62.5,0,0],[0,0,0,69.30000019073486,0,0],[0,0,0,1887.7999997138977,0,0],[0,0,0,37.10000038146973,0,0],[0,0,0,82.90000009536743,0,0],[0,0,0,153.80000019073486,0,0],[0,0,0,145.19999980926514,0,0],[0,0,0,121.69999980926514,0,0],[0,0,0,76.09999990463257,0,0],[0,0,0,1641.7999997138977,0,0],[0,0,0,16.200000286102295,0,0],[0,0,0,96.5,0,0],[0,0,0,69.30000019073486,0,0],[0,0,0,55.799999713897705,0,0]],"response":[[0,0,0,1,0,0],[0,0,0,1,0,0],[0,0,0,1,0,0],[0,0,0,1,0,0],[0,0,0,1,0,0],[0,0,0,1,0,0],[0,0,0,1,0,0],[0,0,0,1,0,0],[0,0,0,1,0,0],[0,0,0,1,0,0],[0,0,0,1,0,0],[0,0,0,1,0,0],[0,0,0,1,0,0],[0,0,0,1,0,0],[0,0,0,1,0,0],[0,0,0,1,0,0],[0,0,0,1,0,0],[0,0,0,1,0,0],[0,0,0,1,0,0],[0,0,0,1,0,0]],"framerate":[60.00842222666641,60.007059654076954,60.002774698752994,60.00206903489009,59.99999999999999,60.01862647225822,59.990931605357744,60.00277468882945,60.01660033869948,59.995789773153916,60.020696791997246,59.98921541616236,60.022381224957044,60.006818956699625,59.986130374479885,60.01348617666891,59.99858827658913,60.02276725457097,59.99445138220332,60.00348857491714]}
