{"practice":[0,0,0,0,0,0,0,0,0,0,0,0,0,0,0,0,0,0,0,0],"center_interval":[75,50,25,100,100,50,0,25,0,100,50,100,25,100,100,75,50,25,0,75],"image_pair":[4,3,3,3,1,4,3,4,3,3,1,1,4,1,3,3,1,2,1,4],"feature_space":[2,2,1,1,1,2,1,1,1,2,2,1,1,1,2,1,2,2,1,1],"left_img":[2,2,2,2,1,2,1,2,1,2,1,1,2,2,1,2,1,2,2,2],"img1Sample":[3,3,2,1,1,2,2,3,1,3,3,1,3,1,1,2,3,1,1,1],"img2Sample":[2,1,2,1,3,2,1,2,3,1,1,3,1,2,1,2,3,3,3,3],"stim_time":[250,250,250,250,250,250,250,250,250,250,250,250,250,250,250,250,250,250,250,250],"key":[49,50,49,49,50,49,50,49,50,49,49,50,50,50,49,49,49,49,50,null],"correct":[true,true,false,true,true,false,false,false,false,true,true,true,true,false,false,true,true,false,true,null],"right_img":[1,1,1,1,2,1,2,1,2,1,2,2,1,1,2,1,2,1,1,1],"img_choice":[2,1,2,2,2,2,2,2,2,2,1,2,1,1,1,2,1,2,1,null],"center_sample":[2,2,2,3,2,3,1,2,2,3,2,1,2,3,1,3,1,2,3,1],"left_sample":[2,1,2,1,1,2,2,2,1,1,3,1,1,2,1,2,3,3,3,3],"right_sample":[3,3,2,1,3,2,1,3,3,3,1,3,3,1,1,2,3,1,1,1],"exact_match":[0,0,0,0,0,0,0,0,0,0,0,0,0,0,1,0,0,0,0,0],"RT":[[0,0,0,7,0,0],[0,0,0,12.800000190734863,0,0],[0,0,0,57,0,0],[0,0,0,119.40000009536743,0,0],[0,0,0,38.5,0,0],[0,0,0,73.2999997138977,0,0],[0,0,0,76.40000009536743,0,0],[0,0,0,55.5,0,0],[0,0,0,41.90000009536743,0,0],[0,0,0,2567.2000002861023,0,0],[0,0,0,61.59999990463257,0,0],[0,0,0,80.69999980926514,0,0],[0,0,0,2.9000000953674316,0,0],[0,0,0,40.5,0,0],[0,0,0,85.90000009536743,0,0],[0,0,0,94,0,0],[0,0,0,104.90000009536743,0,0],[0,0,0,23.5,0,0],[0,0,0,79.39999961853027,0,0],[0,0,0,0,0,0]],"response":[[0,0,0,1,0,0],[0,0,0,1,0,0],[0,0,0,1,0,0],[0,0,0,1,0,0],[0,0,0,1,0,0],[0,0,0,1,0,0],[0,0,0,1,0,0],[0,0,0,1,0,0],[0,0,0,1,0,0],[0,0,0,1,0,0],[0,0,0,1,0,0],[0,0,0,1,0,0],[0,0,0,1,0,0],[0,0,0,1,0,0],[0,0,0,1,0,0],[0,0,0,1,0,0],[0,0,0,1,0,0],[0,0,0,1,0,0],[0,0,0,1,0,0],[0,0,0,1,0,0]],"framerate":[60.020632108386046,59.99812504249967,59.97672545494569,60.01183332408348,58.17124160252253,60.0070596389268,60.038848671839794,59.955257270693515,60.01091106433336,60.022026431718054,59.94989263217365,60.0335481693745,59.99812504249967,59.99999999999999,60.04699330408713,59.99999999999999,59.972583971417805,60.03509742571703,59.985885679005555,60.00659413122322]}
