{"practice":[1,1,1,1,1],"center_interval":[0,25,0,25,0],"image_pair":[4,4,3,2,4],"feature_space":[2,1,2,1,1],"left_img":[2,1,1,2,2],"img1Sample":[3,1,1,3,2],"img2Sample":[1,2,1,2,1],"key":[null,null,null,null,50],"correct":[null,null,null,null,true],"right_img":[1,2,2,1,1],"img_choice":[null,null,null,null,1],"center_sample":[1,1,2,3,1],"left_sample":[1,1,1,2,1],"right_sample":[3,2,1,3,2],"RT":[[0,0,0,0],[0,0,0,0],[0,0,0,0],[0,0,0,0],[0,2152.4000000000233,0,0]],"response":[[0,1,0,0],[0,1,0,0],[0,1,0,0],[0,1,0,0],[0,1,0,0]],"framerate":[58.80361374935381,57.030832293708784,57.71902946520802,58.47640441425565,60.10137581462708]}
