{"practice":[0,0,0,0,0,0,0,0,0,0,0,0,0,0,0,0,0,0,0,0],"center_interval":[0,0,75,100,50,25,75,25,100,75,100,25,0,100,100,100,0,100,75,0],"image_pair":[4,1,3,1,3,2,3,1,3,2,2,3,3,1,4,3,4,3,4,3],"feature_space":[1,1,2,1,2,1,1,2,1,2,1,1,2,1,2,2,2,1,1,2],"left_img":[2,2,1,1,1,1,1,2,2,1,2,1,2,2,1,2,1,1,2,2],"img1Sample":[2,1,3,3,1,1,2,2,3,2,2,3,3,3,2,1,3,1,1,3],"img2Sample":[1,3,1,1,1,2,2,2,1,3,3,2,3,3,2,3,2,1,3,3],"key":[50,50,49,50,49,null,49,50,50,49,50,49,50,49,50,49,49,50,49,50],"correct":[true,true,false,true,true,null,false,true,false,false,false,true,true,true,true,true,true,true,true,true],"right_img":[1,1,2,2,2,2,2,1,1,2,1,2,1,1,2,1,2,2,1,1],"img_choice":[1,1,1,2,1,null,1,1,1,1,1,1,1,2,2,2,1,2,2,1],"center_sample":[3,2,3,2,3,2,1,3,3,1,1,1,2,2,3,1,2,3,2,1],"left_sample":[1,3,3,3,1,1,2,2,1,2,3,3,3,3,2,3,3,1,3,3],"right_sample":[2,1,1,1,1,2,2,2,3,3,2,2,3,3,2,1,2,1,1,3],"RT":[[0,1300,0,0],[0,2696.20000000007,0,0],[0,2471.5,0,0],[0,2121.399999999907,0,0],[0,2534.6999999999534,0,0],[0,0,0,0],[0,1649,0,0],[0,2064.8000000000466,0,0],[0,2207.9000000000233,0,0],[0,1783.0999999999767,0,0],[0,1616.7000000000698,0,0],[0,2627.5,0,0],[0,1200.5999999999767,0,0],[0,2388.9000000000233,0,0],[0,4779,0,0],[0,1798.6000000000931,0,0],[0,1814.5,0,0],[0,3377.5,0,0],[0,2472.8000000000466,0,0],[0,2099.5,0,0]],"response":[[0,1,0,0],[0,1,0,0],[0,1,0,0],[0,1,0,0],[0,1,0,0],[0,1,0,0],[0,1,0,0],[0,1,0,0],[0,1,0,0],[0,1,0,0],[0,1,0,0],[0,1,0,0],[0,1,0,0],[0,1,0,0],[0,1,0,0],[0,1,0,0],[0,1,0,0],[0,1,0,0],[0,1,0,0],[0,1,0,0]],"framerate":[59.65463108320251,60.06096640811403,60.00064865566023,60.139347268060135,59.682539682539684,56.13572370531396,53.90359210003259,60.064569412116974,59.709980096673796,58.78919279519623,56.53266331658468,58.812604469756245,59.42555298778779,58.79798216015678,57.5693363586931,55.33659779449767,59.67323758179292,58.02124934066695,60.08639449154101,59.31110701786701]}
