{"practice":[0,0,0,0,0,0,0,0,0,0,0,0,0,0,0,0,0,0,0,0],"center_interval":[0,100,75,50,25,50,50,100,0,0,50,0,0,50,50,50,50,0,50,75],"image_pair":[4,4,4,3,2,1,2,2,2,2,2,4,2,2,3,2,3,4,3,1],"feature_space":[1,1,2,1,2,1,1,1,1,1,2,1,2,2,2,1,2,1,2,2],"left_img":[1,1,2,1,2,1,2,2,1,1,2,1,2,2,2,2,1,2,2,1],"img1Sample":[2,2,2,1,1,3,1,2,1,2,1,3,1,2,2,3,1,3,3,2],"img2Sample":[3,3,3,2,1,1,1,3,1,1,2,1,1,1,1,1,1,1,3,3],"key":[49,50,49,50,50,50,50,50,49,null,null,49,50,50,50,50,49,49,50,50],"correct":[true,true,true,false,true,false,true,false,true,null,null,true,true,true,true,true,true,false,true,true],"right_img":[2,2,1,2,1,2,1,1,2,2,1,2,1,1,1,1,2,1,1,2],"img_choice":[1,2,2,2,1,2,1,1,1,null,null,1,1,1,1,1,1,2,1,2],"center_sample":[3,1,3,2,2,1,2,1,2,3,1,2,2,3,3,1,3,2,3,3],"left_sample":[2,2,3,1,1,3,1,3,1,2,2,3,1,1,1,1,1,1,3,2],"right_sample":[3,3,2,2,1,1,1,2,1,1,1,1,1,2,2,3,1,3,3,3],"RT":[[0,4353.29999999993,0,0],[0,1458.5,0,0],[0,2323.29999999993,0,0],[0,3903.3000000000466,0,0],[0,2934.6999999999534,0,0],[0,2670,0,0],[0,2416.1999999999534,0,0],[0,2519.8000000000466,0,0],[0,3498.0999999999767,0,0],[0,0,0,0],[0,0,0,0],[0,1124.6999999999534,0,0],[0,1525,0,0],[0,1489,0,0],[0,1954.5,0,0],[0,2116.4000000000233,0,0],[0,1859.0999999999767,0,0],[0,2017.9000000000233,0,0],[0,2007.7999999999302,0,0],[0,3630,0,0]],"response":[[0,1,0,0],[0,1,0,0],[0,1,0,0],[0,1,0,0],[0,1,0,0],[0,1,0,0],[0,1,0,0],[0,1,0,0],[0,1,0,0],[0,1,0,0],[0,1,0,0],[0,1,0,0],[0,1,0,0],[0,1,0,0],[0,1,0,0],[0,1,0,0],[0,1,0,0],[0,1,0,0],[0,1,0,0],[0,1,0,0]],"framerate":[59.87541076144672,58.106305963038,59.688256761828704,57.99667957941339,55.92430447676882,60.03798321386829,59.396139250948686,57.22506393861893,59.33852140077821,59.34347934561884,57.72931366260399,60.07393715341716,53.886884400919,59.70006686407688,57.688559734944455,59.54582439529448,59.47323704333162,59.621007860857944,59.69235478686714,59.36191850152642]}
