{"practice":[0,0,0,0,0,0,0,0,0,0,0,0,0,0,0,0,0,0,0,0],"center_interval":[0,75,25,100,50,25,0,25,25,75,50,0,75,75,100,100,50,25,25,50],"image_pair":[4,4,4,2,4,4,1,3,1,2,2,4,1,1,3,2,3,3,3,4],"feature_space":[2,2,1,1,2,2,1,2,1,1,2,2,2,2,2,1,1,1,2,2],"left_img":[1,2,2,1,2,2,2,1,1,2,1,1,1,1,2,2,1,1,1,2],"img1Sample":[3,1,1,2,2,3,2,3,1,1,3,1,2,2,2,3,1,2,3,2],"img2Sample":[1,1,2,2,2,3,1,1,1,1,3,2,3,3,1,1,2,3,1,1],"key":[49,49,50,null,49,50,50,49,49,50,50,49,49,49,49,49,50,50,49,49],"correct":[true,true,true,null,false,true,true,true,true,false,false,true,false,false,true,true,false,false,true,false],"right_img":[2,1,1,2,1,1,1,2,2,1,2,2,2,2,1,1,2,2,2,1],"img_choice":[1,2,1,null,2,1,1,1,1,1,2,1,1,1,2,2,2,2,1,2],"center_sample":[1,1,1,1,2,1,3,2,3,2,1,3,3,3,3,2,1,3,2,2],"left_sample":[3,1,2,2,2,3,1,3,1,1,3,1,2,2,1,1,1,2,3,1],"right_sample":[1,1,1,2,2,3,2,1,1,1,3,2,3,3,2,3,2,3,1,2],"RT":[[0,1036.0999999999767,0,0],[0,4760.5,0,0],[0,1421.1999999999534,0,0],[0,0,0,0],[0,1736.3999999999069,0,0],[0,1418.5,0,0],[0,589.0999999999767,0,0],[0,1836.6000000000931,0,0],[0,786.1999999999534,0,0],[0,1888.2000000000698,0,0],[0,1372.9000000000233,0,0],[0,1242,0,0],[0,1300.9000000000233,0,0],[0,1172.7000000000698,0,0],[0,2017.8000000000466,0,0],[0,2374.5,0,0],[0,1770.6999999999534,0,0],[0,3778.9000000000233,0,0],[0,1690.0999999999767,0,0],[0,1901.8000000000466,0,0]],"response":[[0,1,0,0],[0,1,0,0],[0,1,0,0],[0,1,0,0],[0,1,0,0],[0,1,0,0],[0,1,0,0],[0,1,0,0],[0,1,0,0],[0,1,0,0],[0,1,0,0],[0,1,0,0],[0,1,0,0],[0,1,0,0],[0,1,0,0],[0,1,0,0],[0,1,0,0],[0,1,0,0],[0,1,0,0],[0,1,0,0]],"framerate":[60.04731000181707,57.27291382945059,56.17175227304997,56.98263386396646,20.52781363233427,60.045280047250806,60.18054162487345,58.83073906115778,55.77404361816232,60.08171112713346,55.91939546599497,59.98054684967113,56.951773864882526,60.119114507250366,59.279525763791796,59.11264612114863,60.02098635886674,58.73345978929147,55.21739130434783,58.87500994510194]}
