{"practice":[0,0,0,0,0,0,0,0,0,0,0,0,0,0,0,0,0,0,0,0],"center_interval":[75,0,100,25,100,50,100,100,75,25,0,50,25,100,25,0,0,25,0,100],"image_pair":[2,2,3,1,2,2,4,3,3,4,3,3,1,4,2,3,2,2,2,3],"feature_space":[1,1,1,1,1,2,2,1,1,1,1,1,2,2,2,1,1,1,2,2],"left_img":[2,1,2,2,2,2,2,2,2,1,2,1,1,2,1,2,1,2,2,2],"img1Sample":[1,1,1,2,3,2,3,1,3,2,1,3,3,1,1,2,1,3,3,3],"img2Sample":[1,3,3,1,2,2,3,2,2,1,2,3,1,1,1,2,1,1,1,3],"key":[50,49,49,49,50,49,49,50,50,49,49,49,50,49,49,49,49,50,50,50],"correct":[false,true,true,false,false,false,true,false,false,true,false,true,false,true,true,false,true,true,true,false],"right_img":[1,2,1,1,1,1,1,1,1,2,1,2,2,1,2,1,2,1,1,1],"img_choice":[1,1,2,2,1,2,2,1,1,1,2,1,2,2,1,2,1,1,1,1],"center_sample":[2,3,1,2,1,3,1,3,3,1,3,1,3,2,1,3,3,1,1,2],"left_sample":[1,1,3,1,2,2,3,2,2,2,2,3,3,1,1,2,1,1,1,3],"right_sample":[1,3,1,2,3,2,3,1,3,1,1,3,1,1,1,2,1,3,3,3],"RT":[[0,1169.6999999999534,0,0],[0,1213.8000000000466,0,0],[0,1985.2000000001863,0,0],[0,2551.5,0,0],[0,1495.6000000000931,0,0],[0,1501.6000000000931,0,0],[0,2095.6999999999534,0,0],[0,1451.9000000001397,0,0],[0,2503.7999999998137,0,0],[0,1936.8000000000466,0,0],[0,2273.5999999998603,0,0],[0,1894.1999999999534,0,0],[0,1663.8999999999069,0,0],[0,2103.600000000093,0,0],[0,2472.0999999998603,0,0],[0,2128.0999999998603,0,0],[0,1323.4000000001397,0,0],[0,2089.2000000001863,0,0],[0,1990.8999999999069,0,0],[0,1371.8000000000466,0,0]],"response":[[0,1,0,0],[0,1,0,0],[0,1,0,0],[0,1,0,0],[0,1,0,0],[0,1,0,0],[0,1,0,0],[0,1,0,0],[0,1,0,0],[0,1,0,0],[0,1,0,0],[0,1,0,0],[0,1,0,0],[0,1,0,0],[0,1,0,0],[0,1,0,0],[0,1,0,0],[0,1,0,0],[0,1,0,0],[0,1,0,0]],"framerate":[56.70971364402021,60.05509641873278,59.26039943048554,59.74773179906971,58.18112451714695,58.156028368794324,58.962264150941365,57.602013650227676,60.08611271769257,60.06831298339069,59.346151176513345,54.71568110890343,55.44571477692549,58.18663916918517,60.09224972389866,59.29287753458853,59.25391591096313,60.63762508835553,59.56727258752333,59.64114227950467]}
