{"practice":[0,0,0,0,0,0,0,0,0,0,0,0,0,0,0,0,0,0,0,0],"center_interval":[0,75,50,100,25,25,50,50,0,75,50,50,50,75,100,75,0,100,75,100],"image_pair":[4,2,2,1,2,1,1,3,3,3,3,3,4,4,1,1,1,4,4,4],"feature_space":[2,2,1,2,2,1,2,1,1,2,1,2,1,2,1,2,2,2,2,2],"left_img":[1,1,1,2,1,1,1,1,2,2,2,1,2,2,1,2,1,1,1,1],"img1Sample":[1,1,1,1,3,3,3,1,3,1,2,2,1,3,3,2,1,1,3,3],"img2Sample":[1,2,3,1,1,3,2,1,1,3,3,1,3,1,3,2,1,1,1,1],"stim_time":[2000,2000,2000,2000,2000,2000,2000,2000,2000,2000,2000,2000,2000,2000,2000,2000,2000,2000,2000,2000],"key":[49,50,50,49,50,49,49,49,49,49,50,49,49,49,50,50,49,49,49,50],"correct":[true,true,false,true,false,true,true,true,false,true,true,true,false,true,true,false,true,false,false,true],"right_img":[2,2,2,1,2,2,2,2,1,1,1,2,1,1,2,1,2,2,2,2],"img_choice":[1,2,2,2,2,1,1,1,2,2,1,1,2,2,2,1,1,1,1,2],"center_sample":[3,2,2,2,1,3,1,2,3,3,2,1,1,1,1,1,2,1,2,2],"left_sample":[1,1,1,1,3,3,3,1,1,3,3,2,3,1,3,2,1,1,3,3],"right_sample":[1,2,3,1,1,3,2,1,3,1,2,1,1,3,3,2,1,1,1,1],"exact_match":[0,0,0,0,0,0,0,0,1,0,0,0,0,0,0,0,0,1,0,0],"RT":[[0,0,0,662.1000000014901,0,0],[0,0,0,713.7000000029802,0,0],[0,0,0,732.7999999970198,0,0],[0,0,0,822.6000000014901,0,0],[0,0,0,895.3999999985099,0,0],[0,0,0,1026.5,0,0],[0,0,0,576.3000000044703,0,0],[0,0,0,1038.7000000029802,0,0],[0,0,0,794.8999999985099,0,0],[0,0,0,1107.5,0,0],[0,0,0,684,0,0],[0,0,0,982.5,0,0],[0,0,0,621.8999999985099,0,0],[0,0,0,885.8000000044703,0,0],[0,0,0,1054,0,0],[0,0,0,1488.8000000044703,0,0],[0,0,0,545.7999999970198,0,0],[0,0,0,821.6000000014901,0,0],[0,0,0,753.1999999955297,0,0],[0,0,0,495.1000000014901,0,0]],"response":[[0,0,0,1,0,0],[0,0,0,1,0,0],[0,0,0,1,0,0],[0,0,0,1,0,0],[0,0,0,1,0,0],[0,0,0,1,0,0],[0,0,0,1,0,0],[0,0,0,1,0,0],[0,0,0,1,0,0],[0,0,0,1,0,0],[0,0,0,1,0,0],[0,0,0,1,0,0],[0,0,0,1,0,0],[0,0,0,1,0,0],[0,0,0,1,0,0],[0,0,0,1,0,0],[0,0,0,1,0,0],[0,0,0,1,0,0],[0,0,0,1,0,0],[0,0,0,1,0,0]],"framerate":[59.96137103983665,59.975554987041484,59.97171145685998,59.70067128870308,59.93358710615552,59.97705225819649,59.97754535258449,59.74801922327575,59.965020404739086,59.185183295514726,59.99142979574347,59.957739038563126,59.95168941529951,60.0308266406832,59.954517262743096,59.986049755870724,59.086839749328554,59.934566849085485,60.00112151626496,59.95639534886427]}
