{"practice":[0,0,0,0,0,0,0,0,0,0,0,0,0,0,0,0,0,0,0,0],"center_interval":[25,100,0,0,100,0,0,50,100,25,100,100,0,75,0,75,25,75,50,25],"image_pair":[1,2,1,4,2,1,2,2,4,2,3,3,4,2,2,2,4,4,2,2],"feature_space":[2,2,1,1,2,1,2,1,2,1,2,2,2,1,1,2,2,2,2,1],"left_img":[1,2,1,1,2,1,2,2,2,2,2,2,1,1,1,2,1,1,2,1],"img1Sample":[2,3,1,2,3,3,3,1,3,1,2,2,2,2,2,3,1,2,3,1],"img2Sample":[2,3,2,2,3,2,2,1,3,3,1,2,3,2,3,2,2,3,2,2],"stim_time":[2000,2000,2000,2000,2000,2000,2000,2000,2000,2000,2000,2000,2000,2000,2000,2000,2000,2000,2000,2000],"key":[49,49,49,49,49,49,49,50,50,49,50,49,49,49,50,49,50,49,50,50],"correct":[true,true,true,true,true,true,false,true,false,false,false,true,true,false,false,true,false,false,true,false],"right_img":[2,1,2,2,1,2,1,1,1,1,1,1,2,2,2,1,2,2,1,2],"img_choice":[1,2,1,1,2,1,2,1,1,2,1,2,1,1,2,2,2,1,1,2],"center_sample":[1,1,2,1,1,1,3,1,2,2,3,3,1,1,3,3,3,2,1,3],"left_sample":[2,3,1,2,3,3,2,1,3,3,1,2,2,2,2,2,1,2,2,1],"right_sample":[2,3,2,2,3,2,3,1,3,1,2,2,3,2,3,3,2,3,3,2],"exact_match":[0,0,0,0,0,0,1,0,0,0,0,0,0,0,0,0,0,0,0,0],"RT":[[0,0,0,669.1000000014901,0,0],[0,0,0,544.2999999970198,0,0],[0,0,0,504.70000000298023,0,0],[0,0,0,456.20000000298023,0,0],[0,0,0,428.5,0,0],[0,0,0,484.3999999985099,0,0],[0,0,0,836.5,0,0],[0,0,0,458,0,0],[0,0,0,470.09999999403954,0,0],[0,0,0,852.5,0,0],[0,0,0,252.19999999552965,0,0],[0,0,0,642.6000000014901,0,0],[0,0,0,443.30000000447035,0,0],[0,0,0,50.600000001490116,0,0],[0,0,0,111.29999999701977,0,0],[0,0,0,704.8999999985099,0,0],[0,0,0,745,0,0],[0,0,0,569.1000000014901,0,0],[0,0,0,217.70000000298023,0,0],[0,0,0,1169.5,0,0]],"response":[[0,0,0,1,0,0],[0,0,0,1,0,0],[0,0,0,1,0,0],[0,0,0,1,0,0],[0,0,0,1,0,0],[0,0,0,1,0,0],[0,0,0,1,0,0],[0,0,0,1,0,0],[0,0,0,1,0,0],[0,0,0,1,0,0],[0,0,0,1,0,0],[0,0,0,1,0,0],[0,0,0,1,0,0],[0,0,0,1,0,0],[0,0,0,1,0,0],[0,0,0,1,0,0],[0,0,0,1,0,0],[0,0,0,1,0,0],[0,0,0,1,0,0],[0,0,0,1,0,0]],"framerate":[59.97302648572108,59.982094897045656,59.66011811503489,59.97001499242172,59.9616739816064,59.69154319309696,59.962215590102666,58.726371811368296,59.9677330978998,59.98192325610297,59.96415186573244,59.98609018190908,59.38827004744199,59.93270713578487,59.997257268300466,59.98066973669108,59.66788629327329,59.99704448056746,59.99472573851451,59.96286818197902]}
