{"practice":[1,1,1,1,1],"center_interval":[75,0,25,50,75],"image_pair":[4,1,1,1,4],"feature_space":[2,2,1,2,1],"left_img":[1,1,2,2,2],"img1Sample":[2,1,1,1,1],"img2Sample":[3,2,2,2,1],"stim_time":[2000,2000,2000,2000,2000],"key":[49,49,49,50,50],"correct":[false,true,false,true,false],"right_img":[2,2,1,1,1],"img_choice":[1,1,2,1,1],"center_sample":[2,1,2,1,1],"left_sample":[2,1,2,2,1],"right_sample":[3,2,1,1,1],"exact_match":[0,1,0,0,0],"RT":[[0,0,0,2343.5,0,0],[0,0,0,1133.7000000029802,0,0],[0,0,0,1188.8999999985099,0,0],[0,0,0,925.1999999955297,0,0],[0,0,0,975.5,0,0]],"response":[[0,0,0,1,0,0],[0,0,0,1,0,0],[0,0,0,1,0,0],[0,0,0,1,0,0],[0,0,0,1,0,0]],"framerate":[59.94529264551212,60.010634796085085,59.947545897339836,59.70229171123958,59.975164469362305]}
