{"practice":[0,0,0,0,0,0,0,0,0,0,0,0,0,0,0,0,0,0,0,0],"center_interval":[25,50,0,100,25,50,0,75,0,50,100,100,100,25,25,50,100,75,75,100],"image_pair":[4,3,3,1,3,3,4,3,1,3,4,1,2,1,3,4,1,1,3,2],"feature_space":[1,2,1,1,2,2,1,1,1,1,1,1,1,2,2,2,2,2,2,1],"left_img":[1,1,2,1,2,1,2,2,1,2,1,2,1,2,1,1,2,1,2,2],"img1Sample":[2,1,1,1,2,1,2,3,3,3,2,1,1,3,3,2,1,2,2,1],"img2Sample":[3,3,3,2,3,2,2,2,2,2,1,1,1,2,2,1,2,2,3,3],"stim_time":[250,250,250,250,250,250,250,250,250,250,250,250,250,250,250,250,250,250,250,250],"key":[50,49,49,50,49,50,49,50,50,49,49,50,49,50,50,49,49,49,50,50],"correct":[false,true,false,true,false,false,false,false,false,false,false,false,false,true,false,true,true,false,false,false],"right_img":[2,2,1,2,1,2,1,1,2,1,2,1,2,1,2,2,1,2,1,1],"img_choice":[2,1,2,2,2,2,2,1,2,2,1,1,1,1,2,1,2,1,1,1],"center_sample":[1,2,2,1,2,1,3,3,1,2,3,3,1,2,1,3,1,3,1,1],"left_sample":[2,1,3,1,3,1,2,2,3,2,2,1,1,2,3,2,2,2,3,3],"right_sample":[3,3,1,2,2,2,2,3,2,3,1,1,1,3,2,1,1,2,2,1],"exact_match":[0,0,0,0,0,0,0,0,0,0,0,0,1,0,0,0,0,0,0,0],"RT":[[0,0,0,1852.9000000059605,0,0],[0,0,0,1142.6000000014901,0,0],[0,0,0,381.8999999985099,0,0],[0,0,0,538.6000000014901,0,0],[0,0,0,826.5,0,0],[0,0,0,936.3999999985099,0,0],[0,0,0,829,0,0],[0,0,0,2127.2999999970198,0,0],[0,0,0,944.1999999955297,0,0],[0,0,0,406.6000000014901,0,0],[0,0,0,317.09999999403954,0,0],[0,0,0,669.7999999970198,0,0],[0,0,0,1077.1999999955297,0,0],[0,0,0,230.19999999552965,0,0],[0,0,0,530.3000000044703,0,0],[0,0,0,418.1000000014901,0,0],[0,0,0,68.80000000447035,0,0],[0,0,0,81.40000000596046,0,0],[0,0,0,27.299999997019768,0,0],[0,0,0,142.5,0,0]],"response":[[0,0,0,1,0,0],[0,0,0,1,0,0],[0,0,0,1,0,0],[0,0,0,1,0,0],[0,0,0,1,0,0],[0,0,0,1,0,0],[0,0,0,1,0,0],[0,0,0,1,0,0],[0,0,0,1,0,0],[0,0,0,1,0,0],[0,0,0,1,0,0],[0,0,0,1,0,0],[0,0,0,1,0,0],[0,0,0,1,0,0],[0,0,0,1,0,0],[0,0,0,1,0,0],[0,0,0,1,0,0],[0,0,0,1,0,0],[0,0,0,1,0,0],[0,0,0,1,0,0]],"framerate":[59.96230940551653,59.978189749263336,59.972105997210605,59.98500374911858,59.95331069595288,59.93407252036156,59.99787618118424,59.978018527241325,59.97001499250374,59.957757034999,60.03616636528029,59.94236311239194,60.00656321781003,59.98154414033327,59.91800693787449,60.02158079291319,59.95943920320729,59.980594513382066,59.8747236550394,59.97001499242932]}
