{"practice":[0,0,0,0,0,0,0,0,0,0,0,0,0,0,0,0,0,0,0,0],"center_interval":[75,25,100,75,75,75,0,100,100,100,100,25,25,25,25,0,25,50,50,0],"image_pair":[3,4,1,2,1,4,3,2,1,4,4,4,3,1,1,2,2,2,4,3],"feature_space":[1,2,2,2,1,1,2,1,2,1,2,2,1,1,2,2,1,2,1,1],"left_img":[1,1,2,2,1,2,2,1,1,1,2,2,2,1,1,1,2,1,2,1],"img1Sample":[2,2,3,3,1,3,1,2,2,1,2,1,1,3,2,3,3,3,1,2],"img2Sample":[3,2,3,1,1,3,3,2,2,3,2,1,2,1,3,3,1,2,2,2],"stim_time":[250,250,250,250,250,250,250,250,250,250,250,250,250,250,250,250,250,250,250,250],"key":[49,50,49,49,49,50,49,49,50,50,50,49,50,49,49,49,49,50,50,49],"correct":[false,false,true,true,false,false,false,false,true,true,false,false,true,true,true,true,false,false,true,true],"right_img":[2,2,1,1,2,1,1,2,2,2,1,1,1,2,2,2,1,2,1,2],"img_choice":[1,2,2,2,1,1,2,1,2,2,1,2,1,1,1,1,2,2,1,1],"center_sample":[1,3,3,2,3,2,2,1,1,2,1,3,1,2,3,1,1,1,1,1],"left_sample":[2,2,3,1,1,3,3,2,2,1,2,1,2,3,2,3,1,3,2,2],"right_sample":[3,2,3,3,1,3,1,2,2,3,2,1,1,1,3,3,3,2,1,2],"exact_match":[0,0,1,0,0,0,0,0,0,0,0,0,0,0,0,0,0,0,0,0],"RT":[[0,0,0,772.1000000014901,0,0],[0,0,0,1059.7999999970198,0,0],[0,0,0,935.3999999985099,0,0],[0,0,0,552.9000000059605,0,0],[0,0,0,690.5,0,0],[0,0,0,200.39999999850988,0,0],[0,0,0,484.19999999552965,0,0],[0,0,0,129.90000000596046,0,0],[0,0,0,378.70000000298023,0,0],[0,0,0,471.70000000298023,0,0],[0,0,0,460.3999999985099,0,0],[0,0,0,382.40000000596046,0,0],[0,0,0,530.7000000029802,0,0],[0,0,0,674.3999999985099,0,0],[0,0,0,534.8999999985099,0,0],[0,0,0,562.1999999955297,0,0],[0,0,0,585.2999999970198,0,0],[0,0,0,190.80000000447035,0,0],[0,0,0,92.19999999552965,0,0],[0,0,0,717.6000000014901,0,0]],"response":[[0,0,0,1,0,0],[0,0,0,1,0,0],[0,0,0,1,0,0],[0,0,0,1,0,0],[0,0,0,1,0,0],[0,0,0,1,0,0],[0,0,0,1,0,0],[0,0,0,1,0,0],[0,0,0,1,0,0],[0,0,0,1,0,0],[0,0,0,1,0,0],[0,0,0,1,0,0],[0,0,0,1,0,0],[0,0,0,1,0,0],[0,0,0,1,0,0],[0,0,0,1,0,0],[0,0,0,1,0,0],[0,0,0,1,0,0],[0,0,0,1,0,0],[0,0,0,1,0,0]],"framerate":[59.94877105024216,59.46762318301738,60.00900135011309,59.9925009372711,59.81201936770151,60.19325201992617,59.9806514027733,59.885290148372775,59.96374285303395,60.05221932114883,59.88418004732217,60.0538413752112,59.91800693787449,60.01846722052844,60.00750093772899,59.90982644673629,59.95276448869296,57.66458433438577,59.875043387790015,59.99102937873437]}
