{"practice":[0,0,0,0,0,0,0,0,0,0,0,0,0,0,0,0,0,0,0,0],"center_interval":[100,50,50,75,25,0,75,25,100,100,75,75,50,0,0,25,0,50,50,25],"image_pair":[1,4,2,4,2,2,3,2,2,1,2,1,2,2,4,3,1,2,2,1],"feature_space":[2,1,1,1,1,1,1,1,2,2,1,2,1,1,2,1,1,1,1,2],"left_img":[1,2,2,2,1,2,1,2,1,1,2,1,1,2,2,2,1,1,2,1],"img1Sample":[1,3,2,1,3,3,3,3,2,3,1,1,2,3,2,3,3,1,1,2],"img2Sample":[2,3,1,3,3,3,3,2,1,3,3,3,3,1,2,1,2,2,3,1],"stim_time":[2000,2000,2000,2000,2000,2000,2000,2000,2000,2000,2000,2000,2000,2000,2000,2000,2000,2000,2000,2000],"key":[49,null,50,49,50,50,50,50,50,50,50,50,50,null,50,null,49,49,50,49],"correct":[false,null,true,true,false,true,true,true,true,true,false,true,false,null,true,null,true,true,true,true],"right_img":[2,1,1,1,2,1,2,1,2,2,1,2,2,1,1,1,2,2,1,2],"img_choice":[1,null,1,2,2,1,2,1,2,2,1,2,2,null,1,null,1,1,1,1],"center_sample":[1,2,1,2,2,3,2,1,3,3,3,3,1,1,3,1,1,1,2,1],"left_sample":[1,3,1,3,3,3,3,2,2,3,3,1,2,1,2,1,3,1,3,2],"right_sample":[2,3,2,1,3,3,3,3,1,3,1,3,3,3,2,3,2,2,1,1],"exact_match":[0,0,0,0,0,1,0,0,0,1,0,0,0,0,0,0,0,0,0,0],"RT":[[0,0,0,579.8000000044703,0,0],[0,0,0,0,0,0],[0,0,0,343.1000000014901,0,0],[0,0,0,355.6000000014901,0,0],[0,0,0,318,0,0],[0,0,0,614.7999999970198,0,0],[0,0,0,258.40000000596046,0,0],[0,0,0,134.10000000149012,0,0],[0,0,0,511.79999999701977,0,0],[0,0,0,1503.7000000029802,0,0],[0,0,0,194.69999999552965,0,0],[0,0,0,88.30000000447035,0,0],[0,0,0,117.89999999850988,0,0],[0,0,0,0,0,0],[0,0,0,561.7999999970198,0,0],[0,0,0,0,0,0],[0,0,0,38.70000000298023,0,0],[0,0,0,1709,0,0],[0,0,0,1367.7999999970198,0,0],[0,0,0,1459.3000000044703,0,0]],"response":[[0,0,0,1,0,0],[0,0,0,1,0,0],[0,0,0,1,0,0],[0,0,0,1,0,0],[0,0,0,1,0,0],[0,0,0,1,0,0],[0,0,0,1,0,0],[0,0,0,1,0,0],[0,0,0,1,0,0],[0,0,0,1,0,0],[0,0,0,1,0,0],[0,0,0,1,0,0],[0,0,0,1,0,0],[0,0,0,1,0,0],[0,0,0,1,0,0],[0,0,0,1,0,0],[0,0,0,1,0,0],[0,0,0,1,0,0],[0,0,0,1,0,0],[0,0,0,1,0,0]],"framerate":[58.752324997759864,59.12440875593667,7.644614137044104,60.0145298335669,59.97434252726107,59.38450737189577,59.94266353919426,60.018310671021865,59.977696735914094,59.9856405030042,59.95603224311105,59.93593055696004,60.023190778194234,59.977700598506885,59.96556432936847,59.96002664893507,59.9936848751822,59.766247565157656,59.96641880546894,59.93631766244179]}
