{"practice":[0,0,0,0,0,0,0,0,0,0,0,0,0,0,0,0,0,0,0,0],"center_interval":[100,25,0,50,50,0,25,50,100,0,0,100,0,0,100,25,75,100,25,75],"image_pair":[3,1,1,2,1,2,2,3,4,2,3,1,4,2,4,1,4,2,3,2],"feature_space":[2,2,1,2,1,2,1,2,2,2,2,1,1,2,2,2,1,1,1,1],"left_img":[2,2,1,1,2,2,1,1,2,2,1,1,1,1,2,2,1,2,1,2],"img1Sample":[1,2,3,1,1,3,2,2,3,3,2,1,1,2,1,3,3,3,3,1],"img2Sample":[1,1,1,3,1,1,2,1,3,3,2,3,1,2,3,1,3,3,2,2],"key":[null,null,null,null,null,null,null,null,null,null,null,null,null,null,null,null,null,null,null,null],"correct":[null,null,null,null,null,null,null,null,null,null,null,null,null,null,null,null,null,null,null,null],"right_img":[1,1,2,2,1,1,2,2,1,1,2,2,2,2,1,1,2,1,2,1],"img_choice":[null,null,null,null,null,null,null,null,null,null,null,null,null,null,null,null,null,null,null,null],"center_sample":[2,3,2,2,3,1,3,2,2,2,3,1,2,1,1,2,3,1,1,2],"left_sample":[1,1,3,1,1,1,2,2,3,3,2,1,1,2,3,1,3,3,3,2],"right_sample":[1,2,1,3,1,3,2,1,3,3,2,3,1,2,1,3,3,3,2,1],"RT":[[0,0,0,0,0,0],[0,0,0,0,0,0],[0,0,0,0,0,0],[0,0,0,0,0,0],[0,0,0,0,0,0],[0,0,0,0,0,0],[0,0,0,0,0,0],[0,0,0,0,0,0],[0,0,0,0,0,0],[0,0,0,0,0,0],[0,0,0,0,0,0],[0,0,0,0,0,0],[0,0,0,0,0,0],[0,0,0,0,0,0],[0,0,0,0,0,0],[0,0,0,0,0,0],[0,0,0,0,0,0],[0,0,0,0,0,0],[0,0,0,0,0,0],[0,0,0,0,0,0]],"response":[[0,0,0,1,0,0],[0,0,0,1,0,0],[0,0,0,1,0,0],[0,0,0,1,0,0],[0,0,0,1,0,0],[0,0,0,1,0,0],[0,0,0,1,0,0],[0,0,0,1,0,0],[0,0,0,1,0,0],[0,0,0,1,0,0],[0,0,0,1,0,0],[0,0,0,1,0,0],[0,0,0,1,0,0],[0,0,0,1,0,0],[0,0,0,1,0,0],[0,0,0,1,0,0],[0,0,0,1,0,0],[0,0,0,1,0,0],[0,0,0,1,0,0],[0,0,0,1,0,0]],"framerate":[28.651829112304938,29.250223527909057,29.74947807933194,28.152866242038215,26.60110943015633,26.295536172396098,23.50236300932431,25.201483945247535,27.660391855551286,25.204708290685772,27.39375320020481,26.91754867372272,16.511483550589695,24.83285577841452,11.93916349809886,22.227899846704137,23.779084633086168,21.11054247697032,21.336399642263956,20.105007043155332]}
