{"practice":[0,0,0,0,0,0,0,0,0,0,0,0,0,0,0,0,0,0,0,0],"center_interval":[25,75,50,50,100,50,25,25,100,0,75,25,50,50,100,100,75,100,100,100],"image_pair":[4,1,1,4,1,2,4,4,1,4,2,4,4,1,2,2,4,3,1,1],"feature_space":[1,2,1,1,1,2,2,2,2,2,2,2,1,1,2,2,1,2,2,2],"left_img":[2,1,2,1,1,2,1,2,2,2,1,2,2,1,2,1,1,1,1,1],"img1Sample":[1,2,1,3,2,1,3,3,1,1,1,2,2,3,1,2,1,3,3,3],"img2Sample":[2,1,1,3,1,1,3,3,3,3,3,2,3,1,3,1,2,2,1,1],"key":[null,null,null,null,null,null,null,null,null,null,null,null,null,null,null,null,null,null,null,null],"correct":[null,null,null,null,null,null,null,null,null,null,null,null,null,null,null,null,null,null,null,null],"right_img":[1,2,1,2,2,1,2,1,1,1,2,1,1,2,1,2,2,2,2,2],"img_choice":[null,null,null,null,null,null,null,null,null,null,null,null,null,null,null,null,null,null,null,null],"center_sample":[2,3,3,1,3,1,3,1,2,2,1,3,3,3,2,3,2,3,3,3],"left_sample":[2,2,1,3,2,1,3,3,3,3,1,2,3,3,3,2,1,3,3,3],"right_sample":[1,1,1,3,1,1,3,3,1,1,3,2,2,1,1,1,2,2,1,1],"RT":[[0,0,0,0,0,0],[0,0,0,0,0,0],[0,0,0,0,0,0],[0,0,0,0,0,0],[0,0,0,0,0,0],[0,0,0,0,0,0],[0,0,0,0,0,0],[0,0,0,0,0,0],[0,0,0,0,0,0],[0,0,0,0,0,0],[0,0,0,0,0,0],[0,0,0,0,0,0],[0,0,0,0,0,0],[0,0,0,0,0,0],[0,0,0,0,0,0],[0,0,0,0,0,0],[0,0,0,0,0,0],[0,0,0,0,0,0],[0,0,0,0,0,0],[0,0,0,0,0,0]],"response":[[0,0,0,1,0,0],[0,0,0,1,0,0],[0,0,0,1,0,0],[0,0,0,1,0,0],[0,0,0,1,0,0],[0,0,0,1,0,0],[0,0,0,1,0,0],[0,0,0,1,0,0],[0,0,0,1,0,0],[0,0,0,1,0,0],[0,0,0,1,0,0],[0,0,0,1,0,0],[0,0,0,1,0,0],[0,0,0,1,0,0],[0,0,0,1,0,0],[0,0,0,1,0,0],[0,0,0,1,0,0],[0,0,0,1,0,0],[0,0,0,1,0,0],[0,0,0,1,0,0]],"framerate":[24.377791959157626,23.270681498529598,23.928342930262318,21.12676056338028,25.84772872680742,24.521072796934867,23.627075351213282,24.846311475409838,23.535431056536197,25.08639447075387,21.814448864365456,20.951888256595968,25.809716599190285,24.530471444998085,24.565916398713828,24.653704409708986,21.95557824865969,26.726342710997443,25.841115517461944,26.5044814340589]}
