{"practice":[0,0,0,0,0,0,0,0,0,0,0,0,0,0,0,0,0,0,0,0],"center_interval":[0,75,75,75,25,50,25,100,100,75,0,100,50,100,0,50,50,50,25,0],"image_pair":[1,3,1,1,3,1,2,4,3,2,4,2,1,1,1,2,3,2,1,1],"feature_space":[1,1,1,1,1,1,1,1,1,2,2,2,2,1,1,2,2,1,2,2],"left_img":[1,2,2,2,1,1,1,1,1,1,2,2,1,1,1,2,2,2,2,1],"img1Sample":[1,1,1,2,2,1,2,3,2,2,2,3,2,2,2,3,3,3,1,1],"img2Sample":[2,2,2,2,2,3,2,3,2,3,1,3,2,2,2,3,2,2,2,3],"key":[null,null,null,null,null,null,null,null,null,null,null,null,null,null,null,null,null,null,null,null],"correct":[null,null,null,null,null,null,null,null,null,null,null,null,null,null,null,null,null,null,null,null],"right_img":[2,1,1,1,2,2,2,2,2,2,1,1,2,2,2,1,1,1,1,2],"img_choice":[null,null,null,null,null,null,null,null,null,null,null,null,null,null,null,null,null,null,null,null],"center_sample":[3,2,3,1,3,3,2,2,3,1,1,2,2,1,1,1,1,1,1,2],"left_sample":[1,2,2,2,2,1,2,3,2,2,1,3,2,2,2,3,2,2,2,1],"right_sample":[2,1,1,2,2,3,2,3,2,3,2,3,2,2,2,3,3,3,1,3],"RT":[[0,0,0,0,0,0],[0,0,0,0,0,0],[0,0,0,0,0,0],[0,0,0,0,0,0],[0,0,0,0,0,0],[0,0,0,0,0,0],[0,0,0,0,0,0],[0,0,0,0,0,0],[0,0,0,0,0,0],[0,0,0,0,0,0],[0,0,0,0,0,0],[0,0,0,0,0,0],[0,0,0,0,0,0],[0,0,0,0,0,0],[0,0,0,0,0,0],[0,0,0,0,0,0],[0,0,0,0,0,0],[0,0,0,0,0,0],[0,0,0,0,0,0],[0,0,0,0,0,0]],"response":[[0,0,0,1,0,0],[0,0,0,1,0,0],[0,0,0,1,0,0],[0,0,0,1,0,0],[0,0,0,1,0,0],[0,0,0,1,0,0],[0,0,0,1,0,0],[0,0,0,1,0,0],[0,0,0,1,0,0],[0,0,0,1,0,0],[0,0,0,1,0,0],[0,0,0,1,0,0],[0,0,0,1,0,0],[0,0,0,1,0,0],[0,0,0,1,0,0],[0,0,0,1,0,0],[0,0,0,1,0,0],[0,0,0,1,0,0],[0,0,0,1,0,0],[0,0,0,1,0,0]],"framerate":[28.421456919728588,30.01704024118495,24.154589371980677,27.44293408566299,23.94470501110837,24.44956477214542,23.962070732957457,24.82405630198337,24.455825864276566,26.238320747472162,22.125591507865455,24.318443619608345,24.555569765954726,22.00895713371721,25.421563617782322,25.854345321899398,26.75371223758321,21.611253196930946,26.79938744257274,25.220842401741134]}
