{"practice":[0,0,0,0,0,0,0,0,0,0,0,0,0,0,0,0,0,0,0,0],"center_interval":[75,0,100,0,75,75,75,75,100,100,0,100,50,50,75,25,50,0,50,100],"image_pair":[2,2,1,3,2,1,1,2,1,4,4,2,3,4,1,2,3,4,4,2],"feature_space":[2,2,2,2,2,1,1,2,2,2,1,1,2,2,1,2,2,2,2,1],"left_img":[1,1,2,2,2,1,1,2,2,2,1,2,2,2,2,1,1,2,1,1],"img1Sample":[2,1,3,2,2,1,3,3,3,3,1,3,3,1,2,1,3,1,3,1],"img2Sample":[2,3,1,1,2,2,1,2,1,3,2,3,2,3,1,1,2,2,2,3],"key":[null,null,null,null,null,null,null,null,null,null,null,null,null,null,null,null,null,null,null,null],"correct":[null,null,null,null,null,null,null,null,null,null,null,null,null,null,null,null,null,null,null,null],"right_img":[2,2,1,1,1,2,2,1,1,1,2,1,1,1,1,2,2,1,2,2],"img_choice":[null,null,null,null,null,null,null,null,null,null,null,null,null,null,null,null,null,null,null,null],"center_sample":[2,2,3,3,3,1,1,1,3,1,2,2,3,3,3,1,2,3,1,1],"left_sample":[2,1,1,1,2,1,3,2,1,3,1,3,2,3,1,1,3,2,3,1],"right_sample":[2,3,3,2,2,2,1,3,3,3,2,3,3,1,2,1,2,1,2,3],"RT":[[0,0,0,0,0,0],[0,0,0,0,0,0],[0,0,0,0,0,0],[0,0,0,0,0,0],[0,0,0,0,0,0],[0,0,0,0,0,0],[0,0,0,0,0,0],[0,0,0,0,0,0],[0,0,0,0,0,0],[0,0,0,0,0,0],[0,0,0,0,0,0],[0,0,0,0,0,0],[0,0,0,0,0,0],[0,0,0,0,0,0],[0,0,0,0,0,0],[0,0,0,0,0,0],[0,0,0,0,0,0],[0,0,0,0,0,0],[0,0,0,0,0,0],[0,0,0,0,0,0]],"response":[[0,0,0,1,0,0],[0,0,0,1,0,0],[0,0,0,1,0,0],[0,0,0,1,0,0],[0,0,0,1,0,0],[0,0,0,1,0,0],[0,0,0,1,0,0],[0,0,0,1,0,0],[0,0,0,1,0,0],[0,0,0,1,0,0],[0,0,0,1,0,0],[0,0,0,1,0,0],[0,0,0,1,0,0],[0,0,0,1,0,0],[0,0,0,1,0,0],[0,0,0,1,0,0],[0,0,0,1,0,0],[0,0,0,1,0,0],[0,0,0,1,0,0],[0,0,0,1,0,0]],"framerate":[25.985663082437274,22.89295306305154,25.33265097236438,21.855828220858896,26.224450443501734,19.933143493871487,26.22154003581479,24.452694917424147,26.59846547314578,25.4259501965924,20.88253573648229,23.0385255343658,22.10297687492015,25.654181631605955,23.02673659971856,20.947758334397754,22.23926380368098,25.611473940325265,26.10030706243603,23.0385255343658]}
