{"practice":[1,1,1,1,1],"center_interval":[50,25,25,50,50],"image_pair":[2,4,4,2,4],"feature_space":[2,2,1,2,1],"left_img":[1,1,2,1,2],"img1Sample":[2,1,1,2,1],"img2Sample":[2,1,2,2,3],"key":[null,null,null,null,null],"correct":[null,null,null,null,null],"right_img":[2,2,1,2,1],"img_choice":[null,null,null,null,null],"center_sample":[3,3,2,2,2],"left_sample":[2,1,2,2,3],"right_sample":[2,1,1,2,1],"RT":[[0,0,0,0,0,0],[0,0,0,0,0,0],[0,0,0,0,0,0],[0,0,0,0,0,0],[0,0,0,0,0,0]],"response":[[0,0,0,1,0,0],[0,0,0,1,0,0],[0,0,0,1,0,0],[0,0,0,1,0,0],[0,0,0,1,0,0]],"framerate":[25.894897182025897,26.612077789150458,29.06157982332608,22.535211267605632,22.02022788375368]}
