{"practice":[0,0,0,0,0,0,0,0,0,0,0,0,0,0,0,0,0,0,0,0],"center_interval":[0,25,100,50,0,0,25,100,25,50,75,50,0,50,0,25,100,100,25,25],"image_pair":[4,1,4,3,4,1,2,2,3,2,3,3,4,2,2,4,1,1,2,1],"feature_space":[2,1,1,1,2,2,1,1,1,1,2,1,2,1,2,1,1,1,2,2],"left_img":[2,1,1,2,2,2,1,1,2,1,1,1,1,1,1,1,1,1,2,1],"img1Sample":[3,2,3,2,2,2,1,3,3,1,1,3,3,1,2,3,2,1,1,3],"img2Sample":[2,2,1,3,3,1,1,3,3,1,1,1,2,1,3,3,2,3,3,1],"stim_time":[250,250,250,250,250,250,250,250,250,250,250,250,250,250,250,250,250,250,250,250],"key":[49,49,50,49,49,50,50,50,50,50,50,49,49,49,50,50,49,50,50,49],"correct":[false,true,true,false,false,true,false,true,true,false,true,true,true,true,false,false,false,true,true,true],"right_img":[1,2,2,1,1,1,2,2,1,2,2,2,2,2,2,2,2,2,1,2],"img_choice":[2,1,2,2,2,1,2,2,1,2,2,1,1,1,2,2,1,2,1,1],"center_sample":[1,1,2,1,1,1,3,2,2,1,2,1,1,3,2,3,1,2,2,3],"left_sample":[2,2,3,3,3,1,1,3,3,1,1,3,3,1,2,3,2,1,3,3],"right_sample":[3,2,1,2,2,2,1,3,3,1,1,1,2,1,3,3,2,3,1,1],"exact_match":[0,0,0,0,0,0,0,0,0,0,0,0,0,0,1,0,0,0,0,0],"RT":[[0,0,0,4.599999964237213,0,0],[0,0,0,138,0,0],[0,0,0,147.79999995231628,0,0],[0,0,0,10.099999964237213,0,0],[0,0,0,90.5,0,0],[0,0,0,105.80000001192093,0,0],[0,0,0,96.19999998807907,0,0],[0,0,0,67.20000004768372,0,0],[0,0,0,260.19999998807907,0,0],[0,0,0,38.5,0,0],[0,0,0,63,0,0],[0,0,0,238.39999997615814,0,0],[0,0,0,12.800000011920929,0,0],[0,0,0,41.10000002384186,0,0],[0,0,0,64.20000004768372,0,0],[0,0,0,22.30000001192093,0,0],[0,0,0,555.8000000119209,0,0],[0,0,0,34.80000001192093,0,0],[0,0,0,75.79999995231628,0,0],[0,0,0,293.60000002384186,0,0]],"response":[[0,0,0,1,0,0],[0,0,0,1,0,0],[0,0,0,1,0,0],[0,0,0,1,0,0],[0,0,0,1,0,0],[0,0,0,1,0,0],[0,0,0,1,0,0],[0,0,0,1,0,0],[0,0,0,1,0,0],[0,0,0,1,0,0],[0,0,0,1,0,0],[0,0,0,1,0,0],[0,0,0,1,0,0],[0,0,0,1,0,0],[0,0,0,1,0,0],[0,0,0,1,0,0],[0,0,0,1,0,0],[0,0,0,1,0,0],[0,0,0,1,0,0],[0,0,0,1,0,0]],"framerate":[49.56513606977381,59.1370981193694,59.93507033986974,59.992500936712446,59.90103307702765,59.80861243836387,60.10976566027801,59.98059451417044,59.91657186196436,59.95639534818792,59.92308380160212,59.97232046912561,59.9250936329588,59.96729056748162,59.82142857142858,60.0794897878107,59.9209290828303,60.010911074090394,59.922453295105456,59.942277808671854]}
