{"practice":[0,0,0,0,0,0,0,0,0,0,0,0,0,0,0,0,0,0,0,0],"center_interval":[75,25,75,25,0,100,50,0,75,0,0,50,25,75,50,25,75,100,50,25],"image_pair":[2,4,4,1,3,3,1,4,2,2,2,2,1,2,1,1,4,4,1,3],"feature_space":[1,1,2,1,2,2,2,2,2,2,2,1,1,2,2,2,2,2,2,1],"left_img":[2,2,2,1,2,2,2,1,2,1,2,2,1,2,1,1,2,2,2,1],"img1Sample":[2,2,2,1,2,2,1,3,1,1,1,1,3,2,3,1,2,3,3,1],"img2Sample":[1,1,3,1,3,3,1,1,2,2,1,1,3,3,3,3,2,1,3,1],"stim_time":[250,250,250,250,250,250,250,250,250,250,250,250,250,250,250,250,250,250,250,250],"key":[49,49,49,50,49,49,50,49,50,49,50,50,50,50,50,50,49,50,50,49],"correct":[true,false,true,false,false,true,true,true,false,true,true,true,false,false,false,false,true,false,true,true],"right_img":[1,1,1,2,1,1,1,2,1,2,1,1,2,1,2,2,1,1,1,2],"img_choice":[2,2,2,2,2,2,1,1,1,1,1,1,2,1,2,2,2,1,1,1],"center_sample":[2,3,3,3,3,2,3,2,2,1,2,2,1,1,2,2,1,2,3,3],"left_sample":[1,1,3,1,3,3,1,3,2,1,1,1,3,3,3,1,2,1,3,1],"right_sample":[2,2,2,1,2,2,1,1,1,2,1,1,3,2,3,3,2,3,3,1],"exact_match":[0,0,0,0,0,0,0,0,0,1,0,0,0,0,0,0,0,0,0,0],"RT":[[0,0,0,2424.600000023842,0,0],[0,0,0,10.099999964237213,0,0],[0,0,0,45.60000002384186,0,0],[0,0,0,32.30000001192093,0,0],[0,0,0,132.30000001192093,0,0],[0,0,0,271.80000001192093,0,0],[0,0,0,165.0999999642372,0,0],[0,0,0,146.69999998807907,0,0],[0,0,0,3.399999976158142,0,0],[0,0,0,223.30000001192093,0,0],[0,0,0,219.5,0,0],[0,0,0,94.30000001192093,0,0],[0,0,0,105.09999996423721,0,0],[0,0,0,63.19999998807907,0,0],[0,0,0,83.69999998807907,0,0],[0,0,0,40.799999952316284,0,0],[0,0,0,277.60000002384186,0,0],[0,0,0,89.60000002384186,0,0],[0,0,0,47.19999998807907,0,0],[0,0,0,87.89999997615814,0,0]],"response":[[0,0,0,1,0,0],[0,0,0,1,0,0],[0,0,0,1,0,0],[0,0,0,1,0,0],[0,0,0,1,0,0],[0,0,0,1,0,0],[0,0,0,1,0,0],[0,0,0,1,0,0],[0,0,0,1,0,0],[0,0,0,1,0,0],[0,0,0,1,0,0],[0,0,0,1,0,0],[0,0,0,1,0,0],[0,0,0,1,0,0],[0,0,0,1,0,0],[0,0,0,1,0,0],[0,0,0,1,0,0],[0,0,0,1,0,0],[0,0,0,1,0,0],[0,0,0,1,0,0]],"framerate":[59.92487886019851,59.97563489698254,59.96729057072923,59.95203836666783,59.915611814345986,59.956531516794534,59.9490843369807,59.94505037227858,59.98125585754452,59.91285403105681,59.97351818510412,59.91143527022159,59.95717344753748,59.93380445605951,59.95943920163165,59.940059938762076,59.94305410021259,59.97913768937324,59.93461678234152,59.94787141615986]}
