{"practice":[0,0,0,0,0,0,0,0,0,0,0,0,0,0,0,0,0,0,0,0],"center_interval":[100,100,50,50,25,75,25,100,100,50,75,50,25,75,75,0,50,50,25,100],"image_pair":[3,1,4,1,3,1,3,2,2,1,2,3,1,1,3,1,2,3,4,1],"feature_space":[1,1,1,1,1,1,2,2,1,1,1,1,2,2,2,2,2,2,1,2],"left_img":[1,1,1,1,2,2,1,1,2,2,1,2,1,2,1,2,1,1,2,2],"img1Sample":[3,2,2,1,3,2,1,3,3,1,2,1,2,3,2,3,1,3,3,2],"img2Sample":[2,2,3,2,3,3,2,1,3,1,3,2,3,3,2,3,1,2,3,1],"stim_time":[2000,2000,2000,2000,2000,2000,2000,2000,2000,2000,2000,2000,2000,2000,2000,2000,2000,2000,2000,2000],"key":[49,49,49,49,49,50,50,49,49,49,49,49,49,49,49,49,49,50,49,49],"correct":[false,false,true,true,false,false,false,false,true,false,false,false,true,true,false,false,true,false,false,true],"right_img":[2,2,2,2,1,1,2,2,1,1,2,1,2,1,2,1,2,2,1,1],"img_choice":[1,1,1,1,2,1,2,1,2,2,1,2,1,2,1,2,1,2,2,2],"center_sample":[3,3,2,2,2,3,1,2,1,2,2,2,2,1,2,1,2,3,3,3],"left_sample":[3,2,2,1,3,3,1,3,3,1,2,2,2,3,2,3,1,3,3,1],"right_sample":[2,2,3,2,3,2,2,1,3,1,3,1,3,3,2,3,1,2,3,2],"exact_match":[0,0,0,0,0,0,0,0,0,0,0,0,0,0,0,0,0,0,0,0],"RT":[[0,0,0,98,0,0],[0,0,0,2.800000011920929,0,0],[0,0,0,78.30000001192093,0,0],[0,0,0,81.40000003576279,0,0],[0,0,0,124.69999998807907,0,0],[0,0,0,39.39999997615814,0,0],[0,0,0,35.19999998807907,0,0],[0,0,0,204.79999995231628,0,0],[0,0,0,155.10000002384186,0,0],[0,0,0,7.199999988079071,0,0],[0,0,0,71.60000002384186,0,0],[0,0,0,88.59999996423721,0,0],[0,0,0,31.30000001192093,0,0],[0,0,0,188.80000001192093,0,0],[0,0,0,95.69999998807907,0,0],[0,0,0,42.39999997615814,0,0],[0,0,0,77.09999996423721,0,0],[0,0,0,88.59999996423721,0,0],[0,0,0,352.39999997615814,0,0],[0,0,0,173.80000001192093,0,0]],"response":[[0,0,0,1,0,0],[0,0,0,1,0,0],[0,0,0,1,0,0],[0,0,0,1,0,0],[0,0,0,1,0,0],[0,0,0,1,0,0],[0,0,0,1,0,0],[0,0,0,1,0,0],[0,0,0,1,0,0],[0,0,0,1,0,0],[0,0,0,1,0,0],[0,0,0,1,0,0],[0,0,0,1,0,0],[0,0,0,1,0,0],[0,0,0,1,0,0],[0,0,0,1,0,0],[0,0,0,1,0,0],[0,0,0,1,0,0],[0,0,0,1,0,0],[0,0,0,1,0,0]],"framerate":[59.95245150373336,59.95459060694581,59.93417633812575,59.948714394374306,58.571136688212064,59.9642318619472,59.943582510578274,59.953627028817486,59.94476998768411,59.956717634775266,59.9362527721137,59.94005994055223,59.96049661298704,59.936068194164385,59.95451726301245,59.92640616786402,59.93002390297379,59.968981561261415,59.95582202587567,59.94039446783159]}
