{"practice":[1,1,1,1,1],"center_interval":[50,0,25,100,25],"image_pair":[2,2,2,3,1],"feature_space":[1,1,1,2,1],"left_img":[2,1,2,1,1],"img1Sample":[3,1,3,2,3],"img2Sample":[2,1,3,2,2],"stim_time":[2000,2000,2000,2000,2000],"key":[49,49,49,50,49],"correct":[false,true,false,true,true],"right_img":[1,2,1,2,2],"img_choice":[2,1,2,2,1],"center_sample":[3,2,1,2,3],"left_sample":[2,1,3,2,3],"right_sample":[3,1,3,2,2],"exact_match":[0,0,0,1,0],"RT":[[0,0,0,1715.2000000476837,0,0],[0,0,0,322.9000000357628,0,0],[0,0,0,110.89999997615814,0,0],[0,0,0,132.10000002384186,0,0],[0,0,0,75.80000001192093,0,0]],"response":[[0,0,0,1,0,0],[0,0,0,1,0,0],[0,0,0,1,0,0],[0,0,0,1,0,0],[0,0,0,1,0,0]],"framerate":[58.8365405883654,59.939422923641004,59.91714315085914,60.000681825685994,59.94248293619199]}
