{"practice":[0,0,0,0,0,0,0,0,0,0,0,0,0,0,0,0,0,0,0,0],"center_interval":[100,75,50,0,100,25,75,100,25,100,25,100,0,25,75,25,0,25,0,50],"image_pair":[3,2,1,4,2,3,1,4,2,1,1,3,4,3,2,4,3,2,2,3],"feature_space":[1,1,2,1,2,2,2,2,1,2,2,1,2,2,1,1,1,2,2,1],"left_img":[1,2,1,1,1,1,2,1,2,1,2,1,2,2,1,2,1,1,2,2],"img1Sample":[1,1,2,2,3,1,1,3,1,2,1,1,3,2,3,1,1,1,2,3],"img2Sample":[2,2,2,2,3,3,1,1,1,1,2,3,3,2,3,1,2,3,1,2],"key":[49,49,49,49,49,49,50,50,49,49,49,49,49,49,49,49,49,49,49,49],"correct":[false,true,true,true,false,true,false,true,false,false,false,false,false,false,false,false,true,true,false,false],"right_img":[2,1,2,2,2,2,1,2,1,2,1,2,1,1,2,1,2,2,1,1],"img_choice":[1,2,1,1,1,1,1,2,2,1,2,1,2,2,1,2,1,1,2,2],"center_sample":[3,2,2,3,2,1,1,2,1,2,3,2,2,3,1,1,3,3,1,2],"left_sample":[1,2,2,2,3,1,1,3,1,2,2,1,3,2,3,1,1,1,1,2],"right_sample":[2,1,2,2,3,3,1,1,1,1,1,3,3,2,3,1,2,3,2,3],"RT":[[0,883.0999999046326,0,0],[0,824.5999999046326,0,0],[0,698.0999999046326,0,0],[0,639.0999999046326,0,0],[0,568.9000000953674,0,0],[0,706.6999998092651,0,0],[0,607,0,0],[0,742.1000003814697,0,0],[0,533.5999999046326,0,0],[0,545.7999997138977,0,0],[0,547.6999998092651,0,0],[0,609.6999998092651,0,0],[0,698.3000001907349,0,0],[0,329.19999980926514,0,0],[0,523.7999997138977,0,0],[0,1052.1999998092651,0,0],[0,720.5,0,0],[0,885,0,0],[0,837.8999996185303,0,0],[0,677.0999999046326,0,0]],"response":[[0,1,0,0],[0,1,0,0],[0,1,0,0],[0,1,0,0],[0,1,0,0],[0,1,0,0],[0,1,0,0],[0,1,0,0],[0,1,0,0],[0,1,0,0],[0,1,0,0],[0,1,0,0],[0,1,0,0],[0,1,0,0],[0,1,0,0],[0,1,0,0],[0,1,0,0],[0,1,0,0],[0,1,0,0],[0,1,0,0]],"framerate":[13.14233145206995,13.517166798353346,14.888706918975428,12.767315668965242,11.717442252554726,9.793581436692792,13.64147007109766,14.378145219266715,15.442690454795024,13.563919973968765,12.979146839556611,13.731825525040387,11.914513365748562,15.80444631915207,15.105740179988807,11.242603550295858,12.385254262845075,13.15356790529431,13.315579226806452,12.785800241590966]}
