{"practice":[0,0,0,0,0,0,0,0,0,0,0,0,0,0,0,0,0,0,0,0],"center_interval":[75,0,25,0,0,75,25,50,100,0,0,75,0,50,0,0,100,25,0,100],"image_pair":[3,3,2,1,2,2,2,2,3,4,4,2,1,2,4,2,3,1,1,4],"feature_space":[1,2,1,1,1,1,2,1,2,2,2,1,2,1,2,1,1,1,2,1],"left_img":[2,2,1,2,1,2,2,2,1,1,1,2,1,2,2,1,2,1,1,2],"img1Sample":[3,2,1,2,3,3,3,3,2,2,3,3,3,3,2,3,3,1,3,1],"img2Sample":[3,2,1,3,3,2,1,2,1,1,1,1,1,3,3,1,2,1,2,2],"key":[49,50,49,49,49,49,50,49,49,null,49,49,49,49,49,49,49,49,49,49],"correct":[true,true,true,false,true,true,true,false,false,null,true,true,true,false,false,true,true,true,true,true],"right_img":[1,1,2,1,2,1,1,1,2,2,2,1,2,1,1,2,1,2,2,1],"img_choice":[2,1,1,2,1,2,1,2,1,null,1,2,1,2,2,1,2,1,1,2],"center_sample":[2,3,3,1,2,2,1,2,2,3,1,2,2,3,1,1,3,3,2,1],"left_sample":[3,2,1,3,3,2,1,2,2,2,3,1,3,3,3,3,2,1,3,2],"right_sample":[3,2,1,2,3,3,3,3,1,1,1,3,1,3,2,1,3,1,2,1],"RT":[[0,2488.699999809265,0,0],[0,915.2999997138977,0,0],[0,845.5,0,0],[0,732.4000000953674,0,0],[0,1085.1999998092651,0,0],[0,936.5,0,0],[0,1139.0999999046326,0,0],[0,1352.5999999046326,0,0],[0,1005.5,0,0],[0,0,0,0],[0,1956.8000001907349,0,0],[0,1332.2000002861023,0,0],[0,1075.5,0,0],[0,1224.1999998092651,0,0],[0,797.1000003814697,0,0],[0,1538,0,0],[0,947.1999998092651,0,0],[0,963.6000003814697,0,0],[0,964.1999998092651,0,0],[0,909.7999997138977,0,0]],"response":[[0,1,0,0],[0,1,0,0],[0,1,0,0],[0,1,0,0],[0,1,0,0],[0,1,0,0],[0,1,0,0],[0,1,0,0],[0,1,0,0],[0,1,0,0],[0,1,0,0],[0,1,0,0],[0,1,0,0],[0,1,0,0],[0,1,0,0],[0,1,0,0],[0,1,0,0],[0,1,0,0],[0,1,0,0],[0,1,0,0]],"framerate":[11.522949875871529,14.428121719076637,13.767467476165717,12.270824309823706,11.002374195929546,14.21739692737722,13.043724832706918,12.559658377292138,10.442260442260443,8.538646268789469,12.086712413324488,11.252621349840487,11.308850664292898,12.761205935254962,13.208202989224885,11.47894760958046,11.90849263553745,12.438584488347386,10.597182397469924,11.484158615016936]}
