{"practice":[0,0,0,0,0,0,0,0,0,0,0,0,0,0,0,0,0,0,0,0],"center_interval":[25,75,25,25,50,75,50,100,75,0,50,100,0,50,50,0,50,75,25,25],"image_pair":[4,3,4,2,3,2,4,3,1,2,4,2,1,2,1,4,3,3,3,2],"feature_space":[2,2,2,1,2,1,1,2,1,2,2,1,2,2,1,1,1,1,1,1],"left_img":[1,2,1,1,2,2,1,2,2,2,2,1,2,2,1,2,1,1,1,2],"img1Sample":[2,2,1,1,1,3,2,3,1,3,2,1,2,1,3,2,2,2,1,3],"img2Sample":[3,3,1,3,2,3,2,2,2,3,1,2,3,1,3,3,3,3,3,3],"key":[49,50,49,50,50,49,49,49,50,50,50,50,49,50,49,50,49,50,49,50],"correct":[true,false,true,false,true,true,true,true,false,true,true,true,false,true,true,true,true,true,true,true],"right_img":[2,1,2,2,1,1,2,1,1,1,1,2,1,1,2,1,2,2,2,1],"img_choice":[1,1,1,2,1,2,1,2,1,1,1,2,2,1,1,1,1,2,1,1],"center_sample":[1,1,3,2,3,1,2,3,1,1,3,3,1,1,3,1,2,1,2,3],"left_sample":[2,3,1,1,2,3,2,2,2,3,1,1,3,1,3,3,2,2,1,3],"right_sample":[3,2,1,3,1,3,2,3,1,3,2,2,2,1,3,2,3,3,3,3],"RT":[[0,2539.5999999046326,0,0],[0,2252.300000190735,0,0],[0,2013.5999999046326,0,0],[0,2420.199999809265,0,0],[0,1812.2000002861023,0,0],[0,1927.9000000953674,0,0],[0,2326,0,0],[0,2869.2000002861023,0,0],[0,2139.199999809265,0,0],[0,3295.7000002861023,0,0],[0,3614.5,0,0],[0,2946.7999997138977,0,0],[0,2239.8999996185303,0,0],[0,2106,0,0],[0,2643.5,0,0],[0,2016.4000000953674,0,0],[0,1667.0999999046326,0,0],[0,1790,0,0],[0,1465.5,0,0],[0,2322.9000000953674,0,0]],"response":[[0,1,0,0],[0,1,0,0],[0,1,0,0],[0,1,0,0],[0,1,0,0],[0,1,0,0],[0,1,0,0],[0,1,0,0],[0,1,0,0],[0,1,0,0],[0,1,0,0],[0,1,0,0],[0,1,0,0],[0,1,0,0],[0,1,0,0],[0,1,0,0],[0,1,0,0],[0,1,0,0],[0,1,0,0],[0,1,0,0]],"framerate":[9.104608814955153,10.388531062737094,10.97819503370948,9.569377990430622,10.270736615620567,10.58948111621751,10.110201192353868,10.041312830203585,9.066183136899365,9.639043198832598,9.473285335140337,9.773533272159971,11.131983578846965,12.156487144020973,11.41446861021132,9.806879904145488,11.919477307341431,11.98991193710956,12.555534091947663,10.883983538327941]}
