{"practice":[0,0,0,0,0,0,0,0,0,0,0,0,0,0,0,0,0,0,0,0],"center_interval":[50,75,50,0,0,25,75,25,25,0,0,50,50,0,25,0,0,25,75,100],"image_pair":[3,4,3,1,2,4,2,3,2,4,2,2,3,3,3,3,1,1,4,4],"feature_space":[1,1,2,2,2,1,1,1,1,1,2,1,1,1,1,1,1,2,1,2],"left_img":[2,2,1,1,2,1,2,2,1,1,2,1,1,2,2,2,1,2,1,2],"img1Sample":[2,2,1,1,1,2,3,3,2,2,1,3,1,3,3,3,1,1,3,2],"img2Sample":[3,3,2,1,3,2,3,1,3,3,2,2,2,3,3,1,1,2,1,1],"key":[50,50,49,null,49,49,50,50,49,49,50,49,49,49,50,49,50,50,50,50],"correct":[true,false,true,null,false,true,false,true,true,true,true,true,true,false,true,false,false,true,true,false],"right_img":[1,1,2,2,1,2,1,1,2,2,1,2,2,1,1,1,2,1,2,1],"img_choice":[1,1,1,null,2,1,1,1,1,1,1,1,1,2,1,2,2,1,2,1],"center_sample":[3,3,3,2,2,3,2,1,3,3,2,3,2,2,1,1,3,1,3,3],"left_sample":[3,3,1,1,3,2,3,1,2,2,2,3,1,3,3,1,1,2,3,1],"right_sample":[2,2,2,1,1,2,3,3,3,3,1,2,2,3,3,3,1,1,1,2],"RT":[[0,3106.9000000953674,0,0],[0,1985.5,0,0],[0,2555.5999999046326,0,0],[0,0,0,0],[0,3244,0,0],[0,1890.1000001430511,0,0],[0,1802.6000001430511,0,0],[0,2635.7000000476837,0,0],[0,1304.9000000953674,0,0],[0,1284.3999998569489,0,0],[0,1319.2999999523163,0,0],[0,2008.2000000476837,0,0],[0,1701.9000000953674,0,0],[0,1394.7999999523163,0,0],[0,1317.2000000476837,0,0],[0,1015,0,0],[0,2223.100000143051,0,0],[0,1635.7000000476837,0,0],[0,1209.8999998569489,0,0],[0,1201,0,0]],"response":[[0,1,0,0],[0,1,0,0],[0,1,0,0],[0,1,0,0],[0,1,0,0],[0,1,0,0],[0,1,0,0],[0,1,0,0],[0,1,0,0],[0,1,0,0],[0,1,0,0],[0,1,0,0],[0,1,0,0],[0,1,0,0],[0,1,0,0],[0,1,0,0],[0,1,0,0],[0,1,0,0],[0,1,0,0],[0,1,0,0]],"framerate":[59.989777527469,59.57185134268105,59.997473786963624,59.9261624085631,60.02338573470184,59.97840777091447,59.97683653446386,59.98577656578923,59.92080033942736,60.03791867945475,59.93902754242656,59.919090144699965,59.9965469625608,59.97301214882264,60.02276725210269,59.957967612102244,59.9689572466698,60.017019750588155,59.929623929435714,59.99999999999999]}
