{"practice":[0,0,0,0,0,0,0,0,0,0,0,0,0,0,0,0,0,0,0,0],"center_interval":[25,75,75,25,0,0,75,0,75,100,100,25,25,75,0,75,100,0,25,100],"image_pair":[3,3,2,3,1,1,2,2,3,3,2,1,2,4,1,4,2,1,2,3],"feature_space":[2,2,2,1,2,2,2,1,2,2,2,1,2,1,2,2,2,1,2,2],"left_img":[1,2,1,2,2,2,1,1,2,2,1,2,1,1,1,2,1,1,2,2],"img1Sample":[2,2,1,1,3,1,1,1,3,2,3,2,3,2,2,3,2,3,1,3],"img2Sample":[3,3,1,2,1,1,2,2,2,1,3,1,3,1,2,2,2,1,3,2],"key":[49,50,50,50,50,50,50,50,49,49,50,50,50,49,50,50,50,49,49,50],"correct":[true,false,true,true,true,true,true,false,true,true,true,true,false,false,false,false,true,true,false,false],"right_img":[2,1,2,1,1,1,2,2,1,1,2,1,2,2,2,1,2,2,1,1],"img_choice":[1,1,2,1,1,1,2,2,2,2,2,1,2,1,2,1,2,1,2,1],"center_sample":[2,3,2,2,1,2,3,2,3,3,2,1,1,2,1,2,3,2,3,1],"left_sample":[2,3,1,2,1,1,1,1,2,1,3,1,3,2,2,2,2,3,3,2],"right_sample":[3,2,1,1,3,1,2,2,3,2,3,2,3,1,2,3,2,1,1,3],"RT":[[0,4361.200000047684,0,0],[0,1874,0,0],[0,1205.8000001907349,0,0],[0,1248.2000000476837,0,0],[0,1228.7000000476837,0,0],[0,1241.5,0,0],[0,1653,0,0],[0,1319.2999999523163,0,0],[0,1601.6999998092651,0,0],[0,1661.1999998092651,0,0],[0,1401.6000001430511,0,0],[0,1740.5,0,0],[0,1505.7000000476837,0,0],[0,1119.7999999523163,0,0],[0,837.5,0,0],[0,2579.7999999523163,0,0],[0,1423,0,0],[0,1423.3999998569489,0,0],[0,1752.0999999046326,0,0],[0,1128.1000001430511,0,0]],"response":[[0,1,0,0],[0,1,0,0],[0,1,0,0],[0,1,0,0],[0,1,0,0],[0,1,0,0],[0,1,0,0],[0,1,0,0],[0,1,0,0],[0,1,0,0],[0,1,0,0],[0,1,0,0],[0,1,0,0],[0,1,0,0],[0,1,0,0],[0,1,0,0],[0,1,0,0],[0,1,0,0],[0,1,0,0],[0,1,0,0]],"framerate":[59.94407901123782,59.950108637875566,59.98239048929112,59.974065270618,59.938971227736424,59.99675693515039,59.993824162635555,59.97931747673216,59.947714777660266,59.9911777679753,59.957385655528974,59.98723675813656,59.96789120920742,59.91473672246628,60.03312172035426,59.978018527241325,54.030158649662205,60.04528004865792,59.93623804463336,60.07046728057782]}
