{"practice":[0,0,0,0,0,0,0,0,0,0,0,0,0,0,0,0,0,0,0,0],"center_interval":[50,100,100,0,75,25,50,50,0,0,0,50,75,75,100,100,100,25,75,75],"image_pair":[3,2,4,3,3,1,2,2,1,3,2,4,3,3,2,4,2,2,1,2],"feature_space":[2,1,1,1,2,1,2,2,2,1,2,1,1,2,1,1,2,1,1,1],"left_img":[2,2,1,2,2,2,2,1,2,2,1,2,2,2,1,1,2,1,1,2],"img1Sample":[3,1,3,2,3,2,2,2,2,3,1,2,3,1,1,3,1,3,3,1],"img2Sample":[2,1,2,3,1,2,1,3,2,3,1,1,1,3,2,3,1,1,2,2],"key":[50,50,50,50,50,50,50,49,50,50,49,49,49,50,50,50,49,50,50,50],"correct":[true,false,true,true,false,true,true,true,true,true,true,false,true,false,true,true,true,false,true,false],"right_img":[1,1,2,1,1,1,1,2,1,1,2,1,1,1,2,2,1,2,2,1],"img_choice":[1,1,2,1,1,1,1,1,1,1,1,2,2,1,2,2,2,2,2,1],"center_sample":[1,2,3,1,2,2,3,3,1,1,2,3,2,2,3,2,3,2,2,3],"left_sample":[2,1,3,3,1,2,1,2,2,3,1,1,1,3,1,3,1,3,3,2],"right_sample":[3,1,2,2,3,2,2,3,2,3,1,2,3,1,2,3,1,1,2,1],"RT":[[0,2509.100000143051,0,0],[0,1296.2999999523163,0,0],[0,1051.5,0,0],[0,862,0,0],[0,1971.6000001430511,0,0],[0,1916,0,0],[0,1419,0,0],[0,1314.1000001430511,0,0],[0,1102.1000001430511,0,0],[0,1232.8999998569489,0,0],[0,1342.6999998092651,0,0],[0,1297.6999998092651,0,0],[0,1111.1000001430511,0,0],[0,1584.0999999046326,0,0],[0,1387.2000000476837,0,0],[0,965.7000000476837,0,0],[0,1324.6999998092651,0,0],[0,2719.899999856949,0,0],[0,1657.2999999523163,0,0],[0,1405.1000001430511,0,0]],"response":[[0,1,0,0],[0,1,0,0],[0,1,0,0],[0,1,0,0],[0,1,0,0],[0,1,0,0],[0,1,0,0],[0,1,0,0],[0,1,0,0],[0,1,0,0],[0,1,0,0],[0,1,0,0],[0,1,0,0],[0,1,0,0],[0,1,0,0],[0,1,0,0],[0,1,0,0],[0,1,0,0],[0,1,0,0],[0,1,0,0]],"framerate":[59.97241910321011,60.01263423426781,59.98080614889661,59.99863639267679,59.92422484784187,59.977756595853165,59.965593511919394,59.46171499956428,59.96739637035337,60.001090930486605,59.93852459016393,59.97474746872933,59.98136501947388,56.334157733181065,59.88621619066553,60.08475111719992,59.90497831469194,59.973611611748765,59.97794928335171,59.987110203469726]}
