{"practice":[0,0,0,0,0,0,0,0,0,0,0,0,0,0,0,0,0,0,0,0],"center_interval":[25,100,25,100,25,50,100,0,100,100,50,25,50,100,50,50,50,0,100,75],"image_pair":[3,4,4,2,1,3,2,1,4,2,4,4,3,4,2,4,2,4,4,4],"feature_space":[2,1,2,2,2,2,2,2,1,1,1,2,1,1,2,1,2,1,1,1],"left_img":[2,1,1,2,2,1,2,1,2,1,2,2,1,2,1,1,1,1,1,1],"img1Sample":[3,1,2,3,3,2,2,2,2,3,1,3,3,3,1,3,2,2,2,3],"img2Sample":[1,1,3,1,1,1,1,1,2,3,3,2,3,1,1,3,2,2,2,1],"key":[49,50,49,50,50,49,49,50,50,50,49,50,50,50,50,49,50,50,50,50],"correct":[false,true,true,false,true,true,true,false,false,true,false,true,false,false,false,true,false,false,true,true],"right_img":[1,2,2,1,1,2,1,2,1,2,1,1,2,1,2,2,2,2,2,2],"img_choice":[2,2,1,1,1,1,2,2,1,2,2,1,2,1,2,1,2,2,2,2],"center_sample":[1,3,3,2,3,2,3,3,3,2,1,2,3,3,2,1,2,3,1,3],"left_sample":[1,1,2,1,1,2,1,2,2,3,3,2,3,1,1,3,2,2,2,3],"right_sample":[3,1,3,3,3,1,2,1,2,3,1,3,3,3,1,3,2,2,2,1],"RT":[[0,1507.7999999523163,0,0],[0,1697.9000000953674,0,0],[0,2641,0,0],[0,1449.2000000476837,0,0],[0,1989.2999999523163,0,0],[0,2307.7999999523163,0,0],[0,1503,0,0],[0,1191.4000000953674,0,0],[0,790.7000000476837,0,0],[0,1155.3999998569489,0,0],[0,855,0,0],[0,475.7000000476837,0,0],[0,544.8999998569489,0,0],[0,440.19999980926514,0,0],[0,389.2999999523163,0,0],[0,418.09999990463257,0,0],[0,436.7999999523163,0,0],[0,523.4000000953674,0,0],[0,491.5,0,0],[0,402.5,0,0]],"response":[[0,1,0,0],[0,1,0,0],[0,1,0,0],[0,1,0,0],[0,1,0,0],[0,1,0,0],[0,1,0,0],[0,1,0,0],[0,1,0,0],[0,1,0,0],[0,1,0,0],[0,1,0,0],[0,1,0,0],[0,1,0,0],[0,1,0,0],[0,1,0,0],[0,1,0,0],[0,1,0,0],[0,1,0,0],[0,1,0,0]],"framerate":[59.51256376882255,59.95828988157059,59.93361200077321,59.56740393119419,59.965404574284065,59.921246361924325,59.99338655986685,60.05338077973358,59.90586221447972,60.019251461255806,59.89654233402118,60.040642902019144,60.00521784005344,59.94861548061254,59.89817310286896,60.06006006283434,59.9828620285244,59.91189427312775,59.972739663789184,60.03346127913123]}
