{"practice":[0,0,0,0,0,0,0,0,0,0,0,0,0,0,0,0,0,0,0,0],"center_interval":[25,50,0,100,25,50,25,75,0,100,0,0,25,100,100,25,75,75,25,0],"image_pair":[4,2,3,1,4,1,3,1,2,1,4,4,2,4,4,4,2,3,1,2],"feature_space":[2,2,1,1,2,1,1,2,2,1,2,2,2,1,1,2,1,1,1,1],"left_img":[1,1,2,2,1,2,1,1,2,2,1,2,2,1,1,2,2,1,2,1],"img1Sample":[3,3,3,3,1,2,1,1,2,2,3,1,2,3,2,2,2,1,1,3],"img2Sample":[1,1,1,2,1,3,1,3,2,2,3,3,3,3,1,3,2,1,3,1],"key":[50,49,50,49,49,50,50,50,49,49,49,50,50,50,50,50,50,50,49,49],"correct":[false,true,true,true,true,true,false,true,false,true,true,true,true,true,true,true,false,true,false,true],"right_img":[2,2,1,1,2,1,2,2,1,1,2,1,1,2,2,1,1,2,1,2],"img_choice":[2,1,1,2,1,1,2,2,2,2,1,1,1,2,2,1,1,2,2,1],"center_sample":[1,2,2,1,2,1,3,3,3,1,1,2,1,2,2,1,1,3,3,2],"left_sample":[3,3,1,2,1,3,1,1,2,2,3,3,3,3,2,3,2,1,3,3],"right_sample":[1,1,3,3,1,2,1,3,2,2,3,1,2,3,1,2,2,1,1,1],"RT":[[0,1244.1999998092651,0,0],[0,1705.7999999523163,0,0],[0,1772.4000000953674,0,0],[0,1386.1000001430511,0,0],[0,1739.5999999046326,0,0],[0,1237.5,0,0],[0,1378.2999999523163,0,0],[0,2476,0,0],[0,1477,0,0],[0,1469.0999999046326,0,0],[0,1050.8999998569489,0,0],[0,1429.2000000476837,0,0],[0,3219.7999999523163,0,0],[0,1421.5999999046326,0,0],[0,1278.6000001430511,0,0],[0,1129.1000001430511,0,0],[0,2190.5,0,0],[0,1592.9000000953674,0,0],[0,1324.0999999046326,0,0],[0,785.2999999523163,0,0]],"response":[[0,1,0,0],[0,1,0,0],[0,1,0,0],[0,1,0,0],[0,1,0,0],[0,1,0,0],[0,1,0,0],[0,1,0,0],[0,1,0,0],[0,1,0,0],[0,1,0,0],[0,1,0,0],[0,1,0,0],[0,1,0,0],[0,1,0,0],[0,1,0,0],[0,1,0,0],[0,1,0,0],[0,1,0,0],[0,1,0,0]],"framerate":[59.983788165360714,59.970661835731995,59.85517559152327,60.066072674213295,60.028098262415206,59.92549803101952,60.016138787851936,59.97730588426002,59.874503047094954,60.02689204488829,60.002400099437345,59.95085995085995,59.96923317304039,59.98328335148271,59.99469073533316,59.973473266490245,59.974296734056544,59.934616779097425,60.0196616118063,59.880239525078004]}
