{"practice":[0,0,0,0,0,0,0,0,0,0,0,0,0,0,0,0,0,0,0,0],"center_interval":[0,0,0,25,50,25,75,50,75,100,50,100,100,100,75,25,75,25,50,25],"image_pair":[4,1,3,3,3,2,3,1,4,1,3,4,4,3,2,4,1,4,3,1],"feature_space":[1,1,1,1,2,2,1,1,2,1,2,1,1,2,2,2,1,2,1,2],"left_img":[2,1,2,1,1,1,2,1,2,1,1,2,1,2,1,1,1,2,1,1],"img1Sample":[2,1,3,2,3,3,1,2,3,1,1,3,2,1,2,2,2,2,2,3],"img2Sample":[2,3,2,1,1,1,2,1,2,1,3,3,1,1,1,1,2,3,3,2],"key":[50,50,50,50,50,49,49,49,49,49,49,49,50,50,50,50,50,50,50,50],"correct":[true,false,true,false,false,true,true,true,true,false,true,true,true,false,true,false,true,true,false,false],"right_img":[1,2,1,2,2,2,1,2,1,2,2,1,2,1,2,2,2,1,2,2],"img_choice":[1,2,1,2,2,1,2,1,2,1,1,2,2,1,2,2,2,1,2,2],"center_sample":[1,3,1,3,1,3,2,1,1,3,1,1,3,2,2,1,2,2,2,2],"left_sample":[2,1,2,2,3,3,2,2,2,1,1,3,2,1,2,2,2,3,2,3],"right_sample":[2,3,3,1,1,1,1,1,3,1,3,3,1,1,1,1,2,2,3,2],"RT":[[0,0,0,433.0999999977648,0,0],[0,0,0,617.1000000014901,0,0],[0,0,0,476.30000000074506,0,0],[0,0,0,146.10000000149012,0,0],[0,0,0,546.8000000007451,0,0],[0,0,0,138.80000000074506,0,0],[0,0,0,499.5999999977648,0,0],[0,0,0,2123.099999997765,0,0],[0,0,0,3216.599999997765,0,0],[0,0,0,427.5,0,0],[0,0,0,1759.7999999970198,0,0],[0,0,0,1012.1999999992549,0,0],[0,0,0,396.69999999925494,0,0],[0,0,0,497.30000000074506,0,0],[0,0,0,2069.800000000745,0,0],[0,0,0,478.5999999977648,0,0],[0,0,0,56.5,0,0],[0,0,0,371.8999999985099,0,0],[0,0,0,169.80000000074506,0,0],[0,0,0,339,0,0]],"response":[[0,0,0,1,0,0],[0,0,0,1,0,0],[0,0,0,1,0,0],[0,0,0,1,0,0],[0,0,0,1,0,0],[0,0,0,1,0,0],[0,0,0,1,0,0],[0,0,0,1,0,0],[0,0,0,1,0,0],[0,0,0,1,0,0],[0,0,0,1,0,0],[0,0,0,1,0,0],[0,0,0,1,0,0],[0,0,0,1,0,0],[0,0,0,1,0,0],[0,0,0,1,0,0],[0,0,0,1,0,0],[0,0,0,1,0,0],[0,0,0,1,0,0],[0,0,0,1,0,0]],"framerate":[42.96754250386399,41.96415561707708,43.5563948706817,50.51018678601826,46.82373993438711,49.557041512482996,45.14741084147943,42.368586429869914,38.364445625461464,43.63703887101774,38.752900993982,40.65253881664949,43.3832709113608,48.00434756350973,39.632831591274524,48.43869002284844,49.917966977357906,47.726701833698954,47.63661981283202,50.15554567965125]}
