{"practice":[0,0,0,0,0,0,0,0,0,0,0,0,0,0,0,0,0,0,0,0],"center_interval":[25,0,100,25,75,75,75,0,25,100,50,100,100,0,25,25,75,75,100,50],"image_pair":[2,1,1,2,4,3,3,3,4,1,1,2,2,1,4,2,3,1,4,4],"feature_space":[2,2,1,1,2,2,1,2,2,2,2,2,2,2,1,2,2,2,1,2],"left_img":[1,1,1,1,1,1,2,2,2,1,1,2,2,1,2,2,1,1,1,1],"img1Sample":[3,2,2,3,2,3,2,1,3,2,2,2,2,2,3,2,1,2,1,1],"img2Sample":[2,2,3,1,2,3,1,1,3,1,3,1,2,1,3,2,2,3,3,3],"key":[50,49,49,50,50,50,49,50,50,50,50,49,49,49,49,49,50,50,50,50],"correct":[false,true,false,false,true,true,true,true,true,true,false,true,true,true,false,false,true,true,true,false],"right_img":[2,2,2,2,2,2,1,1,1,2,2,1,1,2,1,1,2,2,2,2],"img_choice":[2,1,1,2,2,2,2,1,1,2,2,2,2,1,2,2,2,2,2,2],"center_sample":[3,1,1,2,1,1,2,2,3,3,3,2,1,3,1,3,1,2,1,2],"left_sample":[3,2,2,3,2,3,1,1,3,2,2,1,2,2,3,2,1,2,1,1],"right_sample":[2,2,3,1,2,3,2,1,3,1,3,2,2,1,3,2,2,3,3,3],"RT":[[0,0,0,481.79999999701977,0,0],[0,0,0,592.6000000014901,0,0],[0,0,0,659.5,0,0],[0,0,0,159.09999999776483,0,0],[0,0,0,1124.699999999255,0,0],[0,0,0,431.5999999977648,0,0],[0,0,0,1656.6000000014901,0,0],[0,0,0,283.6000000014901,0,0],[0,0,0,1036.300000000745,0,0],[0,0,0,845.6000000014901,0,0],[0,0,0,678.1999999992549,0,0],[0,0,0,211.60000000149012,0,0],[0,0,0,355.6000000014901,0,0],[0,0,0,428.6000000014901,0,0],[0,0,0,52.80000000074506,0,0],[0,0,0,421.19999999925494,0,0],[0,0,0,354.3999999985099,0,0],[0,0,0,126.80000000074506,0,0],[0,0,0,256.9000000022352,0,0],[0,0,0,367.5999999977648,0,0]],"response":[[0,0,0,1,0,0],[0,0,0,1,0,0],[0,0,0,1,0,0],[0,0,0,1,0,0],[0,0,0,1,0,0],[0,0,0,1,0,0],[0,0,0,1,0,0],[0,0,0,1,0,0],[0,0,0,1,0,0],[0,0,0,1,0,0],[0,0,0,1,0,0],[0,0,0,1,0,0],[0,0,0,1,0,0],[0,0,0,1,0,0],[0,0,0,1,0,0],[0,0,0,1,0,0],[0,0,0,1,0,0],[0,0,0,1,0,0],[0,0,0,1,0,0],[0,0,0,1,0,0]],"framerate":[42.620555284939186,42.65207671488894,42.07129066654911,44.56147457965944,40.665904180963274,47.34350341926394,39.40886699507389,44.38253207203801,45.987165164090655,42.21606951946679,49.38696987964878,44.71679364027823,43.71930936163472,39.97875255110838,50.25300994590822,43.62893743423711,44.18634010859293,51.138688122200364,44.377732819922294,43.867954301563664]}
