{"practice":[1,1,1,1,1],"center_interval":[100,75,0,25,100],"image_pair":[2,1,3,1,2],"feature_space":[1,1,2,1,2],"left_img":[2,1,2,2,2],"img1Sample":[3,1,3,3,3],"img2Sample":[1,2,3,1,1],"key":[49,49,50,50,50],"correct":[true,false,true,true,false],"right_img":[1,2,1,1,1],"img_choice":[2,1,1,1,1],"center_sample":[3,1,2,2,3],"left_sample":[1,1,3,1,1],"right_sample":[3,2,3,3,3],"RT":[[0,0,0,571.6999999992549,0,0],[0,0,0,475.3999999985099,0,0],[0,0,0,364.5,0,0],[0,0,0,252,0,0],[0,0,0,1077.199999999255,0,0]],"response":[[0,0,0,1,0,0],[0,0,0,1,0,0],[0,0,0,1,0,0],[0,0,0,1,0,0],[0,0,0,1,0,0]],"framerate":[46.47995736874253,44.45662434150414,42.956411876184454,51.433251433251435,42.97146386021871]}
