{"practice":[0,0,0,0,0,0,0,0,0,0,0,0,0,0,0,0,0,0,0,0],"center_interval":[50,0,100,100,100,75,0,25,75,75,50,100,50,25,100,100,25,75,0,0],"image_pair":[3,3,4,1,4,2,1,2,2,1,3,2,1,1,1,3,3,3,2,3],"feature_space":[1,2,1,1,1,2,2,1,2,2,2,1,2,1,2,2,1,1,1,1],"left_img":[2,2,1,1,1,1,1,1,2,2,1,2,1,1,2,2,2,1,2,2],"img1Sample":[1,3,3,1,1,1,2,3,3,2,3,2,1,3,3,2,3,3,3,3],"img2Sample":[1,3,1,2,2,2,3,2,1,3,3,2,1,1,1,1,2,3,3,1],"key":[49,50,50,50,50,50,50,50,50,49,49,49,49,49,50,49,49,50,50,50],"correct":[false,true,true,true,true,true,false,false,false,true,true,true,true,true,false,true,false,true,true,true],"right_img":[1,1,2,2,2,2,2,2,1,1,2,1,2,2,1,1,1,2,1,1],"img_choice":[2,1,2,2,2,2,2,2,1,2,1,2,1,1,1,2,2,2,1,1],"center_sample":[1,1,2,3,3,3,1,2,3,1,2,1,1,3,2,3,2,3,2,1],"left_sample":[1,3,3,1,1,1,2,3,1,3,3,2,1,3,1,1,2,3,3,1],"right_sample":[1,3,1,2,2,2,3,2,3,2,3,2,1,1,3,2,3,3,3,3],"RT":[[0,0,0,2603.900000002235,0,0],[0,0,0,555.3000000007451,0,0],[0,0,0,516.6999999992549,0,0],[0,0,0,2089.300000000745,0,0],[0,0,0,400,0,0],[0,0,0,411.19999999925494,0,0],[0,0,0,1368.2999999970198,0,0],[0,0,0,1269.5,0,0],[0,0,0,1396.1000000014901,0,0],[0,0,0,657.9000000022352,0,0],[0,0,0,133.30000000074506,0,0],[0,0,0,328.9000000022352,0,0],[0,0,0,136.19999999925494,0,0],[0,0,0,1399.9000000022352,0,0],[0,0,0,443.30000000074506,0,0],[0,0,0,425.19999999925494,0,0],[0,0,0,508.70000000298023,0,0],[0,0,0,176.5,0,0],[0,0,0,177.40000000223517,0,0],[0,0,0,395.29999999701977,0,0]],"response":[[0,0,0,1,0,0],[0,0,0,1,0,0],[0,0,0,1,0,0],[0,0,0,1,0,0],[0,0,0,1,0,0],[0,0,0,1,0,0],[0,0,0,1,0,0],[0,0,0,1,0,0],[0,0,0,1,0,0],[0,0,0,1,0,0],[0,0,0,1,0,0],[0,0,0,1,0,0],[0,0,0,1,0,0],[0,0,0,1,0,0],[0,0,0,1,0,0],[0,0,0,1,0,0],[0,0,0,1,0,0],[0,0,0,1,0,0],[0,0,0,1,0,0],[0,0,0,1,0,0]],"framerate":[38.773287051584475,44.80579211297387,49.85284401464438,40.28547473468641,48.558799726056044,45.11933285621982,41.83300265340014,45.80077885818126,39.52286850311686,44.139283962717336,46.31679324318547,43.775562372219404,51.86264872374588,44.25936942296252,46.80955900469169,43.88811621078659,50.06484301958479,45.92076154719359,44.87308284777759,43.80886816660908]}
