{"practice":[0,0,0,0,0,0,0,0,0,0,0,0,0,0,0,0,0,0,0,0],"center_interval":[100,100,25,100,50,0,100,100,100,75,0,100,100,100,75,25,75,25,50,50],"image_pair":[4,3,2,1,1,4,2,4,3,1,1,4,1,4,2,3,4,3,1,4],"feature_space":[1,1,2,1,1,2,2,1,1,2,2,1,2,1,2,1,1,2,1,2],"left_img":[2,2,2,1,2,1,1,1,2,2,2,1,2,2,2,2,2,1,2,1],"img1Sample":[1,2,3,2,3,3,3,3,2,1,1,2,1,1,1,3,2,3,1,3],"img2Sample":[2,3,1,1,2,2,2,1,3,1,3,1,1,1,1,1,3,1,3,3],"key":[49,49,50,50,50,50,49,50,50,49,49,50,50,49,50,50,50,49,49,49],"correct":[true,true,true,true,true,false,false,true,false,true,false,true,false,true,false,true,false,true,false,true],"right_img":[1,1,1,2,1,2,2,2,1,1,1,2,1,1,1,1,1,2,1,2],"img_choice":[2,2,1,2,1,2,1,2,1,2,2,2,1,2,1,1,1,1,2,1],"center_sample":[3,1,3,2,1,2,3,3,2,3,3,2,3,3,1,3,1,3,1,2],"left_sample":[2,3,1,2,2,3,3,3,3,1,3,2,1,1,1,1,3,3,3,3],"right_sample":[1,2,3,1,3,2,2,1,2,1,1,1,1,1,1,3,2,1,1,3],"RT":[[0,0,0,758.3999999985099,0,0],[0,0,0,499.5,0,0],[0,0,0,1107,0,0],[0,0,0,582.3000000007451,0,0],[0,0,0,944.1000000014901,0,0],[0,0,0,573.5,0,0],[0,0,0,539.1999999992549,0,0],[0,0,0,319.5,0,0],[0,0,0,414.1000000014901,0,0],[0,0,0,114.30000000074506,0,0],[0,0,0,565.6000000014901,0,0],[0,0,0,454.0999999977648,0,0],[0,0,0,348.80000000074506,0,0],[0,0,0,2544.199999999255,0,0],[0,0,0,179.90000000223517,0,0],[0,0,0,220.60000000149012,0,0],[0,0,0,401.3999999985099,0,0],[0,0,0,1026.8999999985099,0,0],[0,0,0,16.599999997764826,0,0],[0,0,0,1614.3999999985099,0,0]],"response":[[0,0,0,1,0,0],[0,0,0,1,0,0],[0,0,0,1,0,0],[0,0,0,1,0,0],[0,0,0,1,0,0],[0,0,0,1,0,0],[0,0,0,1,0,0],[0,0,0,1,0,0],[0,0,0,1,0,0],[0,0,0,1,0,0],[0,0,0,1,0,0],[0,0,0,1,0,0],[0,0,0,1,0,0],[0,0,0,1,0,0],[0,0,0,1,0,0],[0,0,0,1,0,0],[0,0,0,1,0,0],[0,0,0,1,0,0],[0,0,0,1,0,0],[0,0,0,1,0,0]],"framerate":[41.726175473944025,39.51615335889968,40.843416551771256,42.69351941822785,41.05462397695045,42.870236229775024,42.97352949955655,43.39502233567326,43.95060199941248,51.40859551722298,42.8638997280265,43.48092351030915,43.756737903471176,37.03011034224799,51.022109580831035,44.14574685381359,45.08986877292319,42.23699648025029,45.44970351168772,44.396122134630545]}
