{"practice":[0,0,0,0,0,0,0,0,0,0,0,0,0,0,0,0,0,0,0,0],"center_interval":[0,75,50,100,100,100,75,75,0,25,100,50,50,0,75,0,50,75,0,100],"image_pair":[3,1,2,4,1,4,1,2,1,3,4,2,1,3,1,1,3,4,1,1],"feature_space":[2,1,2,2,2,1,1,1,1,2,1,2,1,1,1,2,2,2,1,1],"left_img":[1,1,1,1,1,1,2,2,1,1,1,1,2,1,1,2,1,1,2,2],"img1Sample":[3,2,3,3,1,1,1,3,1,3,2,2,1,2,2,2,3,1,2,2],"img2Sample":[3,2,3,3,2,3,2,2,1,2,3,1,3,2,2,1,2,3,3,3],"key":[49,49,49,49,49,50,49,50,50,49,49,49,49,50,49,50,49,50,50,50],"correct":[true,false,true,false,false,true,true,false,false,true,false,true,false,false,false,true,true,true,true,false],"right_img":[2,2,2,2,2,2,1,1,2,2,2,2,1,2,2,1,2,2,1,1],"img_choice":[1,1,1,1,1,2,2,1,2,1,1,1,2,2,1,1,1,2,1,1],"center_sample":[2,1,1,2,3,2,2,2,2,1,1,3,2,3,3,3,1,1,3,1],"left_sample":[3,2,3,3,1,1,2,2,1,3,2,2,3,2,2,1,3,1,3,3],"right_sample":[3,2,3,3,2,3,1,3,1,2,3,1,1,2,2,2,2,3,2,2],"RT":[[0,0,0,1005,0,0],[0,0,0,1380.8999996185303,0,0],[0,0,0,1340.7999992370605,0,0],[0,0,0,1241.2999992370605,0,0],[0,0,0,1818.2000007629395,0,0],[0,0,0,1294.7000007629395,0,0],[0,0,0,1297,0,0],[0,0,0,1534.6999988555908,0,0],[0,0,0,1160.6000003814697,0,0],[0,0,0,1769.8000011444092,0,0],[0,0,0,1604.3000011444092,0,0],[0,0,0,1313,0,0],[0,0,0,1205.8999996185303,0,0],[0,0,0,1762,0,0],[0,0,0,1659.1000003814697,0,0],[0,0,0,2883.2000007629395,0,0],[0,0,0,1533.099998474121,0,0],[0,0,0,1527.8000011444092,0,0],[0,0,0,1298.2000007629395,0,0],[0,0,0,1260.6000003814697,0,0]],"response":[[0,0,0,1,0,0],[0,0,0,1,0,0],[0,0,0,1,0,0],[0,0,0,1,0,0],[0,0,0,1,0,0],[0,0,0,1,0,0],[0,0,0,1,0,0],[0,0,0,1,0,0],[0,0,0,1,0,0],[0,0,0,1,0,0],[0,0,0,1,0,0],[0,0,0,1,0,0],[0,0,0,1,0,0],[0,0,0,1,0,0],[0,0,0,1,0,0],[0,0,0,1,0,0],[0,0,0,1,0,0],[0,0,0,1,0,0],[0,0,0,1,0,0],[0,0,0,1,0,0]],"framerate":[20.930354252512398,20.906585570666525,20.653218059558117,19.422661391975808,16.23833545967721,21.04550182830456,19.289935050876235,14.19706441221503,20.65647278727346,20.49671834285801,20.28854824165915,21.79176755447942,21.60470833848408,19.832525341560157,20.25282648992885,14.205791053055838,18.841045904513905,20.235932582877222,20.936800075959987,21.41011443337025]}
