{"practice":[0,0,0,0,0,0,0,0,0,0,0,0,0,0,0,0,0,0,0,0],"center_interval":[100,50,75,50,50,0,25,50,100,0,0,0,100,25,75,75,75,25,25,75],"image_pair":[1,3,3,1,1,1,1,4,1,1,1,4,3,4,3,2,3,4,1,4],"feature_space":[1,1,1,2,1,1,1,2,2,1,1,2,2,1,1,2,2,2,2,1],"left_img":[2,1,2,1,1,1,1,2,2,2,1,1,2,1,2,2,2,1,1,2],"img1Sample":[3,2,2,3,1,2,3,2,3,2,3,2,3,1,3,1,2,1,3,1],"img2Sample":[1,3,3,3,2,2,3,3,2,1,1,2,1,1,2,3,3,3,3,1],"key":[50,49,49,49,49,49,49,49,49,49,49,49,50,50,49,49,49,49,49,49],"correct":[false,true,true,true,true,true,true,false,true,false,true,true,false,false,true,true,true,true,true,true],"right_img":[1,2,1,2,2,2,2,1,1,1,2,2,1,2,1,1,1,2,2,1],"img_choice":[1,1,2,1,1,1,1,2,2,2,1,1,1,2,2,2,2,1,1,2],"center_sample":[2,2,2,2,2,3,2,1,1,3,1,1,3,3,1,3,2,3,1,3],"left_sample":[1,2,3,3,1,2,3,3,2,1,3,2,1,1,2,3,3,1,3,1],"right_sample":[3,3,2,3,2,2,3,2,3,2,1,2,3,1,3,1,2,3,3,1],"RT":[[0,86.10000038146973,0,0],[0,9.599999904632568,0,0],[0,81.2000002861023,0,0],[0,95.80000019073486,0,0],[0,83.09999990463257,0,0],[0,129.59999990463257,0,0],[0,50.09999990463257,0,0],[0,128.40000009536743,0,0],[0,94.09999990463257,0,0],[0,95.40000009536743,0,0],[0,130.7999997138977,0,0],[0,141.09999990463257,0,0],[0,86.59999990463257,0,0],[0,162.40000009536743,0,0],[0,252.2999997138977,0,0],[0,102.59999990463257,0,0],[0,79.69999980926514,0,0],[0,92.59999990463257,0,0],[0,9.900000095367432,0,0],[0,198.59999990463257,0,0]],"response":[[0,1,0,0],[0,1,0,0],[0,1,0,0],[0,1,0,0],[0,1,0,0],[0,1,0,0],[0,1,0,0],[0,1,0,0],[0,1,0,0],[0,1,0,0],[0,1,0,0],[0,1,0,0],[0,1,0,0],[0,1,0,0],[0,1,0,0],[0,1,0,0],[0,1,0,0],[0,1,0,0],[0,1,0,0],[0,1,0,0]],"framerate":[58.496219138852,62.95399515738499,60.12611819074048,59.0778097982709,58.67200918257899,56.450502532332266,61.434495478204354,58.045356356545255,58.89777030657261,57.73834671948509,57.50200586925965,56.58089723317786,58.64683160867974,55.476712689060335,53.03204979818131,57.4873808342188,60.22326672813355,59.154523164971025,62.7615062665185,53.436063141782185]}
