{"practice":[0,0,0,0,0,0,0,0,0,0,0,0,0,0,0,0,0,0,0,0],"center_interval":[75,25,0,50,75,75,50,75,100,50,0,25,100,75,25,75,25,75,75,75],"image_pair":[1,4,4,1,4,2,4,2,3,1,4,1,3,1,1,4,2,3,3,4],"feature_space":[1,1,1,2,2,1,2,2,2,2,2,1,1,1,2,1,1,1,1,2],"left_img":[2,2,1,2,1,2,1,2,2,2,1,2,2,2,2,2,2,2,1,1],"img1Sample":[2,2,1,2,2,2,3,1,2,2,1,2,3,1,3,3,1,1,1,2],"img2Sample":[2,3,1,3,1,2,1,2,1,3,2,3,2,3,2,1,3,3,1,2],"key":[49,50,49,50,49,49,49,50,50,50,50,50,49,50,49,49,49,49,49,50],"correct":[true,true,true,true,false,true,true,false,false,true,false,true,true,false,false,true,false,true,false,true],"right_img":[1,1,2,1,2,1,2,1,1,1,2,1,1,1,1,1,1,1,2,2],"img_choice":[2,1,1,1,1,2,1,1,1,1,2,1,2,1,2,2,2,2,1,2],"center_sample":[3,3,2,3,3,1,3,3,3,2,2,3,3,1,1,1,3,1,1,3],"left_sample":[2,3,1,3,2,2,3,2,1,3,1,3,2,3,2,1,3,3,1,2],"right_sample":[2,2,1,2,1,2,1,1,2,2,2,2,3,1,3,3,1,1,1,2],"RT":[[0,772.6999998092651,0,0],[0,133.7999997138977,0,0],[0,94.30000019073486,0,0],[0,92.5,0,0],[0,152.5,0,0],[0,56.19999980926514,0,0],[0,52.90000009536743,0,0],[0,129.5,0,0],[0,50.40000009536743,0,0],[0,54.40000009536743,0,0],[0,96.09999990463257,0,0],[0,134.40000009536743,0,0],[0,133.19999980926514,0,0],[0,55.40000009536743,0,0],[0,53.5,0,0],[0,164.40000009536743,0,0],[0,137.59999990463257,0,0],[0,55.09999990463257,0,0],[0,237.30000019073486,0,0],[0,93.5,0,0]],"response":[[0,1,0,0],[0,1,0,0],[0,1,0,0],[0,1,0,0],[0,1,0,0],[0,1,0,0],[0,1,0,0],[0,1,0,0],[0,1,0,0],[0,1,0,0],[0,1,0,0],[0,1,0,0],[0,1,0,0],[0,1,0,0],[0,1,0,0],[0,1,0,0],[0,1,0,0],[0,1,0,0],[0,1,0,0],[0,1,0,0]],"framerate":[44.164494633191744,56.164749954625385,57.471264360133326,59.137458515390776,55.03865811197602,60.340926224536794,59.74607916355489,56.53519992134402,59.91703793867855,60.150375939849624,58.98048027752396,56.40612406457531,55.911632368739184,62.149461849657264,59.60363583025518,54.193548387096776,56.51998385868681,60.322726595917395,53.769725306838104,58.958872583228704]}
