{"practice":[0,0,0,0,0,0,0,0,0,0,0,0,0,0,0,0,0,0,0,0],"center_interval":[25,50,50,100,50,25,25,75,0,75,25,100,50,50,0,50,100,0,50,100],"image_pair":[4,4,4,4,2,3,3,3,3,2,4,3,4,2,1,4,1,3,3,2],"feature_space":[2,2,2,1,1,2,2,2,1,2,2,1,2,1,2,1,2,2,2,1],"left_img":[2,2,2,2,2,2,2,2,1,2,1,2,2,2,2,1,2,1,1,2],"img1Sample":[3,1,1,2,2,1,1,3,1,1,2,2,1,1,1,1,3,2,2,2],"img2Sample":[3,2,3,3,3,1,3,2,2,1,2,2,1,2,3,3,1,2,3,2],"key":[50,50,50,49,49,49,49,50,50,50,50,50,49,49,49,49,49,49,49,50],"correct":[true,true,true,true,false,false,false,false,false,false,false,false,false,false,false,true,true,true,true,false],"right_img":[1,1,1,1,1,1,1,1,2,1,2,1,1,1,1,2,1,2,2,1],"img_choice":[1,1,1,2,2,2,2,1,2,1,2,1,2,2,2,1,2,1,1,1],"center_sample":[2,1,2,1,2,2,3,3,2,3,3,3,1,3,2,3,2,3,1,1],"left_sample":[3,2,3,3,3,1,3,2,1,1,2,2,1,2,3,1,1,2,2,2],"right_sample":[3,1,1,2,2,1,1,3,2,1,2,2,1,1,1,3,3,2,3,2],"RT":[[0,1320.8000001907349,0,0],[0,87.69999980926514,0,0],[0,93.30000019073486,0,0],[0,166.5,0,0],[0,10.099999904632568,0,0],[0,93.2000002861023,0,0],[0,161.2999997138977,0,0],[0,54.299999713897705,0,0],[0,83.09999990463257,0,0],[0,102.30000019073486,0,0],[0,96.19999980926514,0,0],[0,87.5,0,0],[0,10.399999618530273,0,0],[0,134.59999990463257,0,0],[0,62.39999961853027,0,0],[0,109.09999990463257,0,0],[0,155.7000002861023,0,0],[0,130.7000002861023,0,0],[0,101.2000002861023,0,0],[0,97.30000019073486,0,0]],"response":[[0,1,0,0],[0,1,0,0],[0,1,0,0],[0,1,0,0],[0,1,0,0],[0,1,0,0],[0,1,0,0],[0,1,0,0],[0,1,0,0],[0,1,0,0],[0,1,0,0],[0,1,0,0],[0,1,0,0],[0,1,0,0],[0,1,0,0],[0,1,0,0],[0,1,0,0],[0,1,0,0],[0,1,0,0],[0,1,0,0]],"framerate":[40.079117212436635,58.52962169878658,59.12040374909878,55.41237113402062,63.1170092150521,58.51291567170038,55.44554455445545,58.34829442614524,60.37084952064802,57.51964083758277,58.955642889356476,58.57142857142857,62.99466969149998,56.428859352605706,59.67477247294934,58.08188127845429,55.491031093957886,56.36070854904717,58.98876404494382,57.51964083758277]}
