{"practice":[0,0,0,0,0,0,0,0,0,0,0,0,0,0,0,0,0,0,0,0],"center_interval":[25,0,75,100,50,25,100,100,25,0,50,0,0,75,0,100,50,100,100,50],"image_pair":[3,3,2,3,3,3,1,2,2,4,1,3,2,3,2,3,3,3,2,4],"feature_space":[1,1,1,2,2,1,1,1,2,1,1,1,2,1,2,2,2,2,2,2],"left_img":[2,1,1,1,2,2,1,2,2,2,2,1,2,2,2,1,2,1,1,2],"img1Sample":[2,2,3,3,1,1,1,3,3,1,3,2,1,1,3,1,3,2,3,2],"img2Sample":[1,2,1,2,2,2,1,1,1,1,2,2,2,2,2,3,3,3,2,3],"key":[51,49,49,50,50,50,50,49,49,50,49,49,49,50,50,49,50,49,50,49],"correct":[null,true,false,true,true,true,true,true,false,true,false,true,false,false,true,false,true,false,true,false],"right_img":[1,2,2,2,1,1,2,1,1,1,1,2,1,1,1,2,1,2,2,1],"img_choice":[null,1,1,2,1,1,2,2,2,1,2,1,2,1,1,1,1,1,2,2],"center_sample":[3,1,1,3,3,2,2,3,1,2,1,3,2,3,1,2,2,2,3,1],"left_sample":[1,2,3,3,2,2,1,1,1,1,2,2,2,2,2,1,3,2,3,3],"right_sample":[2,2,1,2,1,1,1,3,3,1,3,2,1,1,3,3,3,3,2,2],"RT":[[0,0,0,681.2999999523163,0,0],[0,0,0,512.8000000119209,0,0],[0,0,0,877.6999999880791,0,0],[0,0,0,1307.300000011921,0,0],[0,0,0,845.8000000119209,0,0],[0,0,0,823.3000000119209,0,0],[0,0,0,868.1999999880791,0,0],[0,0,0,674.1000000238419,0,0],[0,0,0,695,0,0],[0,0,0,643.3000000119209,0,0],[0,0,0,609.6999999880791,0,0],[0,0,0,682.5,0,0],[0,0,0,709.5,0,0],[0,0,0,745.6000000238419,0,0],[0,0,0,1260.5999999642372,0,0],[0,0,0,634.2999999523163,0,0],[0,0,0,792.5,0,0],[0,0,0,689.8000000119209,0,0],[0,0,0,821,0,0],[0,0,0,645.4000000357628,0,0]],"response":[[0,0,0,1,0,0],[0,0,0,1,0,0],[0,0,0,1,0,0],[0,0,0,1,0,0],[0,0,0,1,0,0],[0,0,0,1,0,0],[0,0,0,1,0,0],[0,0,0,1,0,0],[0,0,0,1,0,0],[0,0,0,1,0,0],[0,0,0,1,0,0],[0,0,0,1,0,0],[0,0,0,1,0,0],[0,0,0,1,0,0],[0,0,0,1,0,0],[0,0,0,1,0,0],[0,0,0,1,0,0],[0,0,0,1,0,0],[0,0,0,1,0,0],[0,0,0,1,0,0]],"framerate":[60.00538509902956,59.992161827671666,60.0005429911451,60.00388689180609,59.9835661462613,60.02037388799015,59.99077065105738,59.99885169600226,60.00342876817567,59.982613735149236,60.03455647557248,59.99142979574347,56.58231447256185,59.99493000672077,59.98475797063198,60.01913653670183,60.00333351833011,59.99485758343136,60.003853459069646,60.00347846231222]}
