{"practice":[0,0,0,0,0,0,0,0,0,0,0,0,0,0,0,0,0,0,0,0],"center_interval":[0,100,0,50,50,75,0,100,50,0,0,25,25,25,0,50,25,100,100,50],"image_pair":[4,3,1,2,2,4,1,3,3,1,2,4,4,3,4,3,4,3,1,2],"feature_space":[2,2,1,2,2,1,1,1,2,2,1,1,1,2,1,2,2,1,2,2],"left_img":[2,1,1,1,1,2,1,2,2,2,1,2,2,2,2,1,1,2,1,2],"img1Sample":[3,1,2,3,3,3,1,3,1,3,1,2,3,2,3,1,3,3,1,3],"img2Sample":[1,3,2,3,3,2,2,2,2,3,2,3,1,1,1,3,1,1,3,1],"key":[50,49,50,49,49,49,50,49,50,50,49,50,50,49,50,49,50,49,50,49],"correct":[true,false,false,true,true,true,false,true,true,true,true,true,true,false,true,true,false,true,true,false],"right_img":[1,2,2,2,2,1,2,1,1,1,2,1,1,1,1,2,2,1,2,1],"img_choice":[1,1,2,1,1,2,2,2,1,1,1,1,1,2,1,1,2,2,2,2],"center_sample":[1,1,1,2,2,1,2,3,2,1,3,2,1,2,2,3,3,3,1,1],"left_sample":[1,1,2,3,3,2,1,2,2,3,1,3,1,1,1,1,3,1,1,1],"right_sample":[3,3,2,3,3,3,2,3,1,3,2,2,3,2,3,3,1,3,3,3],"RT":[[0,0,0,836.5,0,0],[0,0,0,882.8000000119209,0,0],[0,0,0,767.6999999880791,0,0],[0,0,0,801.3999999761581,0,0],[0,0,0,657.1000000238419,0,0],[0,0,0,919.6000000238419,0,0],[0,0,0,1442.300000011921,0,0],[0,0,0,1089.9000000357628,0,0],[0,0,0,1021,0,0],[0,0,0,925.7999999523163,0,0],[0,0,0,906.6999999880791,0,0],[0,0,0,1291.800000011921,0,0],[0,0,0,1055.7999999523163,0,0],[0,0,0,862.3000000119209,0,0],[0,0,0,1180.199999988079,0,0],[0,0,0,1342.2999999523163,0,0],[0,0,0,408.30000001192093,0,0],[0,0,0,1143,0,0],[0,0,0,1620.3999999761581,0,0],[0,0,0,722.8000000119209,0,0]],"response":[[0,0,0,1,0,0],[0,0,0,1,0,0],[0,0,0,1,0,0],[0,0,0,1,0,0],[0,0,0,1,0,0],[0,0,0,1,0,0],[0,0,0,1,0,0],[0,0,0,1,0,0],[0,0,0,1,0,0],[0,0,0,1,0,0],[0,0,0,1,0,0],[0,0,0,1,0,0],[0,0,0,1,0,0],[0,0,0,1,0,0],[0,0,0,1,0,0],[0,0,0,1,0,0],[0,0,0,1,0,0],[0,0,0,1,0,0],[0,0,0,1,0,0],[0,0,0,1,0,0]],"framerate":[60.01479816901952,59.99999999999999,59.99218706381071,60.00608356587802,59.99596181067537,60.00053571887733,60.00564759086643,60.00307708069252,59.98956703182055,60.006965093587816,56.49261560882731,60.01610188046882,59.98862284776083,60.007637335856025,60.00200843471051,59.98843596484063,60.01617015961333,60.00151902525486,59.99097880018042,60.017552303842216]}
