{"practice":[0,0,0,0,0,0,0,0,0,0,0,0,0,0,0,0,0,0,0,0],"center_interval":[50,25,100,50,75,50,25,25,0,100,100,50,50,0,50,100,0,50,0,75],"image_pair":[1,2,3,1,1,4,4,1,1,1,4,4,2,4,1,2,1,3,1,4],"feature_space":[2,1,1,2,1,1,2,1,2,1,2,1,2,1,1,2,2,2,2,2],"left_img":[2,2,2,2,1,1,2,1,2,2,2,1,1,2,1,2,1,1,1,1],"img1Sample":[3,1,2,3,3,3,3,3,1,3,1,3,2,2,1,2,1,3,3,1],"img2Sample":[1,2,1,3,3,1,3,2,1,2,3,3,3,2,1,2,3,1,1,3],"key":[50,49,50,50,50,50,50,49,49,49,50,49,50,50,50,49,49,49,49,49],"correct":[true,false,false,true,true,false,true,true,false,true,false,true,false,true,false,true,true,true,true,false],"right_img":[1,1,1,1,2,2,1,2,1,1,1,2,2,1,2,1,2,2,2,2],"img_choice":[1,2,1,1,2,2,1,1,2,2,1,1,2,1,2,2,1,1,1,1],"center_sample":[2,2,3,1,2,3,2,3,2,1,2,2,2,3,2,1,3,3,1,2],"left_sample":[1,2,1,3,3,3,3,3,1,2,3,3,2,2,1,2,1,3,3,1],"right_sample":[3,1,2,3,3,1,3,2,1,3,1,3,3,2,1,2,3,1,1,3],"RT":[[0,0,0,840.8000000119209,0,0],[0,0,0,1055.6000000238419,0,0],[0,0,0,519.1000000238419,0,0],[0,0,0,791.3000000119209,0,0],[0,0,0,650.3000000119209,0,0],[0,0,0,688.1999999880791,0,0],[0,0,0,699.9000000357628,0,0],[0,0,0,672.5999999642372,0,0],[0,0,0,605.6999999880791,0,0],[0,0,0,860.4000000357628,0,0],[0,0,0,624.4000000357628,0,0],[0,0,0,706.0999999642372,0,0],[0,0,0,1061.8999999761581,0,0],[0,0,0,772.5,0,0],[0,0,0,843.8999999761581,0,0],[0,0,0,699.9000000357628,0,0],[0,0,0,711.8999999761581,0,0],[0,0,0,580,0,0],[0,0,0,940.6000000238419,0,0],[0,0,0,742,0,0]],"response":[[0,0,0,1,0,0],[0,0,0,1,0,0],[0,0,0,1,0,0],[0,0,0,1,0,0],[0,0,0,1,0,0],[0,0,0,1,0,0],[0,0,0,1,0,0],[0,0,0,1,0,0],[0,0,0,1,0,0],[0,0,0,1,0,0],[0,0,0,1,0,0],[0,0,0,1,0,0],[0,0,0,1,0,0],[0,0,0,1,0,0],[0,0,0,1,0,0],[0,0,0,1,0,0],[0,0,0,1,0,0],[0,0,0,1,0,0],[0,0,0,1,0,0],[0,0,0,1,0,0]],"framerate":[59.99671250909956,60.0134512906215,59.391685163864665,59.99833338022436,60.00115386793096,60.00171433510401,59.999431284197975,60.014357501794684,59.98536942209217,60.00436395413229,60.00233018778844,59.96362396251141,60.028979507163214,60.00893156170722,60.00986463567456,59.70234524543998,59.72186673471776,55.83126550888147,60.01280273144015,60.02028854804004]}
