{"practice":[0,0,0,0,0,0,0,0,0,0,0,0,0,0,0,0,0,0,0,0],"center_interval":[50,0,25,0,100,100,100,75,50,100,50,25,100,50,50,75,50,50,25,50],"image_pair":[1,3,3,1,1,3,1,3,1,1,3,2,1,2,2,2,1,3,3,2],"feature_space":[1,2,2,1,2,2,2,1,2,1,2,1,2,1,1,2,2,1,2,2],"left_img":[2,1,2,1,2,2,2,2,2,1,2,2,1,1,2,2,2,1,2,2],"img1Sample":[1,3,3,3,2,3,1,3,1,2,1,1,3,1,1,3,2,3,1,2],"img2Sample":[2,3,1,2,2,2,3,2,2,2,1,2,3,3,2,3,1,1,1,2],"key":[49,50,50,49,50,49,49,49,50,50,49,49,49,50,49,49,49,50,50,50],"correct":[false,false,true,true,false,true,true,true,true,true,false,false,false,false,false,true,false,false,true,true],"right_img":[1,2,1,2,1,1,1,1,1,2,1,1,2,2,1,1,1,2,1,1],"img_choice":[2,2,1,1,1,2,2,2,1,2,2,2,1,2,2,2,2,2,1,1],"center_sample":[1,2,2,2,3,3,2,3,3,3,3,1,1,3,3,2,3,1,1,3],"left_sample":[2,3,1,3,2,2,3,2,2,2,1,2,3,1,2,3,1,3,1,2],"right_sample":[1,3,3,2,2,3,1,3,1,2,1,1,3,3,1,3,2,1,1,2],"RT":[[0,0,0,941.1000000238419,0,0],[0,0,0,1975.800000011921,0,0],[0,0,0,1258.199999988079,0,0],[0,0,0,1368.800000011921,0,0],[0,0,0,680.6000000238419,0,0],[0,0,0,1061.699999988079,0,0],[0,0,0,868,0,0],[0,0,0,689.3000000119209,0,0],[0,0,0,950.8000000119209,0,0],[0,0,0,689.9000000357628,0,0],[0,0,0,869.3999999761581,0,0],[0,0,0,625.6000000238419,0,0],[0,0,0,720.1000000238419,0,0],[0,0,0,637,0,0],[0,0,0,788,0,0],[0,0,0,1026.1000000238419,0,0],[0,0,0,1156.1000000238419,0,0],[0,0,0,1020.9000000357628,0,0],[0,0,0,868.4000000357628,0,0],[0,0,0,953.9000000357628,0,0]],"response":[[0,0,0,1,0,0],[0,0,0,1,0,0],[0,0,0,1,0,0],[0,0,0,1,0,0],[0,0,0,1,0,0],[0,0,0,1,0,0],[0,0,0,1,0,0],[0,0,0,1,0,0],[0,0,0,1,0,0],[0,0,0,1,0,0],[0,0,0,1,0,0],[0,0,0,1,0,0],[0,0,0,1,0,0],[0,0,0,1,0,0],[0,0,0,1,0,0],[0,0,0,1,0,0],[0,0,0,1,0,0],[0,0,0,1,0,0],[0,0,0,1,0,0],[0,0,0,1,0,0]],"framerate":[59.988802090467146,59.99289282832634,60.02607690173271,57.833859096018266,60.0022967388365,59.993276615181834,59.99891404719294,59.98800239972437,60.01221487502424,60.00857265323618,59.96960816257323,60.037304733246586,59.98019521855991,60.02087682651488,60.00166671336164,59.72874282733437,59.99495840685657,60.0177443758515,60.01031851650023,59.98036041334166]}
