{"practice":[1,1,1,1,1],"center_interval":[0,75,50,50,50],"image_pair":[4,1,3,1,4],"feature_space":[2,1,2,2,1],"left_img":[2,1,1,1,1],"img1Sample":[1,1,1,3,1],"img2Sample":[3,2,2,3,3],"key":[50,49,50,49,49],"correct":[true,false,false,true,true],"right_img":[1,2,2,2,2],"img_choice":[1,1,2,1,1],"center_sample":[2,2,1,3,2],"left_sample":[3,1,1,3,1],"right_sample":[1,2,2,3,3],"RT":[[0,0,0,4338.399999976158,0,0],[0,0,0,859.6000000238419,0,0],[0,0,0,1264.4000000357628,0,0],[0,0,0,775.8000000119209,0,0],[0,0,0,1304.1000000238419,0,0]],"response":[[0,0,0,1,0,0],[0,0,0,1,0,0],[0,0,0,1,0,0],[0,0,0,1,0,0],[0,0,0,1,0,0]],"framerate":[59.57708659675269,59.73324605168369,57.54192691649734,58.88098227989396,58.5625554569654]}
