{"practice":[0,0,0,0,0,0,0,0,0,0,0,0,0,0,0,0,0,0,0,0],"center_interval":[75,0,100,0,75,25,25,75,25,25,25,100,0,0,0,75,0,25,75,75],"image_pair":[3,3,4,3,4,4,4,3,1,4,3,3,4,4,4,3,3,1,1,3],"feature_space":[2,2,2,2,1,1,2,2,2,2,2,1,1,1,1,1,2,2,1,2],"left_img":[2,2,1,2,1,2,1,1,1,2,2,2,2,1,2,2,2,2,1,1],"img1Sample":[3,3,2,1,3,1,3,1,2,2,1,2,2,3,3,1,3,2,2,1],"img2Sample":[1,1,3,1,2,2,3,3,2,2,1,3,2,1,1,2,1,1,3,3],"key":[51,50,50,50,49,50,49,49,49,50,49,49,50,49,50,50,50,49,49,50],"correct":[null,true,true,true,false,true,true,false,true,true,false,true,true,true,true,false,true,false,false,true],"right_img":[1,1,2,1,2,1,2,2,2,1,1,1,1,2,1,1,1,1,2,2],"img_choice":[null,1,2,1,1,1,1,1,1,1,2,2,1,1,1,1,1,2,1,2],"center_sample":[3,2,2,3,3,3,2,1,1,1,1,2,1,2,1,2,2,2,2,1],"left_sample":[1,1,2,1,3,2,3,1,2,2,1,3,2,3,1,2,1,1,2,1],"right_sample":[3,3,3,1,2,1,3,3,2,2,1,2,2,1,3,1,3,2,3,3],"RT":[[0,0,0,960.8999999761581,0,0],[0,0,0,2818.399999976158,0,0],[0,0,0,922.8999999761581,0,0],[0,0,0,788.5,0,0],[0,0,0,869.1999999880791,0,0],[0,0,0,609.5,0,0],[0,0,0,1001.1999999880791,0,0],[0,0,0,746,0,0],[0,0,0,1028.800000011921,0,0],[0,0,0,715.9000000357628,0,0],[0,0,0,712.1999999880791,0,0],[0,0,0,707.7000000476837,0,0],[0,0,0,800,0,0],[0,0,0,814,0,0],[0,0,0,696.8000000119209,0,0],[0,0,0,501.69999998807907,0,0],[0,0,0,808,0,0],[0,0,0,774.8000000119209,0,0],[0,0,0,689.6999999880791,0,0],[0,0,0,596.8000000119209,0,0]],"response":[[0,0,0,1,0,0],[0,0,0,1,0,0],[0,0,0,1,0,0],[0,0,0,1,0,0],[0,0,0,1,0,0],[0,0,0,1,0,0],[0,0,0,1,0,0],[0,0,0,1,0,0],[0,0,0,1,0,0],[0,0,0,1,0,0],[0,0,0,1,0,0],[0,0,0,1,0,0],[0,0,0,1,0,0],[0,0,0,1,0,0],[0,0,0,1,0,0],[0,0,0,1,0,0],[0,0,0,1,0,0],[0,0,0,1,0,0],[0,0,0,1,0,0],[0,0,0,1,0,0]],"framerate":[60.00230778116021,58.57294994675186,60.003750234006425,59.99666685204023,60.00705965349425,59.98536942209217,60.00890962033125,60.01014255870115,60.000521744413696,59.9840800541761,59.728661225127,59.99090185293398,60.01272159114766,60.004424289744115,59.41668809014391,55.790108564535586,59.98120404744876,60.007256690907916,60.0240096044551,59.982358129961774]}
