{"practice":[0,0,0,0,0,0,0,0,0,0,0,0,0,0,0,0,0,0,0,0],"center_interval":[25,75,0,75,25,50,25,75,25,25,100,100,0,0,100,0,75,75,100,25],"image_pair":[2,4,2,1,3,3,4,4,1,1,2,4,1,1,4,4,2,4,2,4],"feature_space":[1,2,2,1,1,2,2,1,1,1,2,1,2,1,2,2,2,2,1,1],"left_img":[2,1,1,1,1,1,2,1,1,1,2,1,2,2,1,2,2,2,1,2],"img1Sample":[2,2,3,1,1,3,1,3,2,3,1,1,2,3,2,3,1,3,1,3],"img2Sample":[1,3,3,3,3,1,3,1,3,3,3,1,2,2,2,1,2,1,2,1],"key":[49,49,49,50,50,49,50,49,50,49,50,49,50,49,50,50,49,49,49,50],"correct":[false,false,true,true,false,true,true,false,false,true,false,false,true,false,true,true,true,true,false,true],"right_img":[1,2,2,2,2,2,1,2,2,2,1,2,1,1,2,1,1,1,2,1],"img_choice":[2,1,1,2,2,1,1,1,2,1,1,1,1,2,2,1,2,2,1,1],"center_sample":[3,3,2,2,3,2,2,3,1,2,2,2,1,2,3,1,3,1,3,3],"left_sample":[1,2,3,1,1,3,3,3,2,3,3,1,2,2,2,1,2,1,1,1],"right_sample":[2,3,3,3,3,1,1,1,3,3,1,1,2,3,2,3,1,3,2,3],"RT":[[0,839.8000001907349,0,0],[0,271.09999990463257,0,0],[0,146.2000002861023,0,0],[0,68.40000009536743,0,0],[0,112.80000019073486,0,0],[0,131.80000019073486,0,0],[0,39.200000286102295,0,0],[0,85.30000019073486,0,0],[0,25,0,0],[0,96.09999990463257,0,0],[0,38.80000019073486,0,0],[0,81.5,0,0],[0,79.09999990463257,0,0],[0,99.2999997138977,0,0],[0,54.89999961853027,0,0],[0,21.700000286102295,0,0],[0,115.30000019073486,0,0],[0,62.40000009536743,0,0],[0,12.599999904632568,0,0],[0,69,0,0]],"response":[[0,1,0,0],[0,1,0,0],[0,1,0,0],[0,1,0,0],[0,1,0,0],[0,1,0,0],[0,1,0,0],[0,1,0,0],[0,1,0,0],[0,1,0,0],[0,1,0,0],[0,1,0,0],[0,1,0,0],[0,1,0,0],[0,1,0,0],[0,1,0,0],[0,1,0,0],[0,1,0,0],[0,1,0,0],[0,1,0,0]],"framerate":[60.024837859994186,60.04304971431012,59.90415336984267,60.01170961862752,60.03909520081357,59.961842487265216,59.98154411387134,60.01714778103893,60.04108073040612,59.982862014908264,60.03694582162187,60.01170961862752,60.03807291590909,59.91440798858773,60.00600060864479,60.06006003290134,59.98883930965812,60.05104339547653,59.98702981283784,60.029282576866756]}
