{"practice":[0,0,0,0,0,0,0,0,0,0,0,0,0,0,0,0,0,0,0,0],"center_interval":[100,100,75,75,25,25,100,0,0,50,100,0,75,100,0,75,75,25,0,0],"image_pair":[3,4,3,2,4,3,4,3,1,3,2,4,1,2,2,4,4,4,1,1],"feature_space":[2,1,1,2,1,2,1,2,1,1,1,2,2,2,1,2,1,2,2,2],"left_img":[1,2,1,2,2,1,2,2,1,2,1,2,1,1,1,1,1,1,1,2],"img1Sample":[3,2,3,3,3,1,3,1,3,3,3,1,3,1,3,1,2,3,3,1],"img2Sample":[2,1,1,1,3,3,1,3,2,1,2,3,3,2,3,3,1,1,2,3],"key":[49,49,49,49,49,49,49,49,50,50,50,50,50,50,50,50,50,50,50,50],"correct":[false,true,false,true,false,true,true,false,false,true,true,true,true,true,false,true,true,false,false,true],"right_img":[2,1,2,1,1,2,1,1,2,1,2,1,2,2,2,2,2,2,2,1],"img_choice":[1,2,1,2,2,1,2,2,2,1,2,1,2,2,2,2,2,2,2,1],"center_sample":[3,3,1,3,1,3,3,2,1,3,3,3,3,3,2,3,1,1,2,3],"left_sample":[3,1,3,1,3,1,1,3,3,1,3,3,3,1,3,1,2,3,3,3],"right_sample":[2,2,1,3,3,3,3,1,2,3,2,1,3,2,3,3,1,1,2,1],"RT":[[0,19.90000009536743,0,0],[0,129,0,0],[0,162,0,0],[0,211.89999961853027,0,0],[0,178.89999961853027,0,0],[0,212.2000002861023,0,0],[0,3.5999999046325684,0,0],[0,155.80000019073486,0,0],[0,341.40000009536743,0,0],[0,54.40000009536743,0,0],[0,204.40000009536743,0,0],[0,86.39999961853027,0,0],[0,175.2000002861023,0,0],[0,175.59999990463257,0,0],[0,169.40000009536743,0,0],[0,177.5,0,0],[0,193.30000019073486,0,0],[0,201.80000019073486,0,0],[0,9.200000286102295,0,0],[0,145.10000038146973,0,0]],"response":[[0,1,0,0],[0,1,0,0],[0,1,0,0],[0,1,0,0],[0,1,0,0],[0,1,0,0],[0,1,0,0],[0,1,0,0],[0,1,0,0],[0,1,0,0],[0,1,0,0],[0,1,0,0],[0,1,0,0],[0,1,0,0],[0,1,0,0],[0,1,0,0],[0,1,0,0],[0,1,0,0],[0,1,0,0],[0,1,0,0]],"framerate":[60.02211337403788,60.0190969932122,59.966106121390716,60.004898366057446,60.01787767299675,60.03430529628038,59.95786745376443,60.005217852494845,60.03791867945475,59.97001499250374,59.98286203241472,59.99142980391549,60.01021451921098,60.01787763645128,60.048549906034694,60.01021451921098,60.007500930462854,59.96818015630768,59.93844158199846,59.99999999999999]}
