{"practice":[1,1,1,1,1],"center_interval":[50,75,100,0,50],"image_pair":[1,1,3,3,2],"feature_space":[2,2,1,1,1],"left_img":[2,1,1,2,1],"img1Sample":[2,2,1,3,1],"img2Sample":[1,2,1,1,1],"key":[49,49,49,49,49],"correct":[false,false,false,false,true],"right_img":[1,2,2,1,2],"img_choice":[2,1,1,2,1],"center_sample":[2,2,3,1,3],"left_sample":[1,2,1,1,1],"right_sample":[2,2,1,3,1],"RT":[[0,3021,0,0],[0,60.19999980926514,0,0],[0,81.19999980926514,0,0],[0,142,0,0],[0,272.69999980926514,0,0]],"response":[[0,1,0,0],[0,1,0,0],[0,1,0,0],[0,1,0,0],[0,1,0,0]],"framerate":[59.72038749606324,60.06907943275472,59.95905237957651,59.97600958091494,60.049852714397005]}
