{"practice":[0,0,0,0,0,0,0,0,0,0,0,0,0,0,0,0,0,0,0,0],"center_interval":[75,0,50,100,75,75,50,100,100,0,25,25,50,100,25,50,50,75,25,0],"image_pair":[2,1,4,1,4,1,1,4,4,1,2,4,2,4,4,3,1,1,1,4],"feature_space":[1,1,1,1,2,1,2,1,1,1,2,2,1,2,1,2,1,2,1,1],"left_img":[1,2,1,1,1,2,2,2,1,1,1,2,2,2,1,2,2,1,1,1],"img1Sample":[3,1,2,3,2,3,1,1,2,2,2,3,2,2,1,1,3,1,2,3],"img2Sample":[1,3,1,2,1,3,2,3,1,3,1,1,1,1,1,1,1,3,3,2],"key":[49,49,49,50,49,49,49,49,50,49,49,50,49,49,50,50,49,50,49,49],"correct":[false,false,true,true,false,true,false,true,true,true,true,true,false,true,false,true,false,true,true,true],"right_img":[2,1,2,2,2,1,1,1,2,2,2,1,1,1,2,1,1,2,2,2],"img_choice":[1,2,1,2,1,2,2,2,2,1,1,1,2,2,2,1,2,2,1,1],"center_sample":[3,2,1,1,2,2,2,1,2,1,2,3,1,3,2,1,2,3,2,1],"left_sample":[3,3,2,3,2,3,2,3,2,2,2,1,1,1,1,1,1,1,2,3],"right_sample":[1,1,1,2,1,3,1,1,1,3,1,3,2,2,1,1,3,3,3,2],"RT":[[0,1820.7000002861023,0,0],[0,1889,0,0],[0,2286.6000003814697,0,0],[0,2570.8999996185303,0,0],[0,2431.4000000953674,0,0],[0,2479.0999999046326,0,0],[0,3647.7000002861023,0,0],[0,1872.5999999046326,0,0],[0,1587.5,0,0],[0,2747.4000000953674,0,0],[0,2928.6000003814697,0,0],[0,2437,0,0],[0,2754.1000003814697,0,0],[0,2355.699999809265,0,0],[0,3133.5,0,0],[0,2503.199999809265,0,0],[0,3757.1000003814697,0,0],[0,2568,0,0],[0,2137.9000000953674,0,0],[0,3012.800000190735,0,0]],"response":[[0,1,0,0],[0,1,0,0],[0,1,0,0],[0,1,0,0],[0,1,0,0],[0,1,0,0],[0,1,0,0],[0,1,0,0],[0,1,0,0],[0,1,0,0],[0,1,0,0],[0,1,0,0],[0,1,0,0],[0,1,0,0],[0,1,0,0],[0,1,0,0],[0,1,0,0],[0,1,0,0],[0,1,0,0],[0,1,0,0]],"framerate":[59.98849536410668,59.99999999999999,60.0269086082817,59.99308980476891,57.367050214457464,59.99286570770045,59.991530608789645,60.000805375329506,60.01091107734273,60.016123736443696,59.985286631045575,60.00983767830791,59.99227821481832,60.00741665278909,60.00320016762368,59.980113548911156,60.01603481846295,60.000628275235066,59.99563668512953,60.01438132323502]}
