{"practice":[0,0,0,0,0,0,0,0,0,0,0,0,0,0,0,0,0,0,0,0],"center_interval":[25,50,50,0,75,100,25,100,0,75,75,50,100,25,0,75,100,100,50,75],"image_pair":[2,3,4,3,1,3,3,4,3,4,2,2,2,2,3,1,1,3,2,3],"feature_space":[2,2,2,2,2,1,2,2,2,2,2,1,1,1,1,1,2,2,2,1],"left_img":[2,1,2,2,1,1,2,2,2,2,1,2,1,2,1,2,1,1,1,1],"img1Sample":[3,3,1,3,1,3,2,1,3,2,3,1,3,1,2,3,3,2,3,3],"img2Sample":[3,2,1,1,1,2,1,1,1,2,2,2,1,3,1,1,1,1,1,1],"key":[50,50,50,50,50,49,50,49,50,49,49,49,50,49,49,49,50,50,49,50],"correct":[true,false,true,true,true,false,true,true,true,true,false,false,true,false,true,true,true,true,true,true],"right_img":[1,2,1,1,2,2,1,1,1,1,2,1,2,1,2,1,2,2,2,2],"img_choice":[1,2,1,1,2,1,1,2,1,2,1,2,2,2,1,2,2,2,1,2],"center_sample":[1,1,1,1,2,3,1,3,2,2,2,1,2,2,1,2,3,3,1,2],"left_sample":[3,3,1,1,1,3,1,1,1,2,3,2,3,3,2,1,3,2,3,3],"right_sample":[3,2,1,3,1,2,2,1,3,2,2,1,1,1,1,3,1,1,1,1],"RT":[[0,2818.199999809265,0,0],[0,2219.800000190735,0,0],[0,1881,0,0],[0,2601.8999996185303,0,0],[0,2570.800000190735,0,0],[0,2239.199999809265,0,0],[0,2736.2999997138977,0,0],[0,2096.300000190735,0,0],[0,2076.4000000953674,0,0],[0,1586.4000000953674,0,0],[0,2675,0,0],[0,2339.699999809265,0,0],[0,2470.199999809265,0,0],[0,1672.3000001907349,0,0],[0,1815.5,0,0],[0,1444.8000001907349,0,0],[0,2291.199999809265,0,0],[0,2362.1000003814697,0,0],[0,3073.5,0,0],[0,1759.1000003814697,0,0]],"response":[[0,1,0,0],[0,1,0,0],[0,1,0,0],[0,1,0,0],[0,1,0,0],[0,1,0,0],[0,1,0,0],[0,1,0,0],[0,1,0,0],[0,1,0,0],[0,1,0,0],[0,1,0,0],[0,1,0,0],[0,1,0,0],[0,1,0,0],[0,1,0,0],[0,1,0,0],[0,1,0,0],[0,1,0,0],[0,1,0,0]],"framerate":[60.01456664238893,60.009177872242965,59.988726957550085,59.99378302766553,59.998743480014475,60.006316458379935,59.99999999999999,60.008890197476816,59.998509362334204,60.024555489565024,59.98599312010008,60.00610231936985,59.99870272889605,60.00087592018383,60.00662142976772,60.002926969255896,60.00620753279031,60.00337097589752,60.003801147327636,60.00169019087391]}
