{"practice":[0,0,0,0,0,0,0,0,0,0,0,0,0,0,0,0,0,0,0,0],"center_interval":[50,0,75,50,75,50,75,100,50,75,0,25,25,25,75,100,0,0,25,100],"image_pair":[1,2,1,3,2,2,3,1,4,3,4,1,1,4,1,2,1,4,2,2],"feature_space":[1,1,2,1,2,1,2,1,1,2,2,1,2,1,1,1,1,1,2,2],"left_img":[1,2,2,1,2,1,2,1,1,1,2,2,2,2,2,1,2,2,2,2],"img1Sample":[1,2,2,1,3,2,2,2,1,1,1,3,2,2,1,3,3,3,2,1],"img2Sample":[3,2,2,1,1,1,3,3,2,2,2,1,2,1,2,1,1,1,2,1],"key":[50,49,50,49,49,50,50,49,50,50,50,50,49,50,49,49,49,50,50,49],"correct":[false,false,false,true,true,false,false,false,false,true,true,true,false,true,true,false,false,true,true,true],"right_img":[2,1,1,2,1,2,1,2,2,2,1,1,1,1,1,2,1,1,1,1],"img_choice":[2,2,1,1,2,2,1,1,2,2,1,1,2,1,2,1,2,1,1,2],"center_sample":[1,1,2,1,3,2,3,2,1,3,3,2,2,2,1,2,1,2,2,3],"left_sample":[1,2,2,1,1,2,3,2,1,1,2,1,2,1,2,3,1,1,2,1],"right_sample":[3,2,2,1,3,1,2,3,2,2,1,3,2,2,1,1,3,3,2,1],"RT":[[0,2785.5999999046326,0,0],[0,1610.1999998092651,0,0],[0,1708.0999999046326,0,0],[0,2297.2000002861023,0,0],[0,2261.2000002861023,0,0],[0,1986.8000001907349,0,0],[0,2617.9000000953674,0,0],[0,1635.8000001907349,0,0],[0,1439.6000003814697,0,0],[0,2079.8999996185303,0,0],[0,1953.7000002861023,0,0],[0,1370.2000002861023,0,0],[0,1141.0999999046326,0,0],[0,2087.0999999046326,0,0],[0,2670.4000000953674,0,0],[0,2219.8999996185303,0,0],[0,2197,0,0],[0,3108.5999999046326,0,0],[0,3686.5,0,0],[0,2144.4000000953674,0,0]],"response":[[0,1,0,0],[0,1,0,0],[0,1,0,0],[0,1,0,0],[0,1,0,0],[0,1,0,0],[0,1,0,0],[0,1,0,0],[0,1,0,0],[0,1,0,0],[0,1,0,0],[0,1,0,0],[0,1,0,0],[0,1,0,0],[0,1,0,0],[0,1,0,0],[0,1,0,0],[0,1,0,0],[0,1,0,0],[0,1,0,0]],"framerate":[58.216459374258974,60.00721892388149,59.99136814846784,59.99379374152918,59.99511667455385,60.02077642481014,60.00247433237801,59.99999999999999,60.00585422409737,60.005217847162804,59.99688327433243,60.01613880228502,59.98628884499501,60.04670298909282,59.931246389131914,60.03884866678439,60.01929191730338,59.99623341878401,59.99999999999999,60.01527661170225]}
