{"practice":[0,0,0,0,0,0,0,0,0,0,0,0,0,0,0,0,0,0,0,0],"center_interval":[0,100,100,50,0,75,100,75,0,0,25,50,75,25,100,50,25,100,100,50],"image_pair":[4,4,1,2,2,3,3,2,4,2,1,1,3,4,1,2,4,4,4,2],"feature_space":[2,2,1,2,1,1,1,1,2,2,1,2,2,1,2,2,1,1,2,1],"left_img":[2,2,2,2,2,2,1,1,1,2,2,2,2,1,2,1,2,1,1,2],"img1Sample":[2,2,1,1,3,2,1,2,2,1,2,3,1,1,2,2,1,1,1,2],"img2Sample":[2,2,2,2,1,1,3,3,3,2,2,1,2,1,3,3,1,2,1,2],"key":[50,50,49,49,49,49,49,49,49,50,null,49,49,49,50,50,50,50,50,49],"correct":[true,false,true,false,false,true,false,false,true,true,null,false,true,true,false,false,true,true,true,false],"right_img":[1,1,1,1,1,1,2,2,2,1,1,1,1,2,1,2,1,2,2,1],"img_choice":[1,1,2,2,2,2,1,1,1,1,null,2,2,1,1,2,1,2,2,2],"center_sample":[3,1,1,1,1,3,1,1,1,3,2,3,2,3,2,3,2,3,3,2],"left_sample":[2,2,2,2,1,1,1,2,2,2,2,1,2,1,3,2,1,1,1,2],"right_sample":[2,2,1,1,3,2,3,3,3,1,2,3,1,1,2,3,1,2,1,2],"RT":[[0,1939.8000001907349,0,0],[0,2520.4000000953674,0,0],[0,1160.6999998092651,0,0],[0,3318.199999809265,0,0],[0,2832,0,0],[0,1983.3000001907349,0,0],[0,1264.3999996185303,0,0],[0,3336.5999999046326,0,0],[0,2240.1000003814697,0,0],[0,2274.4000000953674,0,0],[0,0,0,0],[0,3134.800000190735,0,0],[0,2198.699999809265,0,0],[0,2988.0999999046326,0,0],[0,2245,0,0],[0,3036,0,0],[0,1711.3000001907349,0,0],[0,1930.5999999046326,0,0],[0,3214.7999997138977,0,0],[0,2626.7999997138977,0,0]],"response":[[0,1,0,0],[0,1,0,0],[0,1,0,0],[0,1,0,0],[0,1,0,0],[0,1,0,0],[0,1,0,0],[0,1,0,0],[0,1,0,0],[0,1,0,0],[0,1,0,0],[0,1,0,0],[0,1,0,0],[0,1,0,0],[0,1,0,0],[0,1,0,0],[0,1,0,0],[0,1,0,0],[0,1,0,0],[0,1,0,0]],"framerate":[59.99529447997616,58.98858491526407,60.09070294784581,60.00508517670989,59.99534016942032,60.016158192033565,59.99250093431821,59.998481052561175,60.01474045855232,59.99861275677591,59.996785884427005,60.025610925801814,59.96787435302517,60.00666740907954,59.98737108177957,60.01315356320018,60.00690727978364,59.98658194651693,60.01205482173978,59.99876291033527]}
