{"practice":[0,0,0,0,0,0,0,0,0,0,0,0,0,0,0,0,0,0,0,0],"center_interval":[25,0,100,0,75,100,50,25,0,50,50,0,50,25,50,75,0,25,100,75],"image_pair":[2,1,4,3,4,2,1,4,1,3,3,3,2,1,2,3,2,2,3,2],"feature_space":[1,2,2,2,1,2,1,1,2,2,2,2,2,2,2,2,2,1,2,2],"left_img":[2,2,2,1,2,1,2,2,1,2,2,2,2,1,1,2,2,1,1,1],"img1Sample":[3,2,2,1,3,3,3,2,3,2,3,2,2,1,2,2,2,2,2,1],"img2Sample":[1,3,3,3,2,3,1,2,3,1,3,2,2,1,3,2,3,1,1,2],"key":[null,null,null,49,50,50,49,50,49,50,50,50,49,50,50,49,50,50,49,49],"correct":[null,null,null,true,false,true,false,true,true,true,true,true,false,false,false,true,true,false,false,false],"right_img":[1,1,1,2,1,2,1,1,2,1,1,1,1,2,2,1,1,2,2,2],"img_choice":[null,null,null,1,1,2,2,1,1,1,1,1,2,2,2,2,1,2,1,1],"center_sample":[2,1,2,2,2,1,3,1,2,3,3,1,2,1,1,2,1,1,2,1],"left_sample":[1,3,3,1,2,3,1,2,3,1,3,2,2,1,2,2,3,2,2,1],"right_sample":[3,2,2,3,3,3,3,2,3,2,3,2,2,1,3,2,2,1,1,2],"RT":[[0,0,0,0],[0,0,0,0],[0,0,0,0],[0,4444,0,0],[0,2184,0,0],[0,1478,0,0],[0,1694,0,0],[0,2215,0,0],[0,1644,0,0],[0,1811,0,0],[0,1628,0,0],[0,1678,0,0],[0,2128,0,0],[0,1680,0,0],[0,1479,0,0],[0,1713,0,0],[0,2911,0,0],[0,2762,0,0],[0,2260,0,0],[0,1749,0,0]],"response":[[0,1,0,0],[0,1,0,0],[0,1,0,0],[0,1,0,0],[0,1,0,0],[0,1,0,0],[0,1,0,0],[0,1,0,0],[0,1,0,0],[0,1,0,0],[0,1,0,0],[0,1,0,0],[0,1,0,0],[0,1,0,0],[0,1,0,0],[0,1,0,0],[0,1,0,0],[0,1,0,0],[0,1,0,0],[0,1,0,0]],"framerate":[57.00035625222658,59.82142857142858,59.63220853419032,59.00990099009901,59.285714285714285,59.50095969289828,59.487624837168916,59.72271596160682,59.97334517992004,59.1887417218543,58.63921217547001,59.54465849387041,59.64141968532748,59.57074025405169,59.50095969289828,59.55977557186016,59.709980096673306,59.4000594000594,59.64422741541681,59.49851253718657]}
