{"practice":[0,0,0,0,0,0,0,0,0,0,0,0,0,0,0,0,0,0,0,0],"center_interval":[75,50,100,0,75,100,0,50,75,0,50,0,100,0,100,75,75,75,25,50],"image_pair":[3,2,3,3,2,2,2,1,3,4,3,2,3,1,2,2,1,1,1,1],"feature_space":[2,1,1,2,2,1,2,1,1,1,2,1,1,2,2,2,1,1,1,1],"left_img":[2,1,2,2,2,2,2,1,2,2,2,2,2,2,1,2,1,1,2,2],"img1Sample":[3,1,3,1,1,2,3,3,3,2,3,2,3,1,3,1,2,2,3,3],"img2Sample":[3,3,1,3,1,3,3,1,2,1,1,2,1,1,1,1,2,2,1,1],"key":[50,49,50,50,49,49,50,49,49,50,50,49,50,49,50,49,50,49,49,null],"correct":[false,true,false,true,true,true,true,true,true,true,true,false,false,false,true,true,true,false,false,null],"right_img":[1,2,1,1,1,1,1,2,1,1,1,1,1,1,2,1,2,2,1,1],"img_choice":[1,1,1,1,2,2,1,1,2,1,1,2,1,2,2,2,2,1,2,null],"center_sample":[3,2,2,2,2,2,1,3,1,3,3,3,3,3,2,1,3,3,1,1],"left_sample":[3,1,1,3,1,3,3,3,2,1,1,2,1,1,3,1,2,2,1,1],"right_sample":[3,3,3,1,1,2,3,1,3,2,3,2,3,1,1,1,2,2,3,3],"RT":[[0,2559,0,0],[0,2604,0,0],[0,2111,0,0],[0,2095,0,0],[0,2927,0,0],[0,2561,0,0],[0,3878,0,0],[0,3843,0,0],[0,2394,0,0],[0,3160,0,0],[0,4861,0,0],[0,2677,0,0],[0,3163,0,0],[0,3131,0,0],[0,2952,0,0],[0,2594,0,0],[0,3262,0,0],[0,3267,0,0],[0,3407,0,0],[0,0,0,0]],"response":[[0,1,0,0],[0,1,0,0],[0,1,0,0],[0,1,0,0],[0,1,0,0],[0,1,0,0],[0,1,0,0],[0,1,0,0],[0,1,0,0],[0,1,0,0],[0,1,0,0],[0,1,0,0],[0,1,0,0],[0,1,0,0],[0,1,0,0],[0,1,0,0],[0,1,0,0],[0,1,0,0],[0,1,0,0],[0,1,0,0]],"framerate":[59.677928639090624,57.50699409387629,58.88847994111152,59.28121526491294,59.705715902659875,59.65909090909091,60.00446129823779,59.99999999999999,59.99999999999999,59.69753250198992,59.64141968532748,59.701492537313435,60.01062134891131,58.90227576974565,59.45036455412227,59.99999999999999,59.47763123868632,59.98970133882596,59.9950211600697,59.996439380452195]}
