{"practice":[0,0,0,0,0,0,0,0,0,0,0,0,0,0,0,0,0,0,0,0],"center_interval":[75,50,75,100,25,0,100,75,100,0,100,50,75,25,0,25,0,75,50,100],"image_pair":[3,4,4,4,2,2,2,2,1,1,4,4,2,3,3,3,2,3,2,4],"feature_space":[1,2,1,1,2,2,2,2,1,2,2,2,2,2,2,1,1,1,2,1],"left_img":[1,2,1,2,1,2,1,1,1,2,1,2,1,1,2,1,2,1,1,1],"img1Sample":[1,2,3,1,3,2,3,1,1,2,1,3,2,2,2,2,1,3,1,3],"img2Sample":[3,2,3,2,2,1,3,2,2,3,2,2,2,3,3,3,2,2,2,3],"key":[49,50,49,49,49,50,50,50,50,50,50,50,50,49,50,49,49,50,50,50],"correct":[false,true,false,true,true,true,true,true,true,true,true,true,true,true,true,true,false,true,false,true],"right_img":[2,1,2,1,2,1,2,2,2,1,2,1,2,2,1,2,1,2,2,2],"img_choice":[1,1,1,2,1,1,2,2,2,1,2,1,2,1,1,1,2,2,2,2],"center_sample":[1,2,3,3,2,3,1,3,3,1,1,2,2,1,1,2,2,1,3,1],"left_sample":[1,2,3,2,3,1,3,1,1,3,1,2,2,2,3,2,2,3,1,3],"right_sample":[3,2,3,1,2,2,3,2,2,2,2,3,2,3,2,3,1,2,2,3],"RT":[[0,1712,0,0],[0,1361,0,0],[0,2827,0,0],[0,1344,0,0],[0,2472,0,0],[0,2530,0,0],[0,1560,0,0],[0,3459,0,0],[0,2247,0,0],[0,2712,0,0],[0,1768,0,0],[0,1778,0,0],[0,1864,0,0],[0,1829,0,0],[0,1780,0,0],[0,1948,0,0],[0,2010,0,0],[0,1769,0,0],[0,3644,0,0],[0,1980,0,0]],"response":[[0,1,0,0],[0,1,0,0],[0,1,0,0],[0,1,0,0],[0,1,0,0],[0,1,0,0],[0,1,0,0],[0,1,0,0],[0,1,0,0],[0,1,0,0],[0,1,0,0],[0,1,0,0],[0,1,0,0],[0,1,0,0],[0,1,0,0],[0,1,0,0],[0,1,0,0],[0,1,0,0],[0,1,0,0],[0,1,0,0]],"framerate":[59.96548748921484,59.5116988809766,59.40594059405941,60.030785017957925,59.66277561608301,60.00638365783593,59.52930318412552,59.9803343166175,58.59649122807018,59.089538739825144,59.16911456147712,60.0083927822073,59.99189298743413,59.9835661462613,60.0083927822073,59.584476675813406,59.610240733664504,59.16911456147712,59.04493060456363,59.62059620596206]}
