{"practice":[0,0,0,0,0,0,0,0,0,0,0,0,0,0,0,0,0,0,0,0],"center_interval":[0,100,75,100,0,50,100,100,25,100,75,100,100,100,0,25,75,50,75,0],"image_pair":[1,2,3,3,4,4,3,1,1,4,4,2,2,3,1,3,4,2,2,3],"feature_space":[2,2,1,1,2,1,2,1,2,1,1,2,1,2,1,1,1,2,2,2],"left_img":[2,1,1,2,1,2,2,2,1,2,1,2,2,1,2,1,1,1,2,2],"img1Sample":[3,1,2,1,2,2,1,2,1,3,1,2,2,3,2,2,2,2,2,2],"img2Sample":[2,2,1,1,2,3,2,1,2,3,2,2,2,1,1,1,2,1,3,3],"key":[49,50,null,49,49,50,49,50,50,50,50,49,49,50,50,49,50,50,49,50],"correct":[false,true,null,true,true,true,true,false,false,false,true,true,true,true,true,true,true,false,true,true],"right_img":[1,2,2,1,2,1,1,1,2,1,2,1,1,2,1,2,2,2,1,1],"img_choice":[2,2,null,2,1,1,2,1,2,1,2,2,2,2,1,1,2,2,2,1],"center_sample":[1,3,1,3,1,1,1,2,2,1,2,3,3,2,3,3,3,1,2,3],"left_sample":[2,1,2,1,2,3,2,1,1,3,1,2,2,3,1,2,2,2,3,3],"right_sample":[3,2,1,1,2,2,1,2,2,3,2,2,2,1,2,1,2,1,2,2],"RT":[[0,3017,0,0],[0,1895,0,0],[0,0,0,0],[0,2228,0,0],[0,1694,0,0],[0,2927,0,0],[0,1462,0,0],[0,1510,0,0],[0,1445,0,0],[0,2045,0,0],[0,2727,0,0],[0,1695,0,0],[0,1696,0,0],[0,1700,0,0],[0,2060,0,0],[0,2592,0,0],[0,2276,0,0],[0,2328,0,0],[0,2315,0,0],[0,1813,0,0]],"response":[[0,1,0,0],[0,1,0,0],[0,1,0,0],[0,1,0,0],[0,1,0,0],[0,1,0,0],[0,1,0,0],[0,1,0,0],[0,1,0,0],[0,1,0,0],[0,1,0,0],[0,1,0,0],[0,1,0,0],[0,1,0,0],[0,1,0,0],[0,1,0,0],[0,1,0,0],[0,1,0,0],[0,1,0,0],[0,1,0,0]],"framerate":[60.0055050922103,59.97600959616154,59.64037742567207,59.98588567395907,59.59112657677251,59.98868138087153,59.50653120464441,59.99055266887104,59.51219512195122,59.62264150943397,59.3881223755249,59.1304347826087,59.56521739130435,59.99136814846784,59.99250093738283,59.99999999999999,59.986130374479885,60.006818956699625,59.99314364072677,59.577989242863055]}
