{"practice":[0,0,0,0,0,0,0,0,0,0,0,0,0,0,0,0,0,0,0,0],"center_interval":[0,75,75,50,25,100,100,0,75,50,75,100,75,75,50,75,100,25,75,25],"image_pair":[2,3,1,3,1,2,2,1,4,4,2,3,1,2,4,2,3,2,3,3],"feature_space":[1,2,1,2,2,2,2,1,2,2,1,1,1,2,2,2,1,1,2,2],"left_img":[1,2,2,2,2,2,2,1,2,2,1,1,2,2,2,1,1,2,2,2],"img1Sample":[1,3,1,3,2,2,2,3,1,2,3,3,1,1,3,3,2,3,3,3],"img2Sample":[3,3,1,2,2,3,1,3,3,1,3,2,2,3,1,2,3,3,3,3],"key":[50,49,49,49,49,50,49,49,49,49,49,49,49,50,50,50,50,null,49,null],"correct":[false,true,true,false,false,false,true,true,true,false,false,false,true,false,true,true,true,null,true,null],"right_img":[2,1,1,1,1,1,1,2,1,1,2,2,1,1,1,2,2,1,1,1],"img_choice":[2,2,2,2,2,1,2,1,2,2,1,1,2,1,1,2,2,null,2,null],"center_sample":[3,3,1,3,3,1,3,2,1,2,1,1,3,2,2,1,2,2,2,3],"left_sample":[1,3,1,2,2,3,1,3,3,1,3,3,2,3,1,3,2,3,3,3],"right_sample":[3,3,1,3,2,2,2,3,1,2,3,2,1,1,3,2,3,3,3,3],"RT":[[0,0,0,1766,0,0],[0,0,0,2202,0,0],[0,0,0,827,0,0],[0,0,0,330,0,0],[0,0,0,2298,0,0],[0,0,0,522,0,0],[0,0,0,3196,0,0],[0,0,0,1022,0,0],[0,0,0,1008,0,0],[0,0,0,1709,0,0],[0,0,0,1925,0,0],[0,0,0,675,0,0],[0,0,0,1044,0,0],[0,0,0,694,0,0],[0,0,0,2360,0,0],[0,0,0,1995,0,0],[0,0,0,2812,0,0],[0,0,0,0,0,0],[0,0,0,1738,0,0],[0,0,0,0,0,0]],"response":[[0,0,0,1,0,0],[0,0,0,1,0,0],[0,0,0,1,0,0],[0,0,0,1,0,0],[0,0,0,1,0,0],[0,0,0,1,0,0],[0,0,0,1,0,0],[0,0,0,1,0,0],[0,0,0,1,0,0],[0,0,0,1,0,0],[0,0,0,1,0,0],[0,0,0,1,0,0],[0,0,0,1,0,0],[0,0,0,1,0,0],[0,0,0,1,0,0],[0,0,0,1,0,0],[0,0,0,1,0,0],[0,0,0,1,0,0],[0,0,0,1,0,0],[0,0,0,1,0,0]],"framerate":[31.998258598171528,32.00159014112503,32.00218818380744,32.00253485424588,32,31.997607655502392,32.005334222370394,31.98959687906372,32.00419727177335,31.94536241462877,32.04047217537943,32,32.008260196179656,32,32.009255688391825,31.7823016202742,32,32.00614517987454,31.98247535596933,32.010243277848915]}
