{"practice":[0,0,0,0,0,0,0,0,0,0,0,0,0,0,0,0,0,0,0,0],"center_interval":[75,0,50,50,75,50,0,50,100,25,25,100,100,100,0,25,25,50,75,75],"image_pair":[3,4,2,3,3,4,3,4,4,2,3,3,3,4,3,4,1,3,1,1],"feature_space":[2,2,1,1,2,1,2,2,2,1,2,1,1,1,2,1,1,1,1,1],"left_img":[2,2,2,2,1,2,1,1,1,1,2,2,2,1,1,1,1,1,1,1],"img1Sample":[2,3,3,3,2,2,3,3,2,3,2,3,3,2,1,2,2,2,2,2],"img2Sample":[3,2,1,1,3,3,3,1,1,1,3,3,1,3,1,1,1,3,1,1],"key":[50,50,49,49,50,50,49,49,50,49,50,49,50,50,49,49,50,49,49,49],"correct":[false,true,false,false,true,true,true,true,true,true,true,true,false,true,true,true,false,true,false,false],"right_img":[1,1,1,1,2,1,2,2,2,2,1,1,1,2,2,2,2,2,2,2],"img_choice":[1,1,2,2,2,1,1,1,2,1,1,2,1,2,1,1,2,1,1,1],"center_sample":[3,1,3,2,3,3,1,3,2,2,1,1,3,1,3,1,1,3,3,1],"left_sample":[3,2,1,1,2,3,3,3,2,3,3,3,1,2,1,2,2,2,2,2],"right_sample":[2,3,3,3,3,2,3,1,1,1,2,3,3,3,1,1,1,3,1,1],"RT":[[0,0,0,1638,0,0],[0,0,0,1496,0,0],[0,0,0,1761,0,0],[0,0,0,1543,0,0],[0,0,0,1514,0,0],[0,0,0,2527,0,0],[0,0,0,1236,0,0],[0,0,0,1916,0,0],[0,0,0,2368,0,0],[0,0,0,2188,0,0],[0,0,0,2074,0,0],[0,0,0,2151,0,0],[0,0,0,2048,0,0],[0,0,0,3093,0,0],[0,0,0,1952,0,0],[0,0,0,1504,0,0],[0,0,0,237,0,0],[0,0,0,1989,0,0],[0,0,0,1917,0,0],[0,0,0,1077,0,0]],"response":[[0,0,0,1,0,0],[0,0,0,1,0,0],[0,0,0,1,0,0],[0,0,0,1,0,0],[0,0,0,1,0,0],[0,0,0,1,0,0],[0,0,0,1,0,0],[0,0,0,1,0,0],[0,0,0,1,0,0],[0,0,0,1,0,0],[0,0,0,1,0,0],[0,0,0,1,0,0],[0,0,0,1,0,0],[0,0,0,1,0,0],[0,0,0,1,0,0],[0,0,0,1,0,0],[0,0,0,1,0,0],[0,0,0,1,0,0],[0,0,0,1,0,0],[0,0,0,1,0,0]],"framerate":[32.00537153088631,31.996290285184326,32.003507233669445,32,31.998158379373848,31.998502994011975,32.00393894633186,32.00508690122933,31.972265023112477,32.01921152691615,32,32.0048309178744,32,31.995937023869985,32.00167329010667,32.003710575139145,31.98433420365535,32.009977135730615,31.99830472557745,32.002048131080386]}
