{"practice":[1,1,1,1,1],"center_interval":[0,0,75,100,50],"image_pair":[4,1,3,3,1],"feature_space":[1,1,1,2,2],"left_img":[1,1,1,2,1],"img1Sample":[2,1,1,1,2],"img2Sample":[2,2,2,2,1],"key":[null,null,null,50,50],"correct":[null,null,null,false,false],"right_img":[2,2,2,1,2],"img_choice":[null,null,null,1,2],"center_sample":[3,3,1,1,1],"left_sample":[2,1,1,2,2],"right_sample":[2,2,2,1,1],"RT":[[0,0,0,0,0,0],[0,0,0,0,0,0],[0,0,0,0,0,0],[0,0,0,545,0,0],[0,0,0,1679,0,0]],"response":[[0,0,0,1,0,0],[0,0,0,1,0,0],[0,0,0,1,0,0],[0,0,0,1,0,0],[0,0,0,1,0,0]],"framerate":[32.002048131080386,31.997952131063613,32.002048131080386,31.703703703703706,32]}
