{"practice":[0,0,0,0,0,0,0,0,0,0,0,0,0,0,0,0,0,0,0,0],"center_interval":[100,25,100,50,75,0,100,100,50,25,25,75,0,50,25,25,0,0,100,25],"image_pair":[3,3,4,4,3,2,4,3,2,2,4,4,4,4,4,2,3,3,3,2],"feature_space":[1,1,1,1,1,1,1,1,2,2,1,1,1,1,2,2,1,2,2,2],"left_img":[2,1,1,1,1,1,2,2,1,2,2,2,2,2,1,1,2,1,2,1],"img1Sample":[1,3,1,2,1,2,1,2,3,1,3,1,3,3,3,2,1,2,2,3],"img2Sample":[3,1,1,2,2,3,1,3,2,3,3,2,3,2,3,1,1,2,2,3],"key":[49,50,49,49,50,49,49,null,null,null,50,50,null,null,null,50,50,50,50,50],"correct":[true,false,false,true,true,true,true,null,null,null,true,false,null,null,null,false,true,false,false,false],"right_img":[1,2,2,2,2,2,1,1,2,1,1,1,1,1,2,2,1,2,1,2],"img_choice":[2,2,1,1,2,1,2,null,null,null,1,1,null,null,null,2,1,2,1,2],"center_sample":[2,1,3,1,3,1,2,1,3,3,2,3,1,3,1,3,3,3,1,2],"left_sample":[3,3,1,2,1,2,1,3,3,3,3,2,3,2,3,2,1,2,2,3],"right_sample":[1,1,1,2,2,3,1,2,2,1,3,1,3,3,3,1,1,2,2,3],"RT":[[0,0,0,1837,0,0],[0,0,0,1529,0,0],[0,0,0,607,0,0],[0,0,0,2239,0,0],[0,0,0,804,0,0],[0,0,0,2572,0,0],[0,0,0,2203,0,0],[0,0,0,0,0,0],[0,0,0,0,0,0],[0,0,0,0,0,0],[0,0,0,1572,0,0],[0,0,0,1280,0,0],[0,0,0,0,0,0],[0,0,0,0,0,0],[0,0,0,0,0,0],[0,0,0,308,0,0],[0,0,0,375,0,0],[0,0,0,948,0,0],[0,0,0,296,0,0],[0,0,0,920,0,0]],"response":[[0,0,0,1,0,0],[0,0,0,1,0,0],[0,0,0,1,0,0],[0,0,0,1,0,0],[0,0,0,1,0,0],[0,0,0,1,0,0],[0,0,0,1,0,0],[0,0,0,1,0,0],[0,0,0,1,0,0],[0,0,0,1,0,0],[0,0,0,1,0,0],[0,0,0,1,0,0],[0,0,0,1,0,0],[0,0,0,1,0,0],[0,0,0,1,0,0],[0,0,0,1,0,0],[0,0,0,1,0,0],[0,0,0,1,0,0],[0,0,0,1,0,0],[0,0,0,1,0,0]],"framerate":[31.994846467683058,32.00552613400875,32.0139697322468,31.990521327014218,32,31.99404761904762,32.007952286282304,32.002048131080386,32.002048131080386,31.997952131063613,32,32.00586366967994,31.99385717942155,32.002048131080386,31.997952131063613,32,32.005020395356134,32.008535609495866,32,31.982942430703627]}
