{"practice":[1,1,1,1,1],"center_interval":[0,25,100,100,50],"image_pair":[2,3,2,4,3],"feature_space":[1,1,2,2,1],"left_img":[2,2,2,2,2],"img1Sample":[1,1,1,1,3],"img2Sample":[2,3,1,2,3],"key":[null,49,49,null,49],"correct":[null,false,true,null,false],"right_img":[1,1,1,1,1],"img_choice":[null,2,2,null,2],"center_sample":[2,3,3,1,3],"left_sample":[2,3,1,2,3],"right_sample":[1,1,1,1,3],"RT":[[0,0,0,0],[0,3680,0,0],[0,2744,0,0],[0,0,0,0],[0,2905,0,0]],"response":[[0,1,0,0],[0,1,0,0],[0,1,0,0],[0,1,0,0],[0,1,0,0]],"framerate":[7.165326808808109,6.902899217671422,8.417997097242381,5.979599015124868,9.725400457665904]}
