{"practice":[0,0,0,0,0,0,0,0,0,0,0,0,0,0,0,0,0,0,0,0],"center_interval":[50,75,50,0,25,100,50,50,75,50,50,75,0,100,75,25,50,50,25,100],"image_pair":[2,2,3,4,3,4,2,3,3,1,3,1,3,3,3,3,1,4,4,1],"feature_space":[1,2,2,2,1,2,1,1,1,2,1,1,1,1,1,1,2,2,2,2],"left_img":[2,1,1,1,2,1,1,1,2,2,2,1,1,1,2,2,1,2,1,2],"img1Sample":[1,3,3,1,2,3,3,3,1,3,2,1,3,1,2,1,2,2,1,1],"img2Sample":[1,2,3,1,2,1,3,2,2,1,3,3,3,1,3,3,1,1,1,2],"key":[49,50,49,49,50,49,49,null,50,50,null,null,null,null,49,50,49,null,null,null],"correct":[false,true,true,true,true,false,true,null,false,true,null,null,null,null,true,true,true,null,null,null],"right_img":[1,2,2,2,1,2,2,2,1,1,1,2,2,2,1,1,2,1,2,1],"img_choice":[2,2,1,1,1,1,1,null,1,1,null,null,null,null,2,1,1,null,null,null],"center_sample":[2,1,2,3,2,2,3,1,1,2,2,3,1,2,3,1,1,3,1,3],"left_sample":[1,3,3,1,2,3,3,3,2,1,3,1,3,1,3,3,2,1,1,2],"right_sample":[1,2,3,1,2,1,3,2,1,3,2,3,3,1,2,1,1,2,1,1],"RT":[[0,2191,0,0],[0,3527,0,0],[0,3572,0,0],[0,2982,0,0],[0,3424,0,0],[0,2616,0,0],[0,2799,0,0],[0,0,0,0],[0,733,0,0],[0,439,0,0],[0,0,0,0],[0,0,0,0],[0,0,0,0],[0,0,0,0],[0,4728,0,0],[0,1481,0,0],[0,1288,0,0],[0,0,0,0],[0,0,0,0],[0,0,0,0]],"response":[[0,1,0,0],[0,1,0,0],[0,1,0,0],[0,1,0,0],[0,1,0,0],[0,1,0,0],[0,1,0,0],[0,1,0,0],[0,1,0,0],[0,1,0,0],[0,1,0,0],[0,1,0,0],[0,1,0,0],[0,1,0,0],[0,1,0,0],[0,1,0,0],[0,1,0,0],[0,1,0,0],[0,1,0,0],[0,1,0,0]],"framerate":[9.554140127388534,10.38647342995169,10.007147962830594,10.785398230088497,9.293225727561751,10.795805058605799,7.869425823375109,3.733997155049787,5.838198498748958,5.595523581135092,8.51063829787234,5.487547488391726,4.496759687871974,7.331902718168814,6.97759823723834,7.932804479701353,7.146503318019398,7.020702070207021,6.4412238325281805,4.064322318430818]}
