{"practice":[0,0,0,0,0,0,0,0,0,0,0,0,0,0,0,0,0,0,0,0],"center_interval":[100,50,0,100,75,100,75,100,75,100,75,100,0,0,25,75,0,50,0,0],"image_pair":[1,1,2,1,2,2,4,1,3,2,4,1,2,4,1,4,4,1,2,3],"feature_space":[1,2,2,1,2,2,1,1,1,2,1,2,1,1,2,2,2,2,1,2],"left_img":[2,2,2,1,1,2,1,1,1,2,2,1,1,2,2,1,2,1,2,2],"img1Sample":[1,1,1,2,1,3,3,1,3,3,2,3,2,2,2,2,1,3,3,3],"img2Sample":[1,3,3,1,1,1,1,1,1,2,2,2,1,2,1,1,3,3,3,1],"key":[49,49,50,null,null,50,49,null,49,50,null,49,null,49,null,49,49,49,50,50],"correct":[true,false,true,null,null,false,false,null,false,false,null,false,null,false,null,false,false,true,true,true],"right_img":[1,1,1,2,2,1,2,2,2,1,1,2,2,1,1,2,1,2,1,1],"img_choice":[2,2,1,null,null,1,1,null,1,1,null,1,null,2,null,1,2,1,1,1],"center_sample":[3,3,2,2,2,2,1,2,3,3,1,3,3,3,1,2,3,2,2,1],"left_sample":[1,3,3,2,1,1,3,1,3,2,2,3,2,2,1,2,3,3,3,1],"right_sample":[1,1,1,1,1,3,1,1,1,3,2,2,1,2,2,1,1,3,3,3],"RT":[[0,0,0,2982,0,0],[0,0,0,2754,0,0],[0,0,0,2534,0,0],[0,0,0,0,0,0],[0,0,0,0,0,0],[0,0,0,2707,0,0],[0,0,0,2987,0,0],[0,0,0,0,0,0],[0,0,0,1445,0,0],[0,0,0,1575,0,0],[0,0,0,0,0,0],[0,0,0,2680,0,0],[0,0,0,0,0,0],[0,0,0,2432,0,0],[0,0,0,0,0,0],[0,0,0,3943,0,0],[0,0,0,1438,0,0],[0,0,0,3599,0,0],[0,0,0,4217,0,0],[0,0,0,3582,0,0]],"response":[[0,0,0,1,0,0],[0,0,0,1,0,0],[0,0,0,1,0,0],[0,0,0,1,0,0],[0,0,0,1,0,0],[0,0,0,1,0,0],[0,0,0,1,0,0],[0,0,0,1,0,0],[0,0,0,1,0,0],[0,0,0,1,0,0],[0,0,0,1,0,0],[0,0,0,1,0,0],[0,0,0,1,0,0],[0,0,0,1,0,0],[0,0,0,1,0,0],[0,0,0,1,0,0],[0,0,0,1,0,0],[0,0,0,1,0,0],[0,0,0,1,0,0],[0,0,0,1,0,0]],"framerate":[23.58003442340792,21.47458840372226,20.856820744081173,20.475645427953708,21.76696542893726,19.398114575779548,21.331945889698233,19.625334522747547,24.36140018921476,22.202287508409956,22.944057746841967,24.72836268265268,18.10965021086579,20.06823198876179,24.525511461671186,22.258017279250254,23.7758945386064,19.6782758082149,18.406672418751796,22.336251131904618]}
