{"practice":[0,0,0,0,0,0,0,0,0,0,0,0,0,0,0,0,0,0,0,0],"center_interval":[0,50,25,50,25,100,50,25,50,0,75,75,50,100,100,0,25,50,50,75],"image_pair":[4,3,1,3,3,1,1,4,3,4,1,3,3,1,2,1,4,2,2,4],"feature_space":[1,1,2,1,1,2,1,2,1,1,2,2,1,2,2,1,2,1,2,2],"left_img":[2,2,1,2,1,2,2,2,2,1,1,1,1,2,2,1,1,2,1,2],"img1Sample":[3,3,2,1,1,2,3,3,1,3,2,3,1,2,2,1,3,3,3,1],"img2Sample":[2,1,2,1,3,2,3,1,2,3,1,3,2,1,3,1,1,2,1,3],"key":[49,null,49,49,null,49,49,50,50,50,50,49,50,null,49,null,49,null,49,49],"correct":[false,null,true,false,null,true,false,true,true,false,true,false,false,null,true,null,true,null,true,true],"right_img":[1,1,2,1,2,1,1,1,1,2,2,2,2,1,1,2,2,1,2,1],"img_choice":[2,null,1,2,null,2,2,1,1,2,2,1,2,null,2,null,1,null,1,2],"center_sample":[2,1,3,1,3,1,2,3,1,2,2,3,3,2,1,3,1,1,1,1],"left_sample":[2,1,2,1,1,2,3,1,2,3,2,3,1,1,3,1,3,2,3,3],"right_sample":[3,3,2,1,3,2,3,3,1,3,1,3,2,2,2,1,1,3,1,1],"RT":[[0,0,0,3181,0,0],[0,0,0,0,0,0],[0,0,0,3510,0,0],[0,0,0,15,0,0],[0,0,0,0,0,0],[0,0,0,2938,0,0],[0,0,0,3197,0,0],[0,0,0,3937,0,0],[0,0,0,2829,0,0],[0,0,0,4429,0,0],[0,0,0,3342,0,0],[0,0,0,3333,0,0],[0,0,0,3932,0,0],[0,0,0,0,0,0],[0,0,0,4342,0,0],[0,0,0,0,0,0],[0,0,0,2231,0,0],[0,0,0,0,0,0],[0,0,0,2057,0,0],[0,0,0,4469,0,0]],"response":[[0,0,0,1,0,0],[0,0,0,1,0,0],[0,0,0,1,0,0],[0,0,0,1,0,0],[0,0,0,1,0,0],[0,0,0,1,0,0],[0,0,0,1,0,0],[0,0,0,1,0,0],[0,0,0,1,0,0],[0,0,0,1,0,0],[0,0,0,1,0,0],[0,0,0,1,0,0],[0,0,0,1,0,0],[0,0,0,1,0,0],[0,0,0,1,0,0],[0,0,0,1,0,0],[0,0,0,1,0,0],[0,0,0,1,0,0],[0,0,0,1,0,0],[0,0,0,1,0,0]],"framerate":[21.11739275024942,19.358974358974358,20.36306235201263,24.610051993067593,22.71277274467271,18.584825234441603,21.171022163413827,21.951943043607237,18.64346590909091,21.19113573407202,19.845111326234267,22.00529450694904,19.19745958429561,18.850987432675044,17.76223776223776,17.660609163040697,20.339652448657187,22.27816236626809,19.004337946705228,18.939910069491756]}
