{"practice":[1,1,1,1,1],"center_interval":[0,25,0,75,50],"image_pair":[4,3,2,3,2],"feature_space":[2,1,2,2,1],"left_img":[1,1,2,1,1],"img1Sample":[2,3,2,3,2],"img2Sample":[2,2,2,2,3],"key":[49,49,50,null,49],"correct":[true,true,true,null,true],"right_img":[2,2,1,2,2],"img_choice":[1,1,1,null,1],"center_sample":[3,2,3,1,3],"left_sample":[2,3,2,3,2],"right_sample":[2,2,2,2,3],"RT":[[0,0,0,1085,0,0],[0,0,0,2079,0,0],[0,0,0,4473,0,0],[0,0,0,0,0,0],[0,0,0,2099,0,0]],"response":[[0,0,0,1,0,0],[0,0,0,1,0,0],[0,0,0,1,0,0],[0,0,0,1,0,0],[0,0,0,1,0,0]],"framerate":[22.814662906946936,26.680244399185334,25.151181968114347,20.047613081067535,22.53807106598985]}
