{"practice":[0,0,0,0,0,0,0,0,0,0,0,0,0,0,0,0,0,0,0,0],"center_interval":[75,25,25,25,100,0,25,50,50,25,25,50,75,0,75,0,100,25,100,100],"image_pair":[2,2,1,2,3,1,4,1,4,4,1,2,3,2,4,2,4,3,1,2],"feature_space":[2,1,1,2,1,2,2,1,2,2,1,2,1,2,1,1,1,2,2,2],"left_img":[1,2,2,1,1,2,2,2,2,2,1,1,2,2,2,2,1,1,1,1],"img1Sample":[2,3,3,2,2,1,1,1,3,2,3,1,1,3,1,1,2,2,2,2],"img2Sample":[3,3,2,2,3,3,2,3,2,2,3,3,3,1,2,3,3,3,1,1],"key":[50,49,49,50,49,50,50,49,50,49,50,50,50,50,49,50,50,49,50,50],"correct":[true,false,false,false,false,true,true,false,true,false,false,false,false,true,true,true,true,true,true,true],"right_img":[2,1,1,2,2,1,1,1,1,1,2,2,1,1,1,1,2,2,2,2],"img_choice":[2,2,2,2,1,1,1,2,1,2,2,2,1,1,2,1,2,1,2,2],"center_sample":[3,2,2,1,1,2,2,2,2,2,1,1,3,1,3,2,2,1,2,2],"left_sample":[2,3,2,2,2,3,2,3,2,2,3,1,3,1,2,3,2,2,2,2],"right_sample":[3,3,3,2,3,1,1,1,3,2,3,3,1,3,1,1,3,3,1,1],"RT":[[0,0,0,871,0,0],[0,0,0,1038.7000000000698,0,0],[0,0,0,858.1000000000931,0,0],[0,0,0,795,0,0],[0,0,0,645.9000000000233,0,0],[0,0,0,766.3999999999069,0,0],[0,0,0,1026.2999999999302,0,0],[0,0,0,875,0,0],[0,0,0,746.7999999999302,0,0],[0,0,0,627.8000000000466,0,0],[0,0,0,941.7000000000698,0,0],[0,0,0,1196.3000000000466,0,0],[0,0,0,752.1999999999534,0,0],[0,0,0,999.3000000000466,0,0],[0,0,0,686.0999999999767,0,0],[0,0,0,744.9000000000233,0,0],[0,0,0,1032.0999999999767,0,0],[0,0,0,1318.2999999999302,0,0],[0,0,0,1005.9000000000233,0,0],[0,0,0,921.4000000000233,0,0]],"response":[[0,0,0,1,0,0],[0,0,0,1,0,0],[0,0,0,1,0,0],[0,0,0,1,0,0],[0,0,0,1,0,0],[0,0,0,1,0,0],[0,0,0,1,0,0],[0,0,0,1,0,0],[0,0,0,1,0,0],[0,0,0,1,0,0],[0,0,0,1,0,0],[0,0,0,1,0,0],[0,0,0,1,0,0],[0,0,0,1,0,0],[0,0,0,1,0,0],[0,0,0,1,0,0],[0,0,0,1,0,0],[0,0,0,1,0,0],[0,0,0,1,0,0],[0,0,0,1,0,0]],"framerate":[59.7663678348275,59.551672127738485,59.75606428551901,59.52710559831586,59.816216841010636,59.761512468932004,59.51914793640921,59.76961530102076,59.54564695922111,59.51862497459692,59.78754070356975,59.800830706100534,59.77940557379849,59.77975878342947,57.482769468356636,59.55725362400114,59.7505609768829,59.52236928065005,59.32692812516552,59.436159674438294]}
