{"practice":[1,1,1,1,1],"center_interval":[50,75,100,100,50],"image_pair":[4,3,1,1,3],"feature_space":[2,1,1,1,1],"left_img":[1,2,1,1,2],"img1Sample":[2,3,3,1,3],"img2Sample":[2,1,2,2,2],"key":[96,49,50,50,50],"correct":[null,true,true,true,true],"right_img":[2,1,2,2,1],"img_choice":[null,2,2,2,1],"center_sample":[2,1,1,3,3],"left_sample":[2,1,3,1,2],"right_sample":[2,3,2,2,3],"RT":[[0,0,0,1198.7000000000116,0,0],[0,0,0,1899.7000000000116,0,0],[0,0,0,1344.1999999999534,0,0],[0,0,0,1764,0,0],[0,0,0,1275.5999999999767,0,0]],"response":[[0,0,0,1,0,0],[0,0,0,1,0,0],[0,0,0,1,0,0],[0,0,0,1,0,0],[0,0,0,1,0,0]],"framerate":[59.665565542495614,58.94118648395564,58.80509965536372,59.185812876736414,59.99213217938613]}
