{"practice":[0,0,0,0,0,0,0,0,0,0,0,0,0,0,0,0,0,0,0,0],"center_interval":[75,100,100,50,50,25,50,100,100,75,0,100,100,25,25,25,25,0,0,25],"image_pair":[2,2,3,4,2,1,1,1,2,3,1,4,2,2,2,4,1,2,3,1],"feature_space":[2,2,1,2,1,2,1,1,1,1,1,1,1,1,1,2,2,2,2,1],"left_img":[1,1,2,1,2,1,1,1,2,2,2,1,2,1,2,1,2,1,1,1],"img1Sample":[2,2,1,3,2,3,2,2,3,2,3,1,1,1,3,1,2,1,2,1],"img2Sample":[2,3,3,3,3,1,1,3,3,2,3,2,1,2,3,2,1,3,2,3],"key":[49,50,49,49,50,49,50,49,50,49,50,49,50,50,49,50,50,49,49,50],"correct":[false,true,true,true,true,true,false,false,false,true,true,false,false,false,false,false,true,true,true,false],"right_img":[2,2,1,2,1,2,2,2,1,1,1,2,1,2,1,2,1,2,2,2],"img_choice":[1,2,2,1,1,1,2,1,1,2,1,1,1,2,2,2,1,1,1,2],"center_sample":[1,1,2,3,1,3,2,1,1,1,2,1,2,1,3,1,2,2,1,2],"left_sample":[2,2,3,3,3,3,2,2,3,2,3,1,1,1,3,1,1,1,2,1],"right_sample":[2,3,1,3,2,1,1,3,3,2,3,2,1,2,3,2,2,3,2,3],"RT":[[0,0,0,1060.6999999999534,0,0],[0,0,0,539.5,0,0],[0,0,0,739.6000000000931,0,0],[0,0,0,627.4000000000233,0,0],[0,0,0,569.2000000000698,0,0],[0,0,0,1023.2000000000698,0,0],[0,0,0,647.3999999999069,0,0],[0,0,0,560.7999999999302,0,0],[0,0,0,545.8000000000466,0,0],[0,0,0,415.80000000004657,0,0],[0,0,0,494.29999999993015,0,0],[0,0,0,620.5,0,0],[0,0,0,343.4000000000233,0,0],[0,0,0,170,0,0],[0,0,0,138.79999999993015,0,0],[0,0,0,157.60000000009313,0,0],[0,0,0,867.1999999999534,0,0],[0,0,0,745.2000000000698,0,0],[0,0,0,790.9000000000233,0,0],[0,0,0,672.1999999999534,0,0]],"response":[[0,0,0,1,0,0],[0,0,0,1,0,0],[0,0,0,1,0,0],[0,0,0,1,0,0],[0,0,0,1,0,0],[0,0,0,1,0,0],[0,0,0,1,0,0],[0,0,0,1,0,0],[0,0,0,1,0,0],[0,0,0,1,0,0],[0,0,0,1,0,0],[0,0,0,1,0,0],[0,0,0,1,0,0],[0,0,0,1,0,0],[0,0,0,1,0,0],[0,0,0,1,0,0],[0,0,0,1,0,0],[0,0,0,1,0,0],[0,0,0,1,0,0],[0,0,0,1,0,0]],"framerate":[59.266544165221305,59.47399880454274,59.7991650682621,59.78593718101975,59.479773917676496,59.82548722503715,59.762681525537076,59.810748080698225,59.80362987206189,59.479553903345725,59.77719409473906,59.49429846306355,59.77742448330684,59.81986826186362,59.795277186582005,59.75288636823841,59.53999238758164,59.51541477448939,59.78865406006675,59.785576729614384]}
