{"practice":[1,1,1,1,1],"center_interval":[25,50,25,100,25],"image_pair":[4,2,1,2,1],"feature_space":[1,2,1,1,1],"left_img":[1,1,1,2,2],"img1Sample":[2,2,2,1,3],"img2Sample":[3,3,3,3,3],"stim_time":[2000,2000,2000,2000,2000],"key":[49,null,null,null,null],"correct":[true,null,null,null,null],"right_img":[2,2,2,1,1],"img_choice":[1,null,null,null,null],"center_sample":[2,2,2,2,3],"left_sample":[2,2,2,3,3],"right_sample":[3,3,3,1,3],"exact_match":[0,0,0,0,0],"RT":[[0,0,0,2928,0,0],[0,0,0,0,0,0],[0,0,0,0,0,0],[0,0,0,0,0,0],[0,0,0,0,0,0]],"response":[[0,0,0,1,0,0],[0,0,0,1,0,0],[0,0,0,1,0,0],[0,0,0,1,0,0],[0,0,0,1,0,0]],"framerate":[24.912891986062718,23.678484576987074,24.583866837387962,24.556441244535872,24.225423944919037]}
