{"practice":[0,0,0,0,0,0,0,0,0,0,0,0,0,0,0,0,0,0,0,0],"center_interval":[50,75,25,75,50,25,75,25,100,25,0,50,50,0,50,25,0,0,25,100],"image_pair":[4,1,2,1,2,4,3,2,2,4,2,2,2,4,2,4,3,1,4,1],"feature_space":[1,2,2,1,1,2,2,1,2,1,2,2,2,1,1,2,2,2,2,2],"left_img":[2,1,1,2,2,1,2,2,1,1,2,2,2,1,1,1,1,1,1,2],"img1Sample":[3,2,1,1,2,3,3,2,1,1,1,3,1,3,2,1,3,2,3,3],"img2Sample":[1,1,1,3,2,1,3,1,2,3,3,3,3,3,3,1,1,1,2,2],"stim_time":[2000,2000,2000,2000,2000,2000,2000,2000,2000,2000,2000,2000,2000,2000,2000,2000,2000,2000,2000,2000],"key":[50,50,null,49,50,49,49,null,49,50,null,null,50,50,50,50,49,49,49,50],"correct":[true,true,null,true,true,true,true,null,false,false,null,null,true,false,false,false,true,true,true,false],"right_img":[1,2,2,1,1,2,1,1,2,2,1,1,1,2,2,2,2,2,2,1],"img_choice":[1,2,null,2,1,1,2,null,1,2,null,null,1,2,2,2,1,1,1,1],"center_sample":[2,2,1,3,2,1,1,2,3,1,2,3,2,2,1,2,1,1,3,3],"left_sample":[1,2,1,3,2,3,3,1,1,1,3,3,3,3,2,1,3,2,3,2],"right_sample":[3,1,1,1,2,1,3,2,2,3,1,3,1,3,3,1,1,1,2,3],"exact_match":[0,0,0,0,0,0,0,0,0,0,0,0,0,0,0,0,0,0,0,0],"RT":[[0,0,0,1139,0,0],[0,0,0,1675,0,0],[0,0,0,0,0,0],[0,0,0,811,0,0],[0,0,0,2500,0,0],[0,0,0,1799,0,0],[0,0,0,891,0,0],[0,0,0,0,0,0],[0,0,0,2605,0,0],[0,0,0,359,0,0],[0,0,0,0,0,0],[0,0,0,0,0,0],[0,0,0,2608,0,0],[0,0,0,245,0,0],[0,0,0,203,0,0],[0,0,0,1084,0,0],[0,0,0,1194,0,0],[0,0,0,505,0,0],[0,0,0,170,0,0],[0,0,0,2187,0,0]],"response":[[0,0,0,1,0,0],[0,0,0,1,0,0],[0,0,0,1,0,0],[0,0,0,1,0,0],[0,0,0,1,0,0],[0,0,0,1,0,0],[0,0,0,1,0,0],[0,0,0,1,0,0],[0,0,0,1,0,0],[0,0,0,1,0,0],[0,0,0,1,0,0],[0,0,0,1,0,0],[0,0,0,1,0,0],[0,0,0,1,0,0],[0,0,0,1,0,0],[0,0,0,1,0,0],[0,0,0,1,0,0],[0,0,0,1,0,0],[0,0,0,1,0,0],[0,0,0,1,0,0]],"framerate":[25.589054978464656,25.561235830184486,24.92649878563211,27.57859900717044,25.684289463817024,25.93722755013078,26.16123865456487,17.170681701691443,20.084761378293717,22.306000628338044,20.217530390275112,19.43844492440605,20.144150803917945,19.237039452233454,23.525513585155732,19.89795918367347,20.8385016125031,19.887206886316413,23.60876897133221,20.916334661354583]}
