{"practice":[0,0,0,0,0,0,0,0,0,0,0,0,0,0,0,0,0,0,0,0],"center_interval":[50,25,50,100,100,25,50,25,25,0,75,50,75,75,100,75,0,50,50,0],"image_pair":[3,2,3,4,2,1,3,3,3,4,4,1,2,3,3,1,2,3,2,3],"feature_space":[2,1,2,2,2,1,1,2,2,1,2,1,1,2,1,2,2,2,1,2],"left_img":[1,2,2,2,2,2,2,1,1,1,2,2,1,2,1,1,2,2,2,2],"img1Sample":[3,1,3,2,2,2,3,2,3,3,1,3,1,1,2,3,2,2,3,3],"img2Sample":[1,3,3,1,1,2,3,1,3,3,1,3,2,1,3,3,2,3,2,3],"stim_time":[2000,2000,2000,2000,2000,2000,2000,2000,2000,2000,2000,2000,2000,2000,2000,2000,2000,2000,2000,2000],"key":[49,50,49,49,49,null,null,null,null,null,null,null,null,null,null,null,null,null,null,null],"correct":[true,true,false,true,true,null,null,null,null,null,null,null,null,null,null,null,null,null,null,null],"right_img":[2,1,1,1,1,1,1,2,2,2,1,1,2,1,2,2,1,1,1,1],"img_choice":[1,1,2,2,2,null,null,null,null,null,null,null,null,null,null,null,null,null,null,null],"center_sample":[1,2,3,2,2,2,2,3,2,2,2,3,2,1,1,2,3,1,1,1],"left_sample":[3,3,3,1,1,2,3,2,3,3,1,3,1,1,2,3,2,3,2,3],"right_sample":[1,1,3,2,2,2,3,1,3,3,1,3,2,1,3,3,2,2,3,3],"exact_match":[0,0,0,0,0,0,0,0,0,0,0,0,0,0,0,0,0,0,0,0],"RT":[[0,0,0,1207,0,0],[0,0,0,1605,0,0],[0,0,0,1618,0,0],[0,0,0,2340,0,0],[0,0,0,2097,0,0],[0,0,0,0,0,0],[0,0,0,0,0,0],[0,0,0,0,0,0],[0,0,0,0,0,0],[0,0,0,0,0,0],[0,0,0,0,0,0],[0,0,0,0,0,0],[0,0,0,0,0,0],[0,0,0,0,0,0],[0,0,0,0,0,0],[0,0,0,0,0,0],[0,0,0,0,0,0],[0,0,0,0,0,0],[0,0,0,0,0,0],[0,0,0,0,0,0]],"response":[[0,0,0,1,0,0],[0,0,0,1,0,0],[0,0,0,1,0,0],[0,0,0,1,0,0],[0,0,0,1,0,0],[0,0,0,1,0,0],[0,0,0,1,0,0],[0,0,0,1,0,0],[0,0,0,1,0,0],[0,0,0,1,0,0],[0,0,0,1,0,0],[0,0,0,1,0,0],[0,0,0,1,0,0],[0,0,0,1,0,0],[0,0,0,1,0,0],[0,0,0,1,0,0],[0,0,0,1,0,0],[0,0,0,1,0,0],[0,0,0,1,0,0],[0,0,0,1,0,0]],"framerate":[24.764735017335312,24.58276950834461,24.301612536906653,25.255446308077886,23.246329526916803,26.017089656931514,23.577652485904665,25.07997440818938,25.089149261334693,24.318443619608345,25.549310168625446,24.779665346787585,26.514666325092865,26.88516195109461,25.467110314819557,26.70926517571885,26.620812635333078,26.622296173044926,25.618035096708084,24.82088024564995]}
