{"practice":[0,0,0,0,0,0,0,0,0,0,0,0,0,0,0,0,0,0,0,0],"center_interval":[75,50,25,100,50,0,0,50,100,100,75,0,0,25,100,25,75,75,75,0],"image_pair":[2,3,2,2,3,4,2,4,1,3,4,4,3,2,1,2,4,1,4,4],"feature_space":[1,1,1,2,2,1,2,1,1,1,2,2,2,2,1,1,1,1,1,2],"left_img":[1,1,1,2,2,2,1,2,2,1,1,1,2,2,2,2,1,2,1,2],"img1Sample":[3,3,3,2,3,2,3,2,2,3,1,1,1,2,1,3,3,2,2,3],"img2Sample":[1,3,1,2,1,3,3,3,3,1,1,1,3,1,2,2,2,3,3,3],"stim_time":[250,250,250,250,250,250,250,250,250,250,250,250,250,250,250,250,250,250,250,250],"key":[49,50,50,49,49,49,49,50,49,49,49,50,50,50,null,50,50,50,50,50],"correct":[false,false,false,true,false,false,true,true,true,false,false,false,true,true,null,true,true,false,true,true],"right_img":[2,2,2,1,1,1,2,1,1,2,2,2,1,1,1,1,2,1,2,1],"img_choice":[1,2,2,2,2,2,1,1,2,1,1,2,1,1,null,1,2,1,2,1],"center_sample":[1,2,3,3,1,3,2,3,3,2,2,3,3,1,3,2,2,2,2,2],"left_sample":[3,3,3,2,1,3,3,3,3,3,1,1,3,1,2,2,3,3,2,3],"right_sample":[1,3,1,2,3,2,3,2,2,1,1,1,1,2,1,3,2,2,3,3],"exact_match":[0,0,0,0,0,0,0,0,1,0,0,0,0,0,0,0,0,0,0,0],"RT":[[0,0,0,1090,0,0],[0,0,0,2087,0,0],[0,0,0,1392,0,0],[0,0,0,1170,0,0],[0,0,0,1011,0,0],[0,0,0,590,0,0],[0,0,0,1091,0,0],[0,0,0,3392,0,0],[0,0,0,119,0,0],[0,0,0,1017,0,0],[0,0,0,645,0,0],[0,0,0,439,0,0],[0,0,0,231,0,0],[0,0,0,850,0,0],[0,0,0,0,0,0],[0,0,0,994,0,0],[0,0,0,2012,0,0],[0,0,0,2914,0,0],[0,0,0,872,0,0],[0,0,0,4003,0,0]],"response":[[0,0,0,1,0,0],[0,0,0,1,0,0],[0,0,0,1,0,0],[0,0,0,1,0,0],[0,0,0,1,0,0],[0,0,0,1,0,0],[0,0,0,1,0,0],[0,0,0,1,0,0],[0,0,0,1,0,0],[0,0,0,1,0,0],[0,0,0,1,0,0],[0,0,0,1,0,0],[0,0,0,1,0,0],[0,0,0,1,0,0],[0,0,0,1,0,0],[0,0,0,1,0,0],[0,0,0,1,0,0],[0,0,0,1,0,0],[0,0,0,1,0,0],[0,0,0,1,0,0]],"framerate":[23.180343069077423,23.98989898989899,25.995125913891144,23.545091070635273,13.132295719844358,19.23076923076923,23.469857340082832,24.848891873740765,25.31645569620253,24.55464612421762,24.676850763807284,25.0164581961817,26.463512429831596,24.065540194572453,2.1388614675880224,19.164619164619165,18.324607329842934,17.382666997765085,20.228215767634854,17.48870112006288]}
