{"practice":[0,0,0,0,0,0,0,0,0,0,0,0,0,0,0,0,0,0,0,0],"center_interval":[100,75,50,75,100,100,25,0,0,100,50,0,50,50,100,25,100,25,100,0],"image_pair":[3,4,4,2,4,1,1,4,2,3,2,1,1,4,1,1,1,3,3,2],"feature_space":[1,2,1,2,1,2,2,2,2,1,2,2,2,2,2,1,2,1,2,1],"left_img":[2,2,2,2,1,1,2,2,1,2,2,1,1,1,2,2,1,2,1,2],"img1Sample":[3,1,2,1,1,2,2,1,2,3,3,1,1,3,3,3,3,3,1,3],"img2Sample":[3,1,1,3,2,1,3,3,1,3,2,3,1,3,3,2,3,3,3,1],"stim_time":[250,250,250,250,250,250,250,250,250,250,250,250,250,250,250,250,250,250,250,250],"key":[50,50,50,49,49,50,50,50,50,50,50,49,50,49,50,50,50,null,50,49],"correct":[false,false,true,true,false,true,true,true,false,false,true,true,false,true,false,true,true,null,true,false],"right_img":[1,1,1,1,2,2,1,1,2,1,1,2,2,2,1,1,2,1,2,1],"img_choice":[1,1,1,2,1,2,1,1,2,1,1,1,2,1,1,1,2,null,2,2],"center_sample":[1,2,3,3,1,2,3,3,1,3,3,3,2,1,1,2,1,3,2,2],"left_sample":[3,1,1,3,1,2,3,3,2,3,2,1,1,3,3,2,3,3,1,1],"right_sample":[3,1,2,1,2,1,2,1,1,3,3,3,1,3,3,3,3,3,3,3],"exact_match":[0,0,0,0,0,0,0,0,0,1,0,0,0,0,0,0,0,0,0,0],"RT":[[0,0,0,313,0,0],[0,0,0,156,0,0],[0,0,0,1148,0,0],[0,0,0,298,0,0],[0,0,0,911,0,0],[0,0,0,914,0,0],[0,0,0,203,0,0],[0,0,0,54,0,0],[0,0,0,2045,0,0],[0,0,0,1767,0,0],[0,0,0,90,0,0],[0,0,0,287,0,0],[0,0,0,371,0,0],[0,0,0,498,0,0],[0,0,0,106,0,0],[0,0,0,1703,0,0],[0,0,0,307,0,0],[0,0,0,0,0,0],[0,0,0,375,0,0],[0,0,0,1085,0,0]],"response":[[0,0,0,1,0,0],[0,0,0,1,0,0],[0,0,0,1,0,0],[0,0,0,1,0,0],[0,0,0,1,0,0],[0,0,0,1,0,0],[0,0,0,1,0,0],[0,0,0,1,0,0],[0,0,0,1,0,0],[0,0,0,1,0,0],[0,0,0,1,0,0],[0,0,0,1,0,0],[0,0,0,1,0,0],[0,0,0,1,0,0],[0,0,0,1,0,0],[0,0,0,1,0,0],[0,0,0,1,0,0],[0,0,0,1,0,0],[0,0,0,1,0,0],[0,0,0,1,0,0]],"framerate":[27.576197387518143,23.80952380952381,24.932003626473254,24,23.553507424475164,21.24505928853755,21.756647864625304,15.985790408525755,22.647527910685803,22.815022815022818,30.19844693701467,28.189910979228486,24.752475247524753,27.318932655654386,26.31578947368421,24.434063959755658,26.831036983321244,24.137931034482758,20.110957004160888,26.91415313225058]}
