{"practice":[0,0,0,0,0,0,0,0,0,0,0,0,0,0,0,0,0,0,0,0],"center_interval":[75,0,25,25,25,50,25,75,25,25,75,75,25,25,100,25,25,25,100,100],"image_pair":[4,1,4,4,3,3,3,1,2,4,2,4,4,1,1,3,3,2,1,4],"feature_space":[1,1,2,1,2,2,2,2,2,1,2,1,2,2,2,1,1,2,1,2],"left_img":[2,1,2,1,1,2,1,1,1,2,2,1,2,1,2,2,1,1,2,1],"img1Sample":[2,1,2,2,3,2,1,3,1,1,3,2,2,2,1,1,1,1,1,2],"img2Sample":[2,1,1,2,2,3,2,3,1,2,2,2,1,2,2,3,1,1,1,1],"key":[49,50,49,49,49,50,49,50,50,49,49,50,50,49,49,49,49,49,49,49],"correct":[true,false,false,true,true,true,true,true,false,false,true,true,true,true,true,false,true,true,true,false],"right_img":[1,2,1,2,2,1,2,2,2,1,1,2,1,2,1,1,2,2,1,2],"img_choice":[2,2,2,1,1,1,1,2,2,2,2,2,1,1,2,2,1,1,2,1],"center_sample":[1,2,1,1,3,1,1,2,2,1,1,2,2,2,3,3,1,1,3,2],"left_sample":[2,1,1,2,3,3,1,3,1,2,2,2,1,2,2,3,1,1,1,2],"right_sample":[2,1,2,2,2,2,2,3,1,1,3,2,2,2,1,1,1,1,1,1],"RT":[[0,3228,0,0],[0,1560,0,0],[0,2519,0,0],[0,1869,0,0],[0,3104,0,0],[0,2099,0,0],[0,4581,0,0],[0,2795,0,0],[0,4184,0,0],[0,1844,0,0],[0,3105,0,0],[0,2524,0,0],[0,3907,0,0],[0,1868,0,0],[0,1667,0,0],[0,1892,0,0],[0,3650,0,0],[0,3383,0,0],[0,2571,0,0],[0,2584,0,0]],"response":[[0,1,0,0],[0,1,0,0],[0,1,0,0],[0,1,0,0],[0,1,0,0],[0,1,0,0],[0,1,0,0],[0,1,0,0],[0,1,0,0],[0,1,0,0],[0,1,0,0],[0,1,0,0],[0,1,0,0],[0,1,0,0],[0,1,0,0],[0,1,0,0],[0,1,0,0],[0,1,0,0],[0,1,0,0],[0,1,0,0]],"framerate":[30.957336108220606,28.37528604118993,26.299112801013944,27.599999999999998,28.77117504705566,28.687017285766828,28.73119938295411,27.288732394366196,28.47640823113698,26.720647773279353,30.131826741996232,28.815706143128565,28.2560706401766,29.566626164439047,29.785370127025846,29.611844737895154,30.14018691588785,30.242439390152462,29.17189460476788,29.80859742704738]}
