{"practice":[1,1,1,1,1],"center_interval":[75,25,75,0,75],"image_pair":[4,3,3,1,1],"feature_space":[1,2,2,2,2],"left_img":[1,2,2,2,2],"img1Sample":[1,2,1,2,1],"img2Sample":[3,2,3,2,3],"key":[50,null,50,49,49],"correct":[true,null,false,false,true],"right_img":[2,1,1,1,1],"img_choice":[2,null,1,2,2],"center_sample":[2,2,2,1,1],"left_sample":[1,2,3,2,3],"right_sample":[3,2,1,2,1],"RT":[[0,4827,0,0],[0,0,0,0],[0,4313,0,0],[0,4406,0,0],[0,4002,0,0]],"response":[[0,1,0,0],[0,1,0,0],[0,1,0,0],[0,1,0,0],[0,1,0,0]],"framerate":[29.238690695108495,28.96233120113717,30.198621807863805,29.809220985691574,30.702702702702705]}
