{"practice":[0,0,0,0,0,0,0,0,0,0,0,0,0,0,0,0,0,0,0,0],"center_interval":[0,25,50,100,100,100,50,100,75,25,0,25,50,25,50,50,50,100,50,25],"image_pair":[3,2,2,2,4,3,2,4,1,4,1,3,4,2,4,3,3,1,3,1],"feature_space":[1,1,1,2,1,1,2,2,2,1,2,1,1,1,1,2,2,2,1,2],"left_img":[2,1,2,1,2,2,1,1,2,2,2,1,1,1,1,2,1,1,2,1],"img1Sample":[3,1,1,3,1,2,1,3,1,2,3,3,3,3,3,3,2,3,1,3],"img2Sample":[1,3,2,3,3,3,1,1,1,3,1,2,3,2,1,1,2,3,1,2],"key":[50,49,50,49,49,50,50,49,49,50,50,49,49,49,49,50,50,50,49,50],"correct":[true,true,true,false,true,false,false,false,true,true,true,true,true,true,true,true,false,true,false,false],"right_img":[1,2,1,2,1,1,2,2,1,1,1,2,2,2,2,1,2,2,1,2],"img_choice":[1,1,1,1,2,1,2,1,2,1,1,1,1,1,1,1,2,2,2,2],"center_sample":[1,1,2,1,2,1,3,2,2,2,1,3,2,1,1,3,1,2,2,2],"left_sample":[1,1,2,3,3,3,1,3,1,3,1,3,3,3,3,1,2,3,1,3],"right_sample":[3,3,1,3,1,2,1,1,1,2,3,2,3,2,1,3,2,3,1,2],"RT":[[0,4416,0,0],[0,3744,0,0],[0,4421,0,0],[0,3976,0,0],[0,3145,0,0],[0,3208,0,0],[0,3208,0,0],[0,4563,0,0],[0,4505,0,0],[0,2730,0,0],[0,4332,0,0],[0,4002,0,0],[0,3786,0,0],[0,4524,0,0],[0,3705,0,0],[0,2308,0,0],[0,2231,0,0],[0,1948,0,0],[0,2823,0,0],[0,1482,0,0]],"response":[[0,1,0,0],[0,1,0,0],[0,1,0,0],[0,1,0,0],[0,1,0,0],[0,1,0,0],[0,1,0,0],[0,1,0,0],[0,1,0,0],[0,1,0,0],[0,1,0,0],[0,1,0,0],[0,1,0,0],[0,1,0,0],[0,1,0,0],[0,1,0,0],[0,1,0,0],[0,1,0,0],[0,1,0,0],[0,1,0,0]],"framerate":[29.41761081295965,30.85714285714286,30.007949125596188,31.134334857391682,29.842792432720493,29.396325459317584,29.905561385099688,30.437295318821036,30.45685279187817,28.11004784688995,27.952197690905408,29.83783783783784,29.938761623951013,29.871144084342053,31.040074125550152,29.28005511539786,29.194512838550825,30.05464480874317,28.79581151832461,31.05590062111801]}
