{"practice":[0,0,0,0,0,0,0,0,0,0,0,0,0,0,0,0,0,0,0,0],"center_interval":[0,25,50,100,75,75,25,50,0,50,100,75,100,75,100,0,25,50,50,25],"image_pair":[1,4,3,3,1,3,4,4,1,2,4,1,2,2,2,2,2,3,3,4],"feature_space":[1,1,1,2,1,1,1,1,1,2,1,2,2,1,2,2,1,1,2,2],"left_img":[1,1,2,2,2,1,2,1,2,1,1,2,2,1,1,2,2,2,1,1],"img1Sample":[2,1,2,3,3,1,1,1,3,3,3,3,2,1,3,3,3,2,1,1],"img2Sample":[3,3,1,1,2,1,2,2,1,2,2,2,1,3,2,2,2,2,3,1],"key":[50,49,49,49,49,49,49,50,49,50,49,49,49,50,50,50,49,50,50,49],"correct":[false,true,false,true,true,false,false,false,false,false,false,true,true,true,true,true,false,true,false,true],"right_img":[2,2,1,1,1,2,1,2,1,2,2,1,1,2,2,1,1,1,2,2],"img_choice":[2,1,2,2,2,1,2,2,2,2,1,2,2,2,2,1,2,1,2,1],"center_sample":[1,2,2,3,3,2,1,2,1,2,1,3,3,2,1,1,3,1,3,1],"left_sample":[2,1,1,1,2,1,2,1,1,3,3,2,1,1,3,2,2,2,1,1],"right_sample":[3,3,2,3,3,1,1,2,3,2,2,3,2,3,2,3,3,2,3,1],"RT":[[0,3557,0,0],[0,2285,0,0],[0,2594,0,0],[0,1668,0,0],[0,4903,0,0],[0,4115,0,0],[0,3247,0,0],[0,1806,0,0],[0,4631,0,0],[0,4795,0,0],[0,2767,0,0],[0,4538,0,0],[0,4097,0,0],[0,4809,0,0],[0,3844,0,0],[0,3409,0,0],[0,5044,0,0],[0,4434,0,0],[0,2763,0,0],[0,4111,0,0]],"response":[[0,1,0,0],[0,1,0,0],[0,1,0,0],[0,1,0,0],[0,1,0,0],[0,1,0,0],[0,1,0,0],[0,1,0,0],[0,1,0,0],[0,1,0,0],[0,1,0,0],[0,1,0,0],[0,1,0,0],[0,1,0,0],[0,1,0,0],[0,1,0,0],[0,1,0,0],[0,1,0,0],[0,1,0,0],[0,1,0,0]],"framerate":[30.578117534639272,28.551771585827318,28.89993784959602,30.249890398947834,30.182541116934757,30.27095681625741,29.457364341085274,29.925187032418954,30.285714285714285,30.146106898464954,30.82394783639597,30.25601241272304,29.09322573794861,28.45603084266569,27.52293577981651,27.288514016373107,28.106770372989217,28.644804425128406,29.333333333333332,30.303030303030305]}
