{"practice":[0,0,0,0,0,0,0,0,0,0,0,0,0,0,0,0,0,0,0,0],"center_interval":[100,50,75,50,50,100,0,50,0,50,75,25,25,25,75,75,75,100,50,75],"image_pair":[3,2,4,4,4,3,2,3,1,4,4,1,3,3,4,2,2,2,1,4],"feature_space":[1,2,2,1,1,1,2,1,2,1,1,1,1,1,2,1,1,2,2,1],"left_img":[1,2,2,1,1,2,1,1,1,2,1,1,1,2,1,2,1,2,1,1],"img1Sample":[3,3,1,1,2,1,3,3,1,3,3,3,2,2,2,2,3,1,1,2],"img2Sample":[1,1,2,3,2,3,2,3,1,3,3,2,2,3,1,3,2,2,1,1],"key":[50,49,49,50,49,49,49,49,50,50,49,50,50,49,50,50,49,50,49,50],"correct":[true,false,true,false,true,true,true,true,false,true,false,false,false,false,true,false,false,false,true,true],"right_img":[2,1,1,2,2,1,2,2,2,1,2,2,2,1,2,1,2,1,2,2],"img_choice":[2,2,2,2,1,2,1,1,2,1,1,2,2,2,2,1,1,1,1,2],"center_sample":[3,1,3,2,1,2,2,2,3,2,2,1,3,3,3,1,2,3,1,3],"left_sample":[3,1,2,1,2,3,3,3,1,3,3,3,2,3,2,3,3,2,1,2],"right_sample":[1,3,1,3,2,1,2,3,1,3,3,2,2,2,1,2,2,1,1,1],"RT":[[0,1599,0,0],[0,3544,0,0],[0,1912,0,0],[0,2167,0,0],[0,1432,0,0],[0,1792,0,0],[0,1598,0,0],[0,2549,0,0],[0,2283,0,0],[0,1777,0,0],[0,1723,0,0],[0,3114,0,0],[0,1647,0,0],[0,1543,0,0],[0,2053,0,0],[0,2974,0,0],[0,1249,0,0],[0,938,0,0],[0,1837,0,0],[0,3331,0,0]],"response":[[0,1,0,0],[0,1,0,0],[0,1,0,0],[0,1,0,0],[0,1,0,0],[0,1,0,0],[0,1,0,0],[0,1,0,0],[0,1,0,0],[0,1,0,0],[0,1,0,0],[0,1,0,0],[0,1,0,0],[0,1,0,0],[0,1,0,0],[0,1,0,0],[0,1,0,0],[0,1,0,0],[0,1,0,0],[0,1,0,0]],"framerate":[30.22101939557961,29.829203752706277,28.063241106719367,28.027308659719726,30.067895247332686,30.340814630091437,28.40396753832281,29.458346531517265,28.207774337805297,29.50955943474647,29.449423815620996,29.846732992739984,28,28.7569573283859,29.732781332329694,29.49360044518642,28.8,30.070377479206652,30.388978930307943,30.980192991366174]}
