{"practice":[1,1,1,1,1],"center_interval":[50,75,0,25,25],"image_pair":[2,3,1,2,3],"feature_space":[1,2,1,1,2],"left_img":[2,2,1,2,1],"img1Sample":[2,2,2,3,1],"img2Sample":[3,2,3,2,3],"key":[115,32,32,32,97],"correct":[null,null,null,null,null],"right_img":[1,1,2,1,2],"img_choice":[null,null,null,null,null],"center_sample":[1,3,3,2,2],"left_sample":[3,2,2,2,1],"right_sample":[2,2,3,3,3],"RT":[[0,47.400000002235174,0,0],[0,4543.400000002235,0,0],[0,568.9000000022352,0,0],[0,319.5,0,0],[0,406.70000000298023,0,0]],"response":[[0,1,0,0],[0,1,0,0],[0,1,0,0],[0,1,0,0],[0,1,0,0]],"framerate":[58.55030164971486,59.8461100028657,60.00750093760922,60.004985577444664,60.008191029058466]}
