{"practice":[0,0,0,0,0,0,0,0,0,0,0,0,0,0,0,0,0,0,0,0],"center_interval":[75,25,50,0,50,50,25,100,25,25,0,100,50,0,0,100,0,75,50,25],"image_pair":[4,2,1,1,1,2,1,4,4,1,2,3,2,1,3,2,2,4,1,4],"feature_space":[1,1,2,2,1,2,2,1,1,2,2,2,1,2,1,1,1,2,1,2],"left_img":[1,2,2,2,2,1,2,2,1,1,1,2,1,2,1,2,1,1,1,2],"img1Sample":[2,1,2,2,3,3,2,3,1,1,3,1,2,1,3,2,2,2,2,1],"img2Sample":[2,2,3,1,2,1,3,2,3,1,2,2,2,2,3,2,1,3,1,2],"key":[49,49,49,49,49,49,49,49,49,49,50,49,49,50,50,49,50,49,50,49],"correct":[false,false,false,false,false,true,false,true,true,true,false,true,true,true,false,true,false,false,false,false],"right_img":[2,1,1,1,1,2,1,1,2,2,2,1,2,1,2,1,2,2,2,1],"img_choice":[1,2,2,2,2,1,2,2,1,1,2,2,1,1,2,2,2,1,2,2],"center_sample":[3,1,3,1,2,3,2,3,1,1,2,3,3,3,2,3,1,1,2,2],"left_sample":[2,2,3,1,2,3,3,2,1,1,3,2,2,2,3,2,2,2,2,2],"right_sample":[2,1,2,2,3,1,2,3,3,1,2,1,2,1,3,2,1,3,1,1],"RT":[[0,55.30000000074506,0,0],[0,29,0,0],[0,44.5,0,0],[0,74.59999999776483,0,0],[0,74.40000000223517,0,0],[0,10.399999998509884,0,0],[0,85.80000000074506,0,0],[0,55,0,0],[0,28.199999999254942,0,0],[0,74.79999999701977,0,0],[0,192.20000000298023,0,0],[0,8.399999998509884,0,0],[0,165,0,0],[0,85.80000000074506,0,0],[0,138.10000000149012,0,0],[0,148.29999999701977,0,0],[0,61.600000001490116,0,0],[0,20.599999997764826,0,0],[0,10.199999999254942,0,0],[0,50.80000000074506,0,0]],"response":[[0,1,0,0],[0,1,0,0],[0,1,0,0],[0,1,0,0],[0,1,0,0],[0,1,0,0],[0,1,0,0],[0,1,0,0],[0,1,0,0],[0,1,0,0],[0,1,0,0],[0,1,0,0],[0,1,0,0],[0,1,0,0],[0,1,0,0],[0,1,0,0],[0,1,0,0],[0,1,0,0],[0,1,0,0],[0,1,0,0]],"framerate":[60.06006006006007,59.974747474606424,59.91703794759453,60.02049480297257,60.0204948032999,60.05518584630825,59.99999999999999,60.05104338708036,59.94636377956462,59.888986269549896,60.097658695155744,59.725585149313964,60.036543983352566,60.06864988564754,59.976009596101974,59.99999999999999,58.45323741013721,60.012634238857736,58.37522296099156,58.576148993626255]}
