{"practice":[0,0,0,0,0,0,0,0,0,0,0,0,0,0,0,0,0,0,0,0],"center_interval":[50,25,50,0,75,75,100,50,50,50,75,25,0,100,0,100,25,25,0,75],"image_pair":[3,3,1,1,2,3,2,1,4,4,2,3,4,3,4,1,3,4,4,3],"feature_space":[1,1,2,1,2,2,1,1,1,1,1,2,2,2,2,2,2,1,1,1],"left_img":[2,1,1,2,2,2,1,1,1,1,2,2,1,2,2,1,2,2,2,1],"img1Sample":[3,2,1,2,3,1,1,2,3,2,3,2,3,3,3,1,2,3,1,3],"img2Sample":[3,1,2,2,2,1,1,1,3,1,1,1,2,2,1,1,1,2,3,1],"key":[49,49,49,50,50,49,50,50,50,49,49,49,49,49,50,50,49,49,49,50],"correct":[false,true,true,true,false,true,true,false,false,true,true,false,true,true,true,true,false,false,false,true],"right_img":[1,2,2,1,1,1,2,2,2,2,1,1,2,1,1,2,1,1,1,2],"img_choice":[2,1,1,1,1,2,2,2,2,1,2,2,1,2,1,2,2,2,2,2],"center_sample":[3,3,2,1,2,2,3,3,2,1,2,2,2,1,1,3,1,3,2,1],"left_sample":[3,2,1,2,2,1,1,2,3,2,1,1,3,2,1,1,1,2,3,3],"right_sample":[3,1,2,2,3,1,1,1,3,1,3,2,2,3,3,1,2,3,1,1],"RT":[[0,2937,0,0],[0,452.5,0,0],[0,392.80000000074506,0,0],[0,737.9000000022352,0,0],[0,395.30000000074506,0,0],[0,820.3000000007451,0,0],[0,1329.5999999977648,0,0],[0,1180.5999999977648,0,0],[0,2712.2000000029802,0,0],[0,1944.1000000014901,0,0],[0,2730.5,0,0],[0,1921.800000000745,0,0],[0,1928.800000000745,0,0],[0,2131.599999997765,0,0],[0,1913,0,0],[0,1820.300000000745,0,0],[0,2323.900000002235,0,0],[0,1513.199999999255,0,0],[0,2154.89999999851,0,0],[0,2360.300000000745,0,0]],"response":[[0,1,0,0],[0,1,0,0],[0,1,0,0],[0,1,0,0],[0,1,0,0],[0,1,0,0],[0,1,0,0],[0,1,0,0],[0,1,0,0],[0,1,0,0],[0,1,0,0],[0,1,0,0],[0,1,0,0],[0,1,0,0],[0,1,0,0],[0,1,0,0],[0,1,0,0],[0,1,0,0],[0,1,0,0],[0,1,0,0]],"framerate":[59.438294036414305,59.02192242841292,60.06006006006007,59.98666962893824,60.024009603975756,59.980471474372514,59.50840879689521,59.423702208742974,58.80224353176643,59.99764715105705,60.00060000598665,59.18093584791773,60.03870916777056,60.007317965605566,58.825867482757076,60.00575397646382,59.9250936329588,59.177155739161954,57.42974788706507,60.043852251644466]}
