{"practice":[0,0,0,0,0,0,0,0,0,0,0,0,0,0,0,0,0,0,0,0],"center_interval":[50,0,25,50,0,50,100,25,75,25,100,0,50,75,0,75,25,25,75,25],"image_pair":[4,3,4,4,1,1,4,1,1,2,4,4,2,2,1,1,3,2,1,4],"feature_space":[1,1,1,1,1,2,1,1,2,2,1,2,1,2,2,2,2,1,2,2],"left_img":[1,1,2,1,1,2,2,2,2,2,2,1,2,1,1,1,2,2,2,1],"img1Sample":[2,2,3,1,3,2,3,3,2,2,1,3,2,3,1,2,2,3,3,1],"img2Sample":[1,2,2,2,1,1,3,2,2,2,1,3,3,1,2,2,1,3,3,3],"key":[49,49,49,49,49,50,50,49,49,50,50,49,50,50,50,50,49,49,49,49],"correct":[true,true,false,true,true,true,false,false,true,true,false,true,true,true,false,true,false,false,true,true],"right_img":[2,2,1,2,2,1,1,1,1,1,1,2,1,2,2,2,1,1,1,2],"img_choice":[1,1,2,1,1,1,1,2,2,1,1,1,1,2,2,2,2,2,2,1],"center_sample":[3,1,2,1,1,3,2,2,1,1,3,1,2,1,3,3,2,1,1,3],"left_sample":[2,2,2,1,3,1,3,2,2,2,1,3,3,3,1,2,1,3,3,1],"right_sample":[1,2,3,2,1,2,3,3,2,2,1,3,2,1,2,2,2,3,3,3],"RT":[[0,560.6999999992549,0,0],[0,66.89999999850988,0,0],[0,45.599999997764826,0,0],[0,104.29999999701977,0,0],[0,112.69999999925494,0,0],[0,139.60000000149012,0,0],[0,45.099999997764826,0,0],[0,155.5,0,0],[0,91.80000000074506,0,0],[0,33.5,0,0],[0,8.5,0,0],[0,214.60000000149012,0,0],[0,26.100000001490116,0,0],[0,28.300000000745058,0,0],[0,10.5,0,0],[0,107.09999999776483,0,0],[0,22.399999998509884,0,0],[0,36.600000001490116,0,0],[0,73.80000000074506,0,0],[0,104.69999999925494,0,0]],"response":[[0,1,0,0],[0,1,0,0],[0,1,0,0],[0,1,0,0],[0,1,0,0],[0,1,0,0],[0,1,0,0],[0,1,0,0],[0,1,0,0],[0,1,0,0],[0,1,0,0],[0,1,0,0],[0,1,0,0],[0,1,0,0],[0,1,0,0],[0,1,0,0],[0,1,0,0],[0,1,0,0],[0,1,0,0],[0,1,0,0]],"framerate":[59.93150684931506,60.14375825149599,60.073937153488544,59.79696843263926,60.01395673412422,60.120240480961925,58.38070364124595,60.15430887906464,58.32977663975945,60.20376659455873,58.403634004034764,59.916850085540915,59.99368487541743,60.01263423850465,60.01622060016221,58.59375000024362,60.06955422053508,60.055435787018,59.95905235442428,60.01395673412422]}
