{"practice":[1,1,1,1,1],"center_interval":[25,25,25,25,50],"image_pair":[2,2,4,1,2],"feature_space":[1,1,1,1,1],"left_img":[1,1,2,2,1],"img1Sample":[2,2,2,3,1],"img2Sample":[2,3,1,2,1],"stim_time":[2000,2000,2000,2000,2000],"key":[49,49,49,49,49],"correct":[true,true,false,false,true],"right_img":[2,2,1,1,2],"img_choice":[1,1,2,2,1],"center_sample":[2,2,2,1,3],"left_sample":[2,2,1,2,1],"right_sample":[2,3,2,3,1],"exact_match":[0,0,0,0,0],"RT":[[0,0,0,2343.199999809265,0,0],[0,0,0,3104.8999996185303,0,0],[0,0,0,466.7000002861023,0,0],[0,0,0,1744.2999997138977,0,0],[0,0,0,671.0999999046326,0,0]],"response":[[0,0,0,1,0,0],[0,0,0,1,0,0],[0,0,0,1,0,0],[0,0,0,1,0,0],[0,0,0,1,0,0]],"framerate":[23.170496234794363,23.88883281066676,27.854300581573312,23.010672569567724,24.56090247036984]}
