{"practice":[0,0,0,0,0,0,0,0,0,0,0,0,0,0,0,0,0,0,0,0],"center_interval":[100,100,0,75,100,75,0,75,0,75,25,25,75,25,25,75,75,25,75,75],"image_pair":[1,3,4,2,1,3,4,1,2,3,4,1,3,3,2,4,3,1,2,3],"feature_space":[1,1,1,2,2,1,2,2,1,1,1,1,1,1,2,2,2,1,2,1],"left_img":[1,1,2,2,2,1,2,1,1,1,1,2,1,1,1,2,1,2,2,2],"img1Sample":[2,1,2,1,1,1,3,3,2,3,3,1,2,1,1,1,1,1,3,1],"img2Sample":[3,1,3,2,1,1,2,1,2,1,3,1,1,1,3,2,3,2,3,1],"stim_time":[250,250,250,250,250,250,250,250,250,250,250,250,250,250,250,250,250,250,250,250],"key":[49,49,49,49,49,49,49,49,49,49,49,49,50,49,49,49,49,49,50,49],"correct":[false,false,false,true,true,false,false,false,true,false,true,false,true,true,true,true,false,false,false,true],"right_img":[2,2,1,1,1,2,1,2,2,2,2,1,2,2,2,1,2,1,1,1],"img_choice":[1,1,2,2,2,1,2,1,1,1,1,2,2,1,1,2,1,2,1,2],"center_sample":[1,3,1,1,3,3,2,3,3,1,2,1,2,1,2,1,1,1,1,3],"left_sample":[2,1,3,2,1,1,2,3,2,3,3,1,2,1,1,2,1,2,3,1],"right_sample":[3,1,2,1,1,1,3,1,2,1,3,1,1,1,3,1,3,1,3,1],"exact_match":[0,0,0,0,0,0,0,0,0,0,0,0,0,0,0,0,0,0,0,0],"RT":[[0,0,0,1271.7999997138977,0,0],[0,0,0,3528.4000000953674,0,0],[0,0,0,1997.7000002861023,0,0],[0,0,0,1479.0999999046326,0,0],[0,0,0,1529.1999998092651,0,0],[0,0,0,1537.2999997138977,0,0],[0,0,0,273,0,0],[0,0,0,1607.2000002861023,0,0],[0,0,0,3133.4000000953674,0,0],[0,0,0,2176.5,0,0],[0,0,0,2371.0999999046326,0,0],[0,0,0,1459.5999999046326,0,0],[0,0,0,1838,0,0],[0,0,0,1833.4000000953674,0,0],[0,0,0,2667.7999997138977,0,0],[0,0,0,2448.199999809265,0,0],[0,0,0,784.5999999046326,0,0],[0,0,0,2372.4000000953674,0,0],[0,0,0,1583.8000001907349,0,0],[0,0,0,948.0999999046326,0,0]],"response":[[0,0,0,1,0,0],[0,0,0,1,0,0],[0,0,0,1,0,0],[0,0,0,1,0,0],[0,0,0,1,0,0],[0,0,0,1,0,0],[0,0,0,1,0,0],[0,0,0,1,0,0],[0,0,0,1,0,0],[0,0,0,1,0,0],[0,0,0,1,0,0],[0,0,0,1,0,0],[0,0,0,1,0,0],[0,0,0,1,0,0],[0,0,0,1,0,0],[0,0,0,1,0,0],[0,0,0,1,0,0],[0,0,0,1,0,0],[0,0,0,1,0,0],[0,0,0,1,0,0]],"framerate":[21.17911480031976,19.925495972407624,23.06093282954446,23.15541601255887,22.386043458977614,23.74023587159751,26.954177899498763,22.831050226680635,20.875341003439686,21.434258070344907,12.254901959761277,22.33211038528065,23.83419689119171,21.09704641555598,20.07978367174645,16.827334437057086,26.545316646334275,19.777790705535544,20.91413795574224,23.01326935640413]}
