{"practice":[0,0,0,0,0,0,0,0,0,0,0,0,0,0,0,0,0,0,0,0],"center_interval":[25,25,0,50,75,25,100,0,50,100,50,50,100,100,25,0,50,25,75,0],"image_pair":[1,4,4,3,3,4,1,3,3,3,3,4,2,2,2,4,2,1,1,4],"feature_space":[2,2,2,1,1,1,2,2,2,1,2,1,1,2,2,1,1,2,2,2],"left_img":[2,2,1,2,1,2,1,1,2,1,1,1,2,2,1,1,1,2,1,2],"img1Sample":[2,1,1,2,3,3,3,3,2,2,2,2,2,2,3,3,2,3,1,1],"img2Sample":[2,1,3,2,2,1,2,2,1,3,1,1,1,1,1,3,1,2,2,2],"stim_time":[2000,2000,2000,2000,2000,2000,2000,2000,2000,2000,2000,2000,2000,2000,2000,2000,2000,2000,2000,2000],"key":[49,49,49,49,49,49,50,50,50,49,49,50,49,50,49,50,50,49,49,49],"correct":[false,false,true,false,false,false,true,false,true,false,true,false,true,false,true,false,false,false,false,false],"right_img":[1,1,2,1,2,1,2,2,1,2,2,2,1,1,2,2,2,1,2,1],"img_choice":[2,2,1,2,1,2,2,2,1,1,1,2,2,1,1,2,2,2,1,2],"center_sample":[3,1,2,2,1,2,3,3,2,1,2,1,2,3,2,2,3,1,3,3],"left_sample":[2,1,1,2,3,1,3,3,1,2,2,2,1,1,3,3,2,2,1,2],"right_sample":[2,1,3,2,2,3,2,2,2,3,1,1,2,2,1,3,1,3,2,1],"exact_match":[0,0,0,0,0,0,0,1,0,0,0,0,0,0,0,0,0,0,0,0],"RT":[[0,0,0,2631.0999999046326,0,0],[0,0,0,626.5999999046326,0,0],[0,0,0,154.30000019073486,0,0],[0,0,0,708.7000002861023,0,0],[0,0,0,540.5,0,0],[0,0,0,2410.9000000953674,0,0],[0,0,0,2151,0,0],[0,0,0,706.5,0,0],[0,0,0,289.09999990463257,0,0],[0,0,0,565.2000002861023,0,0],[0,0,0,491,0,0],[0,0,0,675.8000001907349,0,0],[0,0,0,661.7000002861023,0,0],[0,0,0,277.7000002861023,0,0],[0,0,0,745.4000000953674,0,0],[0,0,0,514.1999998092651,0,0],[0,0,0,672.4000000953674,0,0],[0,0,0,2099.4000000953674,0,0],[0,0,0,727.4000000953674,0,0],[0,0,0,2940.7000002861023,0,0]],"response":[[0,0,0,1,0,0],[0,0,0,1,0,0],[0,0,0,1,0,0],[0,0,0,1,0,0],[0,0,0,1,0,0],[0,0,0,1,0,0],[0,0,0,1,0,0],[0,0,0,1,0,0],[0,0,0,1,0,0],[0,0,0,1,0,0],[0,0,0,1,0,0],[0,0,0,1,0,0],[0,0,0,1,0,0],[0,0,0,1,0,0],[0,0,0,1,0,0],[0,0,0,1,0,0],[0,0,0,1,0,0],[0,0,0,1,0,0],[0,0,0,1,0,0],[0,0,0,1,0,0]],"framerate":[23.84227418615314,23.92274703286837,26.13065326633166,25.889783492426798,26.11353452550806,22.007884563459477,22.88788949697805,24.422104844002646,28.106222135206945,25.87591458120738,21.081162475530796,27.513470134164944,24.188377924237088,24.40029153373864,24.439575259001128,21.899562008133284,21.950454687393208,23.38063676701292,25.47338031825573,20.840207706022838]}
