{"practice":[0,0,0,0,0,0,0,0,0,0,0,0,0,0,0,0,0,0,0,0],"center_interval":[75,100,0,50,75,25,0,75,75,75,0,75,0,50,0,75,50,100,75,50],"image_pair":[1,1,3,2,3,3,4,1,1,1,3,2,3,3,3,4,4,3,1,3],"feature_space":[1,2,1,2,1,1,2,1,1,1,1,2,1,1,2,1,2,1,2,1],"left_img":[2,2,1,1,1,1,1,2,2,1,2,2,2,2,1,2,1,1,2,2],"img1Sample":[2,1,3,3,2,1,1,2,2,2,1,1,3,2,2,2,2,2,2,2],"img2Sample":[1,1,2,3,3,3,2,2,1,1,2,1,3,1,2,3,3,1,1,2],"stim_time":[2000,2000,2000,2000,2000,2000,2000,2000,2000,2000,2000,2000,2000,2000,2000,2000,2000,2000,2000,2000],"key":[49,49,49,49,49,null,49,49,50,49,49,49,50,49,49,49,49,null,49,49],"correct":[true,true,true,true,false,null,true,true,false,false,false,true,true,false,true,true,true,null,true,false],"right_img":[1,1,2,2,2,2,2,1,1,2,1,1,1,1,2,1,2,2,1,1],"img_choice":[2,2,1,1,1,null,1,2,1,1,2,2,1,2,1,2,1,null,2,2],"center_sample":[2,2,1,2,1,2,3,3,2,3,2,2,3,3,3,3,3,2,1,1],"left_sample":[1,1,3,3,2,1,1,2,1,2,2,1,3,1,2,3,2,2,1,2],"right_sample":[2,1,2,3,3,3,2,2,2,1,1,1,3,2,2,2,3,1,2,2],"exact_match":[0,0,0,0,0,0,0,0,0,0,0,0,1,0,0,0,0,0,0,0],"RT":[[0,0,0,322.09999990463257,0,0],[0,0,0,1143.3999996185303,0,0],[0,0,0,126.7999997138977,0,0],[0,0,0,2803.5,0,0],[0,0,0,729.3000001907349,0,0],[0,0,0,0,0,0],[0,0,0,755.7999997138977,0,0],[0,0,0,1915.8000001907349,0,0],[0,0,0,1892.6999998092651,0,0],[0,0,0,2121.300000190735,0,0],[0,0,0,2135.4000000953674,0,0],[0,0,0,655.3000001907349,0,0],[0,0,0,265.40000009536743,0,0],[0,0,0,1968.4000000953674,0,0],[0,0,0,2736.699999809265,0,0],[0,0,0,1471.9000000953674,0,0],[0,0,0,467.5,0,0],[0,0,0,0,0,0],[0,0,0,1257.6999998092651,0,0],[0,0,0,752.6999998092651,0,0]],"response":[[0,0,0,1,0,0],[0,0,0,1,0,0],[0,0,0,1,0,0],[0,0,0,1,0,0],[0,0,0,1,0,0],[0,0,0,1,0,0],[0,0,0,1,0,0],[0,0,0,1,0,0],[0,0,0,1,0,0],[0,0,0,1,0,0],[0,0,0,1,0,0],[0,0,0,1,0,0],[0,0,0,1,0,0],[0,0,0,1,0,0],[0,0,0,1,0,0],[0,0,0,1,0,0],[0,0,0,1,0,0],[0,0,0,1,0,0],[0,0,0,1,0,0],[0,0,0,1,0,0]],"framerate":[12.850446145992926,19.496138751740727,29.105184782201373,23.20227025250982,11.263430900333455,12.514525789217686,2.840050204832899,8.333159725176799,7.868489888405928,7.397209607718503,8.397125449617723,8.962127782596125,8.88245550464148,8.684145232675696,7.064833432721498,8.814660171653909,7.785130401378836,7.853696845621032,2.843583307291805,5.497526113249037]}
