{"practice":[0,0,0,0,0,0,0,0,0,0,0,0,0,0,0,0,0,0,0,0],"center_interval":[100,100,75,100,50,50,50,50,25,25,0,75,25,0,75,0,25,50,75,50],"image_pair":[1,3,1,2,1,4,3,4,4,1,3,3,1,3,1,2,2,2,1,1],"feature_space":[1,2,2,2,1,1,2,1,2,2,1,1,2,2,1,2,1,1,1,1],"left_img":[1,2,1,1,2,1,1,1,1,1,2,1,2,1,1,1,1,1,2,2],"img1Sample":[3,3,1,3,1,2,3,2,2,1,1,3,2,2,3,2,1,3,3,2],"img2Sample":[2,1,1,2,2,3,1,3,2,3,1,2,2,1,3,1,1,1,2,2],"key":[50,49,49,50,49,50,49,49,50,49,50,49,49,50,49,50,49,50,49,50],"correct":[true,true,false,true,false,false,true,true,false,true,true,false,false,false,false,false,true,false,true,true],"right_img":[2,1,2,2,1,2,2,2,2,2,1,2,1,2,2,2,2,2,1,1],"img_choice":[2,2,1,2,2,2,1,1,2,1,1,1,2,2,1,2,1,2,2,1],"center_sample":[1,3,3,3,3,3,3,1,2,3,2,1,1,1,3,3,1,1,3,2],"left_sample":[3,1,1,3,2,2,3,2,2,1,1,3,2,2,3,2,1,3,2,2],"right_sample":[2,3,1,2,1,3,1,3,2,3,1,2,2,1,3,1,1,1,3,2],"RT":[[0,0,0,673.6999998092651,0,0],[0,0,0,611.4000000953674,0,0],[0,0,0,763.0999999046326,0,0],[0,0,0,1172.4000000953674,0,0],[0,0,0,931.0999999046326,0,0],[0,0,0,1089.4000000953674,0,0],[0,0,0,535.8000001907349,0,0],[0,0,0,633.4000000953674,0,0],[0,0,0,519.0999999046326,0,0],[0,0,0,1088.7000002861023,0,0],[0,0,0,638.8000001907349,0,0],[0,0,0,586.2000002861023,0,0],[0,0,0,491.2999997138977,0,0],[0,0,0,733.5999999046326,0,0],[0,0,0,164,0,0],[0,0,0,763.1999998092651,0,0],[0,0,0,704.7000002861023,0,0],[0,0,0,387,0,0],[0,0,0,679.9000000953674,0,0],[0,0,0,759.8000001907349,0,0]],"response":[[0,0,0,1,0,0],[0,0,0,1,0,0],[0,0,0,1,0,0],[0,0,0,1,0,0],[0,0,0,1,0,0],[0,0,0,1,0,0],[0,0,0,1,0,0],[0,0,0,1,0,0],[0,0,0,1,0,0],[0,0,0,1,0,0],[0,0,0,1,0,0],[0,0,0,1,0,0],[0,0,0,1,0,0],[0,0,0,1,0,0],[0,0,0,1,0,0],[0,0,0,1,0,0],[0,0,0,1,0,0],[0,0,0,1,0,0],[0,0,0,1,0,0],[0,0,0,1,0,0]],"framerate":[21.76337767565072,19.50679826585164,21.407847666838006,19.66568338249754,19.625766209407832,18.517579017688586,19.258688631992133,23.750183257586865,19.80947941688247,18.61342716721499,21.433036643322115,23.077789036474655,17.84526041827307,19.824412347776832,17.704436130975555,20.239452679589508,19.67481896433939,18.866737942141548,17.722117200271608,20.55554053116625]}
