{"practice":[0,0,0,0,0,0,0,0,0,0,0,0,0,0,0,0,0,0,0,0],"center_interval":[50,50,0,0,0,0,0,0,25,75,0,100,50,75,100,100,25,75,0,100],"image_pair":[3,1,2,3,4,2,2,2,4,4,1,3,1,2,2,4,2,3,3,2],"feature_space":[1,2,1,1,2,1,1,1,1,1,1,2,2,2,2,2,2,2,2,2],"left_img":[1,2,2,1,2,1,2,1,1,1,2,1,2,1,1,1,2,1,1,1],"img1Sample":[1,1,1,1,2,3,1,3,1,1,2,2,3,1,2,2,3,3,1,3],"img2Sample":[3,1,1,2,1,1,3,3,3,3,3,3,3,3,3,3,3,1,1,1],"key":[50,50,49,50,50,50,49,50,49,49,50,49,50,50,50,49,50,50,49,50],"correct":[false,true,false,false,true,false,false,false,true,false,true,false,true,true,true,false,true,true,true,true],"right_img":[2,1,1,2,1,2,1,2,2,2,1,2,1,2,2,2,1,2,2,2],"img_choice":[2,1,2,2,1,2,2,2,1,1,1,1,1,2,2,1,1,2,1,2],"center_sample":[3,2,3,2,1,1,3,1,3,3,3,2,3,3,2,1,1,1,3,3],"left_sample":[1,1,1,1,1,3,3,3,1,1,3,2,3,1,2,2,3,3,1,3],"right_sample":[3,1,1,2,2,1,1,3,3,3,2,3,3,3,3,3,3,1,1,1],"RT":[[0,0,0,1204.1999998092651,0,0],[0,0,0,1425.1999998092651,0,0],[0,0,0,1661.5,0,0],[0,0,0,977.0999999046326,0,0],[0,0,0,1460.0999999046326,0,0],[0,0,0,1377.7999997138977,0,0],[0,0,0,824.6999998092651,0,0],[0,0,0,1131.2999997138977,0,0],[0,0,0,444.09999990463257,0,0],[0,0,0,1010.9000000953674,0,0],[0,0,0,669.5999999046326,0,0],[0,0,0,632.5999999046326,0,0],[0,0,0,628.9000000953674,0,0],[0,0,0,1104.6999998092651,0,0],[0,0,0,617.9000000953674,0,0],[0,0,0,699.6999998092651,0,0],[0,0,0,654.8000001907349,0,0],[0,0,0,1338.0999999046326,0,0],[0,0,0,1075.2000002861023,0,0],[0,0,0,544.2000002861023,0,0]],"response":[[0,0,0,1,0,0],[0,0,0,1,0,0],[0,0,0,1,0,0],[0,0,0,1,0,0],[0,0,0,1,0,0],[0,0,0,1,0,0],[0,0,0,1,0,0],[0,0,0,1,0,0],[0,0,0,1,0,0],[0,0,0,1,0,0],[0,0,0,1,0,0],[0,0,0,1,0,0],[0,0,0,1,0,0],[0,0,0,1,0,0],[0,0,0,1,0,0],[0,0,0,1,0,0],[0,0,0,1,0,0],[0,0,0,1,0,0],[0,0,0,1,0,0],[0,0,0,1,0,0]],"framerate":[19.00677420838607,14.852328894211592,18.53568118514061,17.729558084149247,17.04054716648392,18.17138485038902,21.24137931034483,17.04346082428924,19.86309742027433,20.109164033824598,18.867385152454,18.678496380521445,16.79212507237985,18.32947226438941,17.13174017781184,17.75334307049202,18.132105338897684,15.606991931670958,18.038159600040714,17.59685602691307]}
