{"practice":[1,1,1,1,1],"center_interval":[0,75,0,100,75],"image_pair":[3,1,4,3,1],"feature_space":[1,2,2,1,2],"left_img":[1,1,2,1,1],"img1Sample":[2,1,2,1,3],"img2Sample":[2,1,2,1,2],"key":[49,49,50,50,50],"correct":[true,false,true,true,true],"right_img":[2,2,1,2,2],"img_choice":[1,1,1,2,2],"center_sample":[3,3,1,2,3],"left_sample":[2,1,2,1,3],"right_sample":[2,1,2,1,2],"RT":[[0,0,0,2142.4000000953674,0,0],[0,0,0,2300.0999999046326,0,0],[0,0,0,1645.5999999046326,0,0],[0,0,0,1197.4000000953674,0,0],[0,0,0,1479.5999999046326,0,0]],"response":[[0,0,0,1,0,0],[0,0,0,1,0,0],[0,0,0,1,0,0],[0,0,0,1,0,0],[0,0,0,1,0,0]],"framerate":[16.472809819086166,18.291963338084443,16.76256059294287,19.704673170933994,18.639543446653537]}
