{"practice":[0,0,0,0,0,0,0,0,0,0,0,0,0,0,0,0,0,0,0,0],"center_interval":[50,100,75,50,0,0,50,0,50,25,50,50,50,100,0,0,25,25,50,25],"image_pair":[2,4,4,2,1,2,1,1,4,3,3,2,3,2,2,1,2,2,4,4],"feature_space":[1,1,1,1,2,2,1,1,1,1,2,1,2,2,1,2,2,2,1,1],"left_img":[1,2,2,1,1,1,1,2,2,1,1,2,1,1,2,1,2,2,1,2],"img1Sample":[2,3,2,3,2,3,3,1,2,1,1,2,3,2,2,2,3,3,3,3],"img2Sample":[3,3,3,3,2,1,2,2,3,2,2,2,3,3,1,1,3,1,3,1],"key":[49,50,49,50,50,49,49,50,49,50,49,50,49,50,49,50,49,50,49,50],"correct":[true,false,true,false,false,true,true,true,false,false,true,true,true,true,false,false,false,true,true,true],"right_img":[2,1,1,2,2,2,2,1,1,2,2,1,2,2,1,2,1,1,2,1],"img_choice":[1,1,2,2,2,1,1,1,2,2,1,1,1,2,2,2,2,1,1,1],"center_sample":[2,2,2,3,1,1,3,3,1,2,1,1,3,2,1,1,1,1,2,2],"left_sample":[2,3,3,3,2,3,3,2,3,1,1,2,3,2,1,2,3,1,3,1],"right_sample":[3,3,2,3,2,1,2,1,2,2,2,2,3,3,2,1,3,3,3,3],"RT":[[0,0,0,727,0,0],[0,0,0,870,0,0],[0,0,0,907,0,0],[0,0,0,758,0,0],[0,0,0,885,0,0],[0,0,0,770,0,0],[0,0,0,716,0,0],[0,0,0,728,0,0],[0,0,0,790,0,0],[0,0,0,1227,0,0],[0,0,0,440,0,0],[0,0,0,1060,0,0],[0,0,0,996,0,0],[0,0,0,987,0,0],[0,0,0,756,0,0],[0,0,0,694,0,0],[0,0,0,791,0,0],[0,0,0,722,0,0],[0,0,0,695,0,0],[0,0,0,668,0,0]],"response":[[0,0,0,1,0,0],[0,0,0,1,0,0],[0,0,0,1,0,0],[0,0,0,1,0,0],[0,0,0,1,0,0],[0,0,0,1,0,0],[0,0,0,1,0,0],[0,0,0,1,0,0],[0,0,0,1,0,0],[0,0,0,1,0,0],[0,0,0,1,0,0],[0,0,0,1,0,0],[0,0,0,1,0,0],[0,0,0,1,0,0],[0,0,0,1,0,0],[0,0,0,1,0,0],[0,0,0,1,0,0],[0,0,0,1,0,0],[0,0,0,1,0,0],[0,0,0,1,0,0]],"framerate":[28.410689170182845,28.749660970979118,29.332615715823465,28.149386845039018,30.409041980624327,28.74686017303935,29.77878615995462,28.69198312236287,29.541689674213142,29.470034670629023,29.087568891610534,29.76960911208905,28.782677581198836,30.26350117401513,28.99358795650962,29.184549356223176,28.16123688569851,28.620005667327856,29.688838138738227,28.350515463917525]}
