{"practice":[0,0,0,0,0,0,0,0,0,0,0,0,0,0,0,0,0,0,0,0],"center_interval":[100,75,75,0,75,0,50,50,25,25,50,25,25,0,75,25,50,100,75,75],"image_pair":[4,1,4,4,4,2,4,1,1,2,2,4,4,1,2,1,4,3,3,4],"feature_space":[1,1,2,1,1,2,2,2,2,1,2,1,2,1,1,1,2,1,1,2],"left_img":[2,2,1,2,2,1,2,1,1,1,2,2,1,1,1,2,1,1,1,1],"img1Sample":[1,2,2,1,3,1,3,3,3,2,1,1,2,3,1,2,1,3,2,2],"img2Sample":[1,1,2,1,3,3,2,2,1,2,1,2,3,2,1,1,2,2,1,3],"key":[49,50,49,49,50,49,50,49,50,50,50,49,50,49,50,49,50,49,50,49],"correct":[true,false,false,false,false,true,true,true,false,false,true,false,false,true,true,false,false,false,true,false],"right_img":[1,1,2,1,1,2,1,2,2,2,1,1,2,2,2,1,2,2,2,2],"img_choice":[2,1,1,2,1,1,1,1,2,2,1,2,2,1,2,2,2,1,2,1],"center_sample":[2,2,3,2,3,2,1,1,1,1,1,3,2,1,2,3,3,3,3,2],"left_sample":[1,1,2,1,3,1,2,3,3,2,1,2,2,3,1,1,1,3,2,2],"right_sample":[1,2,2,1,3,3,3,2,1,2,1,1,3,2,1,2,2,2,1,3],"RT":[[0,0,0,1261,0,0],[0,0,0,1239,0,0],[0,0,0,1052,0,0],[0,0,0,1288,0,0],[0,0,0,1140,0,0],[0,0,0,1396,0,0],[0,0,0,1086,0,0],[0,0,0,1075,0,0],[0,0,0,1174,0,0],[0,0,0,1089,0,0],[0,0,0,1368,0,0],[0,0,0,1560,0,0],[0,0,0,1036,0,0],[0,0,0,1119,0,0],[0,0,0,378,0,0],[0,0,0,861,0,0],[0,0,0,778,0,0],[0,0,0,849,0,0],[0,0,0,729,0,0],[0,0,0,716,0,0]],"response":[[0,0,0,1,0,0],[0,0,0,1,0,0],[0,0,0,1,0,0],[0,0,0,1,0,0],[0,0,0,1,0,0],[0,0,0,1,0,0],[0,0,0,1,0,0],[0,0,0,1,0,0],[0,0,0,1,0,0],[0,0,0,1,0,0],[0,0,0,1,0,0],[0,0,0,1,0,0],[0,0,0,1,0,0],[0,0,0,1,0,0],[0,0,0,1,0,0],[0,0,0,1,0,0],[0,0,0,1,0,0],[0,0,0,1,0,0],[0,0,0,1,0,0],[0,0,0,1,0,0]],"framerate":[29.447852760736193,28.985507246376812,28.903225806451612,25.597269624573375,28.023226457965162,29.01998097050428,28.92244689019708,28.432377049180324,28.814833375093958,28.804486362477697,28.360343183984746,29.39166097060834,29.083354972734355,27.650938609842722,28.678304239401495,29.32392071680695,28.428093645484946,29.74890829694323,29.271038558964253,29.26967888604717]}
