{"practice":[1,1,1,1,1],"center_interval":[25,0,0,0,0],"image_pair":[1,2,4,4,2],"feature_space":[2,2,2,1,1],"left_img":[2,2,1,2,1],"img1Sample":[2,2,1,2,1],"img2Sample":[3,3,2,2,1],"key":[49,50,50,49,50],"correct":[false,true,false,false,false],"right_img":[1,1,2,1,2],"img_choice":[2,1,2,2,2],"center_sample":[1,1,3,3,2],"left_sample":[3,3,1,2,1],"right_sample":[2,2,2,2,1],"RT":[[0,0,0,1471,0,0],[0,0,0,1373,0,0],[0,0,0,1237,0,0],[0,0,0,385,0,0],[0,0,0,409,0,0]],"response":[[0,0,0,1,0,0],[0,0,0,1,0,0],[0,0,0,1,0,0],[0,0,0,1,0,0],[0,0,0,1,0,0]],"framerate":[27.99813345776948,28.34008097165992,29.2959133431807,29.631940112289456,29.897228277795083]}
