{"practice":[0,0,0,0,0,0,0,0,0,0,0,0,0,0,0,0,0,0,0,0],"center_interval":[50,25,100,100,50,0,100,50,50,100,75,0,100,100,0,0,50,100,50,25],"image_pair":[3,1,3,3,4,3,2,2,1,2,1,2,4,1,4,3,3,1,1,1],"feature_space":[2,1,1,1,1,1,1,2,2,2,2,2,1,2,1,2,1,1,1,2],"left_img":[2,2,1,1,1,2,1,2,2,2,1,1,2,2,2,1,2,2,2,2],"img1Sample":[2,2,1,3,1,1,2,2,2,3,1,3,3,3,1,2,2,2,3,3],"img2Sample":[1,2,3,2,3,1,2,3,2,3,3,1,1,1,3,3,2,3,2,3],"key":[50,49,49,49,49,49,49,50,50,50,50,50,50,49,50,49,50,49,50,49],"correct":[true,false,false,false,true,false,false,true,true,false,true,false,false,true,true,true,true,true,true,false],"right_img":[1,1,2,2,2,1,2,1,1,1,2,2,1,1,1,2,1,1,1,1],"img_choice":[1,2,1,1,1,2,1,1,1,1,2,2,1,2,1,1,1,2,1,2],"center_sample":[1,3,1,3,3,3,3,3,1,2,2,2,2,2,3,1,3,2,1,3],"left_sample":[1,2,1,3,1,1,2,3,2,3,1,3,1,1,3,2,2,3,2,3],"right_sample":[2,2,3,2,3,1,2,2,2,3,3,1,3,3,1,3,2,2,3,3],"RT":[[0,0,0,407,0,0],[0,0,0,1319,0,0],[0,0,0,761,0,0],[0,0,0,939,0,0],[0,0,0,768,0,0],[0,0,0,885,0,0],[0,0,0,1017,0,0],[0,0,0,444,0,0],[0,0,0,922,0,0],[0,0,0,1848,0,0],[0,0,0,1401,0,0],[0,0,0,750,0,0],[0,0,0,771,0,0],[0,0,0,699,0,0],[0,0,0,676,0,0],[0,0,0,668,0,0],[0,0,0,734,0,0],[0,0,0,686,0,0],[0,0,0,684,0,0],[0,0,0,673,0,0]],"response":[[0,0,0,1,0,0],[0,0,0,1,0,0],[0,0,0,1,0,0],[0,0,0,1,0,0],[0,0,0,1,0,0],[0,0,0,1,0,0],[0,0,0,1,0,0],[0,0,0,1,0,0],[0,0,0,1,0,0],[0,0,0,1,0,0],[0,0,0,1,0,0],[0,0,0,1,0,0],[0,0,0,1,0,0],[0,0,0,1,0,0],[0,0,0,1,0,0],[0,0,0,1,0,0],[0,0,0,1,0,0],[0,0,0,1,0,0],[0,0,0,1,0,0],[0,0,0,1,0,0]],"framerate":[29.647930821494754,27.764365041042975,27.38960313024036,29.020234291799788,29.879921809550407,29.633620689655174,29.41176470588235,29.078665442301805,28.809908454496497,29.29854576561163,29.126213592233007,28.690807799442894,28.18080357142857,28.895184135977335,29.799426934097422,29.2179891148668,28.87064817435607,30.329041487839774,30.05151688609044,29.453817557906778]}
