{"practice":[0,0,0,0,0,0,0,0,0,0,0,0,0,0,0,0,0,0,0,0],"center_interval":[75,100,100,75,50,75,50,50,75,0,75,100,25,75,50,0,0,75,100,25],"image_pair":[2,2,1,1,3,3,1,4,2,1,3,2,1,1,2,3,3,3,4,1],"feature_space":[2,1,2,2,2,1,1,1,1,2,2,2,2,2,2,2,2,1,2,2],"left_img":[1,2,1,1,2,1,1,2,2,1,2,2,2,1,2,1,1,2,1,2],"img1Sample":[1,2,1,1,2,2,3,2,3,2,3,1,2,3,3,3,3,2,3,2],"img2Sample":[1,1,3,1,3,2,3,3,2,3,2,2,1,1,3,1,3,1,2,1],"key":[49,49,49,49,50,50,49,50,49,50,50,49,50,49,50,50,50,49,49,49],"correct":[false,true,false,false,true,true,true,true,true,false,false,true,true,false,true,false,false,true,false,false],"right_img":[2,1,2,2,1,2,2,1,1,2,1,1,1,2,1,2,2,1,2,1],"img_choice":[1,2,1,1,1,2,1,1,2,2,1,2,1,1,1,2,2,2,1,2],"center_sample":[3,3,2,2,2,1,2,1,3,1,1,1,1,3,3,2,2,3,1,3],"left_sample":[1,1,1,1,3,2,3,3,2,2,2,2,1,3,3,3,3,1,3,1],"right_sample":[1,2,3,1,2,2,3,2,3,3,3,1,2,1,3,1,3,2,2,2],"RT":[[0,0,0,1769,0,0],[0,0,0,1221,0,0],[0,0,0,1643,0,0],[0,0,0,1986,0,0],[0,0,0,1358,0,0],[0,0,0,1700,0,0],[0,0,0,1750,0,0],[0,0,0,1303,0,0],[0,0,0,1240,0,0],[0,0,0,1635,0,0],[0,0,0,1267,0,0],[0,0,0,1570,0,0],[0,0,0,1346,0,0],[0,0,0,1550,0,0],[0,0,0,1374,0,0],[0,0,0,1694,0,0],[0,0,0,1363,0,0],[0,0,0,2163,0,0],[0,0,0,1952,0,0],[0,0,0,1997,0,0]],"response":[[0,0,0,1,0,0],[0,0,0,1,0,0],[0,0,0,1,0,0],[0,0,0,1,0,0],[0,0,0,1,0,0],[0,0,0,1,0,0],[0,0,0,1,0,0],[0,0,0,1,0,0],[0,0,0,1,0,0],[0,0,0,1,0,0],[0,0,0,1,0,0],[0,0,0,1,0,0],[0,0,0,1,0,0],[0,0,0,1,0,0],[0,0,0,1,0,0],[0,0,0,1,0,0],[0,0,0,1,0,0],[0,0,0,1,0,0],[0,0,0,1,0,0],[0,0,0,1,0,0]],"framerate":[28.708133971291865,29.5578738201689,27.510624021471706,27.852837247973397,28.88517545953688,28.92470744093619,27.388255915863276,28.78567972907596,29.11423636812238,28.622943430245662,27.82523797900903,28.538812785388128,27.965284474445514,29.478976234003653,28.66698518872432,27.993779160186627,29.608404966571158,27.449408936084954,26.925485284909207,27.229266264809812]}
