{"practice":[0,0,0,0,0,0,0,0,0,0,0,0,0,0,0,0,0,0,0,0],"center_interval":[100,50,75,75,0,50,50,75,100,100,75,25,50,0,25,75,75,100,0,0],"image_pair":[2,3,4,4,1,2,1,4,4,1,1,1,4,1,3,1,3,1,1,1],"feature_space":[2,1,2,2,1,2,2,2,1,1,1,1,2,1,1,2,2,2,1,2],"left_img":[1,1,1,2,1,1,2,1,1,1,1,1,1,2,2,1,2,1,2,1],"img1Sample":[2,1,2,3,2,1,2,3,1,1,3,2,1,2,3,1,3,3,1,1],"img2Sample":[1,3,3,1,3,2,3,3,1,2,3,2,1,1,3,1,1,1,1,1],"key":[50,49,49,50,49,50,49,49,49,49,50,49,49,49,50,50,50,50,49,50],"correct":[true,true,false,false,true,false,false,false,false,false,true,true,true,false,true,true,false,true,false,false],"right_img":[2,2,2,1,2,2,1,2,2,2,2,2,2,1,1,2,1,2,1,2],"img_choice":[2,1,1,1,1,2,2,1,1,1,2,1,1,2,1,2,1,2,2,2],"center_sample":[3,3,3,3,3,1,2,1,3,1,1,2,1,1,2,3,2,2,3,2],"left_sample":[2,1,2,1,2,1,3,3,1,1,3,2,1,1,3,1,1,3,1,1],"right_sample":[1,3,3,3,3,2,2,3,1,2,3,2,1,2,3,1,3,1,1,1],"RT":[[0,0,0,1226,0,0],[0,0,0,1053,0,0],[0,0,0,1727,0,0],[0,0,0,1427,0,0],[0,0,0,2786,0,0],[0,0,0,1380,0,0],[0,0,0,1620,0,0],[0,0,0,1048,0,0],[0,0,0,1234,0,0],[0,0,0,1389,0,0],[0,0,0,4149,0,0],[0,0,0,1680,0,0],[0,0,0,1356,0,0],[0,0,0,1482,0,0],[0,0,0,1104,0,0],[0,0,0,1303,0,0],[0,0,0,1217,0,0],[0,0,0,1572,0,0],[0,0,0,1001,0,0],[0,0,0,1176,0,0]],"response":[[0,0,0,1,0,0],[0,0,0,1,0,0],[0,0,0,1,0,0],[0,0,0,1,0,0],[0,0,0,1,0,0],[0,0,0,1,0,0],[0,0,0,1,0,0],[0,0,0,1,0,0],[0,0,0,1,0,0],[0,0,0,1,0,0],[0,0,0,1,0,0],[0,0,0,1,0,0],[0,0,0,1,0,0],[0,0,0,1,0,0],[0,0,0,1,0,0],[0,0,0,1,0,0],[0,0,0,1,0,0],[0,0,0,1,0,0],[0,0,0,1,0,0],[0,0,0,1,0,0]],"framerate":[29.265873015873016,29.419354838709676,28.69123813727654,28.470588235294116,27.534418022528158,27.065527065527068,27.896512935883017,28.888315708021665,28.325123152709363,29.153827921308363,27.57142857142857,27.506654835847385,28.94736842105263,28.76362792855486,30.450358239508702,27.707808564231737,27.950310559006212,28.08219178082192,29.944838455476756,27.25681420355089]}
