{"practice":[1,1,1,1,1],"center_interval":[75,100,25,50,25],"image_pair":[4,4,4,3,1],"feature_space":[1,2,2,1,2],"left_img":[2,2,2,2,1],"img1Sample":[1,3,3,1,2],"img2Sample":[1,2,3,3,1],"key":[49,50,50,49,50],"correct":[true,false,true,false,false],"right_img":[1,1,1,1,2],"img_choice":[2,1,1,2,2],"center_sample":[1,1,2,1,3],"left_sample":[1,2,3,3,2],"right_sample":[1,3,3,1,1],"RT":[[0,0,0,3520,0,0],[0,0,0,2878,0,0],[0,0,0,2082,0,0],[0,0,0,2773,0,0],[0,0,0,2627,0,0]],"response":[[0,0,0,1,0,0],[0,0,0,1,0,0],[0,0,0,1,0,0],[0,0,0,1,0,0],[0,0,0,1,0,0]],"framerate":[25.386313465783665,25.839339075408684,27.51732572360375,27.88702180908116,26.48519404083134]}
