{"practice":[0,0,0,0,0,0,0,0,0,0,0,0,0,0,0,0,0,0,0,0],"center_interval":[100,50,50,75,75,75,75,75,100,50,100,25,100,25,75,50,75,75,25,100],"image_pair":[1,2,2,4,4,4,2,4,1,3,1,3,4,4,1,2,4,3,4,4],"feature_space":[1,2,2,2,2,1,1,2,1,2,2,1,1,2,1,1,1,1,2,1],"left_img":[1,1,1,2,1,2,1,2,1,1,2,2,1,2,1,2,2,2,1,2],"img1Sample":[1,1,1,2,2,3,3,2,3,2,3,3,1,1,2,2,2,3,3,1],"img2Sample":[2,1,3,3,2,3,1,3,1,1,1,2,3,2,3,1,2,1,3,2],"key":[50,49,49,50,50,50,49,50,50,49,49,50,49,50,50,50,49,49,49,49],"correct":[true,true,true,false,true,false,false,false,true,true,true,true,false,true,true,true,true,true,true,true],"right_img":[2,2,2,1,2,1,2,1,2,2,1,1,2,1,2,1,1,1,2,1],"img_choice":[2,1,1,1,2,1,1,1,2,1,2,1,1,1,2,1,2,2,1,2],"center_sample":[1,1,1,2,3,2,2,3,3,1,2,3,2,3,2,2,3,2,2,1],"left_sample":[1,1,1,3,2,3,3,3,3,2,1,2,1,2,2,1,2,1,3,2],"right_sample":[2,1,3,2,2,3,1,2,1,1,3,3,3,1,3,2,2,3,3,1],"RT":[[0,0,0,1410,0,0],[0,0,0,475,0,0],[0,0,0,2339,0,0],[0,0,0,1986,0,0],[0,0,0,2914,0,0],[0,0,0,1912,0,0],[0,0,0,1320,0,0],[0,0,0,1240,0,0],[0,0,0,1395,0,0],[0,0,0,1177,0,0],[0,0,0,915,0,0],[0,0,0,976,0,0],[0,0,0,1342,0,0],[0,0,0,1183,0,0],[0,0,0,975,0,0],[0,0,0,1342,0,0],[0,0,0,1282,0,0],[0,0,0,1453,0,0],[0,0,0,1128,0,0],[0,0,0,2154,0,0]],"response":[[0,0,0,1,0,0],[0,0,0,1,0,0],[0,0,0,1,0,0],[0,0,0,1,0,0],[0,0,0,1,0,0],[0,0,0,1,0,0],[0,0,0,1,0,0],[0,0,0,1,0,0],[0,0,0,1,0,0],[0,0,0,1,0,0],[0,0,0,1,0,0],[0,0,0,1,0,0],[0,0,0,1,0,0],[0,0,0,1,0,0],[0,0,0,1,0,0],[0,0,0,1,0,0],[0,0,0,1,0,0],[0,0,0,1,0,0],[0,0,0,1,0,0],[0,0,0,1,0,0]],"framerate":[27.751423149905122,30.783297775068572,27.158098933074687,26.38138761944329,27.083697361523676,28.451001053740782,29.58864565792639,29.2959133431807,27.481639421937928,28.76438219109555,27.2,28.571428571428573,28.145297089247055,28.25,29.8783712321523,28.866971373586722,28.829709259711702,26.86288250408783,28.172588832487307,26.98348771647201]}
