{"practice":[0,0,0,0,0,0,0,0,0,0,0,0,0,0,0,0,0,0,0,0],"center_interval":[50,75,25,75,100,100,75,75,0,75,100,25,50,50,100,0,0,0,75,25],"image_pair":[1,4,2,1,4,3,2,1,1,3,3,1,2,2,3,1,3,3,4,4],"feature_space":[1,1,2,1,2,1,1,1,1,1,1,2,2,2,1,1,2,2,1,1],"left_img":[1,2,1,2,2,2,1,2,1,2,1,2,2,2,1,1,2,2,1,1],"img1Sample":[1,1,2,2,3,3,3,2,3,3,3,3,1,3,1,1,1,2,1,2],"img2Sample":[2,1,2,2,1,1,3,1,3,2,2,1,2,3,2,2,3,3,3,2],"key":[49,49,49,50,50,50,50,49,49,50,49,49,50,50,50,49,50,50,50,50],"correct":[true,true,true,false,false,false,true,true,true,false,false,false,true,true,true,true,true,true,true,false],"right_img":[2,1,2,1,1,1,2,1,2,1,2,1,1,1,2,2,1,1,2,2],"img_choice":[1,2,1,1,1,1,2,2,1,1,1,2,1,1,2,1,1,1,2,2],"center_sample":[1,2,2,3,2,3,3,1,2,2,3,1,2,2,3,2,3,1,1,3],"left_sample":[1,1,2,2,1,1,3,1,3,2,3,1,2,3,1,1,3,3,1,2],"right_sample":[2,1,2,2,3,3,3,2,3,3,2,3,1,3,2,2,1,2,3,2],"RT":[[0,0,0,4973,0,0],[0,0,0,1185,0,0],[0,0,0,2085,0,0],[0,0,0,973,0,0],[0,0,0,1246,0,0],[0,0,0,1636,0,0],[0,0,0,1481,0,0],[0,0,0,1032,0,0],[0,0,0,1163,0,0],[0,0,0,1327,0,0],[0,0,0,999,0,0],[0,0,0,1320,0,0],[0,0,0,1139,0,0],[0,0,0,1159,0,0],[0,0,0,1125,0,0],[0,0,0,1142,0,0],[0,0,0,189,0,0],[0,0,0,1389,0,0],[0,0,0,1089,0,0],[0,0,0,1273,0,0]],"response":[[0,0,0,1,0,0],[0,0,0,1,0,0],[0,0,0,1,0,0],[0,0,0,1,0,0],[0,0,0,1,0,0],[0,0,0,1,0,0],[0,0,0,1,0,0],[0,0,0,1,0,0],[0,0,0,1,0,0],[0,0,0,1,0,0],[0,0,0,1,0,0],[0,0,0,1,0,0],[0,0,0,1,0,0],[0,0,0,1,0,0],[0,0,0,1,0,0],[0,0,0,1,0,0],[0,0,0,1,0,0],[0,0,0,1,0,0],[0,0,0,1,0,0],[0,0,0,1,0,0]],"framerate":[26.32251469460772,26.986506746626684,28.542303771661572,28.556319407720782,28.50823298107643,29.571106094808126,26.663575237653607,29.916753381893862,29.69300452944137,28.908696699590458,28.578919769271106,27.436823104693143,28.433612592028435,28.700906344410875,28.992878942014244,29.189733266230498,31.385642737896497,26.97541179279064,28.425096030729833,28.487947406866326]}
