{"practice":[0,0,0,0,0,0,0,0,0,0,0,0,0,0,0,0,0,0,0,0],"center_interval":[50,25,25,50,50,75,0,0,75,50,0,0,75,25,50,100,100,100,100,100],"image_pair":[4,2,1,1,3,2,2,4,3,1,3,4,4,4,3,3,1,3,2,2],"feature_space":[1,1,2,1,1,1,2,2,2,2,2,2,2,1,1,1,2,2,2,1],"left_img":[2,1,2,1,1,2,1,2,1,1,2,1,1,2,1,1,2,1,2,1],"img1Sample":[1,2,3,1,3,1,2,1,1,3,2,2,2,3,2,2,3,2,1,2],"img2Sample":[1,2,3,3,3,2,2,2,1,1,1,3,3,2,3,1,1,3,1,1],"key":[49,50,49,49,50,49,49,50,49,50,50,50,49,49,50,50,49,50,49,49],"correct":[false,false,false,true,false,true,true,true,false,false,true,false,false,false,false,true,true,true,true,false],"right_img":[1,2,1,2,2,1,2,1,2,2,1,2,2,1,2,2,1,2,1,2],"img_choice":[2,2,2,1,2,2,1,1,1,2,1,2,1,2,2,2,2,2,2,1],"center_sample":[2,1,3,2,1,1,3,3,3,1,3,3,3,3,3,2,2,2,2,3],"left_sample":[1,2,3,1,3,2,2,2,1,3,1,2,2,2,2,2,1,2,1,2],"right_sample":[1,2,3,3,3,1,2,1,1,1,2,3,3,3,3,1,3,3,1,1],"RT":[[0,0,0,991.3000001907349,0,0],[0,0,0,1109.9000000953674,0,0],[0,0,0,1762.7999997138977,0,0],[0,0,0,551,0,0],[0,0,0,1103.2999997138977,0,0],[0,0,0,1353.3000001907349,0,0],[0,0,0,1801.1000003814697,0,0],[0,0,0,431.30000019073486,0,0],[0,0,0,534.5999999046326,0,0],[0,0,0,1804.7999997138977,0,0],[0,0,0,1493.3000001907349,0,0],[0,0,0,1520.8000001907349,0,0],[0,0,0,930.5999999046326,0,0],[0,0,0,527.3999996185303,0,0],[0,0,0,337.19999980926514,0,0],[0,0,0,1067.4000000953674,0,0],[0,0,0,361,0,0],[0,0,0,1586.0999999046326,0,0],[0,0,0,4445.700000286102,0,0],[0,0,0,917.9000000953674,0,0]],"response":[[0,0,0,1,0,0],[0,0,0,1,0,0],[0,0,0,1,0,0],[0,0,0,1,0,0],[0,0,0,1,0,0],[0,0,0,1,0,0],[0,0,0,1,0,0],[0,0,0,1,0,0],[0,0,0,1,0,0],[0,0,0,1,0,0],[0,0,0,1,0,0],[0,0,0,1,0,0],[0,0,0,1,0,0],[0,0,0,1,0,0],[0,0,0,1,0,0],[0,0,0,1,0,0],[0,0,0,1,0,0],[0,0,0,1,0,0],[0,0,0,1,0,0],[0,0,0,1,0,0]],"framerate":[15.545952783243349,15.259798061635523,14.565534033046571,16.061390203007566,15.327628049559332,14.416146083613649,14.3940533230381,16.175797344727606,16.14108503960544,14.746064101703105,14.566137199461084,14.499090928740198,15.74214893834018,16.15750575800736,16.17661052529116,14.707020667958082,16.00954294132749,14.784823948148476,12.692106061192277,15.511754165836514]}
