{"practice":[0,0,0,0,0,0,0,0,0,0,0,0,0,0,0,0,0,0,0,0],"center_interval":[0,0,75,75,25,50,50,50,0,0,75,0,50,50,0,50,0,25,75,100],"image_pair":[2,1,2,1,1,4,1,2,2,3,1,3,3,2,4,2,1,4,4,1],"feature_space":[1,2,1,2,1,1,1,2,2,2,1,2,1,1,2,1,2,1,2,1],"left_img":[1,1,1,2,2,2,1,1,2,1,2,2,2,2,1,2,1,2,2,1],"img1Sample":[2,2,1,2,3,2,2,1,1,1,2,2,3,1,2,1,2,2,2,2],"img2Sample":[2,3,3,2,2,1,2,3,3,2,2,1,3,3,1,2,1,3,1,2],"key":[50,50,50,50,49,49,50,49,49,50,50,49,49,50,49,49,50,50,50,49],"correct":[false,false,true,false,false,false,false,true,false,false,false,false,false,true,true,false,false,true,false,false],"right_img":[2,2,2,1,1,1,2,2,1,2,1,1,1,1,2,1,2,1,1,2],"img_choice":[2,2,2,1,2,2,2,1,2,2,1,2,2,1,1,2,2,1,1,1],"center_sample":[3,3,2,3,1,3,2,3,3,2,2,3,2,1,1,2,3,3,2,1],"left_sample":[2,2,1,2,2,1,2,1,3,1,2,1,3,3,2,2,2,3,1,2],"right_sample":[2,3,3,2,3,2,2,3,1,2,2,2,3,1,1,1,1,2,2,2],"RT":[[0,0,0,1646.6000003814697,0,0],[0,0,0,3082.5999999046326,0,0],[0,0,0,2304.5,0,0],[0,0,0,2503.7999997138977,0,0],[0,0,0,4838.700000286102,0,0],[0,0,0,2960.7000002861023,0,0],[0,0,0,1760.4000000953674,0,0],[0,0,0,48.09999990463257,0,0],[0,0,0,146.80000019073486,0,0],[0,0,0,545.7000002861023,0,0],[0,0,0,2320.800000190735,0,0],[0,0,0,1140.6999998092651,0,0],[0,0,0,1897.7000002861023,0,0],[0,0,0,1309.2999997138977,0,0],[0,0,0,2120.4000000953674,0,0],[0,0,0,2577.5,0,0],[0,0,0,2738.699999809265,0,0],[0,0,0,2582.699999809265,0,0],[0,0,0,2815.5999999046326,0,0],[0,0,0,1305.8000001907349,0,0]],"response":[[0,0,0,1,0,0],[0,0,0,1,0,0],[0,0,0,1,0,0],[0,0,0,1,0,0],[0,0,0,1,0,0],[0,0,0,1,0,0],[0,0,0,1,0,0],[0,0,0,1,0,0],[0,0,0,1,0,0],[0,0,0,1,0,0],[0,0,0,1,0,0],[0,0,0,1,0,0],[0,0,0,1,0,0],[0,0,0,1,0,0],[0,0,0,1,0,0],[0,0,0,1,0,0],[0,0,0,1,0,0],[0,0,0,1,0,0],[0,0,0,1,0,0],[0,0,0,1,0,0]],"framerate":[14.120178406428085,13.55633504547786,14.275936247188815,13.723094275777799,13.197266466525415,14.133788372838273,14.775863193196397,16.946221684246932,15.971726644044738,14.986776373787835,14.197915046163455,15.229199452854742,14.411054125058834,15.302032984736664,13.727944441937012,13.89120408981585,13.364155169137652,14.243960190403488,14.172586674704272,15.313935681115135]}
