{"practice":[0,0,0,0,0,0,0,0,0,0,0,0,0,0,0,0,0,0,0,0],"center_interval":[75,100,0,50,0,50,100,50,100,100,50,75,25,0,75,25,25,75,0,25],"image_pair":[1,2,2,1,2,3,4,2,2,3,4,1,3,1,3,4,1,3,3,2],"feature_space":[1,2,2,1,1,1,1,2,1,1,2,1,2,1,2,2,1,2,2,1],"left_img":[1,1,2,1,2,1,2,1,1,1,1,2,1,2,2,1,1,2,1,2],"img1Sample":[2,2,3,3,3,3,1,1,2,2,1,1,3,1,1,1,1,3,2,1],"img2Sample":[3,1,2,1,3,1,3,3,3,2,1,3,3,1,3,2,3,2,1,3],"key":[50,49,50,50,49,50,49,50,49,49,50,49,49,49,50,49,49,50,49,50],"correct":[true,false,true,false,false,false,true,false,false,false,false,true,true,false,false,true,true,false,true,true],"right_img":[2,2,1,2,1,2,1,2,2,2,2,1,2,1,1,2,2,1,2,1],"img_choice":[2,1,1,2,2,2,2,2,1,1,2,2,1,2,1,1,1,1,1,1],"center_sample":[2,3,2,2,1,2,1,3,2,1,3,1,2,3,2,1,3,2,1,3],"left_sample":[2,2,2,3,3,3,3,1,2,2,1,3,3,1,3,1,1,2,2,3],"right_sample":[3,1,3,1,3,1,1,3,3,2,1,1,3,1,1,2,3,3,1,1],"RT":[[0,0,0,1406.8000001907349,0,0],[0,0,0,1071.1000003814697,0,0],[0,0,0,527.0999999046326,0,0],[0,0,0,260.40000009536743,0,0],[0,0,0,641.3000001907349,0,0],[0,0,0,635.2999997138977,0,0],[0,0,0,739,0,0],[0,0,0,2253.9000000953674,0,0],[0,0,0,243.5,0,0],[0,0,0,375.5,0,0],[0,0,0,1853.5,0,0],[0,0,0,639.2999997138977,0,0],[0,0,0,2172.2999997138977,0,0],[0,0,0,555.0999999046326,0,0],[0,0,0,636.8000001907349,0,0],[0,0,0,248.40000009536743,0,0],[0,0,0,734.9000000953674,0,0],[0,0,0,441.19999980926514,0,0],[0,0,0,1121.7000002861023,0,0],[0,0,0,1678.7000002861023,0,0]],"response":[[0,0,0,1,0,0],[0,0,0,1,0,0],[0,0,0,1,0,0],[0,0,0,1,0,0],[0,0,0,1,0,0],[0,0,0,1,0,0],[0,0,0,1,0,0],[0,0,0,1,0,0],[0,0,0,1,0,0],[0,0,0,1,0,0],[0,0,0,1,0,0],[0,0,0,1,0,0],[0,0,0,1,0,0],[0,0,0,1,0,0],[0,0,0,1,0,0],[0,0,0,1,0,0],[0,0,0,1,0,0],[0,0,0,1,0,0],[0,0,0,1,0,0],[0,0,0,1,0,0]],"framerate":[14.624366080905768,14.031328130010305,16.083874426182796,16.900126750426818,15.963776738442268,15.35208411910676,15.429068363560948,14.349740525777834,16.26386494385646,15.580692406433545,14.497079265207553,16.410906053859406,14.319712799550496,15.43255675916308,15.875306682060904,16.237983892925808,16.54654064987688,16.209438175701656,15.282341255051433,14.261520633425363]}
