{"practice":[0,0,0,0,0,0,0,0,0,0,0,0,0,0,0,0,0,0,0,0],"center_interval":[50,25,75,100,0,100,50,75,25,75,75,75,25,0,50,50,75,75,100,25],"image_pair":[3,1,3,1,3,1,3,3,4,3,2,1,1,3,1,1,3,1,2,4],"feature_space":[2,1,1,2,1,2,1,2,2,1,1,1,1,2,2,1,1,1,2,2],"left_img":[2,1,1,2,1,2,1,1,1,2,1,2,1,2,2,2,2,1,2,1],"img1Sample":[3,3,2,3,3,1,1,1,3,2,1,3,2,3,3,2,1,3,3,3],"img2Sample":[1,1,1,1,2,3,1,1,3,3,3,1,3,3,1,1,1,2,2,1],"stim_time":[250,250,250,250,250,250,250,250,250,250,250,250,250,250,250,250,250,250,250,250],"key":[49,49,49,49,49,49,49,49,50,49,49,50,49,49,49,49,50,49,50,50],"correct":[false,true,false,true,true,true,true,false,false,true,false,false,true,false,false,false,false,false,false,false],"right_img":[1,2,2,1,2,1,2,2,2,1,2,1,2,1,1,1,1,2,1,2],"img_choice":[2,1,1,2,1,2,1,1,2,2,1,1,1,2,2,2,1,1,1,2],"center_sample":[1,2,3,1,2,1,2,2,1,1,1,2,2,3,3,2,3,2,1,3],"left_sample":[1,3,2,1,3,3,1,1,3,3,1,1,2,3,1,1,1,3,2,3],"right_sample":[3,1,1,3,2,1,1,1,3,2,3,3,3,3,3,2,1,2,3,1],"exact_match":[0,0,0,1,0,0,0,0,0,0,0,0,0,1,0,0,0,0,0,0],"RT":[[0,0,0,3907.2000002861023,0,0],[0,0,0,2452.0999999046326,0,0],[0,0,0,3379.5999999046326,0,0],[0,0,0,1907,0,0],[0,0,0,1110.0999999046326,0,0],[0,0,0,732,0,0],[0,0,0,123.90000009536743,0,0],[0,0,0,551.1000003814697,0,0],[0,0,0,3029.800000190735,0,0],[0,0,0,328,0,0],[0,0,0,2346.5,0,0],[0,0,0,2190.800000190735,0,0],[0,0,0,192.39999961853027,0,0],[0,0,0,3133.9000000953674,0,0],[0,0,0,283.30000019073486,0,0],[0,0,0,1834.8000001907349,0,0],[0,0,0,2738.800000190735,0,0],[0,0,0,2498.7999997138977,0,0],[0,0,0,1890.8999996185303,0,0],[0,0,0,4597,0,0]],"response":[[0,0,0,1,0,0],[0,0,0,1,0,0],[0,0,0,1,0,0],[0,0,0,1,0,0],[0,0,0,1,0,0],[0,0,0,1,0,0],[0,0,0,1,0,0],[0,0,0,1,0,0],[0,0,0,1,0,0],[0,0,0,1,0,0],[0,0,0,1,0,0],[0,0,0,1,0,0],[0,0,0,1,0,0],[0,0,0,1,0,0],[0,0,0,1,0,0],[0,0,0,1,0,0],[0,0,0,1,0,0],[0,0,0,1,0,0],[0,0,0,1,0,0],[0,0,0,1,0,0]],"framerate":[16.55896607431341,20.18249524082521,18.521028142529183,20.151133501259444,18.26150474719615,25.128434216666925,27.25956215214132,24.3020937159551,10.957970097171636,24.779535021035755,16.95460258948905,21.484255108297006,26.695979901496486,19.03492909618491,27.37496299908056,20.859407595590753,21.53926976622012,21.788318108863965,21.40381871235944,17.14720076338007]}
