{"practice":[1,1,1,1,1],"center_interval":[100,50,0,75,100],"image_pair":[3,4,1,3,1],"feature_space":[1,2,2,2,1],"left_img":[2,1,2,2,2],"img1Sample":[3,2,3,1,1],"img2Sample":[1,3,1,2,2],"stim_time":[2000,2000,2000,2000,2000],"key":[null,null,49,32,32],"correct":[null,null,false,null,null],"right_img":[1,2,1,1,1],"img_choice":[null,null,2,null,null],"center_sample":[3,3,1,1,2],"left_sample":[1,2,1,2,2],"right_sample":[3,3,3,1,1],"exact_match":[0,0,0,0,1],"RT":[[0,0,0,0,0,0],[0,0,0,0,0,0],[0,0,0,290.5,0,0],[0,0,0,1485.8000001907349,0,0],[0,0,0,4830.800000190735,0,0]],"response":[[0,0,0,1,0,0],[0,0,0,1,0,0],[0,0,0,1,0,0],[0,0,0,1,0,0],[0,0,0,1,0,0]],"framerate":[18.230838361792273,19.718094851114568,25.159667115928574,19.406815367842437,20.826944699735993]}
