{"practice":[0,0,0,0,0,0,0,0,0,0,0,0,0,0,0,0,0,0,0,0],"center_interval":[100,75,50,100,0,50,25,50,25,25,25,0,50,100,50,75,25,100,25,0],"image_pair":[3,3,4,4,4,1,3,4,2,2,4,2,2,1,4,1,4,2,4,4],"feature_space":[1,2,2,1,2,1,1,1,1,1,1,1,2,1,2,2,2,1,1,1],"left_img":[2,1,2,1,2,1,1,2,2,1,1,2,1,1,2,2,2,1,1,1],"img1Sample":[3,3,2,1,2,2,2,2,3,1,2,2,2,3,2,3,2,2,1,3],"img2Sample":[1,1,3,2,1,3,3,1,3,1,1,1,1,3,1,1,3,1,2,1],"key":[null,50,50,49,50,49,49,null,50,49,49,49,null,49,null,null,null,50,50,49],"correct":[null,true,true,false,true,true,true,null,true,true,true,false,null,false,null,null,null,true,false,true],"right_img":[1,2,1,2,1,2,2,1,1,2,2,1,2,2,1,1,1,2,2,2],"img_choice":[null,2,1,1,1,1,1,null,1,1,1,2,null,1,null,null,null,2,2,1],"center_sample":[3,2,3,1,1,3,2,1,3,1,3,1,2,1,2,3,1,3,3,1],"left_sample":[1,3,3,1,1,2,2,1,3,1,2,1,2,3,1,1,3,2,1,3],"right_sample":[3,1,2,2,2,3,3,2,3,1,1,2,1,3,2,3,2,1,2,1],"RT":[[0,0,0,0,0,0],[0,0,0,1806.5,0,0],[0,0,0,1215.7999997138977,0,0],[0,0,0,2209.2999997138977,0,0],[0,0,0,2867.800000190735,0,0],[0,0,0,446.80000019073486,0,0],[0,0,0,134.5,0,0],[0,0,0,0,0,0],[0,0,0,3679.7999997138977,0,0],[0,0,0,933.4000000953674,0,0],[0,0,0,145.09999990463257,0,0],[0,0,0,2707.1000003814697,0,0],[0,0,0,0,0,0],[0,0,0,234.69999980926514,0,0],[0,0,0,0,0,0],[0,0,0,0,0,0],[0,0,0,0,0,0],[0,0,0,1595.5999999046326,0,0],[0,0,0,903.5,0,0],[0,0,0,3519.4000000953674,0,0]],"response":[[0,0,0,1,0,0],[0,0,0,1,0,0],[0,0,0,1,0,0],[0,0,0,1,0,0],[0,0,0,1,0,0],[0,0,0,1,0,0],[0,0,0,1,0,0],[0,0,0,1,0,0],[0,0,0,1,0,0],[0,0,0,1,0,0],[0,0,0,1,0,0],[0,0,0,1,0,0],[0,0,0,1,0,0],[0,0,0,1,0,0],[0,0,0,1,0,0],[0,0,0,1,0,0],[0,0,0,1,0,0],[0,0,0,1,0,0],[0,0,0,1,0,0],[0,0,0,1,0,0]],"framerate":[12.652889076030654,14.512530596046537,14.802753311419485,13.464546660085905,13.601356603298639,16.106485139955034,16.512772123214,12.886597938301133,13.380498308212857,15.524625267665954,16.562447186074024,13.721383692746237,12.78772378516624,16.860061489104467,13.010867901581816,12.27684280540831,12.920392473069578,14.302579004102798,15.384615384615385,13.34610372257803]}
