{"practice":[0,0,0,0,0,0,0,0,0,0,0,0,0,0,0,0,0,0,0,0],"center_interval":[0,100,50,100,0,75,25,50,0,50,0,25,50,25,25,75,25,75,0,100],"image_pair":[3,1,2,2,3,3,4,3,2,2,2,1,3,3,2,4,2,3,1,4],"feature_space":[2,1,1,1,1,2,1,1,2,2,1,1,1,1,1,1,2,1,2,1],"left_img":[1,2,2,2,1,1,1,1,1,1,1,1,2,2,2,1,1,1,2,1],"img1Sample":[1,2,1,1,2,3,1,2,2,2,3,2,2,2,3,2,2,3,3,1],"img2Sample":[2,2,1,3,3,3,3,1,2,2,3,1,2,3,1,2,2,3,3,3],"stim_time":[2000,2000,2000,2000,2000,2000,2000,2000,2000,2000,2000,2000,2000,2000,2000,2000,2000,2000,2000,2000],"key":[49,50,49,49,49,49,49,49,49,49,49,49,50,49,50,49,49,49,50,49],"correct":[true,false,false,true,true,false,true,true,true,true,true,true,true,false,true,false,true,false,true,false],"right_img":[2,1,1,1,2,2,2,2,2,2,2,2,1,1,1,2,2,2,1,2],"img_choice":[1,1,2,2,1,1,1,1,1,1,1,1,1,2,1,1,1,1,1,1],"center_sample":[2,1,3,2,1,1,1,3,2,2,3,1,1,3,2,1,1,2,1,3],"left_sample":[1,2,1,3,2,3,1,2,2,2,3,2,2,3,1,2,2,3,3,1],"right_sample":[2,2,1,1,3,3,3,1,2,2,3,1,2,2,3,2,2,3,3,3],"exact_match":[0,0,0,0,0,0,0,0,1,0,1,0,0,0,0,0,0,0,0,1],"RT":[[0,0,0,1291.4000000953674,0,0],[0,0,0,2451.1000003814697,0,0],[0,0,0,2019.0999999046326,0,0],[0,0,0,1886.7999997138977,0,0],[0,0,0,2155.7999997138977,0,0],[0,0,0,1553.3000001907349,0,0],[0,0,0,1677.2999997138977,0,0],[0,0,0,861.2999997138977,0,0],[0,0,0,2236.8999996185303,0,0],[0,0,0,1537.5999999046326,0,0],[0,0,0,2364.4000000953674,0,0],[0,0,0,2339.7000002861023,0,0],[0,0,0,2337.4000000953674,0,0],[0,0,0,940.3000001907349,0,0],[0,0,0,4554.700000286102,0,0],[0,0,0,1725.9000000953674,0,0],[0,0,0,1250.5999999046326,0,0],[0,0,0,2819,0,0],[0,0,0,3642.9000000953674,0,0],[0,0,0,2738.2999997138977,0,0]],"response":[[0,0,0,1,0,0],[0,0,0,1,0,0],[0,0,0,1,0,0],[0,0,0,1,0,0],[0,0,0,1,0,0],[0,0,0,1,0,0],[0,0,0,1,0,0],[0,0,0,1,0,0],[0,0,0,1,0,0],[0,0,0,1,0,0],[0,0,0,1,0,0],[0,0,0,1,0,0],[0,0,0,1,0,0],[0,0,0,1,0,0],[0,0,0,1,0,0],[0,0,0,1,0,0],[0,0,0,1,0,0],[0,0,0,1,0,0],[0,0,0,1,0,0],[0,0,0,1,0,0]],"framerate":[21.959253385384894,21.06581644157994,19.618776202551054,15.818725951261223,20.06823198876179,19.514658951354964,23.82702028738162,24.015500912976396,19.947859062214558,24.115755627009644,18.746497110029257,16.52320934612806,20.69908221050576,22.311942200314583,21.56458525526408,23.173180903348005,25.21419828641371,20.5218929677134,23.107582078783473,20.94548661583314]}
