{"practice":[0,0,0,0,0,0,0,0,0,0,0,0,0,0,0,0,0,0,0,0],"center_interval":[100,0,50,50,50,75,50,100,50,75,100,100,75,50,100,75,100,100,50,25],"image_pair":[3,4,1,4,2,1,3,3,1,4,4,2,4,2,3,1,3,1,2,2],"feature_space":[2,2,1,2,2,1,2,2,2,1,2,2,1,1,1,1,1,2,2,1],"left_img":[1,1,1,1,2,2,2,1,2,2,2,2,2,1,1,1,1,1,2,2],"img1Sample":[1,2,2,2,2,2,1,3,2,2,1,2,2,1,3,1,2,2,3,2],"img2Sample":[1,3,3,2,1,3,3,3,1,3,1,1,2,3,2,1,1,1,2,1],"stim_time":[2000,2000,2000,2000,2000,2000,2000,2000,2000,2000,2000,2000,2000,2000,2000,2000,2000,2000,2000,2000],"key":[49,49,49,49,49,49,50,49,50,50,50,50,50,49,49,49,50,50,49,50],"correct":[false,true,true,true,false,true,true,false,true,false,false,false,false,true,false,false,true,true,false,true],"right_img":[2,2,2,2,1,1,1,2,1,1,1,1,1,2,2,2,2,2,1,1],"img_choice":[1,1,1,1,2,2,1,1,1,1,1,1,1,1,1,1,2,2,2,1],"center_sample":[3,3,1,2,2,1,3,3,1,3,2,3,1,3,1,1,2,3,3,2],"left_sample":[1,2,2,2,1,3,3,3,1,3,1,1,2,1,3,1,2,2,2,1],"right_sample":[1,3,3,2,2,2,1,3,2,2,1,2,2,3,2,1,1,1,3,2],"exact_match":[0,0,0,0,0,0,0,1,0,0,0,0,0,0,0,0,0,0,0,0],"RT":[[0,0,0,878.2999997138977,0,0],[0,0,0,2715.9000000953674,0,0],[0,0,0,1983,0,0],[0,0,0,1491.7999997138977,0,0],[0,0,0,1297.3000001907349,0,0],[0,0,0,694.8000001907349,0,0],[0,0,0,1909.0999999046326,0,0],[0,0,0,1806.5,0,0],[0,0,0,2146.199999809265,0,0],[0,0,0,2101,0,0],[0,0,0,2358.8999996185303,0,0],[0,0,0,1310.5,0,0],[0,0,0,2855.6000003814697,0,0],[0,0,0,551.9000000953674,0,0],[0,0,0,2382.2999997138977,0,0],[0,0,0,1745.6000003814697,0,0],[0,0,0,2301.2000002861023,0,0],[0,0,0,3029.199999809265,0,0],[0,0,0,2641.7000002861023,0,0],[0,0,0,1940.5,0,0]],"response":[[0,0,0,1,0,0],[0,0,0,1,0,0],[0,0,0,1,0,0],[0,0,0,1,0,0],[0,0,0,1,0,0],[0,0,0,1,0,0],[0,0,0,1,0,0],[0,0,0,1,0,0],[0,0,0,1,0,0],[0,0,0,1,0,0],[0,0,0,1,0,0],[0,0,0,1,0,0],[0,0,0,1,0,0],[0,0,0,1,0,0],[0,0,0,1,0,0],[0,0,0,1,0,0],[0,0,0,1,0,0],[0,0,0,1,0,0],[0,0,0,1,0,0],[0,0,0,1,0,0]],"framerate":[21.953004310428277,23.236962982977573,17.157268067148223,20.490387935996317,23.647577951131133,25.897044858015285,22.073662968027943,23.020457803543284,23.133247504301078,23.73754793112788,16.80380113694328,19.183604087487442,22.797964090325312,26.31345533955625,22.48573020885038,21.468629514139113,18.558312170345772,16.20220349941243,21.04184582657614,21.791970498766442]}
