{"practice":[0,0,0,0,0,0,0,0,0,0,0,0,0,0,0,0,0,0,0,0],"center_interval":[0,0,100,75,75,50,25,100,25,50,100,50,0,25,25,50,50,75,0,75],"image_pair":[4,1,1,2,3,1,1,4,2,1,4,4,1,2,2,1,3,2,1,2],"feature_space":[2,2,1,2,2,2,1,1,1,1,1,2,1,1,1,1,1,1,1,1],"left_img":[2,2,1,1,2,2,1,2,2,1,1,1,2,2,2,2,2,2,1,1],"img1Sample":[2,1,2,2,3,1,1,1,1,3,2,1,3,2,1,3,1,3,2,3],"img2Sample":[1,1,1,1,3,1,1,1,2,3,3,3,3,1,2,2,3,3,3,1],"stim_time":[2000,2000,2000,2000,2000,2000,2000,2000,2000,2000,2000,2000,2000,2000,2000,2000,2000,2000,2000,2000],"key":[49,49,49,50,49,49,50,49,49,50,49,49,50,49,49,49,49,49,49,49],"correct":[false,false,false,true,true,false,false,true,false,false,false,true,true,false,false,false,false,true,true,false],"right_img":[1,1,2,2,1,1,2,1,1,2,2,2,1,1,1,1,1,1,2,2],"img_choice":[2,2,1,2,2,2,2,2,2,2,1,1,1,2,2,2,2,2,1,1],"center_sample":[1,2,2,1,2,1,2,2,2,1,3,2,1,2,2,1,3,2,3,2],"left_sample":[1,1,2,2,3,1,1,1,2,3,2,1,3,1,2,2,3,3,2,3],"right_sample":[2,1,1,1,3,1,1,1,1,3,3,3,3,2,1,3,1,3,3,1],"exact_match":[0,0,0,0,0,0,0,0,0,0,1,0,0,0,0,0,0,0,0,0],"RT":[[0,0,0,140.59999990463257,0,0],[0,0,0,2019.7000002861023,0,0],[0,0,0,2273.4000000953674,0,0],[0,0,0,2251.5,0,0],[0,0,0,1624.5999999046326,0,0],[0,0,0,1458.5999999046326,0,0],[0,0,0,1233.5,0,0],[0,0,0,2031,0,0],[0,0,0,1843.5999999046326,0,0],[0,0,0,2937.9000000953674,0,0],[0,0,0,1997.9000000953674,0,0],[0,0,0,2906.300000190735,0,0],[0,0,0,2479.300000190735,0,0],[0,0,0,2608,0,0],[0,0,0,1457.5,0,0],[0,0,0,2194.0999999046326,0,0],[0,0,0,2653.300000190735,0,0],[0,0,0,2783.5,0,0],[0,0,0,2958.7999997138977,0,0],[0,0,0,2093.800000190735,0,0]],"response":[[0,0,0,1,0,0],[0,0,0,1,0,0],[0,0,0,1,0,0],[0,0,0,1,0,0],[0,0,0,1,0,0],[0,0,0,1,0,0],[0,0,0,1,0,0],[0,0,0,1,0,0],[0,0,0,1,0,0],[0,0,0,1,0,0],[0,0,0,1,0,0],[0,0,0,1,0,0],[0,0,0,1,0,0],[0,0,0,1,0,0],[0,0,0,1,0,0],[0,0,0,1,0,0],[0,0,0,1,0,0],[0,0,0,1,0,0],[0,0,0,1,0,0],[0,0,0,1,0,0]],"framerate":[22.642019533695823,22.48999298521537,21.823758405914543,23.2503152572013,13.46045989904655,23.701131083151004,22.563505350778474,21.81025081831238,17.567538615372428,18.821233139937586,21.903787103377688,19.00510871207697,18.700768810731933,21.438208061127632,24.78256803350548,21.905368807170834,18.05877309821459,19.221528112137364,21.12407798559155,20.56942690605577]}
