{"practice":[1,1,1,1,1],"center_interval":[50,0,100,75,25],"image_pair":[4,1,3,4,3],"feature_space":[2,1,2,1,2],"left_img":[1,2,2,1,1],"img1Sample":[3,1,2,2,2],"img2Sample":[1,1,1,1,2],"key":[null,49,50,49,49],"correct":[null,false,false,false,true],"right_img":[2,1,1,2,2],"img_choice":[null,2,1,1,1],"center_sample":[3,3,3,3,1],"left_sample":[3,1,1,2,2],"right_sample":[1,1,2,1,2],"RT":[[0,0,0,0,0,0],[0,0,0,1294.5999999046326,0,0],[0,0,0,1185.5,0,0],[0,0,0,2133.9000000953674,0,0],[0,0,0,2286.7000002861023,0,0]],"response":[[0,0,0,1,0,0],[0,0,0,1,0,0],[0,0,0,1,0,0],[0,0,0,1,0,0],[0,0,0,1,0,0]],"framerate":[12.639965271706794,14.75925477861118,13.994751968011997,13.302964948191535,14.24112368318377]}
