{"practice":[0,0,0,0,0,0,0,0,0,0,0,0,0,0,0,0,0,0,0,0],"center_interval":[0,0,0,0,100,100,25,25,50,0,100,0,25,50,75,75,75,75,0,0],"image_pair":[3,1,2,4,2,2,3,2,2,1,2,3,2,3,1,3,2,3,2,3],"feature_space":[2,1,1,1,1,2,1,2,2,1,2,1,2,2,1,2,1,1,1,1],"left_img":[1,1,2,2,2,1,2,2,2,2,2,2,2,2,2,2,1,2,1,1],"img1Sample":[3,2,3,1,1,2,3,2,3,2,3,1,3,3,2,2,3,3,1,1],"img2Sample":[1,2,2,2,1,1,2,2,2,3,3,1,3,3,1,1,2,2,3,2],"key":[49,50,49,50,50,49,49,50,50,49,49,50,50,49,49,50,49,50,50,50],"correct":[true,false,false,true,false,false,false,true,true,false,true,true,true,false,true,false,false,false,false,false],"right_img":[2,2,1,1,1,2,1,1,1,1,1,1,1,1,1,1,2,1,2,2],"img_choice":[1,2,2,1,1,1,2,1,1,2,2,1,1,2,2,1,1,1,2,2],"center_sample":[2,1,1,2,2,2,3,1,1,1,2,3,3,3,3,2,3,1,3,2],"left_sample":[3,2,2,2,1,2,2,2,2,3,3,1,3,3,1,1,3,2,1,1],"right_sample":[1,2,3,1,1,1,3,2,3,2,3,1,3,3,2,2,2,3,3,2],"RT":[[0,1429.3999999761581,0,0],[0,1638.199999988079,0,0],[0,1606.7999999523163,0,0],[0,1611.3999999761581,0,0],[0,1440.6000000238419,0,0],[0,1439.7000000476837,0,0],[0,1956.1000000238419,0,0],[0,1510.0999999642372,0,0],[0,2458.100000023842,0,0],[0,1237.4000000357628,0,0],[0,1581.0999999642372,0,0],[0,1364.699999988079,0,0],[0,1607.5999999642372,0,0],[0,1207.3999999761581,0,0],[0,1706.5,0,0],[0,1983.2000000476837,0,0],[0,1342.3999999761581,0,0],[0,1521.300000011921,0,0],[0,1612.199999988079,0,0],[0,1345.3999999761581,0,0]],"response":[[0,1,0,0],[0,1,0,0],[0,1,0,0],[0,1,0,0],[0,1,0,0],[0,1,0,0],[0,1,0,0],[0,1,0,0],[0,1,0,0],[0,1,0,0],[0,1,0,0],[0,1,0,0],[0,1,0,0],[0,1,0,0],[0,1,0,0],[0,1,0,0],[0,1,0,0],[0,1,0,0],[0,1,0,0],[0,1,0,0]],"framerate":[59.942023288598946,59.92808629676139,59.95041694838855,59.934207562589975,59.941520467836256,59.93275836831143,59.929174612100404,59.976387249114524,59.90753402287476,59.85118084877625,60.0036643446037,59.97763545869166,59.95852493044575,59.87695011967624,59.93187599830026,59.938128383604024,53.74142696251374,59.96720543452799,59.07020787333912,59.99999999999999]}
