{"practice":[0,0,0,0,0,0,0,0,0,0,0,0,0,0,0,0,0,0,0,0],"center_interval":[0,75,75,25,50,75,25,0,50,0,25,100,25,25,75,100,50,75,75,0],"image_pair":[4,1,3,2,3,2,2,1,2,1,1,3,4,1,3,2,3,1,4,3],"feature_space":[2,1,2,1,2,1,1,1,1,1,2,2,2,2,2,2,1,2,2,1],"left_img":[1,2,1,1,2,1,2,2,2,1,1,1,1,1,1,1,2,2,1,1],"img1Sample":[2,3,1,1,3,2,1,2,2,2,1,2,3,3,2,2,3,2,3,3],"img2Sample":[2,1,2,1,3,3,2,3,1,2,2,3,1,1,3,3,3,2,3,2],"key":[50,49,49,49,50,50,50,49,50,50,50,49,49,50,50,50,50,49,50,50],"correct":[false,true,false,true,true,true,true,false,true,false,false,false,true,false,true,true,true,true,true,false],"right_img":[2,1,2,2,1,2,1,1,1,2,2,2,2,2,2,2,1,1,2,2],"img_choice":[2,2,1,1,1,2,1,2,1,2,2,1,1,2,2,2,1,2,2,2],"center_sample":[3,3,3,2,1,3,3,1,3,3,1,2,2,1,2,2,2,3,2,2],"left_sample":[2,1,1,1,3,2,2,3,1,2,1,2,3,3,2,2,3,2,3,3],"right_sample":[2,3,2,1,3,3,1,2,2,2,2,3,1,1,3,3,3,2,3,2],"RT":[[0,1348.2999999523163,0,0],[0,1676.0999999642372,0,0],[0,1342.5,0,0],[0,1614.5,0,0],[0,1977.2999999523163,0,0],[0,1177.9000000357628,0,0],[0,1323,0,0],[0,1435,0,0],[0,1523.800000011921,0,0],[0,1441.5,0,0],[0,2107.600000023842,0,0],[0,1940.300000011921,0,0],[0,2223.399999976158,0,0],[0,1661.6000000238419,0,0],[0,1489.5999999642372,0,0],[0,1546.6000000238419,0,0],[0,1915.1000000238419,0,0],[0,1607,0,0],[0,1689.8999999761581,0,0],[0,1988.0999999642372,0,0]],"response":[[0,1,0,0],[0,1,0,0],[0,1,0,0],[0,1,0,0],[0,1,0,0],[0,1,0,0],[0,1,0,0],[0,1,0,0],[0,1,0,0],[0,1,0,0],[0,1,0,0],[0,1,0,0],[0,1,0,0],[0,1,0,0],[0,1,0,0],[0,1,0,0],[0,1,0,0],[0,1,0,0],[0,1,0,0],[0,1,0,0]],"framerate":[59.89863308211025,59.971983891363095,59.8863694531985,59.9882729685489,59.94740098954624,59.950694757316604,59.91426062629593,59.944441737623265,59.9250936329588,59.95612966122349,59.935284600151135,59.95767693364889,59.926677946730685,59.954152707383805,59.94291151284491,59.930313588850176,59.949182149946544,59.9423111588631,55.955582545907035,59.976931949250286]}
