{"practice":[0,0,0,0,0,0,0,0,0,0,0,0,0,0,0,0,0,0,0,0],"center_interval":[75,50,75,75,75,100,25,75,50,50,100,25,0,100,0,0,0,75,0,100],"image_pair":[4,3,3,3,3,4,1,4,1,1,1,1,1,1,1,1,3,1,1,2],"feature_space":[2,1,1,1,2,2,1,2,1,2,1,2,1,1,2,1,1,1,1,2],"left_img":[2,1,1,1,2,2,2,2,2,1,2,2,2,2,1,2,1,2,2,2],"img1Sample":[1,3,1,1,1,2,1,2,3,3,1,2,3,2,2,1,1,2,3,3],"img2Sample":[3,3,1,3,2,2,1,3,1,3,3,3,2,1,2,1,2,2,2,3],"key":[49,50,49,49,50,50,49,49,50,49,49,49,49,49,50,49,49,49,50,49],"correct":[true,false,false,false,false,false,false,true,true,true,true,false,false,true,false,false,true,true,true,true],"right_img":[1,2,2,2,1,1,1,1,1,2,1,1,1,1,2,1,2,1,1,1],"img_choice":[2,2,1,1,1,1,2,2,1,1,2,2,2,2,2,2,1,2,1,2],"center_sample":[2,3,1,3,1,3,2,1,3,1,1,1,1,2,3,2,2,2,2,1],"left_sample":[3,3,1,1,2,2,1,3,1,3,3,3,2,1,2,1,1,2,2,3],"right_sample":[1,3,1,3,1,2,1,2,3,3,1,2,3,2,2,1,2,2,3,3],"RT":[[0,2135.399999976158,0,0],[0,2118.5,0,0],[0,2749.600000023842,0,0],[0,1628.3999999761581,0,0],[0,1929.1000000238419,0,0],[0,2573.900000035763,0,0],[0,1462.5,0,0],[0,2479.7000000476837,0,0],[0,1941.6000000238419,0,0],[0,1638,0,0],[0,1308.300000011921,0,0],[0,2710.899999976158,0,0],[0,1328.5,0,0],[0,1479.7999999523163,0,0],[0,2973.899999976158,0,0],[0,1143.8999999761581,0,0],[0,1106.300000011921,0,0],[0,1578.4000000357628,0,0],[0,1707.8999999761581,0,0],[0,1521,0,0]],"response":[[0,1,0,0],[0,1,0,0],[0,1,0,0],[0,1,0,0],[0,1,0,0],[0,1,0,0],[0,1,0,0],[0,1,0,0],[0,1,0,0],[0,1,0,0],[0,1,0,0],[0,1,0,0],[0,1,0,0],[0,1,0,0],[0,1,0,0],[0,1,0,0],[0,1,0,0],[0,1,0,0],[0,1,0,0],[0,1,0,0]],"framerate":[59.93275836918174,59.94851048179478,59.928443649373875,59.96062287421032,59.90619950312768,59.94601719939571,59.900487900170134,59.936499707954056,59.99529448698737,59.938729298621624,59.86777031674078,59.94878746799217,59.92354582048025,60.012482595349645,59.67319167941312,59.9007359241418,59.94994470552977,59.943259815790775,55.57709706547539,59.92228828338701]}
