{"practice":[0,0,0,0,0,0,0,0,0,0,0,0,0,0,0,0,0,0,0,0],"center_interval":[25,100,50,100,75,25,50,100,0,75,0,0,0,75,25,75,0,50,50,100],"image_pair":[2,3,4,4,4,3,3,1,1,3,3,3,3,1,4,2,2,4,1,3],"feature_space":[2,1,1,1,1,2,1,2,2,1,1,1,1,1,2,2,2,1,2,1],"left_img":[1,1,1,2,1,1,2,1,1,2,1,1,2,2,2,2,2,1,2,2],"img1Sample":[3,1,2,3,2,1,1,2,1,1,1,1,2,2,2,2,2,2,3,1],"img2Sample":[3,1,1,2,1,1,2,2,2,2,2,3,2,1,1,3,1,2,2,2],"key":[49,50,49,49,50,49,49,50,49,49,49,49,49,49,50,50,49,49,50,50],"correct":[true,true,true,true,true,true,false,true,true,true,true,true,false,true,true,false,false,true,true,false],"right_img":[2,2,2,1,2,2,1,2,2,1,2,2,1,1,1,1,1,2,1,1],"img_choice":[1,2,1,2,2,1,2,2,1,2,1,1,2,2,1,1,2,1,1,1],"center_sample":[2,2,3,1,2,3,3,3,2,1,3,3,1,3,2,2,1,1,2,1],"left_sample":[3,1,2,2,2,1,2,2,1,2,1,1,2,1,1,3,1,2,2,2],"right_sample":[3,1,1,3,1,1,1,2,2,1,2,3,2,2,2,2,2,2,3,1],"RT":[[0,1922.8999999761581,0,0],[0,2074.300000011921,0,0],[0,1723,0,0],[0,1452.800000011921,0,0],[0,1393.300000011921,0,0],[0,1671.0999999642372,0,0],[0,1690.0999999642372,0,0],[0,1940.3999999761581,0,0],[0,1598.1000000238419,0,0],[0,1706.4000000357628,0,0],[0,1905.9000000357628,0,0],[0,2336.800000011921,0,0],[0,1894.800000011921,0,0],[0,1925.5,0,0],[0,1997.9000000357628,0,0],[0,1539.300000011921,0,0],[0,1923.199999988079,0,0],[0,2026.0999999642372,0,0],[0,1758.5999999642372,0,0],[0,1509.800000011921,0,0]],"response":[[0,1,0,0],[0,1,0,0],[0,1,0,0],[0,1,0,0],[0,1,0,0],[0,1,0,0],[0,1,0,0],[0,1,0,0],[0,1,0,0],[0,1,0,0],[0,1,0,0],[0,1,0,0],[0,1,0,0],[0,1,0,0],[0,1,0,0],[0,1,0,0],[0,1,0,0],[0,1,0,0],[0,1,0,0],[0,1,0,0]],"framerate":[59.90619950312768,59.96275605214152,59.90842569276748,59.9758162031439,59.934072518800384,59.94311966746883,59.94787141615986,59.929494712103406,59.948226532280884,59.92929205890697,59.95156231275709,59.934985778380906,54.72557322094142,59.89203672243118,59.96309963182059,59.98883928471662,59.91092191957061,59.9802596616487,59.89286768647268,59.9480764691999]}
