{"practice":[1,1,1,1,1],"center_interval":[100,100,0,0,0],"image_pair":[4,3,1,3,2],"feature_space":[2,2,2,2,1],"left_img":[1,2,1,2,1],"img1Sample":[3,3,1,2,2],"img2Sample":[3,3,1,1,3],"stim_time":[2000,2000,2000,2000,2000],"key":[50,49,49,49,49],"correct":[true,true,true,false,true],"right_img":[2,1,2,1,2],"img_choice":[2,2,1,2,1],"center_sample":[1,2,2,3,2],"left_sample":[3,3,1,1,2],"right_sample":[3,3,1,2,3],"exact_match":[0,0,0,0,1],"RT":[[0,0,0,1701.0999999642372,0,0],[0,0,0,2587.300000011921,0,0],[0,0,0,1854.6000000238419,0,0],[0,0,0,4153.300000011921,0,0],[0,0,0,723.8000000119209,0,0]],"response":[[0,0,0,1,0,0],[0,0,0,1,0,0],[0,0,0,1,0,0],[0,0,0,1,0,0],[0,0,0,1,0,0]],"framerate":[60.052740044921194,60.05226771435956,60.052331316983704,60.052294342750294,60.05325477228951]}
