{"practice":[0,0,0,0,0,0,0,0,0,0,0,0,0,0,0,0,0,0,0,0],"center_interval":[75,50,75,50,0,75,100,50,0,75,75,75,25,25,50,100,25,0,25,0],"image_pair":[1,1,1,1,3,2,3,1,3,4,2,3,3,3,1,3,2,4,3,2],"feature_space":[1,1,2,1,2,2,1,2,2,1,2,1,2,2,2,2,1,1,2,1],"left_img":[1,1,2,2,1,1,1,1,1,2,2,2,2,1,1,2,2,2,2,1],"img1Sample":[1,3,3,3,2,2,1,2,3,1,2,3,2,3,2,2,2,1,1,1],"img2Sample":[1,2,3,3,3,3,2,2,1,1,1,1,2,1,2,1,1,1,3,1],"stim_time":[2000,2000,2000,2000,2000,2000,2000,2000,2000,2000,2000,2000,2000,2000,2000,2000,2000,2000,2000,2000],"key":[50,49,50,50,49,49,49,50,49,49,49,49,50,49,49,49,49,50,49,49],"correct":[true,true,false,true,true,false,false,false,true,true,true,true,true,true,true,true,false,true,false,true],"right_img":[2,2,1,1,2,2,2,2,2,1,1,1,1,2,2,1,1,1,1,2],"img_choice":[2,1,1,1,1,1,1,2,1,2,2,2,1,1,1,2,2,1,2,1],"center_sample":[3,2,1,2,3,1,1,3,1,1,3,1,1,3,3,1,2,1,3,3],"left_sample":[1,3,3,3,2,2,1,2,3,1,1,1,2,3,2,1,1,1,3,1],"right_sample":[1,2,3,3,3,3,2,2,1,1,2,3,2,1,2,2,2,1,1,1],"exact_match":[0,0,0,0,0,0,0,0,0,0,0,0,0,0,0,1,0,1,0,0],"RT":[[0,0,0,1077.3999999761581,0,0],[0,0,0,1088.0999999642372,0,0],[0,0,0,785.5,0,0],[0,0,0,1716.699999988079,0,0],[0,0,0,1051.5,0,0],[0,0,0,1279.800000011921,0,0],[0,0,0,752.5999999642372,0,0],[0,0,0,1257.300000011921,0,0],[0,0,0,1224.9000000357628,0,0],[0,0,0,612.1999999880791,0,0],[0,0,0,1118,0,0],[0,0,0,1084.800000011921,0,0],[0,0,0,1610.0999999642372,0,0],[0,0,0,985.1000000238419,0,0],[0,0,0,1301.0999999642372,0,0],[0,0,0,754.8999999761581,0,0],[0,0,0,995.8999999761581,0,0],[0,0,0,718.5,0,0],[0,0,0,1534.199999988079,0,0],[0,0,0,1800,0,0]],"response":[[0,0,0,1,0,0],[0,0,0,1,0,0],[0,0,0,1,0,0],[0,0,0,1,0,0],[0,0,0,1,0,0],[0,0,0,1,0,0],[0,0,0,1,0,0],[0,0,0,1,0,0],[0,0,0,1,0,0],[0,0,0,1,0,0],[0,0,0,1,0,0],[0,0,0,1,0,0],[0,0,0,1,0,0],[0,0,0,1,0,0],[0,0,0,1,0,0],[0,0,0,1,0,0],[0,0,0,1,0,0],[0,0,0,1,0,0],[0,0,0,1,0,0],[0,0,0,1,0,0]],"framerate":[60.04226150650603,59.80032338354006,60.033351862145636,60.05873390842194,60.055395926107984,60.05272922513728,60.05163318053306,60.0378927680344,60.05409832015185,60.06797937156702,60.05089058524173,59.53450178383315,60.059379461796354,60.058477991540194,60.03597297183309,60.06006005965818,60.05056890088059,60.054955949850765,60.05660507637816,60.05029483161727]}
