{"practice":[0,0,0,0,0,0,0,0,0,0,0,0,0,0,0,0,0,0,0,0],"center_interval":[100,100,75,25,50,0,100,25,100,25,0,75,0,50,50,0,50,75,25,0],"image_pair":[4,2,1,4,2,4,4,2,2,4,3,4,1,3,4,3,2,4,2,4],"feature_space":[2,1,2,2,2,1,2,2,1,2,1,1,1,2,2,2,2,2,2,2],"left_img":[1,2,2,1,1,1,2,1,1,1,2,2,2,2,2,2,2,1,2,2],"img1Sample":[2,1,1,1,3,2,2,3,3,2,3,3,3,1,2,3,3,3,3,1],"img2Sample":[1,3,3,1,3,2,1,3,1,2,1,1,3,1,2,1,1,3,2,1],"stim_time":[2000,2000,2000,2000,2000,2000,2000,2000,2000,2000,2000,2000,2000,2000,2000,2000,2000,2000,2000,2000],"key":[50,50,50,50,50,49,49,50,49,50,49,50,50,50,49,50,49,50,50,49],"correct":[true,false,false,false,false,true,true,false,false,false,false,false,true,true,false,true,false,true,true,false],"right_img":[2,1,1,2,2,2,1,2,2,2,1,1,1,1,1,1,1,2,1,1],"img_choice":[2,1,1,2,2,1,2,2,1,2,2,1,1,1,2,1,2,2,1,2],"center_sample":[3,2,1,1,3,1,1,2,2,1,1,3,2,1,2,1,1,1,2,2],"left_sample":[2,3,3,1,3,2,1,3,3,2,1,1,3,1,2,1,1,3,2,1],"right_sample":[1,1,1,1,3,2,2,3,1,2,3,3,3,1,2,3,3,3,3,1],"exact_match":[0,0,0,0,0,0,1,0,0,0,0,0,0,0,0,0,0,0,0,0],"RT":[[0,0,0,1184.6000000238419,0,0],[0,0,0,1844,0,0],[0,0,0,1671.0999999642372,0,0],[0,0,0,1656.5999999642372,0,0],[0,0,0,4914.199999988079,0,0],[0,0,0,1301,0,0],[0,0,0,952.1000000238419,0,0],[0,0,0,1616.6000000238419,0,0],[0,0,0,1686.5,0,0],[0,0,0,2046.7999999523163,0,0],[0,0,0,773,0,0],[0,0,0,1584.300000011921,0,0],[0,0,0,788.5999999642372,0,0],[0,0,0,1000.5,0,0],[0,0,0,1573.4000000357628,0,0],[0,0,0,1500.5,0,0],[0,0,0,1112.6000000238419,0,0],[0,0,0,945.8000000119209,0,0],[0,0,0,1639.699999988079,0,0],[0,0,0,1122.1000000238419,0,0]],"response":[[0,0,0,1,0,0],[0,0,0,1,0,0],[0,0,0,1,0,0],[0,0,0,1,0,0],[0,0,0,1,0,0],[0,0,0,1,0,0],[0,0,0,1,0,0],[0,0,0,1,0,0],[0,0,0,1,0,0],[0,0,0,1,0,0],[0,0,0,1,0,0],[0,0,0,1,0,0],[0,0,0,1,0,0],[0,0,0,1,0,0],[0,0,0,1,0,0],[0,0,0,1,0,0],[0,0,0,1,0,0],[0,0,0,1,0,0],[0,0,0,1,0,0],[0,0,0,1,0,0]],"framerate":[60.0480384305655,60.051657339647015,60.03794219395157,60.06544443930342,60.05461864013617,60.05348893751519,59.50483476820177,60.06141618480944,60.04269702883923,60.06006005991279,60.055865921787706,60.03547550858038,60.06006006045823,60.06084767081516,60.04840403655056,60.04126388036158,60.06389776357827,59.25372337548371,60.04992915441696,60.05241863697085]}
