{"practice":[0,0,0,0,0,0,0,0,0,0,0,0,0,0,0,0,0,0,0,0],"center_interval":[100,75,75,100,50,50,75,75,75,100,75,0,50,0,50,50,100,50,75,50],"image_pair":[4,4,2,3,1,1,1,2,1,3,4,4,3,4,1,1,2,3,4,2],"feature_space":[2,1,1,1,2,2,1,2,2,1,1,2,2,2,2,1,1,2,2,1],"left_img":[1,1,1,1,2,2,1,2,1,2,2,2,1,1,2,1,2,1,1,2],"img1Sample":[1,2,2,1,2,2,2,3,2,2,2,1,2,2,2,1,2,3,2,2],"img2Sample":[3,3,3,1,1,3,3,1,2,3,2,2,2,3,1,2,1,1,2,3],"stim_time":[250,250,250,250,250,250,250,250,250,250,250,250,250,250,250,250,250,250,250,250],"key":[50,49,50,50,50,50,50,50,49,49,49,50,50,49,49,49,50,49,49,50],"correct":[true,false,true,true,true,true,true,false,false,true,true,true,false,true,false,true,false,true,false,true],"right_img":[2,2,2,2,1,1,2,1,2,1,1,1,2,2,1,2,1,2,2,1],"img_choice":[2,1,2,2,1,1,2,1,1,2,2,1,2,1,2,1,1,1,1,1],"center_sample":[3,1,1,3,1,2,3,2,1,3,1,2,1,1,1,2,2,1,3,1],"left_sample":[1,2,2,1,1,3,2,1,2,3,2,2,2,2,1,1,1,3,2,3],"right_sample":[3,3,3,1,2,2,3,3,2,2,2,1,2,3,2,2,2,1,2,2],"exact_match":[1,0,0,0,0,0,0,0,0,1,0,0,0,0,0,0,0,0,0,0],"RT":[[0,0,0,810,0,0],[0,0,0,808.1999999880791,0,0],[0,0,0,828.1000000238419,0,0],[0,0,0,651.3999999761581,0,0],[0,0,0,948.8000000119209,0,0],[0,0,0,709.8000000119209,0,0],[0,0,0,904.5,0,0],[0,0,0,969.1999999880791,0,0],[0,0,0,586.2999999523163,0,0],[0,0,0,703.5,0,0],[0,0,0,869.1999999880791,0,0],[0,0,0,634,0,0],[0,0,0,542.6999999880791,0,0],[0,0,0,1033.4000000357628,0,0],[0,0,0,603.3000000119209,0,0],[0,0,0,734.5999999642372,0,0],[0,0,0,1136.199999988079,0,0],[0,0,0,1198.5,0,0],[0,0,0,1238.800000011921,0,0],[0,0,0,659.8000000119209,0,0]],"response":[[0,0,0,1,0,0],[0,0,0,1,0,0],[0,0,0,1,0,0],[0,0,0,1,0,0],[0,0,0,1,0,0],[0,0,0,1,0,0],[0,0,0,1,0,0],[0,0,0,1,0,0],[0,0,0,1,0,0],[0,0,0,1,0,0],[0,0,0,1,0,0],[0,0,0,1,0,0],[0,0,0,1,0,0],[0,0,0,1,0,0],[0,0,0,1,0,0],[0,0,0,1,0,0],[0,0,0,1,0,0],[0,0,0,1,0,0],[0,0,0,1,0,0],[0,0,0,1,0,0]],"framerate":[60.05361930294906,60.05683950766915,60.058463991496154,60.02331002331002,60.07049595535143,60.05665722379603,60.04783471506201,60.054147181885305,60.050952322314856,60.04645102977582,60.047623977266895,60.063596749921096,60.048789639792744,60.05433487543383,60.052846505354246,60.05004170141785,60.05459508644222,60.04149927092337,60.06267409408426,60.05130597056662]}
