{"practice":[0,0,0,0,0,0,0,0,0,0,0,0,0,0,0,0,0,0,0,0],"center_interval":[0,0,50,0,75,50,0,75,50,25,100,0,75,50,0,100,25,75,25,25],"image_pair":[3,1,4,1,2,2,4,1,1,3,4,3,3,1,4,1,1,2,1,3],"feature_space":[1,2,2,1,1,2,1,1,1,2,1,2,2,2,2,2,1,2,2,2],"left_img":[2,2,2,2,1,2,1,2,2,2,1,1,1,1,2,2,1,1,1,2],"img1Sample":[1,1,2,2,1,3,3,1,3,3,3,2,2,1,1,1,1,2,2,1],"img2Sample":[3,3,2,3,3,2,1,3,2,3,3,2,1,1,3,1,3,1,3,3],"stim_time":[250,250,250,250,250,250,250,250,250,250,250,250,250,250,250,250,250,250,250,250],"key":[49,50,50,50,49,49,50,49,50,50,49,49,49,49,50,50,50,49,49,50],"correct":[false,true,true,true,false,false,false,true,true,true,false,true,false,true,true,false,false,false,true,true],"right_img":[1,1,1,1,2,1,2,1,1,1,2,2,2,2,1,1,2,2,2,1],"img_choice":[2,1,1,1,1,2,2,2,1,1,1,1,1,1,1,1,2,1,1,1],"center_sample":[2,2,2,2,3,3,2,2,3,1,2,2,3,3,2,3,2,1,2,2],"left_sample":[3,3,2,3,1,2,3,3,2,3,3,2,2,1,3,1,1,2,2,3],"right_sample":[1,1,2,2,3,3,1,1,3,3,3,2,1,1,1,1,3,1,3,1],"exact_match":[0,0,0,1,0,0,0,0,0,0,0,1,0,0,0,0,0,0,0,0],"RT":[[0,0,0,4671.100000023842,0,0],[0,0,0,907.5,0,0],[0,0,0,641.2000000476837,0,0],[0,0,0,571.1999999880791,0,0],[0,0,0,1886.3999999761581,0,0],[0,0,0,805.1000000238419,0,0],[0,0,0,752.5999999642372,0,0],[0,0,0,1071.7000000476837,0,0],[0,0,0,726.1999999880791,0,0],[0,0,0,743.8999999761581,0,0],[0,0,0,610.1000000238419,0,0],[0,0,0,518,0,0],[0,0,0,568.1000000238419,0,0],[0,0,0,918.3999999761581,0,0],[0,0,0,618.6000000238419,0,0],[0,0,0,539.2999999523163,0,0],[0,0,0,867.6999999880791,0,0],[0,0,0,900.4000000357628,0,0],[0,0,0,755.5,0,0],[0,0,0,689.6999999880791,0,0]],"response":[[0,0,0,1,0,0],[0,0,0,1,0,0],[0,0,0,1,0,0],[0,0,0,1,0,0],[0,0,0,1,0,0],[0,0,0,1,0,0],[0,0,0,1,0,0],[0,0,0,1,0,0],[0,0,0,1,0,0],[0,0,0,1,0,0],[0,0,0,1,0,0],[0,0,0,1,0,0],[0,0,0,1,0,0],[0,0,0,1,0,0],[0,0,0,1,0,0],[0,0,0,1,0,0],[0,0,0,1,0,0],[0,0,0,1,0,0],[0,0,0,1,0,0],[0,0,0,1,0,0]],"framerate":[60.052720702352204,60.0447791577019,60.06006005963848,60.049019607843135,60.05292800482859,60.05683950766915,60.051787781470786,60.0262614883949,59.51044239878139,60.043364652646794,60.07088364312855,60.020217335913884,60.07110457144274,60.04945249064735,60.04399262953887,60.05254597683488,60.05695055656226,60.063117173250525,60.0418640527881,60.07208650462397]}
