{"practice":[0,0,0,0,0,0,0,0,0,0,0,0,0,0,0,0,0,0,0,0],"center_interval":[0,50,25,50,25,75,50,75,75,75,25,75,100,0,100,100,75,100,0,0],"image_pair":[3,4,3,3,4,3,1,2,1,2,4,4,3,1,4,4,4,4,3,1],"feature_space":[2,1,1,2,1,2,2,2,1,1,2,1,1,2,1,2,2,2,1,2],"left_img":[2,1,1,2,1,2,1,1,2,2,1,2,2,2,2,1,2,1,1,1],"img1Sample":[3,2,2,1,3,1,2,3,1,2,2,2,1,1,3,1,1,3,1,3],"img2Sample":[2,3,3,1,2,1,3,1,1,2,2,2,1,2,1,1,1,3,1,2],"stim_time":[2000,2000,2000,2000,2000,2000,2000,2000,2000,2000,2000,2000,2000,2000,2000,2000,2000,2000,2000,2000],"key":[50,49,50,50,49,49,49,49,49,49,50,50,49,50,49,50,49,50,50,49],"correct":[true,true,false,true,true,true,true,false,true,true,false,false,true,true,true,true,true,true,false,true],"right_img":[1,2,2,1,2,1,2,2,1,1,2,1,1,1,1,2,1,2,2,2],"img_choice":[1,1,2,1,1,2,1,1,2,2,2,1,2,1,2,2,2,2,2,1],"center_sample":[2,1,3,3,3,3,1,3,3,1,3,1,2,3,3,1,3,1,3,2],"left_sample":[2,2,2,1,3,1,2,3,1,2,2,2,1,2,1,1,1,3,1,3],"right_sample":[3,3,3,1,2,1,3,1,1,2,2,2,1,1,3,1,1,3,1,2],"exact_match":[0,0,0,0,0,0,0,0,0,0,0,0,0,0,0,1,0,0,0,0],"RT":[[0,0,0,777.1000000238419,0,0],[0,0,0,688,0,0],[0,0,0,512.6000000238419,0,0],[0,0,0,692.8999999761581,0,0],[0,0,0,879.3000000119209,0,0],[0,0,0,896.2999999523163,0,0],[0,0,0,460.7999999523163,0,0],[0,0,0,962.1999999880791,0,0],[0,0,0,979,0,0],[0,0,0,1046.2999999523163,0,0],[0,0,0,1141,0,0],[0,0,0,1167,0,0],[0,0,0,795.9000000357628,0,0],[0,0,0,939.3999999761581,0,0],[0,0,0,843.6000000238419,0,0],[0,0,0,808.1000000238419,0,0],[0,0,0,644.6000000238419,0,0],[0,0,0,586.8999999761581,0,0],[0,0,0,884.7000000476837,0,0],[0,0,0,558.2000000476837,0,0]],"response":[[0,0,0,1,0,0],[0,0,0,1,0,0],[0,0,0,1,0,0],[0,0,0,1,0,0],[0,0,0,1,0,0],[0,0,0,1,0,0],[0,0,0,1,0,0],[0,0,0,1,0,0],[0,0,0,1,0,0],[0,0,0,1,0,0],[0,0,0,1,0,0],[0,0,0,1,0,0],[0,0,0,1,0,0],[0,0,0,1,0,0],[0,0,0,1,0,0],[0,0,0,1,0,0],[0,0,0,1,0,0],[0,0,0,1,0,0],[0,0,0,1,0,0],[0,0,0,1,0,0]],"framerate":[60.05083372881718,60.05662481789,60.051904158152006,60.04975551232379,60.052715958416414,60.053561284582436,60.05085940067172,60.047293886525445,60.05449879664325,60.05459508644222,59.78770298667121,60.04874249354748,60.06674082313682,60.04002668445631,60.05100222145706,60.06754138254108,60.041768187187394,60.05829187173314,60.055185846066166,60.051132647388116]}
