{"practice":[0,0,0,0,0,0,0,0,0,0,0,0,0,0,0,0,0,0,0,0],"center_interval":[100,25,100,0,0,25,100,0,0,100,100,25,100,0,75,75,100,50,100,0],"image_pair":[3,1,4,2,2,1,2,2,4,1,4,3,4,3,4,3,1,1,4,2],"feature_space":[2,2,2,1,2,1,1,2,2,2,1,1,1,2,2,1,2,1,1,1],"left_img":[1,2,1,1,2,1,1,1,2,1,2,2,1,2,1,2,1,2,2,2],"img1Sample":[1,1,3,3,1,3,2,2,2,3,2,3,2,2,2,2,2,1,2,3],"img2Sample":[2,3,1,2,3,3,3,1,2,2,2,2,3,3,1,1,3,1,2,2],"stim_time":[250,250,250,250,250,250,250,250,250,250,250,250,250,250,250,250,250,250,250,250],"key":[49,50,50,49,49,50,50,49,49,49,50,50,49,50,50,49,50,49,50,50],"correct":[false,true,true,true,false,false,true,true,false,false,false,true,false,true,true,true,true,false,false,true],"right_img":[2,1,2,2,1,2,2,2,1,2,1,1,2,1,2,1,2,1,1,1],"img_choice":[1,1,2,1,2,2,2,1,2,1,1,1,1,1,2,2,2,2,1,1],"center_sample":[3,2,3,2,3,1,1,1,3,1,1,2,2,1,2,1,3,1,3,3],"left_sample":[1,3,3,3,3,3,2,2,2,3,2,2,2,3,2,1,2,1,2,2],"right_sample":[2,1,1,2,1,3,3,1,2,2,2,3,3,2,1,2,3,1,2,3],"exact_match":[0,0,0,0,0,0,0,0,0,0,0,0,0,0,0,0,1,0,0,1],"RT":[[0,0,0,485.19999998807907,0,0],[0,0,0,794.3999999761581,0,0],[0,0,0,526.1000000238419,0,0],[0,0,0,596.8000000119209,0,0],[0,0,0,519.6999999880791,0,0],[0,0,0,634.5999999642372,0,0],[0,0,0,893.6000000238419,0,0],[0,0,0,950.6999999880791,0,0],[0,0,0,521.0999999642372,0,0],[0,0,0,552.6999999880791,0,0],[0,0,0,918.6999999880791,0,0],[0,0,0,1339.699999988079,0,0],[0,0,0,580.5999999642372,0,0],[0,0,0,757,0,0],[0,0,0,1350.8999999761581,0,0],[0,0,0,670.0999999642372,0,0],[0,0,0,534.6999999880791,0,0],[0,0,0,856.1999999880791,0,0],[0,0,0,1050.1000000238419,0,0],[0,0,0,863.6000000238419,0,0]],"response":[[0,0,0,1,0,0],[0,0,0,1,0,0],[0,0,0,1,0,0],[0,0,0,1,0,0],[0,0,0,1,0,0],[0,0,0,1,0,0],[0,0,0,1,0,0],[0,0,0,1,0,0],[0,0,0,1,0,0],[0,0,0,1,0,0],[0,0,0,1,0,0],[0,0,0,1,0,0],[0,0,0,1,0,0],[0,0,0,1,0,0],[0,0,0,1,0,0],[0,0,0,1,0,0],[0,0,0,1,0,0],[0,0,0,1,0,0],[0,0,0,1,0,0],[0,0,0,1,0,0]],"framerate":[60.07363865290855,60.038944181557156,60.0619586502725,60.02182611945619,60.035389283007675,58.913632613345754,60.02770509576049,60.05856951265011,60.077151712429455,60.03961376489759,60.06763918962591,60.04503377562997,60.034305318201014,60.04847950678483,60.05632869361009,60.04965644750373,60.09013520190745,60.04908359988905,60.05296009045022,60.05221932114883]}
