{"practice":[0,0,0,0,0,0,0,0,0,0,0,0,0,0,0,0,0,0,0,0],"center_interval":[75,0,75,50,50,75,50,25,100,25,100,100,25,50,0,25,100,75,100,50],"image_pair":[1,2,3,1,3,2,3,2,3,4,1,1,3,4,4,2,4,3,3,4],"feature_space":[1,1,1,1,1,1,2,1,1,1,2,2,2,2,1,2,2,2,1,2],"left_img":[1,2,2,1,2,2,2,2,1,1,1,1,1,1,2,2,2,2,2,1],"img1Sample":[1,2,3,1,3,3,2,1,3,3,3,3,2,2,3,1,2,1,2,3],"img2Sample":[1,2,2,3,1,1,2,1,2,1,2,2,1,1,3,2,2,3,1,1],"key":[49,50,49,50,50,49,49,50,49,50,49,50,50,50,49,50,50,49,50,49],"correct":[false,true,true,false,true,true,false,true,false,false,false,true,false,false,false,true,false,true,false,true],"right_img":[2,1,1,2,1,1,1,1,2,2,2,2,2,2,1,1,1,1,1,2],"img_choice":[1,1,2,2,1,2,2,1,1,2,1,2,2,2,2,1,1,2,1,1],"center_sample":[1,3,1,3,3,1,2,2,1,1,1,3,2,2,2,3,3,1,3,1],"left_sample":[1,2,2,1,1,1,2,1,3,3,3,3,2,2,3,2,2,3,1,3],"right_sample":[1,2,3,3,3,3,2,1,2,1,2,2,1,1,3,1,2,1,2,1],"RT":[[0,0,0,1309.5999999046326,0,0],[0,0,0,1386.2999999523163,0,0],[0,0,0,1832.1000000238419,0,0],[0,0,0,1838,0,0],[0,0,0,1728.3999999761581,0,0],[0,0,0,1740.8999999761581,0,0],[0,0,0,547.7000000476837,0,0],[0,0,0,1102.5,0,0],[0,0,0,946.2999999523163,0,0],[0,0,0,1863,0,0],[0,0,0,1453.3999999761581,0,0],[0,0,0,1512.6000000238419,0,0],[0,0,0,1227.5,0,0],[0,0,0,1473.2999999523163,0,0],[0,0,0,2042,0,0],[0,0,0,942.1000000238419,0,0],[0,0,0,1545.7999999523163,0,0],[0,0,0,1347.6000000238419,0,0],[0,0,0,1590.3999999761581,0,0],[0,0,0,1386.6000000238419,0,0]],"response":[[0,0,0,1,0,0],[0,0,0,1,0,0],[0,0,0,1,0,0],[0,0,0,1,0,0],[0,0,0,1,0,0],[0,0,0,1,0,0],[0,0,0,1,0,0],[0,0,0,1,0,0],[0,0,0,1,0,0],[0,0,0,1,0,0],[0,0,0,1,0,0],[0,0,0,1,0,0],[0,0,0,1,0,0],[0,0,0,1,0,0],[0,0,0,1,0,0],[0,0,0,1,0,0],[0,0,0,1,0,0],[0,0,0,1,0,0],[0,0,0,1,0,0],[0,0,0,1,0,0]],"framerate":[58.97915099113949,58.12423756886583,58.483304305494116,58.703365229545206,57.96909784244354,59.61284645842498,58.50396991349308,58.73040191951369,58.65259004542866,57.86044916881954,58.58505378009741,59.08111489506532,58.26061087008037,59.30699542256422,58.52532662873607,58.42804546293664,57.00494196069417,58.02055998199999,58.691053027002276,58.323612730549414]}
