{"practice":[0,0,0,0,0,0,0,0,0,0,0,0,0,0,0,0,0,0,0,0],"center_interval":[0,75,75,75,25,50,0,25,0,0,50,25,0,0,75,0,100,0,0,25],"image_pair":[1,4,1,3,3,3,4,3,2,3,1,1,2,3,1,2,1,1,2,1],"feature_space":[2,1,1,1,1,2,1,2,1,2,2,1,1,2,1,1,1,1,2,2],"left_img":[1,1,2,1,1,2,2,1,2,1,1,1,1,1,2,2,2,1,1,2],"img1Sample":[3,3,2,1,2,3,2,3,2,3,1,1,1,3,1,3,3,1,2,3],"img2Sample":[2,1,3,2,3,1,3,2,3,2,1,2,1,3,3,2,1,3,3,3],"stim_time":[2000,2000,2000,2000,2000,2000,2000,2000,2000,2000,2000,2000,2000,2000,2000,2000,2000,2000,2000,2000],"key":[49,49,50,49,50,49,50,50,49,49,50,50,50,49,49,49,50,50,49,49],"correct":[true,false,false,false,false,false,true,false,false,true,false,false,false,true,true,false,false,false,true,false],"right_img":[2,2,1,2,2,1,1,2,1,2,2,2,2,2,1,1,1,2,2,1],"img_choice":[1,1,1,1,2,2,1,2,2,1,2,2,2,1,2,2,1,2,1,2],"center_sample":[1,1,3,1,2,2,1,3,1,1,2,2,2,2,3,1,1,1,2,3],"left_sample":[3,3,3,1,2,1,3,3,3,3,1,1,1,3,3,2,1,1,2,3],"right_sample":[2,1,2,2,3,3,2,2,2,2,1,2,1,3,1,3,3,3,3,3],"exact_match":[0,0,0,0,0,0,0,0,0,0,0,0,0,0,0,0,1,1,1,0],"RT":[[0,0,0,1382,0,0],[0,0,0,1852,0,0],[0,0,0,1220,0,0],[0,0,0,1643,0,0],[0,0,0,1113,0,0],[0,0,0,1188,0,0],[0,0,0,1622,0,0],[0,0,0,1566,0,0],[0,0,0,1130,0,0],[0,0,0,1445,0,0],[0,0,0,1747,0,0],[0,0,0,1270,0,0],[0,0,0,1385,0,0],[0,0,0,1466,0,0],[0,0,0,1561,0,0],[0,0,0,1564,0,0],[0,0,0,1530,0,0],[0,0,0,1363,0,0],[0,0,0,2093,0,0],[0,0,0,1776,0,0]],"response":[[0,0,0,1,0,0],[0,0,0,1,0,0],[0,0,0,1,0,0],[0,0,0,1,0,0],[0,0,0,1,0,0],[0,0,0,1,0,0],[0,0,0,1,0,0],[0,0,0,1,0,0],[0,0,0,1,0,0],[0,0,0,1,0,0],[0,0,0,1,0,0],[0,0,0,1,0,0],[0,0,0,1,0,0],[0,0,0,1,0,0],[0,0,0,1,0,0],[0,0,0,1,0,0],[0,0,0,1,0,0],[0,0,0,1,0,0],[0,0,0,1,0,0],[0,0,0,1,0,0]],"framerate":[13.377926421404682,12.308998302207131,14.81115773882992,13.42582233161781,14.507508271824893,12.917933130699089,15.15817223198594,15.35992663915635,14.098690835850956,14.516506672910324,14.124293785310735,14.598540145985401,13.481551561021758,13.641618497109826,14.029438822447101,14.625228519195613,14.456172556218448,14.541120381406436,13.763352506162695,14.161220043572985]}
