{"practice":[0,0,0,0,0,0,0,0,0,0,0,0,0,0,0,0,0,0,0,0],"center_interval":[0,75,75,75,0,100,25,100,100,75,75,25,50,0,75,25,50,25,100,25],"image_pair":[1,3,3,3,4,1,3,2,4,4,1,2,4,2,1,3,4,4,2,1],"feature_space":[2,2,1,2,1,1,2,1,2,2,2,2,2,1,1,2,1,1,1,2],"left_img":[1,2,2,2,1,1,2,2,2,1,2,2,2,2,1,1,1,1,1,2],"img1Sample":[3,1,3,3,3,1,2,1,2,3,2,1,3,1,1,2,2,3,1,3],"img2Sample":[3,1,1,2,3,3,1,1,1,2,3,3,1,1,2,1,2,2,1,1],"stim_time":[2000,2000,2000,2000,2000,2000,2000,2000,2000,2000,2000,2000,2000,2000,2000,2000,2000,2000,2000,2000],"key":[49,50,49,49,49,49,50,50,49,50,50,50,50,50,49,49,49,null,null,null],"correct":[true,false,true,true,true,false,true,false,true,true,false,true,true,true,false,true,true,null,null,null],"right_img":[2,1,1,1,2,2,1,1,1,2,1,1,1,1,2,2,2,2,2,1],"img_choice":[1,1,2,2,1,1,1,1,2,2,1,1,1,1,1,1,1,null,null,null],"center_sample":[2,2,2,3,2,1,1,2,3,1,2,2,2,3,3,2,1,3,2,1],"left_sample":[3,1,1,2,3,1,1,1,1,3,3,3,1,1,1,2,2,3,1,1],"right_sample":[3,1,3,3,3,3,2,1,2,2,2,1,3,1,2,1,2,2,1,3],"exact_match":[0,0,0,0,0,0,0,0,0,0,0,0,0,0,0,0,0,0,0,0],"RT":[[0,0,0,2603,0,0],[0,0,0,2321,0,0],[0,0,0,1442,0,0],[0,0,0,2380,0,0],[0,0,0,1507,0,0],[0,0,0,2336,0,0],[0,0,0,2141,0,0],[0,0,0,1574,0,0],[0,0,0,1308,0,0],[0,0,0,2417,0,0],[0,0,0,1594,0,0],[0,0,0,1471,0,0],[0,0,0,2139,0,0],[0,0,0,1640,0,0],[0,0,0,2129,0,0],[0,0,0,1842,0,0],[0,0,0,3676,0,0],[0,0,0,0,0,0],[0,0,0,0,0,0],[0,0,0,0,0,0]],"response":[[0,0,0,1,0,0],[0,0,0,1,0,0],[0,0,0,1,0,0],[0,0,0,1,0,0],[0,0,0,1,0,0],[0,0,0,1,0,0],[0,0,0,1,0,0],[0,0,0,1,0,0],[0,0,0,1,0,0],[0,0,0,1,0,0],[0,0,0,1,0,0],[0,0,0,1,0,0],[0,0,0,1,0,0],[0,0,0,1,0,0],[0,0,0,1,0,0],[0,0,0,1,0,0],[0,0,0,1,0,0],[0,0,0,1,0,0],[0,0,0,1,0,0],[0,0,0,1,0,0]],"framerate":[12.098991750687443,14.016897081413209,14.391829155060353,15.049199305421572,15.599908235833906,16.453735965931088,16.23897353648757,15.811182401466544,14.96138996138996,14.851485148514852,15.065053640721297,11.966583878979455,15.359741309620048,15.965819653699123,13.41736125228705,14.4220572640509,10.94834232845027,10.424612255275871,11.57724386904021,9.917355371900827]}
