{"practice":[0,0,0,0,0,0,0,0,0,0,0,0,0,0,0,0,0,0,0,0],"center_interval":[0,100,25,25,100,75,25,25,0,25,100,75,25,100,25,100,75,75,75,50],"image_pair":[4,2,2,1,2,4,1,1,2,3,4,4,2,1,2,2,4,3,1,1],"feature_space":[1,2,2,2,1,1,2,2,2,1,2,2,2,2,2,2,2,2,1,1],"left_img":[1,1,2,2,1,1,2,2,1,1,2,2,2,1,2,1,2,1,2,1],"img1Sample":[1,2,1,1,3,1,1,3,3,1,1,2,2,1,2,1,2,2,3,2],"img2Sample":[3,2,3,2,3,2,2,2,2,3,2,1,1,3,3,2,3,3,3,1],"stim_time":[250,250,250,250,250,250,250,250,250,250,250,250,250,250,250,250,250,250,250,250],"key":[50,49,49,50,49,50,49,49,50,49,49,50,50,50,49,49,49,50,50,50],"correct":[false,false,false,true,false,true,false,false,false,true,true,false,true,true,false,false,true,true,false,false],"right_img":[2,2,1,1,2,2,1,1,2,2,1,1,1,2,1,2,1,2,1,2],"img_choice":[2,1,2,1,1,2,2,2,2,1,2,1,1,2,2,1,2,2,1,2],"center_sample":[3,3,1,3,2,1,1,1,1,2,3,2,1,3,2,3,1,1,2,2],"left_sample":[1,2,3,2,3,1,2,2,3,1,2,1,1,1,3,1,3,2,3,2],"right_sample":[3,2,1,1,3,2,1,3,2,3,1,2,2,3,2,2,2,3,3,1],"exact_match":[0,0,0,0,0,0,0,0,0,0,0,0,0,1,0,0,0,0,0,0],"RT":[[0,0,0,2056,0,0],[0,0,0,1523,0,0],[0,0,0,2190,0,0],[0,0,0,1293,0,0],[0,0,0,1394,0,0],[0,0,0,1316,0,0],[0,0,0,2379,0,0],[0,0,0,1390,0,0],[0,0,0,1772,0,0],[0,0,0,1851,0,0],[0,0,0,1463,0,0],[0,0,0,1470,0,0],[0,0,0,1518,0,0],[0,0,0,1753,0,0],[0,0,0,2132,0,0],[0,0,0,2705,0,0],[0,0,0,1482,0,0],[0,0,0,2359,0,0],[0,0,0,3389,0,0],[0,0,0,1836,0,0]],"response":[[0,0,0,1,0,0],[0,0,0,1,0,0],[0,0,0,1,0,0],[0,0,0,1,0,0],[0,0,0,1,0,0],[0,0,0,1,0,0],[0,0,0,1,0,0],[0,0,0,1,0,0],[0,0,0,1,0,0],[0,0,0,1,0,0],[0,0,0,1,0,0],[0,0,0,1,0,0],[0,0,0,1,0,0],[0,0,0,1,0,0],[0,0,0,1,0,0],[0,0,0,1,0,0],[0,0,0,1,0,0],[0,0,0,1,0,0],[0,0,0,1,0,0],[0,0,0,1,0,0]],"framerate":[12.763241863433313,13.785394932935915,14.346764346764346,13.836477987421384,14.314928425357872,13.630731102850064,13.599537037037036,13.365735115431349,12.323943661971832,11.455525606469003,10.9717868338558,11.996904024767801,13.931888544891642,14.467184191954834,13.530522341095027,12.378193310508296,10.522213561964147,14.129181084198386,12.681159420289854,12.145748987854251]}
