{"practice":[0,0,0,0,0,0,0,0,0,0,0,0,0,0,0,0,0,0,0,0],"center_interval":[50,0,75,100,100,50,50,25,75,0,75,100,75,50,25,0,0,50,100,0],"image_pair":[2,1,4,3,4,4,3,2,4,2,1,4,1,2,1,1,4,3,4,4],"feature_space":[2,2,1,2,1,2,2,1,1,1,2,2,2,1,2,2,2,2,2,2],"left_img":[1,1,2,2,1,2,2,2,2,1,2,2,1,1,1,2,2,1,2,1],"img1Sample":[3,1,3,2,2,2,2,2,3,2,3,3,2,2,2,1,2,3,1,2],"img2Sample":[1,2,3,2,1,3,3,1,1,3,2,2,1,3,2,3,3,3,3,1],"stim_time":[2000,2000,2000,2000,2000,2000,2000,2000,2000,2000,2000,2000,2000,2000,2000,2000,2000,2000,2000,2000],"key":[49,50,50,50,49,49,50,50,50,50,50,50,50,50,50,49,50,49,49,50],"correct":[true,false,false,false,false,false,true,true,false,false,false,false,true,false,false,false,true,true,true,false],"right_img":[2,2,1,1,2,1,1,1,1,2,1,1,2,2,2,1,1,2,1,2],"img_choice":[1,2,1,1,1,2,1,1,1,2,1,1,2,2,2,2,1,1,2,2],"center_sample":[1,3,1,3,2,1,1,1,2,3,2,1,3,2,3,2,3,1,2,1],"left_sample":[3,1,3,2,2,3,3,1,1,2,2,2,2,2,2,3,3,3,3,2],"right_sample":[1,2,3,2,1,2,2,2,3,3,3,3,1,3,2,1,2,3,1,1],"exact_match":[0,0,0,0,0,0,0,0,0,0,0,0,0,0,0,0,0,0,0,0],"RT":[[0,0,0,1852,0,0],[0,0,0,1707,0,0],[0,0,0,2008,0,0],[0,0,0,1279,0,0],[0,0,0,1617,0,0],[0,0,0,1676,0,0],[0,0,0,2202,0,0],[0,0,0,1426,0,0],[0,0,0,2257,0,0],[0,0,0,1475,0,0],[0,0,0,1932,0,0],[0,0,0,1669,0,0],[0,0,0,1597,0,0],[0,0,0,1337,0,0],[0,0,0,1294,0,0],[0,0,0,1492,0,0],[0,0,0,1754,0,0],[0,0,0,2263,0,0],[0,0,0,2523,0,0],[0,0,0,984,0,0]],"response":[[0,0,0,1,0,0],[0,0,0,1,0,0],[0,0,0,1,0,0],[0,0,0,1,0,0],[0,0,0,1,0,0],[0,0,0,1,0,0],[0,0,0,1,0,0],[0,0,0,1,0,0],[0,0,0,1,0,0],[0,0,0,1,0,0],[0,0,0,1,0,0],[0,0,0,1,0,0],[0,0,0,1,0,0],[0,0,0,1,0,0],[0,0,0,1,0,0],[0,0,0,1,0,0],[0,0,0,1,0,0],[0,0,0,1,0,0],[0,0,0,1,0,0],[0,0,0,1,0,0]],"framerate":[13.174670633234168,13.531499556344277,14.866818087962008,14.656415185007209,12.035010940919037,13.962765957446809,14.512922465208748,15.241724220052394,13.596059113300493,14.536225196123672,13.510660755752586,14.832853663936243,15.486221817353677,14.091234774301409,14.74142097631706,14.429683921209344,7.048269970098249,9.474091260634184,9.188074254640915,9.77284733227681]}
