{"practice":[0,0,0,0,0,0,0,0,0,0,0,0,0,0,0,0,0,0,0,0],"center_interval":[50,0,25,0,100,0,50,0,0,100,100,50,25,0,50,50,100,75,25,0],"image_pair":[4,1,2,2,1,4,3,1,1,1,4,1,2,3,1,2,1,3,1,1],"feature_space":[2,2,2,1,2,1,1,1,2,2,2,2,1,2,1,1,1,2,1,1],"left_img":[2,1,2,1,2,2,1,2,1,1,2,1,1,1,2,1,1,1,2,1],"img1Sample":[2,1,1,2,2,3,2,3,1,2,3,2,1,3,3,1,2,3,1,2],"img2Sample":[3,2,3,2,2,2,2,1,3,1,3,3,2,1,3,1,3,2,2,3],"stim_time":[250,250,250,250,250,250,250,250,250,250,250,250,250,250,250,250,250,250,250,250],"key":[49,50,49,50,49,50,49,49,50,49,50,49,49,49,49,50,49,49,50,49],"correct":[false,false,false,false,true,true,true,false,false,false,false,true,true,true,false,false,false,false,true,true],"right_img":[1,2,1,2,1,1,2,1,2,2,1,2,2,2,1,2,2,2,1,2],"img_choice":[2,2,2,2,2,1,1,2,2,1,1,1,1,1,2,2,1,1,1,1],"center_sample":[1,1,3,2,3,1,3,3,3,3,1,1,1,2,3,3,3,3,1,3],"left_sample":[3,1,3,2,2,2,2,1,1,2,3,2,1,3,3,1,2,3,2,2],"right_sample":[2,2,1,2,2,3,2,3,3,1,3,3,2,1,3,1,3,2,1,3],"exact_match":[0,1,0,1,0,0,0,1,0,0,0,0,0,0,0,0,1,0,0,0],"RT":[[0,0,0,926,0,0],[0,0,0,501,0,0],[0,0,0,1247,0,0],[0,0,0,1262,0,0],[0,0,0,1152,0,0],[0,0,0,941,0,0],[0,0,0,446,0,0],[0,0,0,469,0,0],[0,0,0,377,0,0],[0,0,0,634,0,0],[0,0,0,295,0,0],[0,0,0,581,0,0],[0,0,0,1238,0,0],[0,0,0,1226,0,0],[0,0,0,1149,0,0],[0,0,0,1039,0,0],[0,0,0,371,0,0],[0,0,0,684,0,0],[0,0,0,949,0,0],[0,0,0,761,0,0]],"response":[[0,0,0,1,0,0],[0,0,0,1,0,0],[0,0,0,1,0,0],[0,0,0,1,0,0],[0,0,0,1,0,0],[0,0,0,1,0,0],[0,0,0,1,0,0],[0,0,0,1,0,0],[0,0,0,1,0,0],[0,0,0,1,0,0],[0,0,0,1,0,0],[0,0,0,1,0,0],[0,0,0,1,0,0],[0,0,0,1,0,0],[0,0,0,1,0,0],[0,0,0,1,0,0],[0,0,0,1,0,0],[0,0,0,1,0,0],[0,0,0,1,0,0],[0,0,0,1,0,0]],"framerate":[14.32806324110672,14.322916666666668,13.321873657069188,12.69035532994924,14.925373134328359,14.684287812041116,13.539651837524177,14.511041009463721,14.314928425357872,15.312131919905772,13.600572655690765,14.277215942891136,9.995654063450674,12.022327179046801,13.501350135013501,16.767582673497905,14.623955431754874,15.376166941241076,13.32675222112537,15.532940546331012]}
