{"practice":[0,0,0,0,0,0,0,0,0,0,0,0,0,0,0,0,0,0,0,0],"center_interval":[50,0,100,75,25,50,75,0,50,50,75,100,25,100,25,100,25,100,0,50],"image_pair":[1,3,2,2,1,2,3,2,1,1,4,3,3,4,4,1,3,3,2,2],"feature_space":[2,1,1,2,2,2,1,2,1,1,1,1,2,2,2,2,1,1,2,1],"left_img":[1,2,2,2,2,2,1,1,1,2,1,1,2,1,2,1,2,1,1,2],"img1Sample":[1,3,1,2,3,1,2,2,3,3,3,1,3,2,3,3,1,3,1,1],"img2Sample":[1,2,3,2,3,2,2,1,2,1,2,1,3,2,2,3,2,2,1,3],"key":[49,50,49,49,49,50,49,50,49,49,49,50,49,50,50,49,50,49,49,49],"correct":[true,true,true,true,false,true,false,false,true,false,false,true,false,true,true,false,true,false,true,false],"right_img":[2,1,1,1,1,1,2,2,2,1,2,2,1,2,1,2,1,2,2,1],"img_choice":[1,1,2,2,2,1,1,2,1,2,1,2,2,2,1,1,1,1,1,2],"center_sample":[1,2,1,2,3,2,3,1,2,2,1,3,2,1,2,1,1,1,3,3],"left_sample":[1,2,3,2,3,2,2,2,3,1,3,1,3,2,2,3,2,3,1,3],"right_sample":[1,3,1,2,3,1,2,1,2,3,2,1,3,2,3,3,1,2,1,1],"RT":[[0,0,0,1110.7999999523163,0,0],[0,0,0,1736.9000000953674,0,0],[0,0,0,1327.6000000238419,0,0],[0,0,0,1610.5,0,0],[0,0,0,1794.3999999761581,0,0],[0,0,0,1249.8999999761581,0,0],[0,0,0,1229.3999999761581,0,0],[0,0,0,1530.7000000476837,0,0],[0,0,0,1542.6000000238419,0,0],[0,0,0,1430.1000000238419,0,0],[0,0,0,1488.3000000715256,0,0],[0,0,0,2091.5,0,0],[0,0,0,1260,0,0],[0,0,0,1847.5,0,0],[0,0,0,1037.6000000238419,0,0],[0,0,0,1077.5,0,0],[0,0,0,1476.6000000238419,0,0],[0,0,0,1135.7999999523163,0,0],[0,0,0,1825.3999999761581,0,0],[0,0,0,1303.4000000953674,0,0]],"response":[[0,0,0,1,0,0],[0,0,0,1,0,0],[0,0,0,1,0,0],[0,0,0,1,0,0],[0,0,0,1,0,0],[0,0,0,1,0,0],[0,0,0,1,0,0],[0,0,0,1,0,0],[0,0,0,1,0,0],[0,0,0,1,0,0],[0,0,0,1,0,0],[0,0,0,1,0,0],[0,0,0,1,0,0],[0,0,0,1,0,0],[0,0,0,1,0,0],[0,0,0,1,0,0],[0,0,0,1,0,0],[0,0,0,1,0,0],[0,0,0,1,0,0],[0,0,0,1,0,0]],"framerate":[59.16556156206742,59.60235770274524,58.083252662149086,58.856819468024895,58.89639884441536,58.794466403162055,59.239063080927004,59.51557093425606,59.325346638079125,59.52521554269517,58.37480813125809,59.532304430553,59.2793014389374,59.370160040387525,58.227190018196,58.97046326650322,59.29038281979459,58.48101265822785,58.68772520275348,58.78637710868345]}
