{"practice":[0,0,0,0,0,0,0,0,0,0,0,0,0,0,0,0,0,0,0,0],"center_interval":[75,25,100,0,25,0,25,0,0,25,0,50,75,0,75,0,25,25,0,50],"image_pair":[1,3,3,4,2,2,2,3,3,2,2,2,2,4,2,2,4,3,1,4],"feature_space":[1,2,2,2,2,1,2,1,1,2,1,2,1,2,1,2,1,2,2,1],"left_img":[1,2,1,1,1,1,1,1,2,1,1,2,2,1,1,1,1,2,2,1],"img1Sample":[2,3,1,2,1,2,2,1,1,3,3,1,1,3,1,3,1,2,3,1],"img2Sample":[3,1,3,1,3,2,1,1,2,3,3,2,2,2,3,3,2,3,2,1],"key":[50,50,50,49,50,50,49,50,49,49,49,50,49,49,49,49,49,50,49,50],"correct":[true,true,true,true,false,false,true,false,false,true,true,true,true,true,false,true,true,true,false,false],"right_img":[2,1,2,2,2,2,2,2,1,2,2,1,1,2,2,2,2,1,1,2],"img_choice":[2,1,2,1,2,2,1,2,2,1,1,1,2,1,1,1,1,1,2,2],"center_sample":[2,3,1,1,1,1,1,2,2,2,2,3,2,2,1,1,3,1,1,1],"left_sample":[2,1,1,2,1,2,2,1,2,3,3,2,2,3,1,3,1,3,2,1],"right_sample":[3,3,3,1,3,2,1,1,1,3,3,1,1,2,3,3,2,2,3,1],"RT":[[0,0,0,1344.2999999523163,0,0],[0,0,0,1332,0,0],[0,0,0,1820.6000000238419,0,0],[0,0,0,1792.7000000476837,0,0],[0,0,0,2368.1999999284744,0,0],[0,0,0,1816.5,0,0],[0,0,0,1601.1999999284744,0,0],[0,0,0,940,0,0],[0,0,0,1713.8999999761581,0,0],[0,0,0,1875.4000000953674,0,0],[0,0,0,919.7000000476837,0,0],[0,0,0,1209.9000000953674,0,0],[0,0,0,1970.7999999523163,0,0],[0,0,0,1683.3999999761581,0,0],[0,0,0,1745.6000000238419,0,0],[0,0,0,2615.8000000715256,0,0],[0,0,0,1203.1000000238419,0,0],[0,0,0,966.7999999523163,0,0],[0,0,0,1245.8999999761581,0,0],[0,0,0,1030.5,0,0]],"response":[[0,0,0,1,0,0],[0,0,0,1,0,0],[0,0,0,1,0,0],[0,0,0,1,0,0],[0,0,0,1,0,0],[0,0,0,1,0,0],[0,0,0,1,0,0],[0,0,0,1,0,0],[0,0,0,1,0,0],[0,0,0,1,0,0],[0,0,0,1,0,0],[0,0,0,1,0,0],[0,0,0,1,0,0],[0,0,0,1,0,0],[0,0,0,1,0,0],[0,0,0,1,0,0],[0,0,0,1,0,0],[0,0,0,1,0,0],[0,0,0,1,0,0],[0,0,0,1,0,0]],"framerate":[59.74607916389806,59.7383123315238,59.174153421175454,58.45157645392461,59.626034772754025,59.3555071115635,58.87014604324691,59.18106206126918,59.51195769973698,59.41313500429217,59.43775100401607,59.25704611129688,58.75710940143043,57.08297098964882,59.36022864680665,59.42494371213657,59.50454375700237,58.68918631787783,59.243168523524446,59.74120838911387]}
