{"practice":[1,1,1,1,1],"center_interval":[25,100,50,100,0],"image_pair":[3,2,4,4,4],"feature_space":[2,2,1,2,1],"left_img":[2,1,1,2,2],"img1Sample":[2,2,2,2,3],"img2Sample":[3,2,3,1,1],"key":[50,50,49,49,50],"correct":[true,true,true,true,true],"right_img":[1,2,2,1,1],"img_choice":[1,2,1,2,1],"center_sample":[1,1,2,3,2],"left_sample":[3,2,2,1,1],"right_sample":[2,2,3,2,3],"RT":[[0,0,0,2518.300000011921,0,0],[0,0,0,2871,0,0],[0,0,0,1478.5999999642372,0,0],[0,0,0,1685,0,0],[0,0,0,1009.3999999761581,0,0]],"response":[[0,0,0,1,0,0],[0,0,0,1,0,0],[0,0,0,1,0,0],[0,0,0,1,0,0],[0,0,0,1,0,0]],"framerate":[59.67460451527009,60.05635787249031,60.06497300598687,60.056052315335215,60.06947164926004]}
