{"practice":[0,0,0,0,0,0,0,0,0,0,0,0,0,0,0,0,0,0,0,0],"center_interval":[100,50,25,25,0,100,0,50,0,75,25,25,100,100,75,75,25,0,25,100],"image_pair":[4,2,1,3,1,3,1,3,1,4,1,4,3,4,1,3,1,3,2,1],"feature_space":[1,1,2,1,1,2,2,1,1,1,1,2,1,2,1,2,1,1,1,2],"left_img":[2,1,2,2,1,2,2,1,2,2,2,2,2,1,2,2,1,2,2,1],"img1Sample":[1,1,2,2,1,3,1,2,3,1,2,1,2,1,3,3,2,3,1,2],"img2Sample":[3,3,2,2,1,1,2,2,3,1,1,2,3,2,2,2,3,3,2,1],"key":[49,49,50,49,50,49,49,50,49,50,49,50,49,50,50,50,50,49,50,49],"correct":[true,true,true,false,false,true,false,false,false,false,false,true,true,true,false,false,false,false,true,false],"right_img":[1,2,1,1,2,1,1,2,1,1,1,1,1,2,1,1,2,1,1,2],"img_choice":[2,1,1,2,2,2,2,2,2,1,2,1,2,2,1,1,2,2,1,1],"center_sample":[2,1,2,1,3,3,2,3,1,1,1,2,1,1,1,3,1,1,2,3],"left_sample":[3,1,2,2,1,1,2,2,3,1,1,2,3,1,2,2,2,3,2,2],"right_sample":[1,3,2,2,1,3,1,2,3,1,2,1,2,2,3,3,3,3,1,1],"RT":[[0,0,0,3657.5,0,0],[0,0,0,1258,0,0],[0,0,0,1434.5,0,0],[0,0,0,960.3999999761581,0,0],[0,0,0,795.6999999880791,0,0],[0,0,0,1215.1000000238419,0,0],[0,0,0,1606.3999999761581,0,0],[0,0,0,857.8000000119209,0,0],[0,0,0,878.6999999880791,0,0],[0,0,0,1166.800000011921,0,0],[0,0,0,931.5,0,0],[0,0,0,1218.9000000357628,0,0],[0,0,0,1389.699999988079,0,0],[0,0,0,1189.699999988079,0,0],[0,0,0,1117.1000000238419,0,0],[0,0,0,1137,0,0],[0,0,0,1333.199999988079,0,0],[0,0,0,1489.8999999761581,0,0],[0,0,0,768.7999999523163,0,0],[0,0,0,1420,0,0]],"response":[[0,0,0,1,0,0],[0,0,0,1,0,0],[0,0,0,1,0,0],[0,0,0,1,0,0],[0,0,0,1,0,0],[0,0,0,1,0,0],[0,0,0,1,0,0],[0,0,0,1,0,0],[0,0,0,1,0,0],[0,0,0,1,0,0],[0,0,0,1,0,0],[0,0,0,1,0,0],[0,0,0,1,0,0],[0,0,0,1,0,0],[0,0,0,1,0,0],[0,0,0,1,0,0],[0,0,0,1,0,0],[0,0,0,1,0,0],[0,0,0,1,0,0],[0,0,0,1,0,0]],"framerate":[60.05727110904728,60.05562529263134,60.059352771982674,60.05686800833031,60.05672023538012,60.06006005988237,60.0634632819583,60.051862972567214,60.062508493001765,60.050251256281406,60.06246496413551,60.02877412260088,59.85739155302183,59.805319921640454,55.985342019204296,60.06082108464268,60.05209338255637,60.06425478368765,60.05418843109067,60.06290051735723]}
