{"practice":[0,0,0,0,0,0,0,0,0,0,0,0,0,0,0,0,0,0,0,0],"center_interval":[25,50,50,0,25,50,25,0,75,25,75,75,50,25,50,50,100,50,100,25],"image_pair":[3,3,2,3,4,1,4,3,3,1,3,1,1,2,1,4,1,2,3,2],"feature_space":[1,1,1,1,1,1,2,2,1,1,2,1,2,1,1,1,2,1,1,1],"left_img":[2,2,1,2,2,1,1,1,2,2,2,1,1,1,1,1,2,1,1,2],"img1Sample":[1,2,3,3,2,3,3,2,2,2,1,1,3,3,1,1,3,3,3,3],"img2Sample":[1,1,2,3,2,2,1,3,3,2,2,3,1,2,1,3,3,3,3,3],"key":[49,50,50,50,50,50,49,49,49,49,50,50,49,49,50,49,49,49,50,50],"correct":[false,true,false,true,true,false,true,true,true,false,false,true,true,true,false,true,true,true,true,true],"right_img":[1,1,2,1,1,2,2,2,1,1,1,2,2,2,2,2,1,2,2,1],"img_choice":[2,1,2,1,1,2,1,1,2,2,1,2,1,1,2,1,2,1,2,1],"center_sample":[1,3,3,2,3,2,3,3,3,2,3,1,1,2,3,1,1,2,1,2],"left_sample":[1,1,3,3,2,3,3,2,3,2,2,1,3,3,1,1,3,3,3,3],"right_sample":[1,2,2,3,2,2,1,3,2,2,1,3,1,2,1,3,3,3,3,3],"RT":[[0,0,0,927.8000000119209,0,0],[0,0,0,796.5,0,0],[0,0,0,1386.199999988079,0,0],[0,0,0,1353,0,0],[0,0,0,973.6999999880791,0,0],[0,0,0,956.1000000238419,0,0],[0,0,0,1100.699999988079,0,0],[0,0,0,823.8999999761581,0,0],[0,0,0,1369.300000011921,0,0],[0,0,0,975,0,0],[0,0,0,803.5,0,0],[0,0,0,1177.300000011921,0,0],[0,0,0,1305.8999999761581,0,0],[0,0,0,1284.5,0,0],[0,0,0,827.8000000119209,0,0],[0,0,0,1366.5,0,0],[0,0,0,1333.3999999761581,0,0],[0,0,0,810.5,0,0],[0,0,0,994.6000000238419,0,0],[0,0,0,758.3999999761581,0,0]],"response":[[0,0,0,1,0,0],[0,0,0,1,0,0],[0,0,0,1,0,0],[0,0,0,1,0,0],[0,0,0,1,0,0],[0,0,0,1,0,0],[0,0,0,1,0,0],[0,0,0,1,0,0],[0,0,0,1,0,0],[0,0,0,1,0,0],[0,0,0,1,0,0],[0,0,0,1,0,0],[0,0,0,1,0,0],[0,0,0,1,0,0],[0,0,0,1,0,0],[0,0,0,1,0,0],[0,0,0,1,0,0],[0,0,0,1,0,0],[0,0,0,1,0,0],[0,0,0,1,0,0]],"framerate":[60.07777926780207,55.916955017301035,59.81459857476514,60.05428907766984,60.05291005291005,60.07283166278614,60.05929257893678,60.056750874088046,60.05359364583876,60.046555919440415,60.07252996685876,60.0638335307351,60.05202888297592,60.062992895162246,60.06006006025732,60.059341500937016,60.03906155794957,60.08084611531198,60.058477991540194,60.05331836677424]}
