{"practice":[0,0,0,0,0,0,0,0,0,0,0,0,0,0,0,0,0,0,0,0],"center_interval":[75,0,100,100,0,75,50,75,50,75,0,50,75,100,50,0,75,25,0,100],"image_pair":[1,3,1,3,4,4,2,4,4,4,2,4,2,3,4,1,2,3,3,4],"feature_space":[1,2,1,2,1,2,2,2,2,1,1,1,1,2,2,2,1,2,1,2],"left_img":[1,2,2,1,1,1,1,1,1,2,2,1,2,1,2,1,1,1,2,2],"img1Sample":[2,1,2,3,1,2,1,2,2,3,3,3,3,2,3,2,2,2,2,2],"img2Sample":[2,1,1,3,3,2,2,2,3,1,3,1,1,3,1,2,2,3,1,2],"key":[50,50,50,50,50,50,50,50,49,49,50,50,50,50,50,49,50,49,49,50],"correct":[true,true,false,true,false,true,false,true,true,true,true,false,false,true,true,true,true,true,false,false],"right_img":[2,1,1,2,2,2,2,2,2,1,1,2,1,2,1,2,2,2,1,1],"img_choice":[2,1,1,2,2,2,2,2,1,2,1,2,1,2,1,1,2,1,2,1],"center_sample":[3,2,2,2,2,2,3,2,2,1,1,3,2,1,2,1,1,3,1,3],"left_sample":[2,1,1,3,1,2,1,2,2,1,3,3,1,2,1,2,2,2,1,2],"right_sample":[2,1,2,3,3,2,2,2,3,3,3,1,3,3,3,2,2,3,2,2],"RT":[[0,0,0,937,0,0],[0,0,0,877.3000000119209,0,0],[0,0,0,1043.9000000357628,0,0],[0,0,0,941.9000000357628,0,0],[0,0,0,984.8999999761581,0,0],[0,0,0,823.5,0,0],[0,0,0,891.1999999880791,0,0],[0,0,0,1059.699999988079,0,0],[0,0,0,1012.8000000119209,0,0],[0,0,0,941.8999999761581,0,0],[0,0,0,775.3999999761581,0,0],[0,0,0,1242.6000000238419,0,0],[0,0,0,966.1000000238419,0,0],[0,0,0,1070,0,0],[0,0,0,1088.199999988079,0,0],[0,0,0,1269.699999988079,0,0],[0,0,0,715.2999999523163,0,0],[0,0,0,1122.800000011921,0,0],[0,0,0,990.1999999880791,0,0],[0,0,0,1002.8999999761581,0,0]],"response":[[0,0,0,1,0,0],[0,0,0,1,0,0],[0,0,0,1,0,0],[0,0,0,1,0,0],[0,0,0,1,0,0],[0,0,0,1,0,0],[0,0,0,1,0,0],[0,0,0,1,0,0],[0,0,0,1,0,0],[0,0,0,1,0,0],[0,0,0,1,0,0],[0,0,0,1,0,0],[0,0,0,1,0,0],[0,0,0,1,0,0],[0,0,0,1,0,0],[0,0,0,1,0,0],[0,0,0,1,0,0],[0,0,0,1,0,0],[0,0,0,1,0,0],[0,0,0,1,0,0]],"framerate":[60.07048269931862,60.04782088942279,60.060840851399604,60.06567180155159,60.05056889993788,60.058405421589086,60.06818550768005,60.04762397819326,60.06947164926004,60.0464359110105,55.03408201997091,59.80772557627636,60.05767653536416,60.05618991177563,60.0446485844778,60.0799431083235,60.06346328155258,60.05241863697085,60.056896006177475,60.06714930265243]}
