{"practice":[0,0,0,0,0,0,0,0,0,0,0,0,0,0,0,0,0,0,0,0],"center_interval":[50,100,100,50,75,0,0,100,100,75,100,50,100,25,75,75,100,25,25,100],"image_pair":[2,4,2,1,1,1,1,2,3,1,4,1,4,3,4,2,1,1,4,1],"feature_space":[1,1,1,2,2,1,1,1,2,2,2,1,2,1,2,1,1,2,1,1],"left_img":[1,1,2,1,2,2,2,2,1,2,1,1,2,1,1,2,1,1,2,1],"img1Sample":[1,1,3,3,3,3,1,2,1,2,2,2,1,3,3,1,3,3,1,1],"img2Sample":[2,1,3,2,3,2,3,2,3,3,2,2,3,2,1,3,2,3,1,2],"key":[50,50,49,49,49,50,50,50,50,49,50,49,50,50,49,50,50,49,50,50],"correct":[false,true,true,true,true,true,true,false,true,true,true,true,false,false,false,false,true,true,true,true],"right_img":[2,2,1,2,1,1,1,1,2,1,2,2,1,2,2,1,2,2,1,2],"img_choice":[2,2,2,1,2,1,1,1,2,2,2,1,1,2,1,1,2,1,1,2],"center_sample":[3,3,1,1,2,1,2,3,1,1,3,2,1,2,1,3,1,2,1,1],"left_sample":[1,1,3,3,3,2,3,2,1,3,2,2,3,3,3,3,3,3,1,1],"right_sample":[2,1,3,2,3,3,1,2,3,2,2,2,1,2,1,1,2,3,1,2],"RT":[[0,1562,0,0],[0,1556,0,0],[0,1816,0,0],[0,1615,0,0],[0,1770,0,0],[0,1398,0,0],[0,1164,0,0],[0,1733,0,0],[0,1387,0,0],[0,1119,0,0],[0,1247,0,0],[0,1688,0,0],[0,1162,0,0],[0,1410,0,0],[0,1161,0,0],[0,1331,0,0],[0,2049,0,0],[0,1499,0,0],[0,1748,0,0],[0,2321,0,0]],"response":[[0,1,0,0],[0,1,0,0],[0,1,0,0],[0,1,0,0],[0,1,0,0],[0,1,0,0],[0,1,0,0],[0,1,0,0],[0,1,0,0],[0,1,0,0],[0,1,0,0],[0,1,0,0],[0,1,0,0],[0,1,0,0],[0,1,0,0],[0,1,0,0],[0,1,0,0],[0,1,0,0],[0,1,0,0],[0,1,0,0]],"framerate":[59.770114942528735,59.31417979610751,59.35696619950536,58.876404494382015,58.92255892255892,59.26294820717131,59.751972942502825,59.8035027765912,59.207225288509775,59.23344947735192,59.77382875605816,59.77312390924956,59.188275084554675,58.76543209876543,58.65764241398759,59.247810407006696,59.77443609022557,59.77229601518026,59.77108944467995,59.767759562841526]}
