{"practice":[0,0,0,0,0,0,0,0,0,0,0,0,0,0,0,0,0,0,0,0],"center_interval":[0,75,25,100,75,25,25,0,100,25,0,75,0,100,0,50,75,0,0,0],"image_pair":[2,1,4,2,3,3,4,1,4,3,2,1,3,4,1,4,1,4,1,4],"feature_space":[2,1,1,2,1,2,1,1,1,1,2,2,1,2,2,1,1,1,2,2],"left_img":[1,2,2,1,1,1,1,1,1,1,1,1,1,1,2,1,1,1,1,1],"img1Sample":[1,1,1,2,2,3,2,2,2,2,3,2,1,2,2,3,1,3,3,3],"img2Sample":[1,2,3,3,2,3,2,3,3,2,1,2,3,1,3,1,3,2,2,2],"key":[50,50,50,49,49,49,49,50,50,50,49,50,50,50,49,49,50,49,50,50],"correct":[false,false,true,false,false,true,true,false,true,false,true,true,false,true,false,true,true,true,false,false],"right_img":[2,1,1,2,2,2,2,2,2,2,2,2,2,2,1,2,2,2,2,2],"img_choice":[2,1,1,1,1,1,1,2,2,2,1,2,2,2,2,1,2,1,2,2],"center_sample":[3,3,3,2,2,2,2,1,2,2,2,3,2,2,3,3,3,1,1,1],"left_sample":[1,2,3,2,2,3,2,2,2,2,3,2,1,2,3,3,1,3,3,3],"right_sample":[1,1,1,3,2,3,2,3,3,2,1,2,3,1,2,1,3,2,2,2],"RT":[[0,1018,0,0],[0,480,0,0],[0,407,0,0],[0,829,0,0],[0,602,0,0],[0,529,0,0],[0,917,0,0],[0,664,0,0],[0,598,0,0],[0,442,0,0],[0,186,0,0],[0,530,0,0],[0,693,0,0],[0,613,0,0],[0,154,0,0],[0,580,0,0],[0,237,0,0],[0,1230,0,0],[0,602,0,0],[0,787,0,0]],"response":[[0,1,0,0],[0,1,0,0],[0,1,0,0],[0,1,0,0],[0,1,0,0],[0,1,0,0],[0,1,0,0],[0,1,0,0],[0,1,0,0],[0,1,0,0],[0,1,0,0],[0,1,0,0],[0,1,0,0],[0,1,0,0],[0,1,0,0],[0,1,0,0],[0,1,0,0],[0,1,0,0],[0,1,0,0],[0,1,0,0]],"framerate":[9.929906542056075,12.378426171529618,12.903225806451612,13.86001386001386,15.625,16.478751084128362,12.794612794612794,13.856812933025402,12.861736334405144,19.589552238805968,13.698630136986301,18.245004344048652,15.243902439024392,12.882447665056361,22.4159402241594,16.79261125104954,25.670945157526255,11.302475780409042,10.458567980691875,17.705382436260624]}
