{"practice":[1,1,1,1,1],"center_interval":[0,25,75,50,100],"image_pair":[3,2,3,3,3],"feature_space":[2,2,1,2,1],"left_img":[2,2,1,2,1],"img1Sample":[3,2,2,3,3],"img2Sample":[3,3,3,3,2],"key":[49,50,49,50,50],"correct":[false,true,false,true,true],"right_img":[1,1,2,1,2],"img_choice":[2,1,1,1,2],"center_sample":[2,2,3,2,1],"left_sample":[3,3,2,3,3],"right_sample":[3,2,3,3,2],"RT":[[0,2728,0,0],[0,963,0,0],[0,315,0,0],[0,395,0,0],[0,292,0,0]],"response":[[0,1,0,0],[0,1,0,0],[0,1,0,0],[0,1,0,0],[0,1,0,0]],"framerate":[9.251228678808904,13.46153846153846,15.974440894568689,19.49317738791423,18.9520624303233]}
