{"practice":[0,0,0,0,0,0,0,0,0,0,0,0,0,0,0,0,0,0,0,0],"center_interval":[100,50,25,25,50,50,50,0,25,25,25,25,50,100,100,75,25,100,25,25],"image_pair":[4,4,2,3,3,1,2,1,4,1,3,3,4,2,3,3,2,4,1,3],"feature_space":[2,1,1,2,1,2,1,2,1,2,2,1,1,1,2,2,1,1,2,2],"left_img":[2,1,1,2,2,1,1,2,1,1,1,2,1,2,1,2,2,2,1,2],"img1Sample":[3,2,1,1,1,1,2,2,2,1,1,1,3,3,2,3,2,2,3,1],"img2Sample":[2,1,2,1,3,2,1,2,2,2,3,1,1,2,2,1,2,1,1,1],"key":[50,50,50,49,50,49,49,50,50,50,50,50,49,49,49,50,50,49,49,49],"correct":[false,false,false,false,true,true,true,true,false,false,false,true,true,true,false,false,true,true,true,false],"right_img":[1,2,2,1,1,2,2,1,2,2,2,1,2,1,2,1,1,1,2,1],"img_choice":[1,2,2,2,1,1,1,1,2,2,2,1,1,2,1,1,1,2,1,2],"center_sample":[3,1,2,2,1,2,1,1,3,2,2,3,3,3,3,2,2,3,2,3],"left_sample":[2,2,1,1,3,1,2,2,2,1,1,1,3,2,2,1,2,1,3,1],"right_sample":[3,1,2,1,1,2,1,2,2,2,3,1,1,3,2,3,2,2,1,1],"RT":[[0,499,0,0],[0,188,0,0],[0,498,0,0],[0,1601,0,0],[0,653,0,0],[0,249,0,0],[0,166,0,0],[0,1185,0,0],[0,518,0,0],[0,416,0,0],[0,381,0,0],[0,214,0,0],[0,357,0,0],[0,143,0,0],[0,442,0,0],[0,247,0,0],[0,1514,0,0],[0,1136,0,0],[0,554,0,0],[0,449,0,0]],"response":[[0,1,0,0],[0,1,0,0],[0,1,0,0],[0,1,0,0],[0,1,0,0],[0,1,0,0],[0,1,0,0],[0,1,0,0],[0,1,0,0],[0,1,0,0],[0,1,0,0],[0,1,0,0],[0,1,0,0],[0,1,0,0],[0,1,0,0],[0,1,0,0],[0,1,0,0],[0,1,0,0],[0,1,0,0],[0,1,0,0]],"framerate":[15.311004784688995,11.122345803842265,16.057091882247992,4.430660168365087,10.16419077404222,18.59504132231405,13.847675568743819,12.651265126512651,12.455516014234874,12.121212121212121,20.211742059672762,20.43269230769231,18.475750577367204,13.712047012732615,17.029328287606432,19.90632318501171,10.343206393982134,13.075611142694713,16.21160409556314,18.85014137606032]}
