{"practice":[0,0,0,0,0,0,0,0,0,0,0,0,0,0,0,0,0,0,0,0],"center_interval":[50,100,75,50,50,100,50,50,0,50,100,50,50,75,75,75,100,75,50,75],"image_pair":[4,3,3,3,4,4,2,4,4,2,1,1,1,1,1,2,4,4,1,1],"feature_space":[1,1,1,2,1,1,2,2,2,1,1,1,1,1,1,2,2,1,1,1],"left_img":[1,2,2,2,1,2,2,2,1,1,2,2,2,1,1,1,2,2,1,2],"img1Sample":[2,3,2,3,3,1,1,1,1,3,1,1,3,1,3,2,1,3,1,3],"img2Sample":[1,2,2,2,2,1,2,2,3,1,1,2,1,2,2,3,2,3,3,1],"key":[50,50,49,49,49,50,50,50,50,50,50,50,50,50,50,50,50,50,49,50],"correct":[false,false,true,false,true,false,true,true,false,false,false,true,true,true,true,true,false,false,true,false],"right_img":[2,1,1,1,2,1,1,1,2,2,1,1,1,2,2,2,1,1,2,1],"img_choice":[2,1,2,2,1,1,1,1,2,2,1,1,1,2,2,2,1,1,1,1],"center_sample":[3,1,3,1,1,3,2,3,3,1,2,2,3,2,1,2,1,3,2,3],"left_sample":[2,2,2,2,3,1,2,2,1,3,1,2,1,1,3,2,2,3,1,1],"right_sample":[1,3,2,3,2,1,1,1,3,1,1,1,3,2,2,3,1,3,3,3],"RT":[[0,1462,0,0],[0,375,0,0],[0,646,0,0],[0,563,0,0],[0,980,0,0],[0,435,0,0],[0,530,0,0],[0,1059,0,0],[0,975,0,0],[0,590,0,0],[0,457,0,0],[0,1371,0,0],[0,1374,0,0],[0,1303,0,0],[0,1112,0,0],[0,1734,0,0],[0,1519,0,0],[0,693,0,0],[0,438,0,0],[0,1062,0,0]],"response":[[0,1,0,0],[0,1,0,0],[0,1,0,0],[0,1,0,0],[0,1,0,0],[0,1,0,0],[0,1,0,0],[0,1,0,0],[0,1,0,0],[0,1,0,0],[0,1,0,0],[0,1,0,0],[0,1,0,0],[0,1,0,0],[0,1,0,0],[0,1,0,0],[0,1,0,0],[0,1,0,0],[0,1,0,0],[0,1,0,0]],"framerate":[11.842728564661298,15.368852459016395,16,17.573221757322177,13.88888888888889,13.500482160077146,15.33219761499148,14.218009478672986,14.4745122718691,11.893870082342177,11.600928074245939,11.597258829731153,7.389162561576354,13.492475350285417,14.44251877527441,9.234828496042216,10.38961038961039,10.038610038610038,10.477299185098952,8.21917808219178]}
