{"practice":[0,0,0,0,0,0,0,0,0,0,0,0,0,0,0,0,0,0,0,0],"center_interval":[25,50,0,50,0,0,50,75,0,25,75,100,75,100,100,25,50,50,25,75],"image_pair":[1,4,3,3,3,1,1,3,3,4,2,1,2,3,1,4,4,1,4,1],"feature_space":[1,1,2,1,1,2,2,2,2,2,2,2,2,2,1,1,2,2,1,2],"left_img":[2,1,1,2,2,2,2,2,2,2,2,1,1,2,1,2,1,2,2,2],"img1Sample":[2,3,3,1,2,3,1,3,1,2,2,3,1,1,1,3,2,1,2,3],"img2Sample":[2,1,3,1,2,2,1,1,2,1,1,2,3,3,3,2,3,3,3,2],"key":[49,50,50,50,50,49,49,49,49,50,49,50,49,49,50,49,49,50,50,50],"correct":[false,false,false,true,true,false,false,true,false,true,true,true,false,true,true,false,true,true,true,false],"right_img":[1,2,2,1,1,1,1,1,1,1,1,2,2,1,2,1,2,1,1,1],"img_choice":[2,2,2,1,1,2,2,2,2,1,2,2,1,2,2,2,1,1,1,1],"center_sample":[1,2,1,3,1,1,3,2,2,2,1,1,2,2,1,2,1,1,2,2],"left_sample":[2,3,3,1,2,2,1,1,2,1,1,3,1,3,1,2,2,3,3,2],"right_sample":[2,1,3,1,2,3,1,3,1,2,2,2,3,1,3,3,3,1,2,3],"RT":[[0,1762,0,0],[0,901,0,0],[0,1009,0,0],[0,802,0,0],[0,1012,0,0],[0,987,0,0],[0,839,0,0],[0,957,0,0],[0,967,0,0],[0,1027,0,0],[0,910,0,0],[0,709,0,0],[0,963,0,0],[0,862,0,0],[0,799,0,0],[0,1135,0,0],[0,991,0,0],[0,1102,0,0],[0,992,0,0],[0,539,0,0]],"response":[[0,1,0,0],[0,1,0,0],[0,1,0,0],[0,1,0,0],[0,1,0,0],[0,1,0,0],[0,1,0,0],[0,1,0,0],[0,1,0,0],[0,1,0,0],[0,1,0,0],[0,1,0,0],[0,1,0,0],[0,1,0,0],[0,1,0,0],[0,1,0,0],[0,1,0,0],[0,1,0,0],[0,1,0,0],[0,1,0,0]],"framerate":[11.695906432748538,16.96020874103066,12.300123001230013,17.470300489168412,9.375,11.656441717791411,8.977900552486188,8.939213349225268,13.538461538461538,12.330456226880395,13.583441138421733,15.302218821729152,13.059701492537314,15.572105619498984,12.849584278155707,8.93355667225014,10.98297638660077,9.179575444635686,13.398294762484774,10.238907849829351]}
