{"practice":[0,0,0,0,0,0,0,0,0,0,0,0,0,0,0,0,0,0,0,0],"center_interval":[100,75,0,75,50,75,0,0,100,50,50,0,25,100,25,100,0,0,75,75],"image_pair":[4,2,2,3,3,3,2,2,1,4,4,3,3,3,3,1,3,3,2,2],"feature_space":[2,1,2,1,2,1,1,1,2,2,2,1,1,2,1,2,2,2,2,2],"left_img":[1,2,2,2,1,2,1,1,2,2,2,1,1,2,1,1,1,1,1,2],"img1Sample":[1,3,3,3,3,1,2,3,3,3,3,1,1,2,3,3,1,2,1,3],"img2Sample":[1,3,3,2,1,2,3,2,2,3,2,1,1,1,2,1,1,2,2,3],"key":[50,50,50,50,49,49,49,49,49,49,49,null,49,49,49,49,49,50,null,49],"correct":[true,false,true,false,true,true,true,true,true,false,false,null,true,true,true,false,true,false,null,true],"right_img":[2,1,1,1,2,1,2,2,1,1,1,2,2,1,2,2,2,2,2,1],"img_choice":[2,1,1,1,1,2,1,1,2,2,2,null,1,2,1,1,1,2,null,2],"center_sample":[3,1,2,2,3,1,1,1,1,3,1,3,3,2,3,3,3,1,3,2],"left_sample":[1,3,3,2,3,2,2,3,2,3,2,1,1,1,3,3,1,2,1,3],"right_sample":[1,3,3,3,1,1,3,2,3,3,3,1,1,2,2,1,1,2,2,3],"RT":[[0,0,0,944.5,0,0],[0,0,0,862.8999999985099,0,0],[0,0,0,1215.5,0,0],[0,0,0,481.5,0,0],[0,0,0,322.3999999985099,0,0],[0,0,0,1226.8999999985099,0,0],[0,0,0,1321.4000000059605,0,0],[0,0,0,2029.5999999940395,0,0],[0,0,0,2083.3000000044703,0,0],[0,0,0,1084,0,0],[0,0,0,791.5999999940395,0,0],[0,0,0,0,0,0],[0,0,0,867.7000000029802,0,0],[0,0,0,3541.2999999970198,0,0],[0,0,0,2170.39999999851,0,0],[0,0,0,915.7999999970198,0,0],[0,0,0,713.4000000059605,0,0],[0,0,0,3342.2000000029802,0,0],[0,0,0,0,0,0],[0,0,0,2815.3000000044703,0,0]],"response":[[0,0,0,1,0,0],[0,0,0,1,0,0],[0,0,0,1,0,0],[0,0,0,1,0,0],[0,0,0,1,0,0],[0,0,0,1,0,0],[0,0,0,1,0,0],[0,0,0,1,0,0],[0,0,0,1,0,0],[0,0,0,1,0,0],[0,0,0,1,0,0],[0,0,0,1,0,0],[0,0,0,1,0,0],[0,0,0,1,0,0],[0,0,0,1,0,0],[0,0,0,1,0,0],[0,0,0,1,0,0],[0,0,0,1,0,0],[0,0,0,1,0,0],[0,0,0,1,0,0]],"framerate":[12.97875721778337,13.649268399230458,11.208807631944255,12.756264236902052,16.18277010947168,11.198765647172529,10.593475382207778,10.712152112550132,9.974351667138611,13.31523826595644,12.257974648279705,8.55290032679576,14.119308153906173,9.538403802847693,11.240916937659781,11.220346227817526,13.57658039881205,9.26874481682707,9.426652892561984,10.802839603544653]}
