{"practice":[0,0,0,0,0,0,0,0,0,0,0,0,0,0,0,0,0,0,0,0],"center_interval":[75,75,75,25,50,0,75,100,75,75,50,25,50,0,25,50,75,75,50,25],"image_pair":[2,1,1,1,1,1,3,1,4,1,1,4,4,4,1,2,4,1,3,2],"feature_space":[1,2,2,1,1,1,2,1,1,1,1,1,1,1,2,1,2,1,2,1],"left_img":[2,2,1,1,2,2,1,1,1,1,2,1,1,1,2,2,1,2,2,1],"img1Sample":[3,2,2,3,1,3,3,3,1,3,3,2,2,1,2,1,2,3,3,3],"img2Sample":[3,2,2,1,3,1,1,3,3,3,3,2,3,1,1,2,1,3,3,2],"key":[49,null,49,49,49,50,49,50,50,50,50,50,49,49,49,49,50,50,49,49],"correct":[true,null,false,true,false,true,false,true,true,true,true,false,true,true,false,false,true,false,false,true],"right_img":[1,1,2,2,1,1,2,2,2,2,1,2,2,2,1,1,2,1,1,2],"img_choice":[2,null,1,1,2,1,1,2,2,2,1,2,1,1,2,2,2,1,2,1],"center_sample":[2,1,3,2,3,2,3,2,3,1,1,3,2,3,2,1,2,3,2,1],"left_sample":[3,2,2,3,3,1,3,3,1,3,3,2,2,1,1,2,2,3,3,3],"right_sample":[3,2,2,1,1,3,1,3,3,3,3,2,3,1,2,1,1,3,3,2],"RT":[[0,0,0,652.1000000014901,0,0],[0,0,0,0,0,0],[0,0,0,1072.6000000014901,0,0],[0,0,0,1386.5,0,0],[0,0,0,1768.2000000029802,0,0],[0,0,0,2418.60000000149,0,0],[0,0,0,570.7000000029802,0,0],[0,0,0,727.6999999955297,0,0],[0,0,0,821.0999999940395,0,0],[0,0,0,798.5,0,0],[0,0,0,855.3000000044703,0,0],[0,0,0,906.8000000044703,0,0],[0,0,0,645.8000000044703,0,0],[0,0,0,1216.3000000044703,0,0],[0,0,0,1152.3000000044703,0,0],[0,0,0,1136.5,0,0],[0,0,0,1788.5,0,0],[0,0,0,1712.5,0,0],[0,0,0,687.5,0,0],[0,0,0,620.3999999985099,0,0]],"response":[[0,0,0,1,0,0],[0,0,0,1,0,0],[0,0,0,1,0,0],[0,0,0,1,0,0],[0,0,0,1,0,0],[0,0,0,1,0,0],[0,0,0,1,0,0],[0,0,0,1,0,0],[0,0,0,1,0,0],[0,0,0,1,0,0],[0,0,0,1,0,0],[0,0,0,1,0,0],[0,0,0,1,0,0],[0,0,0,1,0,0],[0,0,0,1,0,0],[0,0,0,1,0,0],[0,0,0,1,0,0],[0,0,0,1,0,0],[0,0,0,1,0,0],[0,0,0,1,0,0]],"framerate":[17.589388696655135,10.74196271004783,15.401991990958273,12.662159256529758,13.748554219483346,11.624140099482052,16.633992752324367,14.565602330502571,15.614727153163194,14.602160017656777,13.935949284069089,15.563367053949504,14.139781843371926,11.923301537858242,13.107481347060546,14.418334050017844,14.557622110208085,10.897849342800185,13.846501638956171,13.113416482101778]}
