{"practice":[0,0,0,0,0,0,0,0,0,0,0,0,0,0,0,0,0,0,0,0],"center_interval":[100,100,0,50,0,0,75,25,100,100,50,25,0,75,50,50,25,25,100,25],"image_pair":[2,4,1,4,4,4,2,1,1,2,1,2,4,3,4,1,1,4,4,1],"feature_space":[1,2,1,1,2,2,1,2,1,1,2,2,2,1,1,1,1,2,1,1],"left_img":[1,1,1,1,1,1,2,1,2,1,2,2,1,1,2,1,1,1,1,2],"img1Sample":[2,3,2,1,3,1,2,1,3,2,3,1,3,1,3,1,3,3,1,2],"img2Sample":[3,2,2,3,3,3,2,2,1,3,1,1,3,3,2,2,1,2,2,3],"key":[null,null,null,49,49,null,49,49,49,49,49,50,50,50,50,50,50,49,49,49],"correct":[null,null,null,true,true,null,true,true,true,false,false,true,false,true,true,false,false,true,false,false],"right_img":[2,2,2,2,2,2,1,2,1,2,1,1,2,2,1,2,2,2,2,1],"img_choice":[null,null,null,1,1,null,2,1,2,1,2,1,2,2,1,2,2,1,1,2],"center_sample":[1,3,3,2,2,2,1,2,3,2,2,2,1,1,2,2,3,2,3,2],"left_sample":[2,3,2,1,3,1,2,1,1,2,1,1,3,1,2,1,3,3,1,3],"right_sample":[3,2,2,3,3,3,2,2,3,3,3,1,3,3,3,2,1,2,2,2],"RT":[[0,0,0,0,0,0],[0,0,0,0,0,0],[0,0,0,0,0,0],[0,0,0,4377.5,0,0],[0,0,0,669.6999999955297,0,0],[0,0,0,0,0,0],[0,0,0,1064.8000000044703,0,0],[0,0,0,312.79999999701977,0,0],[0,0,0,537.2000000029802,0,0],[0,0,0,2623.60000000149,0,0],[0,0,0,1439.8999999985099,0,0],[0,0,0,316.3999999985099,0,0],[0,0,0,438.5,0,0],[0,0,0,577,0,0],[0,0,0,296.69999999552965,0,0],[0,0,0,1254.2000000029802,0,0],[0,0,0,991.2999999970198,0,0],[0,0,0,495.79999999701977,0,0],[0,0,0,932.8000000044703,0,0],[0,0,0,1323.2000000029802,0,0]],"response":[[0,0,0,1,0,0],[0,0,0,1,0,0],[0,0,0,1,0,0],[0,0,0,1,0,0],[0,0,0,1,0,0],[0,0,0,1,0,0],[0,0,0,1,0,0],[0,0,0,1,0,0],[0,0,0,1,0,0],[0,0,0,1,0,0],[0,0,0,1,0,0],[0,0,0,1,0,0],[0,0,0,1,0,0],[0,0,0,1,0,0],[0,0,0,1,0,0],[0,0,0,1,0,0],[0,0,0,1,0,0],[0,0,0,1,0,0],[0,0,0,1,0,0],[0,0,0,1,0,0]],"framerate":[14.079279140910671,12.685314506110453,10.872624011864131,11.950585717665414,15.208470831307258,9.756598541643404,14.385532264704805,19.121677608488277,16.39344262295082,11.780297452517138,15.07656065959953,18.826382462755053,15.785563946988185,14.44234850272431,13.817036727604965,12.7554149189202,12.958163643100255,16.06839679845499,12.42761574870264,15.203069572147653]}
