{"practice":[0,0,0,0,0,0,0,0,0,0,0,0,0,0,0,0,0,0,0,0],"center_interval":[50,0,75,50,50,100,100,50,100,75,75,25,25,50,0,25,25,100,50,50],"image_pair":[1,2,3,3,2,2,1,3,3,3,4,4,2,3,3,2,1,3,2,1],"feature_space":[1,1,1,2,1,2,2,2,2,1,2,1,2,2,2,1,1,2,2,2],"left_img":[1,2,2,1,2,1,2,2,1,1,1,1,1,1,2,2,1,1,2,1],"img1Sample":[1,2,3,3,1,3,1,3,3,3,3,3,2,1,1,3,2,3,1,2],"img2Sample":[1,1,2,3,1,1,2,2,1,2,2,1,1,2,3,1,1,2,3,3],"key":[49,49,49,49,49,49,49,49,49,49,49,49,49,49,49,49,49,49,49,50],"correct":[true,false,true,true,false,false,true,false,false,false,false,true,true,true,false,false,true,false,false,false],"right_img":[2,1,1,2,1,2,1,1,2,2,2,2,2,2,1,1,2,2,1,2],"img_choice":[1,2,2,1,2,1,2,2,1,1,1,1,1,1,2,2,1,1,2,2],"center_sample":[3,1,1,2,3,3,1,2,3,2,3,3,1,2,3,2,2,3,1,2],"left_sample":[1,1,2,3,1,3,2,2,3,3,3,3,2,1,3,1,2,3,3,2],"right_sample":[1,2,3,3,1,1,1,3,1,2,2,1,1,2,1,3,1,2,1,3],"RT":[[0,0,0,419.20000000298023,0,0],[0,0,0,1772.4000000059605,0,0],[0,0,0,228.60000000149012,0,0],[0,0,0,2697.7999999970198,0,0],[0,0,0,631.6000000014901,0,0],[0,0,0,3025.5999999940395,0,0],[0,0,0,1030,0,0],[0,0,0,3277.5,0,0],[0,0,0,2801.60000000149,0,0],[0,0,0,1088.6999999955297,0,0],[0,0,0,1949.0999999940395,0,0],[0,0,0,733.1000000014901,0,0],[0,0,0,735,0,0],[0,0,0,614,0,0],[0,0,0,582.6000000014901,0,0],[0,0,0,2451.60000000149,0,0],[0,0,0,2221.4000000059605,0,0],[0,0,0,1536.2000000029802,0,0],[0,0,0,1041.2999999970198,0,0],[0,0,0,867.3999999985099,0,0]],"response":[[0,0,0,1,0,0],[0,0,0,1,0,0],[0,0,0,1,0,0],[0,0,0,1,0,0],[0,0,0,1,0,0],[0,0,0,1,0,0],[0,0,0,1,0,0],[0,0,0,1,0,0],[0,0,0,1,0,0],[0,0,0,1,0,0],[0,0,0,1,0,0],[0,0,0,1,0,0],[0,0,0,1,0,0],[0,0,0,1,0,0],[0,0,0,1,0,0],[0,0,0,1,0,0],[0,0,0,1,0,0],[0,0,0,1,0,0],[0,0,0,1,0,0],[0,0,0,1,0,0]],"framerate":[13.190184049079754,11.541811846689894,14.729950900163667,10.35459962215355,16.29280498093617,11.628304661588059,13.22408338950897,9.675779392225127,10.839819454813263,15.957173006646363,12.324017211851604,11.53207886815415,15.15576761156329,13.102725366881996,12.018526118314448,11.95083086728549,11.496075477674966,12.43351523107322,14.820592823712948,13.064068368613865]}
