{"practice":[0,0,0,0,0,0,0,0,0,0,0,0,0,0,0,0,0,0,0,0],"center_interval":[50,100,100,50,100,75,50,0,75,25,50,25,50,50,50,50,25,100,25,50],"image_pair":[1,3,2,3,4,2,1,1,3,2,1,1,1,3,2,3,2,1,2,2],"feature_space":[2,2,1,2,1,1,2,1,2,2,2,2,2,1,2,2,2,2,2,2],"left_img":[1,1,2,1,1,2,1,2,1,1,2,1,2,2,1,1,1,2,2,2],"img1Sample":[2,1,1,1,1,2,3,2,3,1,3,2,2,1,1,2,2,2,2,3],"img2Sample":[3,3,2,3,1,3,2,2,1,2,2,3,1,1,3,1,1,3,2,2],"key":[50,49,50,49,49,50,49,50,49,50,49,50,50,50,50,49,50,49,50,49],"correct":[false,false,false,true,false,false,true,true,false,false,false,false,true,true,false,true,false,true,true,false],"right_img":[2,2,1,2,2,1,2,1,2,2,1,2,1,1,2,2,2,1,1,1],"img_choice":[2,1,1,1,1,1,1,1,1,2,2,2,1,1,2,1,2,2,1,2],"center_sample":[1,1,1,2,3,2,1,1,1,3,2,2,3,1,3,3,3,2,2,3],"left_sample":[2,1,2,1,1,3,3,2,3,1,2,2,1,1,1,2,2,3,2,2],"right_sample":[3,3,1,3,1,2,2,2,1,2,3,3,2,1,3,1,1,2,2,3],"RT":[[0,1525,0,0],[0,1015,0,0],[0,1136,0,0],[0,1816,0,0],[0,1021,0,0],[0,932,0,0],[0,1003,0,0],[0,919,0,0],[0,985,0,0],[0,1131,0,0],[0,911,0,0],[0,1024,0,0],[0,1005,0,0],[0,847,0,0],[0,967,0,0],[0,974,0,0],[0,1131,0,0],[0,1022,0,0],[0,956,0,0],[0,933,0,0]],"response":[[0,1,0,0],[0,1,0,0],[0,1,0,0],[0,1,0,0],[0,1,0,0],[0,1,0,0],[0,1,0,0],[0,1,0,0],[0,1,0,0],[0,1,0,0],[0,1,0,0],[0,1,0,0],[0,1,0,0],[0,1,0,0],[0,1,0,0],[0,1,0,0],[0,1,0,0],[0,1,0,0],[0,1,0,0],[0,1,0,0]],"framerate":[23.137436372049976,22.629969418960247,22.84408909194746,23.85849444672974,22.424242424242422,22.236340533672173,21.978021978021978,23.74839537869063,23.38811630847029,22.5825130283729,21.87902187902188,20.933014354066984,22.004889975550125,22.418478260869563,20.7808564231738,23.38811630847029,22.595596755504054,23.4093637454982,25.80239144115796,23.763648041104688]}
