{"practice":[0,0,0,0,0,0,0,0,0,0,0,0,0,0,0,0,0,0,0,0],"center_interval":[25,25,100,25,0,25,25,25,0,100,0,50,0,0,0,100,75,50,75,75],"image_pair":[3,2,3,1,1,4,4,3,3,1,4,3,3,2,1,4,1,1,2,2],"feature_space":[2,1,1,2,2,2,1,2,1,1,1,1,1,2,1,2,1,2,2,2],"left_img":[1,1,1,1,2,2,1,2,1,2,2,1,1,2,1,1,2,1,2,2],"img1Sample":[1,2,2,2,3,2,3,3,2,1,3,1,3,2,1,2,3,3,1,3],"img2Sample":[3,2,2,2,2,3,3,1,2,2,1,2,2,2,1,2,1,1,2,1],"key":[49,50,49,50,49,50,50,49,50,50,49,50,50,49,50,50,50,50,49,50],"correct":[true,false,false,false,false,true,false,false,false,false,false,false,false,false,false,true,false,false,true,false],"right_img":[2,2,2,2,1,1,2,1,2,1,1,2,2,1,2,2,1,2,1,1],"img_choice":[1,2,1,2,2,1,2,2,2,1,2,2,2,2,2,2,1,2,2,1],"center_sample":[3,1,1,3,2,1,2,1,1,1,2,1,2,3,3,1,2,2,2,2],"left_sample":[1,2,2,2,2,3,3,1,2,2,1,1,3,2,1,2,1,3,2,1],"right_sample":[3,2,2,2,3,2,3,3,2,1,3,2,2,2,1,2,3,1,1,3],"RT":[[0,1234,0,0],[0,857,0,0],[0,1347,0,0],[0,1175,0,0],[0,852,0,0],[0,887,0,0],[0,1214,0,0],[0,901,0,0],[0,790,0,0],[0,907,0,0],[0,1470,0,0],[0,497,0,0],[0,940,0,0],[0,1035,0,0],[0,740,0,0],[0,1149,0,0],[0,1255,0,0],[0,1017,0,0],[0,901,0,0],[0,1033,0,0]],"response":[[0,1,0,0],[0,1,0,0],[0,1,0,0],[0,1,0,0],[0,1,0,0],[0,1,0,0],[0,1,0,0],[0,1,0,0],[0,1,0,0],[0,1,0,0],[0,1,0,0],[0,1,0,0],[0,1,0,0],[0,1,0,0],[0,1,0,0],[0,1,0,0],[0,1,0,0],[0,1,0,0],[0,1,0,0],[0,1,0,0]],"framerate":[22.423918846769887,22.758620689655174,21.772151898734176,22.172949002217294,22.177419354838708,23.616734143049932,21.346469622331693,22.383146807109938,23.038156947444204,23.69980250164582,22.802850356294538,21.486123545210386,21.58730158730159,21.80496668685645,20.216606498194945,22.892238972640985,22.23398623610376,21.80496668685645,21.51238591916558,21.315468940316688]}
