{"practice":[1,1,1,1,1],"center_interval":[25,75,50,50,50],"image_pair":[4,3,2,1,4],"feature_space":[2,2,1,2,2],"left_img":[2,2,2,2,1],"img1Sample":[3,2,1,1,3],"img2Sample":[2,2,1,2,2],"key":[null,null,13,null,null],"correct":[null,null,null,null,null],"right_img":[1,1,1,1,2],"img_choice":[null,null,null,null,null],"center_sample":[2,2,2,3,1],"left_sample":[2,2,1,2,3],"right_sample":[3,2,1,1,2],"RT":[[0,0,0,0],[0,0,0,0],[0,2671,0,0],[0,0,0,0],[0,0,0,0]],"response":[[0,1,0,0],[0,1,0,0],[0,1,0,0],[0,1,0,0],[0,1,0,0]],"framerate":[22.226173541963018,21.777936451267404,22.017045454545453,22.376132125732553,21.310602024507194]}
