{"practice":[0,0,0,0,0,0,0,0,0,0,0,0,0,0,0,0,0,0,0,0],"center_interval":[0,50,75,100,0,50,100,0,75,25,100,25,50,75,75,75,25,100,25,50],"image_pair":[1,1,1,4,2,1,4,1,1,4,2,3,4,3,2,3,1,1,3,2],"feature_space":[1,2,1,2,2,1,2,1,1,2,1,2,2,1,2,1,2,1,1,1],"left_img":[1,1,1,2,1,1,2,1,2,2,1,2,1,2,1,2,1,2,2,1],"img1Sample":[1,3,3,1,2,1,1,1,2,2,2,2,2,1,2,2,2,3,2,3],"img2Sample":[2,3,2,3,1,2,2,3,2,1,1,1,3,2,1,3,3,2,2,1],"key":[null,50,50,49,50,50,49,50,49,50,49,50,50,49,50,49,50,50,49,50],"correct":[null,false,true,true,false,false,true,false,true,true,false,true,false,true,true,true,false,false,false,false],"right_img":[2,2,2,1,2,2,1,2,1,1,2,1,2,1,2,1,2,1,1,2],"img_choice":[null,2,2,2,2,2,2,2,2,1,1,1,2,2,2,2,2,1,2,2],"center_sample":[3,2,1,2,1,1,3,2,1,2,3,3,2,1,3,1,3,1,3,1],"left_sample":[1,3,3,3,2,1,2,1,2,1,2,1,2,2,2,3,2,2,2,3],"right_sample":[2,3,2,1,1,2,1,3,2,2,1,2,3,1,1,2,3,3,2,1],"RT":[[0,0,0,0],[0,2184,0,0],[0,2715,0,0],[0,2875,0,0],[0,2004,0,0],[0,2005,0,0],[0,2557,0,0],[0,2592,0,0],[0,2425,0,0],[0,2404,0,0],[0,2506,0,0],[0,1763,0,0],[0,1477,0,0],[0,1755,0,0],[0,1262,0,0],[0,1387,0,0],[0,1398,0,0],[0,1563,0,0],[0,1121,0,0],[0,1033,0,0]],"response":[[0,1,0,0],[0,1,0,0],[0,1,0,0],[0,1,0,0],[0,1,0,0],[0,1,0,0],[0,1,0,0],[0,1,0,0],[0,1,0,0],[0,1,0,0],[0,1,0,0],[0,1,0,0],[0,1,0,0],[0,1,0,0],[0,1,0,0],[0,1,0,0],[0,1,0,0],[0,1,0,0],[0,1,0,0],[0,1,0,0]],"framerate":[22.804204525209336,22.662889518413596,23.01255230125523,23.4375,22.188792779240313,22.87457110179184,22.24310776942356,21.40198511166253,21.92408376963351,21.688355021688352,21.550337729173368,23.690773067331673,22.00956937799043,22.175732217573223,23.80952380952381,22.188603126575895,23.18697582634435,21.96796338672769,23.74059061957151,22.20888355342137]}
