{"practice":[0,0,0,0,0,0,0,0,0,0,0,0,0,0,0,0,0,0,0,0],"center_interval":[75,50,0,75,100,50,50,25,100,100,75,75,75,25,75,25,100,0,75,75],"image_pair":[4,4,3,3,1,1,2,4,2,3,3,4,2,4,1,2,3,1,1,2],"feature_space":[1,2,1,1,1,2,1,1,2,2,2,1,2,1,2,2,1,2,2,1],"left_img":[1,2,2,1,1,1,1,2,1,2,2,2,1,1,2,2,1,2,2,2],"img1Sample":[1,3,2,1,2,3,1,3,2,2,1,1,3,1,3,1,3,1,1,2],"img2Sample":[2,3,3,3,3,1,3,1,1,2,1,1,3,3,1,3,2,3,1,2],"key":[50,49,49,50,49,50,49,50,49,50,49,50,49,50,49,50,49,50,49,50],"correct":[true,false,false,true,false,false,true,true,false,false,true,false,false,false,true,true,false,true,true,false],"right_img":[2,1,1,2,2,2,2,1,2,1,1,1,2,2,1,1,2,1,1,1],"img_choice":[2,2,2,2,1,2,1,1,1,1,2,1,1,2,2,1,1,1,2,1],"center_sample":[1,2,1,3,1,1,1,1,2,3,2,2,3,1,3,2,3,2,3,3],"left_sample":[1,3,3,1,2,3,1,1,2,2,1,1,3,1,1,3,3,3,1,2],"right_sample":[2,3,2,3,3,1,3,3,1,2,1,1,3,3,3,1,2,1,1,2],"RT":[[0,1948,0,0],[0,1174,0,0],[0,1669,0,0],[0,888,0,0],[0,1829,0,0],[0,1447,0,0],[0,1037,0,0],[0,1134,0,0],[0,1119,0,0],[0,1233,0,0],[0,1823,0,0],[0,1323,0,0],[0,1037,0,0],[0,1186,0,0],[0,1737,0,0],[0,1134,0,0],[0,1088,0,0],[0,987,0,0],[0,1061,0,0],[0,1212,0,0]],"response":[[0,1,0,0],[0,1,0,0],[0,1,0,0],[0,1,0,0],[0,1,0,0],[0,1,0,0],[0,1,0,0],[0,1,0,0],[0,1,0,0],[0,1,0,0],[0,1,0,0],[0,1,0,0],[0,1,0,0],[0,1,0,0],[0,1,0,0],[0,1,0,0],[0,1,0,0],[0,1,0,0],[0,1,0,0],[0,1,0,0]],"framerate":[22.11874272409779,22.371364653243848,24.0174672489083,24.193548387096772,22.185702547247327,22.672455378678244,22.102747909199522,22.831050228310502,22.400919012062033,22.16216216216216,23.937267849773008,21.949974476773864,22.410660205935798,21.60664819944598,22.184300341296925,23.78255945639864,21.499128413712956,24.95321272613849,22.713687985654513,23.952095808383234]}
