{"practice":[1,1,1,1,1],"center_interval":[50,25,75,100,50],"image_pair":[2,2,1,2,3],"feature_space":[2,2,2,2,1],"left_img":[1,2,2,1,2],"img1Sample":[2,2,2,2,3],"img2Sample":[2,1,1,3,2],"stim_time":[2000,2000,2000,2000,2000],"key":[null,null,null,null,null],"correct":[null,null,null,null,null],"right_img":[2,1,1,2,1],"img_choice":[null,null,null,null,null],"center_sample":[1,3,2,1,3],"left_sample":[2,1,1,2,2],"right_sample":[2,2,2,3,3],"exact_match":[0,0,0,0,0],"RT":[[0,0,0,0,0,0],[0,0,0,0,0,0],[0,0,0,0,0,0],[0,0,0,0,0,0],[0,0,0,0,0,0]],"response":[[0,0,0,1,0,0],[0,0,0,1,0,0],[0,0,0,1,0,0],[0,0,0,1,0,0],[0,0,0,1,0,0]],"framerate":[28.724259870171778,29.11728647465102,28.954684636654235,30.086546831856076,29.656607700312176]}
