{"practice":[0,0,0,0,0,0,0,0,0,0,0,0,0,0,0,0,0,0,0,0],"center_interval":[100,75,25,100,0,50,0,0,75,100,100,0,50,75,0,75,100,75,50,0],"image_pair":[3,1,1,1,4,1,2,2,4,3,1,3,3,2,3,3,3,1,4,3],"feature_space":[1,2,1,2,2,1,2,2,1,1,2,1,2,2,2,1,2,1,1,1],"left_img":[2,1,2,1,1,1,1,2,2,2,1,2,2,2,1,1,2,2,1,1],"img1Sample":[3,2,2,2,2,1,1,3,1,2,1,2,2,3,2,2,3,2,1,3],"img2Sample":[1,2,3,2,1,1,3,3,1,2,3,2,2,3,1,2,1,3,3,2],"key":[50,50,50,50,49,50,49,50,49,50,50,49,50,50,50,49,49,50,50,50],"correct":[false,true,true,true,true,false,true,true,true,false,true,false,true,false,false,false,true,false,false,false],"right_img":[1,2,1,2,2,2,2,1,1,1,2,1,1,1,2,2,1,1,2,2],"img_choice":[1,2,1,2,1,2,1,1,2,1,2,2,1,1,2,1,2,1,2,2],"center_sample":[3,3,2,3,1,3,3,1,2,1,2,3,3,1,3,2,3,2,2,2],"left_sample":[1,2,3,2,2,1,1,3,1,2,1,2,2,3,2,2,1,3,1,3],"right_sample":[3,2,2,2,1,1,3,3,1,2,3,2,2,3,1,2,3,2,3,2],"RT":[[0,2088.7000007629395,0,0],[0,2603.800001144409,0,0],[0,2423.199998855591,0,0],[0,2351,0,0],[0,3005.6000003814697,0,0],[0,1968.8999996185303,0,0],[0,2971.5,0,0],[0,2396.800001144409,0,0],[0,2371.6000003814697,0,0],[0,2160.7000007629395,0,0],[0,2557.6000003814697,0,0],[0,2097.5,0,0],[0,2336.1000003814697,0,0],[0,2950.300001144409,0,0],[0,1996.7000007629395,0,0],[0,2758.5,0,0],[0,3369.599998474121,0,0],[0,3153.800001144409,0,0],[0,3635.7000007629395,0,0],[0,2059.800001144409,0,0]],"response":[[0,1,0,0],[0,1,0,0],[0,1,0,0],[0,1,0,0],[0,1,0,0],[0,1,0,0],[0,1,0,0],[0,1,0,0],[0,1,0,0],[0,1,0,0],[0,1,0,0],[0,1,0,0],[0,1,0,0],[0,1,0,0],[0,1,0,0],[0,1,0,0],[0,1,0,0],[0,1,0,0],[0,1,0,0],[0,1,0,0]],"framerate":[20,19.824675518790837,19.09339303481274,18.68143065550545,18.6459732943357,19.735314598306303,19.782118077638884,19.834710743801654,21.06741573302454,20.162016201620162,19.236833806370228,21.718324373008585,18.64975755073944,19.84071538354059,18.400674702168672,20.332989538824226,19.719927109277712,19.23076923076923,20.394289600736023,20.119225037257824]}
