{"practice":[0,0,0,0,0,0,0,0,0,0,0,0,0,0,0,0,0,0,0,0],"center_interval":[100,100,50,100,0,50,50,75,25,25,25,0,25,25,75,0,25,0,100,75],"image_pair":[3,2,3,3,2,2,2,2,2,2,2,2,3,3,3,3,2,3,3,4],"feature_space":[2,2,2,1,1,1,1,1,1,1,2,2,1,1,2,1,1,2,1,1],"left_img":[1,2,2,1,1,2,1,1,2,2,1,2,1,1,1,2,1,2,1,2],"img1Sample":[3,1,3,3,2,1,3,1,2,3,2,2,2,3,2,2,2,1,1,2],"img2Sample":[3,2,1,2,3,3,3,2,3,3,1,2,3,2,2,3,1,1,1,1],"key":[49,50,50,49,50,50,50,50,50,50,null,null,50,50,50,50,50,50,50,50],"correct":[false,false,true,false,false,true,false,true,true,true,null,null,false,false,true,true,false,true,true,false],"right_img":[2,1,1,2,2,1,2,2,1,1,2,1,2,2,2,1,2,1,2,1],"img_choice":[1,1,1,1,2,1,2,2,1,1,null,null,2,2,2,1,2,1,2,1],"center_sample":[2,1,1,1,3,1,3,2,1,3,2,3,2,1,3,3,1,3,2,2],"left_sample":[3,2,1,3,2,3,3,1,3,3,2,2,2,3,2,3,2,1,1,1],"right_sample":[3,1,3,2,3,1,3,2,2,3,1,2,3,2,2,2,1,1,1,2],"RT":[[0,1900.5,0,0],[0,1358,0,0],[0,2685.099998474121,0,0],[0,3560.3999996185303,0,0],[0,2426.2000007629395,0,0],[0,2366.599998474121,0,0],[0,2620.699998855591,0,0],[0,3075.3999996185303,0,0],[0,1812.7000007629395,0,0],[0,2756.2999992370605,0,0],[0,0,0,0],[0,0,0,0],[0,2159.8999996185303,0,0],[0,4186.799999237061,0,0],[0,2901.7000007629395,0,0],[0,2935.5,0,0],[0,1790.2000007629395,0,0],[0,2797.6000003814697,0,0],[0,3047.699998855591,0,0],[0,3525,0,0]],"response":[[0,1,0,0],[0,1,0,0],[0,1,0,0],[0,1,0,0],[0,1,0,0],[0,1,0,0],[0,1,0,0],[0,1,0,0],[0,1,0,0],[0,1,0,0],[0,1,0,0],[0,1,0,0],[0,1,0,0],[0,1,0,0],[0,1,0,0],[0,1,0,0],[0,1,0,0],[0,1,0,0],[0,1,0,0],[0,1,0,0]],"framerate":[20.59895419448918,21.169354838709676,20.378368518628708,19.63131434043572,20.291942137769446,19.625757106737083,20.256583396716536,18.216917264457763,21.44860582712095,18.667219771584634,18.660695246718735,19.084650232354686,19.846281533988204,20.157519584445566,19.016802902330646,19.428957596275147,20.48751933117417,20.229265005633952,20.156896933718606,18.84740848133382]}
