{"practice":[1,1,1,1,1],"center_interval":[100,100,100,50,25],"image_pair":[2,2,4,1,3],"feature_space":[1,1,2,1,1],"left_img":[2,2,2,1,2],"img1Sample":[3,2,3,3,3],"img2Sample":[3,1,2,2,3],"key":[null,50,50,50,50],"correct":[null,false,false,false,true],"right_img":[1,1,1,2,1],"img_choice":[null,1,1,2,1],"center_sample":[1,3,1,2,1],"left_sample":[3,1,2,3,3],"right_sample":[3,2,3,2,3],"RT":[[0,0,0,0],[0,3024.2000007629395,0,0],[0,4021.2999992370605,0,0],[0,2857.2000007629395,0,0],[0,3038.6000003814697,0,0]],"response":[[0,1,0,0],[0,1,0,0],[0,1,0,0],[0,1,0,0],[0,1,0,0]],"framerate":[16.997167138810198,18.240106126176777,19.366917000411462,19.275583304281785,18.898414174575013]}
