{"practice":[0,0,0,0,0,0,0,0,0,0,0,0,0,0,0,0,0,0,0,0],"center_interval":[75,0,50,75,25,100,100,75,0,50,50,0,75,50,75,100,0,75,100,0],"image_pair":[3,1,2,3,2,3,2,4,1,4,4,1,3,4,1,4,2,1,3,3],"feature_space":[2,1,2,2,2,2,1,1,2,1,1,1,1,1,2,2,2,1,2,2],"left_img":[1,2,2,2,2,2,2,2,2,2,1,1,1,2,2,2,2,2,1,2],"img1Sample":[3,2,1,2,3,3,2,3,3,3,1,1,1,2,3,1,1,1,1,3],"img2Sample":[2,3,1,3,2,1,2,1,2,3,1,1,3,1,3,1,1,2,1,2],"key":[49,50,50,50,49,49,49,50,50,50,50,50,50,49,49,50,50,49,50,50],"correct":[false,true,true,false,false,true,true,false,true,true,false,false,true,false,true,false,true,true,true,true],"right_img":[2,1,1,1,1,1,1,1,1,1,2,2,2,1,1,1,1,1,2,1],"img_choice":[1,1,1,1,2,2,2,1,1,1,2,2,2,2,2,1,1,2,2,1],"center_sample":[3,3,3,3,3,2,1,1,2,1,2,2,2,2,3,2,3,2,2,1],"left_sample":[3,3,1,3,2,1,2,1,2,3,1,1,1,1,3,1,1,2,1,2],"right_sample":[2,2,1,2,3,3,2,3,3,3,1,1,3,2,3,1,1,1,1,3],"RT":[[0,2478.6000003814697,0,0],[0,2576.1000003814697,0,0],[0,3919.5,0,0],[0,2375.400001525879,0,0],[0,2950,0,0],[0,2039,0,0],[0,2161.599998474121,0,0],[0,3244.699998855591,0,0],[0,1866.1000003814697,0,0],[0,1870.5,0,0],[0,1985.599998474121,0,0],[0,1800.7000007629395,0,0],[0,2295.6000003814697,0,0],[0,1680,0,0],[0,2554.8999996185303,0,0],[0,3309.8999996185303,0,0],[0,3101.900001525879,0,0],[0,2044.599998474121,0,0],[0,3032.400001525879,0,0],[0,2734.599998474121,0,0]],"response":[[0,1,0,0],[0,1,0,0],[0,1,0,0],[0,1,0,0],[0,1,0,0],[0,1,0,0],[0,1,0,0],[0,1,0,0],[0,1,0,0],[0,1,0,0],[0,1,0,0],[0,1,0,0],[0,1,0,0],[0,1,0,0],[0,1,0,0],[0,1,0,0],[0,1,0,0],[0,1,0,0],[0,1,0,0],[0,1,0,0]],"framerate":[20.02583979328165,19.316447026857936,18.81238518435494,20.366598788380006,19.054557677995493,20.731247644176406,20.20274901970011,20.187902783497126,19.59373001237557,19.288728149487643,19.014357780364765,19.21347395361838,19.391253162296884,18.696465066799487,18.993953593733774,19.282488448413574,19.34339907101627,18.48010560060343,17.82580079168495,20.005971931919976]}
