{"practice":[0,0,0,0,0,0,0,0,0,0,0,0,0,0,0,0,0,0,0,0],"center_interval":[25,0,50,100,50,100,0,75,25,75,25,50,50,100,75,0,0,0,75,25],"image_pair":[1,4,4,3,3,4,4,2,3,3,2,3,4,2,4,3,2,4,3,3],"feature_space":[1,1,2,2,1,2,2,2,2,1,1,2,1,2,1,2,2,1,2,2],"left_img":[1,2,2,1,1,1,2,1,1,2,1,1,1,2,2,1,2,1,1,2],"img1Sample":[1,3,3,1,3,2,3,1,3,2,2,1,1,1,2,1,3,3,1,3],"img2Sample":[2,1,3,2,1,1,3,3,3,2,1,1,1,2,1,1,3,1,1,3],"key":[50,50,50,49,49,50,50,50,50,50,50,50,49,50,50,49,null,null,50,null],"correct":[false,true,true,false,true,true,true,true,false,false,false,false,true,false,false,true,null,null,true,null],"right_img":[2,1,1,2,2,2,1,2,2,1,2,2,2,1,1,2,1,2,2,1],"img_choice":[2,1,1,1,1,2,1,2,2,1,2,2,1,1,1,1,null,null,2,null],"center_sample":[2,2,3,3,3,3,2,3,2,3,1,1,1,3,3,2,2,1,1,1],"left_sample":[1,1,3,1,3,2,3,1,3,2,2,1,1,2,1,1,3,3,1,3],"right_sample":[2,3,3,2,1,1,3,3,3,2,1,1,1,1,2,1,3,1,1,3],"RT":[[0,1533.2999992370605,0,0],[0,2054.900001525879,0,0],[0,3169,0,0],[0,2628.199998855591,0,0],[0,1902,0,0],[0,3185.3999996185303,0,0],[0,3008.5,0,0],[0,2912.800001144409,0,0],[0,3784.2999992370605,0,0],[0,2541.8999996185303,0,0],[0,3019.8999996185303,0,0],[0,2323.6000003814697,0,0],[0,2931.8999996185303,0,0],[0,1884.2000007629395,0,0],[0,3009.099998474121,0,0],[0,3016.8999996185303,0,0],[0,0,0,0],[0,0,0,0],[0,1518.7999992370605,0,0],[0,0,0,0]],"response":[[0,1,0,0],[0,1,0,0],[0,1,0,0],[0,1,0,0],[0,1,0,0],[0,1,0,0],[0,1,0,0],[0,1,0,0],[0,1,0,0],[0,1,0,0],[0,1,0,0],[0,1,0,0],[0,1,0,0],[0,1,0,0],[0,1,0,0],[0,1,0,0],[0,1,0,0],[0,1,0,0],[0,1,0,0],[0,1,0,0]],"framerate":[21.022143320555305,20.078081427774677,19.745675691073078,20.01169915659476,18.350087752912074,19.752436133789836,20.105761819802655,19.048702123276517,18.34114530579743,20.438323433510426,18.46289508441342,19.18728158338843,20.349330163494063,20.658694526287924,19.32954106350407,18.427349488992952,19.578876168519617,19.09384535899708,17.330210772833723,19.8906016933962]}
