{"practice":[0,0,0,0,0,0,0,0,0,0,0,0,0,0,0,0,0,0,0,0],"center_interval":[0,25,75,25,75,100,0,0,100,100,100,75,0,75,75,50,75,50,100,0],"image_pair":[3,2,3,1,3,4,2,4,4,1,3,2,4,1,3,2,4,1,4,4],"feature_space":[1,1,1,1,2,2,1,2,2,1,2,1,1,1,2,1,2,1,2,2],"left_img":[2,1,1,2,1,1,2,1,2,1,2,1,2,1,2,1,1,2,2,1],"img1Sample":[2,3,1,3,2,3,3,1,1,3,2,3,1,3,2,1,3,3,2,3],"img2Sample":[2,3,2,1,3,1,1,2,1,1,3,2,3,2,2,3,2,2,3,3],"key":[null,null,null,null,null,null,null,null,null,null,null,null,null,null,null,null,null,null,null,null],"correct":[null,null,null,null,null,null,null,null,null,null,null,null,null,null,null,null,null,null,null,null],"right_img":[1,2,2,1,2,2,1,2,1,2,1,2,1,2,1,2,2,1,1,2],"img_choice":[null,null,null,null,null,null,null,null,null,null,null,null,null,null,null,null,null,null,null,null],"center_sample":[3,3,3,3,2,2,2,3,2,2,2,2,3,3,3,2,1,2,2,1],"left_sample":[2,3,1,1,2,3,1,1,1,3,3,3,3,3,2,1,3,2,3,3],"right_sample":[2,3,2,3,3,1,3,2,1,1,2,2,1,2,2,3,2,3,2,3],"RT":[[0,0,0,0,0,0],[0,0,0,0,0,0],[0,0,0,0,0,0],[0,0,0,0,0,0],[0,0,0,0,0,0],[0,0,0,0,0,0],[0,0,0,0,0,0],[0,0,0,0,0,0],[0,0,0,0,0,0],[0,0,0,0,0,0],[0,0,0,0,0,0],[0,0,0,0,0,0],[0,0,0,0,0,0],[0,0,0,0,0,0],[0,0,0,0,0,0],[0,0,0,0,0,0],[0,0,0,0,0,0],[0,0,0,0,0,0],[0,0,0,0,0,0],[0,0,0,0,0,0]],"response":[[0,0,0,1,0,0],[0,0,0,1,0,0],[0,0,0,1,0,0],[0,0,0,1,0,0],[0,0,0,1,0,0],[0,0,0,1,0,0],[0,0,0,1,0,0],[0,0,0,1,0,0],[0,0,0,1,0,0],[0,0,0,1,0,0],[0,0,0,1,0,0],[0,0,0,1,0,0],[0,0,0,1,0,0],[0,0,0,1,0,0],[0,0,0,1,0,0],[0,0,0,1,0,0],[0,0,0,1,0,0],[0,0,0,1,0,0],[0,0,0,1,0,0],[0,0,0,1,0,0]],"framerate":[60.0089565606807,60.00665318960115,60.007420960466156,58.206473071510814,60.0127959053103,60.0189398786595,60.00127934497537,60.013563833144666,60.00281463098638,60.01740376735799,60.0089565606807,57.955810293895155,60.0150997478881,60.0089565606807,60.007420960466156,60.0150997478881,60.00972439026055,60.01049223960421,60.009232189590556,60.003582303398225]}
