{"practice":[1,1,1,1,1],"center_interval":[75,100,25,25,25],"image_pair":[2,4,4,4,4],"feature_space":[2,1,2,2,1],"left_img":[2,2,2,1,1],"img1Sample":[2,3,1,3,3],"img2Sample":[1,3,2,2,2],"key":[null,null,null,null,null],"correct":[null,null,null,null,null],"right_img":[1,1,1,2,2],"img_choice":[null,null,null,null,null],"center_sample":[3,1,1,1,1],"left_sample":[1,3,2,3,3],"right_sample":[2,3,1,2,2],"RT":[[0,0,0,0,0,0],[0,0,0,0,0,0],[0,0,0,0,0,0],[0,0,0,0,0,0],[0,0,0,0,0,0]],"response":[[0,0,0,1,0,0],[0,0,0,1,0,0],[0,0,0,1,0,0],[0,0,0,1,0,0],[0,0,0,1,0,0]],"framerate":[59.859560262483974,60.03046322011866,60.01509974800254,60.002814630871995,58.95395183727463]}
