{"practice":[0,0,0,0,0,0,0,0,0,0,0,0,0,0,0,0,0,0,0,0],"center_interval":[100,50,0,25,75,100,100,50,75,0,50,75,25,75,50,25,100,100,75,25],"image_pair":[2,1,2,4,3,4,3,1,2,1,1,1,3,4,2,2,2,3,2,1],"feature_space":[2,2,2,1,1,2,1,1,1,1,1,2,2,2,1,2,2,2,2,1],"left_img":[2,1,2,1,2,2,2,2,2,2,2,1,2,1,1,1,2,1,2,2],"img1Sample":[1,3,3,1,2,3,1,2,3,2,2,1,2,3,3,1,3,2,2,3],"img2Sample":[3,1,1,3,2,3,3,3,2,1,2,1,1,3,2,1,2,2,2,1],"key":[null,null,null,null,null,null,null,null,null,null,null,null,null,null,null,null,null,null,null,null],"correct":[null,null,null,null,null,null,null,null,null,null,null,null,null,null,null,null,null,null,null,null],"right_img":[1,2,1,2,1,1,1,1,1,1,1,2,1,2,2,2,1,2,1,1],"img_choice":[null,null,null,null,null,null,null,null,null,null,null,null,null,null,null,null,null,null,null,null],"center_sample":[2,2,1,2,1,2,2,2,1,1,3,1,3,3,1,2,3,1,3,3],"left_sample":[3,3,1,1,2,3,3,3,2,1,2,1,1,3,3,1,2,2,2,1],"right_sample":[1,1,3,3,2,3,1,2,3,2,2,1,2,3,2,1,3,2,2,3],"RT":[[0,0,0,0,0,0],[0,0,0,0,0,0],[0,0,0,0,0,0],[0,0,0,0,0,0],[0,0,0,0,0,0],[0,0,0,0,0,0],[0,0,0,0,0,0],[0,0,0,0,0,0],[0,0,0,0,0,0],[0,0,0,0,0,0],[0,0,0,0,0,0],[0,0,0,0,0,0],[0,0,0,0,0,0],[0,0,0,0,0,0],[0,0,0,0,0,0],[0,0,0,0,0,0],[0,0,0,0,0,0],[0,0,0,0,0,0],[0,0,0,0,0,0],[0,0,0,0,0,0]],"response":[[0,0,0,1,0,0],[0,0,0,1,0,0],[0,0,0,1,0,0],[0,0,0,1,0,0],[0,0,0,1,0,0],[0,0,0,1,0,0],[0,0,0,1,0,0],[0,0,0,1,0,0],[0,0,0,1,0,0],[0,0,0,1,0,0],[0,0,0,1,0,0],[0,0,0,1,0,0],[0,0,0,1,0,0],[0,0,0,1,0,0],[0,0,0,1,0,0],[0,0,0,1,0,0],[0,0,0,1,0,0],[0,0,0,1,0,0],[0,0,0,1,0,0],[0,0,0,1,0,0]],"framerate":[60.00972439026055,60.00665318971556,59.87640895080115,60.007420960351745,60.00846273187787,60.01740376747244,58.34186284544524,59.99897656320805,60.02354868439103,60.00665318971556,60.00588543861134,60.00665318971556,60.00281463098638,56.446554968171284,60.0030770809218,60.01049223948979,60.00665318971556,60.0127959053103,60.0127959053103,60.003582303398225]}
