{"practice":[1,1,1,1,1],"center_interval":[100,75,25,100,25],"image_pair":[2,4,2,3,3],"feature_space":[1,2,2,1,1],"left_img":[1,2,1,2,1],"img1Sample":[3,2,1,2,2],"img2Sample":[2,2,3,2,1],"key":[50,50,50,49,49],"correct":[true,false,false,true,true],"right_img":[2,1,2,1,2],"img_choice":[2,1,2,2,1],"center_sample":[1,3,2,3,2],"left_sample":[3,2,1,2,2],"right_sample":[2,2,3,2,1],"RT":[[0,0,0,940,0,0],[0,0,0,545,0,0],[0,0,0,447,0,0],[0,0,0,577,0,0],[0,0,0,544,0,0]],"response":[[0,0,0,1,0,0],[0,0,0,1,0,0],[0,0,0,1,0,0],[0,0,0,1,0,0],[0,0,0,1,0,0]],"framerate":[31.175059952038367,32.57621040047818,32.96703296703297,31.314623338257018,30.933967876264127]}
