{"practice":[0,0,0,0,0,0,0,0,0,0,0,0,0,0,0,0,0,0,0,0],"center_interval":[75,25,0,25,100,0,50,25,75,50,75,0,50,75,0,0,75,75,0,50],"image_pair":[2,3,2,2,1,3,1,2,4,1,2,4,3,1,4,2,4,2,3,3],"feature_space":[1,2,2,1,2,1,1,1,2,1,1,1,2,1,1,1,1,2,2,1],"left_img":[2,1,1,2,2,1,1,2,1,2,1,2,2,2,2,2,2,2,1,2],"img1Sample":[2,2,2,1,3,1,1,3,1,1,1,3,3,3,3,3,2,2,2,2],"img2Sample":[1,1,1,2,1,2,3,1,2,2,3,2,1,2,3,1,3,3,1,2],"key":[50,50,50,50,50,50,50,49,50,50,49,50,50,50,50,50,50,50,50,49],"correct":[false,false,false,true,false,false,false,false,true,true,false,true,true,false,true,true,false,false,false,false],"right_img":[1,2,2,1,1,2,2,1,2,1,2,1,1,1,1,1,1,1,2,1],"img_choice":[1,2,2,1,1,2,2,2,2,1,1,1,1,1,1,1,1,1,2,2],"center_sample":[2,1,1,3,3,3,1,1,2,2,3,2,3,2,2,1,3,1,3,1],"left_sample":[1,2,2,2,1,1,1,1,1,2,1,2,1,2,3,1,3,3,2,2],"right_sample":[2,1,1,1,3,2,3,3,2,1,3,3,3,3,3,3,2,2,1,2],"RT":[[0,0,0,1157,0,0],[0,0,0,581,0,0],[0,0,0,567,0,0],[0,0,0,95,0,0],[0,0,0,276,0,0],[0,0,0,149,0,0],[0,0,0,256,0,0],[0,0,0,936,0,0],[0,0,0,277,0,0],[0,0,0,959,0,0],[0,0,0,844,0,0],[0,0,0,601,0,0],[0,0,0,737,0,0],[0,0,0,804,0,0],[0,0,0,848,0,0],[0,0,0,669,0,0],[0,0,0,835,0,0],[0,0,0,897,0,0],[0,0,0,638,0,0],[0,0,0,1841,0,0]],"response":[[0,0,0,1,0,0],[0,0,0,1,0,0],[0,0,0,1,0,0],[0,0,0,1,0,0],[0,0,0,1,0,0],[0,0,0,1,0,0],[0,0,0,1,0,0],[0,0,0,1,0,0],[0,0,0,1,0,0],[0,0,0,1,0,0],[0,0,0,1,0,0],[0,0,0,1,0,0],[0,0,0,1,0,0],[0,0,0,1,0,0],[0,0,0,1,0,0],[0,0,0,1,0,0],[0,0,0,1,0,0],[0,0,0,1,0,0],[0,0,0,1,0,0],[0,0,0,1,0,0]],"framerate":[24.68513853904282,23.3451536643026,23.393544566183003,25.094534204193884,25.30003243593902,25.37212449255751,23.300970873786408,22.64251465103889,26.80012915724895,12.779552715654953,10.857763300760045,12.244897959183673,10.428410372040586,11.001100110011,10.309278350515465,10.051694428489375,12.389867841409693,10.09825327510917,7.76085081920092,8.320887561339877]}
