{"practice":[0,0,0,0,0,0,0,0,0,0,0,0,0,0,0,0,0,0,0,0],"center_interval":[25,100,75,50,0,25,50,50,75,25,25,75,50,0,50,25,25,0,25,0],"image_pair":[2,3,4,2,3,3,4,2,1,4,2,4,3,1,1,4,2,1,2,3],"feature_space":[1,1,1,2,1,1,1,2,2,2,1,2,2,2,1,1,2,2,1,2],"left_img":[1,2,1,2,2,2,1,1,1,2,2,2,2,1,1,1,2,1,1,2],"img1Sample":[3,3,1,2,3,3,2,1,2,3,3,3,3,1,2,3,1,2,3,1],"img2Sample":[1,2,3,2,1,1,3,2,2,2,2,3,2,2,3,1,1,2,2,2],"key":[49,null,50,50,49,50,49,49,50,49,50,50,49,49,49,49,50,49,50,50],"correct":[true,null,true,true,false,true,true,true,true,false,true,false,false,true,true,true,true,true,false,true],"right_img":[2,1,2,1,1,1,2,2,2,1,1,1,1,2,2,2,1,2,2,1],"img_choice":[1,null,2,1,2,1,1,1,2,2,1,1,2,1,1,1,1,1,2,1],"center_sample":[3,3,1,3,2,3,1,1,3,2,3,2,2,3,3,3,1,3,3,3],"left_sample":[3,2,1,2,1,1,2,1,2,2,2,3,2,1,2,3,1,2,3,2],"right_sample":[1,3,3,2,3,3,3,2,2,3,3,3,3,2,3,1,1,2,2,1],"RT":[[0,3839.599999964237,0,0],[0,0,0,0],[0,1760.3999999761581,0,0],[0,2510.399999976158,0,0],[0,3061.300000011921,0,0],[0,2678.399999976158,0,0],[0,2966.800000011921,0,0],[0,4125.299999952316,0,0],[0,2864.099999964237,0,0],[0,2755.100000023842,0,0],[0,3959.199999988079,0,0],[0,3115.199999988079,0,0],[0,3331.5,0,0],[0,3031,0,0],[0,2849.400000035763,0,0],[0,3108.900000035763,0,0],[0,2863.300000011921,0,0],[0,2674.2999999523163,0,0],[0,3331.899999976158,0,0],[0,2696.099999964237,0,0]],"response":[[0,1,0,0],[0,1,0,0],[0,1,0,0],[0,1,0,0],[0,1,0,0],[0,1,0,0],[0,1,0,0],[0,1,0,0],[0,1,0,0],[0,1,0,0],[0,1,0,0],[0,1,0,0],[0,1,0,0],[0,1,0,0],[0,1,0,0],[0,1,0,0],[0,1,0,0],[0,1,0,0],[0,1,0,0],[0,1,0,0]],"framerate":[59.92070643375254,59.902658180202145,59.95608849916799,59.90709594746116,59.91122246087296,59.914841849148424,59.915446426271586,59.92446141820219,59.918188627478415,59.928204824135754,59.90773334515035,59.91724434394264,59.92281129338234,59.9098603943214,59.901033074961276,59.9317369457467,59.9216409312959,59.90391047818883,59.89391670666853,59.92554704825614]}
