{"practice":[1,1,1,1,1],"center_interval":[0,75,100,25,0],"image_pair":[4,1,3,3,2],"feature_space":[2,2,1,2,2],"left_img":[1,2,2,1,2],"img1Sample":[1,2,2,2,2],"img2Sample":[3,3,1,1,3],"key":[49,49,49,50,50],"correct":[true,true,true,false,true],"right_img":[2,1,1,2,1],"img_choice":[1,2,2,2,1],"center_sample":[3,1,3,2,1],"left_sample":[1,3,1,2,3],"right_sample":[3,2,2,1,2],"RT":[[0,3416,0,0],[0,2727.300000011921,0,0],[0,3565.800000011921,0,0],[0,2625,0,0],[0,2676.399999976158,0,0]],"response":[[0,1,0,0],[0,1,0,0],[0,1,0,0],[0,1,0,0],[0,1,0,0]],"framerate":[59.89065606361829,59.957430224754845,59.92329817833174,59.91167660003446,58.71079609491058]}
