{"practice":[0,0,0,0,0,0,0,0,0,0,0,0,0,0,0,0,0,0,0,0],"center_interval":[50,25,25,50,0,75,50,75,75,50,100,50,75,75,50,0,50,75,25,100],"image_pair":[1,3,1,3,3,3,3,2,1,4,1,4,4,4,4,4,4,4,4,2],"feature_space":[1,1,1,1,2,2,1,2,2,1,1,2,2,2,2,1,1,1,2,2],"left_img":[1,1,2,1,2,1,1,1,2,2,1,1,1,1,1,2,2,1,1,2],"img1Sample":[1,2,2,2,2,3,2,2,2,3,2,2,1,3,2,1,1,3,3,3],"img2Sample":[2,3,1,1,2,1,1,3,1,1,1,2,1,2,3,2,3,1,2,1],"key":[49,49,50,50,50,50,50,49,49,50,49,49,50,50,50,50,50,50,49,49],"correct":[true,true,true,false,true,true,false,false,true,true,false,true,true,true,false,true,true,true,true,true],"right_img":[2,2,1,2,1,2,2,2,1,1,2,2,2,2,2,1,1,2,2,1],"img_choice":[1,1,1,2,1,2,2,1,2,1,1,1,2,2,2,1,1,2,1,2],"center_sample":[1,3,3,3,1,1,1,2,3,3,3,1,3,2,1,2,3,2,1,3],"left_sample":[1,2,1,2,2,3,2,2,1,1,2,2,1,3,2,2,3,3,3,1],"right_sample":[2,3,2,1,2,1,1,3,2,3,1,2,1,2,3,1,1,1,2,3],"RT":[[0,4336.800000011921,0,0],[0,3749,0,0],[0,2922.400000035763,0,0],[0,2759.7999999523163,0,0],[0,2596.300000011921,0,0],[0,4297.899999976158,0,0],[0,2223.300000011921,0,0],[0,4401.600000023842,0,0],[0,2592,0,0],[0,2792.399999976158,0,0],[0,4804.899999976158,0,0],[0,3501,0,0],[0,2358.600000023842,0,0],[0,2130.100000023842,0,0],[0,3108.600000023842,0,0],[0,3383.699999988079,0,0],[0,3605.300000011921,0,0],[0,2809.399999976158,0,0],[0,3033.199999988079,0,0],[0,3563.800000011921,0,0]],"response":[[0,1,0,0],[0,1,0,0],[0,1,0,0],[0,1,0,0],[0,1,0,0],[0,1,0,0],[0,1,0,0],[0,1,0,0],[0,1,0,0],[0,1,0,0],[0,1,0,0],[0,1,0,0],[0,1,0,0],[0,1,0,0],[0,1,0,0],[0,1,0,0],[0,1,0,0],[0,1,0,0],[0,1,0,0],[0,1,0,0]],"framerate":[59.90326432300931,59.917355371900825,59.939495038431694,59.90865413111271,59.91200424398983,59.8973188814803,59.94146891934123,59.91851082513496,59.94380268498283,59.892545726365064,59.93119011518524,59.91524185281449,59.88426860497501,59.904299229540904,59.95107132218762,59.91025994606993,59.92153132802283,59.92925424537152,53.83727956983063,59.676452965847815]}
