{"practice":[0,0,0,0,0,0,0,0,0,0,0,0,0,0,0,0,0,0,0,0],"center_interval":[100,100,50,25,0,50,100,100,100,0,100,50,100,100,25,25,50,0,0,25],"image_pair":[4,2,3,3,3,3,1,1,3,3,3,4,4,4,1,3,1,1,1,2],"feature_space":[1,1,2,2,2,1,2,1,2,2,2,1,1,1,2,1,1,2,1,2],"left_img":[1,2,2,1,1,1,1,1,1,1,1,1,1,1,1,2,2,1,2,1],"img1Sample":[2,3,2,1,3,1,3,2,1,2,2,1,1,3,1,3,2,1,3,2],"img2Sample":[3,3,3,2,3,1,1,2,2,2,2,1,2,1,1,2,3,1,3,2],"key":[50,50,50,50,49,50,50,49,50,49,49,49,50,50,49,49,50,50,50,50],"correct":[true,false,true,false,true,false,true,false,true,true,false,true,true,true,true,false,true,false,true,false],"right_img":[2,1,1,2,2,2,2,2,2,2,2,2,2,2,2,1,1,2,1,2],"img_choice":[2,1,1,2,1,2,2,1,2,1,1,1,2,2,1,2,1,2,1,2],"center_sample":[2,1,1,2,2,3,2,3,1,3,3,1,1,3,3,1,3,3,1,2],"left_sample":[2,3,3,1,3,1,3,2,1,2,2,1,1,3,1,2,3,1,3,2],"right_sample":[3,3,2,2,3,1,1,2,2,2,2,1,2,1,1,3,2,1,3,2],"RT":[[0,1478.6000000238419,0,0],[0,2828.2999999523163,0,0],[0,2653.5,0,0],[0,2824.199999988079,0,0],[0,2402.800000011921,0,0],[0,3122.300000011921,0,0],[0,2661.300000011921,0,0],[0,3702.099999964237,0,0],[0,2769.800000011921,0,0],[0,4313.300000011921,0,0],[0,2072.300000011921,0,0],[0,2815.900000035763,0,0],[0,1665.3999999761581,0,0],[0,1533.5,0,0],[0,2260.600000023842,0,0],[0,3653.699999988079,0,0],[0,2427.400000035763,0,0],[0,3296.7999999523163,0,0],[0,3434.600000023842,0,0],[0,4097.199999988079,0,0]],"response":[[0,1,0,0],[0,1,0,0],[0,1,0,0],[0,1,0,0],[0,1,0,0],[0,1,0,0],[0,1,0,0],[0,1,0,0],[0,1,0,0],[0,1,0,0],[0,1,0,0],[0,1,0,0],[0,1,0,0],[0,1,0,0],[0,1,0,0],[0,1,0,0],[0,1,0,0],[0,1,0,0],[0,1,0,0],[0,1,0,0]],"framerate":[50.897837859106545,59.9011340505961,59.96084190004257,59.88373791350046,59.92782173932577,59.9379214387013,59.88206898615145,59.90248432783841,59.95097604977527,59.910641754671005,59.960522885021206,59.89948574141775,59.81966131515284,60.002790826482226,59.92822549811617,59.89008408081311,59.97890851497989,59.903233239345774,59.94104971126383,59.859902356187646]}
