{"practice":[0,0,0,0,0,0,0,0,0,0,0,0,0,0,0,0,0,0,0,0],"center_interval":[50,25,50,100,25,75,25,25,25,100,50,100,25,75,25,25,25,25,0,75],"image_pair":[4,4,2,3,3,3,1,3,4,4,4,2,1,1,2,3,1,1,3,4],"feature_space":[2,2,2,1,1,2,1,2,1,2,1,1,1,1,2,1,2,2,2,1],"left_img":[1,1,1,2,1,1,1,1,1,1,1,1,2,2,1,2,2,1,1,2],"img1Sample":[1,1,2,3,1,2,3,1,3,1,3,3,2,1,2,1,2,3,3,1],"img2Sample":[1,1,1,1,2,2,3,3,3,2,3,2,2,3,3,3,2,1,2,2],"stim_time":[250,250,250,250,250,250,250,250,250,250,250,250,250,250,250,250,250,250,250,250],"key":[49,49,49,50,50,50,50,49,50,50,50,50,49,50,50,50,49,49,49,49],"correct":[true,true,true,false,false,true,false,true,false,true,false,true,false,false,false,true,false,true,true,true],"right_img":[2,2,2,1,2,2,2,2,2,2,2,2,1,1,2,1,1,2,2,1],"img_choice":[1,1,1,1,2,2,2,1,2,2,2,2,2,1,2,1,2,1,1,2],"center_sample":[3,3,2,1,2,1,3,2,1,1,3,1,2,1,1,2,1,3,1,3],"left_sample":[1,1,2,1,1,2,3,1,3,1,3,3,2,3,2,3,2,3,3,2],"right_sample":[1,1,1,3,2,2,3,3,3,2,3,2,2,1,3,1,2,1,2,1],"exact_match":[0,0,0,1,0,0,0,0,0,0,0,0,0,0,0,0,0,0,0,0],"RT":[[0,0,0,779,0,0],[0,0,0,265,0,0],[0,0,0,291,0,0],[0,0,0,127,0,0],[0,0,0,188,0,0],[0,0,0,43,0,0],[0,0,0,128,0,0],[0,0,0,248,0,0],[0,0,0,46,0,0],[0,0,0,38,0,0],[0,0,0,73,0,0],[0,0,0,185,0,0],[0,0,0,135,0,0],[0,0,0,27,0,0],[0,0,0,180,0,0],[0,0,0,125,0,0],[0,0,0,214,0,0],[0,0,0,160,0,0],[0,0,0,211,0,0],[0,0,0,135,0,0]],"response":[[0,0,0,1,0,0],[0,0,0,1,0,0],[0,0,0,1,0,0],[0,0,0,1,0,0],[0,0,0,1,0,0],[0,0,0,1,0,0],[0,0,0,1,0,0],[0,0,0,1,0,0],[0,0,0,1,0,0],[0,0,0,1,0,0],[0,0,0,1,0,0],[0,0,0,1,0,0],[0,0,0,1,0,0],[0,0,0,1,0,0],[0,0,0,1,0,0],[0,0,0,1,0,0],[0,0,0,1,0,0],[0,0,0,1,0,0],[0,0,0,1,0,0],[0,0,0,1,0,0]],"framerate":[20.37533512064343,20.60338484179544,21.897810218978105,20.219039595619208,14.626635873749038,19.12568306010929,12.376237623762377,15.261627906976745,10,18.298261665141812,22.29845626072041,15.484922575387122,21.05263157894737,21.699819168173597,21.686746987951807,22.462562396006657,22.906793048973142,22.508038585209004,18.75,16.570008285004143]}
