{"practice":[0,0,0,0,0,0,0,0,0,0,0,0,0,0,0,0,0,0,0,0],"center_interval":[75,75,100,0,25,25,100,50,50,75,50,75,100,25,75,75,0,25,75,75],"image_pair":[3,4,3,4,1,2,4,2,3,4,1,4,1,3,4,1,3,1,4,2],"feature_space":[1,1,2,2,1,1,2,2,1,1,1,1,2,2,2,1,1,1,2,1],"left_img":[1,2,2,2,2,2,2,2,1,2,2,2,2,1,1,1,1,1,1,1],"img1Sample":[2,3,1,2,1,1,1,3,1,1,1,3,1,2,2,2,2,2,1,2],"img2Sample":[2,1,2,3,2,1,3,3,1,2,2,3,2,2,2,2,1,3,3,3],"stim_time":[2000,2000,2000,2000,2000,2000,2000,2000,2000,2000,2000,2000,2000,2000,2000,2000,2000,2000,2000,2000],"key":[49,49,49,49,49,49,49,50,50,50,50,49,50,49,49,49,49,49,50,49],"correct":[false,true,true,false,false,false,true,true,false,false,true,true,false,true,false,false,true,true,true,false],"right_img":[2,1,1,1,1,1,1,1,2,1,1,1,1,2,2,2,2,2,2,2],"img_choice":[1,2,2,2,2,2,2,1,2,1,1,2,1,1,1,1,1,1,2,1],"center_sample":[2,3,1,3,1,1,2,1,1,2,2,2,3,2,1,3,2,2,1,3],"left_sample":[2,1,2,3,2,1,3,3,1,2,2,3,2,2,2,2,2,2,1,2],"right_sample":[2,3,1,2,1,1,1,3,1,1,1,3,1,2,2,2,1,3,3,3],"exact_match":[0,0,0,0,0,0,0,0,0,0,0,0,0,0,0,0,1,0,0,0],"RT":[[0,0,0,135,0,0],[0,0,0,213,0,0],[0,0,0,122,0,0],[0,0,0,214,0,0],[0,0,0,84,0,0],[0,0,0,160,0,0],[0,0,0,95,0,0],[0,0,0,39,0,0],[0,0,0,32,0,0],[0,0,0,260,0,0],[0,0,0,72,0,0],[0,0,0,114,0,0],[0,0,0,335,0,0],[0,0,0,983,0,0],[0,0,0,123,0,0],[0,0,0,382,0,0],[0,0,0,33,0,0],[0,0,0,1122,0,0],[0,0,0,221,0,0],[0,0,0,222,0,0]],"response":[[0,0,0,1,0,0],[0,0,0,1,0,0],[0,0,0,1,0,0],[0,0,0,1,0,0],[0,0,0,1,0,0],[0,0,0,1,0,0],[0,0,0,1,0,0],[0,0,0,1,0,0],[0,0,0,1,0,0],[0,0,0,1,0,0],[0,0,0,1,0,0],[0,0,0,1,0,0],[0,0,0,1,0,0],[0,0,0,1,0,0],[0,0,0,1,0,0],[0,0,0,1,0,0],[0,0,0,1,0,0],[0,0,0,1,0,0],[0,0,0,1,0,0],[0,0,0,1,0,0]],"framerate":[22.996280013527223,22.383146807109938,20.670958996950187,18.57379767827529,20.718232044198896,15.333333333333332,22.85318559556787,22.229940951719346,21.608218207580588,16.414141414141415,22.805805114029024,21.7613056783407,23.43255224825839,22.281167108753316,17.78523489932886,20.050125313283207,22.67178235088943,20.82804165608331,23.56020942408377,22.32435981615233]}
