{"practice":[0,0,0,0,0,0,0,0,0,0,0,0,0,0,0,0,0,0,0,0],"center_interval":[100,75,25,0,75,0,0,75,25,50,75,0,75,25,50,75,100,50,100,100],"image_pair":[4,2,1,1,2,1,1,2,1,1,2,1,2,2,2,4,3,3,1,2],"feature_space":[2,1,1,1,2,1,2,1,1,2,2,1,2,1,1,2,2,2,2,2],"left_img":[1,1,2,1,2,2,2,2,2,1,1,1,2,1,2,1,1,1,2,2],"img1Sample":[2,2,3,3,2,2,3,3,3,2,1,3,2,1,3,1,3,3,3,1],"img2Sample":[1,1,2,1,1,1,1,2,2,1,1,1,3,2,2,2,3,1,3,1],"key":[50,49,49,49,49,50,49,50,49,50,49,50,49,49,50,49,50,null,null,50],"correct":[true,false,false,true,true,true,false,false,false,false,false,false,true,true,true,false,true,null,null,false],"right_img":[2,2,1,2,1,1,1,1,1,2,2,2,1,2,1,2,2,2,1,1],"img_choice":[2,1,2,1,2,1,2,1,2,2,1,2,2,1,1,1,2,null,null,1],"center_sample":[2,1,3,2,1,1,1,1,3,3,3,1,1,1,3,2,2,2,1,3],"left_sample":[2,2,2,3,1,1,1,2,2,2,1,3,3,1,2,1,3,3,3,1],"right_sample":[1,1,3,1,2,2,3,3,3,1,1,1,2,2,3,2,3,1,3,1],"RT":[[0,0,0,1509,0,0],[0,0,0,1216,0,0],[0,0,0,1115,0,0],[0,0,0,1224,0,0],[0,0,0,2451,0,0],[0,0,0,1242,0,0],[0,0,0,3285,0,0],[0,0,0,1061,0,0],[0,0,0,981,0,0],[0,0,0,2153,0,0],[0,0,0,1756,0,0],[0,0,0,1371,0,0],[0,0,0,1119,0,0],[0,0,0,1432,0,0],[0,0,0,1582,0,0],[0,0,0,1769,0,0],[0,0,0,1407,0,0],[0,0,0,0,0,0],[0,0,0,0,0,0],[0,0,0,3299,0,0]],"response":[[0,0,0,1,0,0],[0,0,0,1,0,0],[0,0,0,1,0,0],[0,0,0,1,0,0],[0,0,0,1,0,0],[0,0,0,1,0,0],[0,0,0,1,0,0],[0,0,0,1,0,0],[0,0,0,1,0,0],[0,0,0,1,0,0],[0,0,0,1,0,0],[0,0,0,1,0,0],[0,0,0,1,0,0],[0,0,0,1,0,0],[0,0,0,1,0,0],[0,0,0,1,0,0],[0,0,0,1,0,0],[0,0,0,1,0,0],[0,0,0,1,0,0],[0,0,0,1,0,0]],"framerate":[24.34500347785764,26.792359216075415,26.663280853224986,26.054590570719604,25.55850056796668,24.25742574257426,22.514379622021362,24.716786817713697,25.75558475689882,23.55072463768116,24.33676825257619,24.34948675101456,24.613042375031718,24.022609514837495,24.058102587380844,23.514043109079033,23.933649289099527,20.726714431934493,21.001408631066717,22.857142857142858]}
