{"practice":[1,1,1,1,1],"center_interval":[50,100,25,50,50],"image_pair":[4,3,4,4,3],"feature_space":[1,2,1,2,1],"left_img":[1,2,1,1,2],"img1Sample":[3,2,3,2,1],"img2Sample":[3,2,3,2,3],"key":[49,50,49,49,50],"correct":[true,false,true,true,true],"right_img":[2,1,2,2,1],"img_choice":[1,1,1,1,1],"center_sample":[1,3,2,1,1],"left_sample":[3,2,3,2,3],"right_sample":[3,2,3,2,1],"RT":[[0,0,0,1711,0,0],[0,0,0,2611,0,0],[0,0,0,1690,0,0],[0,0,0,2665,0,0],[0,0,0,2156,0,0]],"response":[[0,0,0,1,0,0],[0,0,0,1,0,0],[0,0,0,1,0,0],[0,0,0,1,0,0],[0,0,0,1,0,0]],"framerate":[22.94792586054722,22.986392055902908,23.56602934637617,23.02210853279737,24.164317358034637]}
