{"practice":[1,1,1,1,1],"center_interval":[75,25,75,50,75],"image_pair":[3,4,4,1,3],"feature_space":[2,2,2,2,2],"left_img":[1,2,2,1,2],"img1Sample":[1,2,1,2,2],"img2Sample":[1,3,2,3,2],"stim_time":[2000,2000,2000,2000,2000],"key":[49,49,50,50,49],"correct":[false,false,false,false,true],"right_img":[2,1,1,2,1],"img_choice":[1,2,1,2,2],"center_sample":[3,2,1,3,2],"left_sample":[1,3,2,2,2],"right_sample":[1,2,1,3,2],"exact_match":[0,0,0,0,0],"RT":[[0,0,0,4241,0,0],[0,0,0,233,0,0],[0,0,0,417,0,0],[0,0,0,1384,0,0],[0,0,0,152,0,0]],"response":[[0,0,0,1,0,0],[0,0,0,1,0,0],[0,0,0,1,0,0],[0,0,0,1,0,0],[0,0,0,1,0,0]],"framerate":[22.650056625141563,22.875816993464053,22.106232729505678,21.909978566325314,22.02937249666222]}
