{"practice":[0,0,0,0,0,0,0,0,0,0,0,0,0,0,0,0,0,0,0,0],"center_interval":[50,100,100,100,25,0,50,0,100,25,100,0,50,100,0,75,25,50,50,25],"image_pair":[3,1,4,1,2,4,2,4,2,4,1,4,2,4,1,3,2,2,4,4],"feature_space":[1,2,2,2,1,1,1,2,1,1,1,2,2,1,1,2,1,1,2,2],"left_img":[1,1,2,1,1,2,1,2,1,2,1,2,2,2,2,2,1,1,2,1],"img1Sample":[3,3,1,2,2,3,1,2,3,2,1,2,3,3,2,1,1,1,2,2],"img2Sample":[3,2,2,2,3,3,2,3,2,2,2,2,2,3,2,2,2,3,2,3],"key":[49,50,49,50,49,49,50,49,50,50,50,49,50,null,50,50,49,50,49,null],"correct":[true,true,true,true,true,false,false,false,true,true,true,false,true,null,true,false,true,false,false,null],"right_img":[2,2,1,2,2,1,2,1,2,1,2,1,1,1,1,1,2,2,1,2],"img_choice":[1,2,2,2,1,2,2,2,2,1,2,2,1,null,1,1,1,2,2,null],"center_sample":[2,1,3,1,1,1,1,3,1,3,3,1,3,2,1,2,1,2,3,1],"left_sample":[3,3,2,2,2,3,1,3,3,2,1,2,2,3,2,2,1,1,2,2],"right_sample":[3,2,1,2,3,3,2,2,2,2,2,2,3,3,2,1,2,3,2,3],"RT":[[0,0,0,1317,0,0],[0,0,0,2486,0,0],[0,0,0,2492,0,0],[0,0,0,2044,0,0],[0,0,0,1869,0,0],[0,0,0,2799,0,0],[0,0,0,1196,0,0],[0,0,0,1806,0,0],[0,0,0,1813,0,0],[0,0,0,2285,0,0],[0,0,0,1558,0,0],[0,0,0,1937,0,0],[0,0,0,1691,0,0],[0,0,0,0,0,0],[0,0,0,1987,0,0],[0,0,0,1549,0,0],[0,0,0,2310,0,0],[0,0,0,3721,0,0],[0,0,0,2356,0,0],[0,0,0,0,0,0]],"response":[[0,0,0,1,0,0],[0,0,0,1,0,0],[0,0,0,1,0,0],[0,0,0,1,0,0],[0,0,0,1,0,0],[0,0,0,1,0,0],[0,0,0,1,0,0],[0,0,0,1,0,0],[0,0,0,1,0,0],[0,0,0,1,0,0],[0,0,0,1,0,0],[0,0,0,1,0,0],[0,0,0,1,0,0],[0,0,0,1,0,0],[0,0,0,1,0,0],[0,0,0,1,0,0],[0,0,0,1,0,0],[0,0,0,1,0,0],[0,0,0,1,0,0],[0,0,0,1,0,0]],"framerate":[24.721279689772174,22.962544701675135,22.59461495010356,24.205128205128208,24.31222008957134,23.466666666666665,25.499999999999996,24.848746758859118,25.746430116832542,25.132534851757313,24.685714285714287,24.842105263157897,24.88888888888889,21.758607449123254,24.729842061512887,25.582457743261763,24.404529480671613,22.963870177587264,25.06748939452372,22.395700025595083]}
