{"practice":[0,0,0,0,0,0,0,0,0,0,0,0,0,0,0,0,0,0,0,0],"center_interval":[75,25,0,25,0,50,75,25,100,75,100,75,0,50,0,100,75,75,0,50],"image_pair":[3,3,1,1,4,1,2,4,2,4,2,1,4,2,2,2,3,2,2,2],"feature_space":[1,2,2,1,1,2,2,1,2,2,2,1,2,1,1,2,2,1,2,2],"left_img":[2,2,1,1,1,2,2,1,1,2,1,1,1,2,2,2,1,1,2,2],"img1Sample":[3,1,3,1,3,2,1,2,3,3,3,2,1,2,1,1,3,2,3,2],"img2Sample":[1,2,2,1,2,3,3,3,3,1,1,1,1,1,2,1,2,2,3,3],"key":[null,null,null,null,null,null,null,null,null,null,null,null,null,null,null,null,null,null,null,null],"correct":[null,null,null,null,null,null,null,null,null,null,null,null,null,null,null,null,null,null,null,null],"right_img":[1,1,2,2,2,1,1,2,2,1,2,2,2,1,1,1,2,2,1,1],"img_choice":[null,null,null,null,null,null,null,null,null,null,null,null,null,null,null,null,null,null,null,null],"center_sample":[1,1,2,1,2,2,3,2,1,3,3,1,2,1,3,3,3,3,1,3],"left_sample":[1,2,3,1,3,3,3,2,3,1,3,2,1,1,2,1,3,2,3,3],"right_sample":[3,1,2,1,2,2,1,3,3,3,1,1,1,2,1,1,2,2,3,2],"RT":[[0,0,0,0,0,0],[0,0,0,0,0,0],[0,0,0,0,0,0],[0,0,0,0,0,0],[0,0,0,0,0,0],[0,0,0,0,0,0],[0,0,0,0,0,0],[0,0,0,0,0,0],[0,0,0,0,0,0],[0,0,0,0,0,0],[0,0,0,0,0,0],[0,0,0,0,0,0],[0,0,0,0,0,0],[0,0,0,0,0,0],[0,0,0,0,0,0],[0,0,0,0,0,0],[0,0,0,0,0,0],[0,0,0,0,0,0],[0,0,0,0,0,0],[0,0,0,0,0,0]],"response":[[0,0,0,1,0,0],[0,0,0,1,0,0],[0,0,0,1,0,0],[0,0,0,1,0,0],[0,0,0,1,0,0],[0,0,0,1,0,0],[0,0,0,1,0,0],[0,0,0,1,0,0],[0,0,0,1,0,0],[0,0,0,1,0,0],[0,0,0,1,0,0],[0,0,0,1,0,0],[0,0,0,1,0,0],[0,0,0,1,0,0],[0,0,0,1,0,0],[0,0,0,1,0,0],[0,0,0,1,0,0],[0,0,0,1,0,0],[0,0,0,1,0,0],[0,0,0,1,0,0]],"framerate":[11.435832274459974,11.921548519420588,10.912320771475702,11.523687580025609,11.936507936507937,12.023535431056537,11.620482696973568,11.476664116296861,12.031230001279917,11.583011583011583,11.294416243654823,11.48691767708998,9.928716904276985,12.461851475076298,11.693652017476227,7.677784770295784,11.372348581650908,10.3506275067926,8.043232374010305,7.378196158249586]}
