{"practice":[0,0,0,0,0,0,0,0,0,0,0,0,0,0,0,0,0,0,0,0],"center_interval":[25,0,50,100,50,50,0,50,75,75,25,75,75,25,0,75,50,100,75,75],"image_pair":[1,2,1,3,2,3,3,4,4,1,2,3,3,1,3,1,1,2,1,3],"feature_space":[2,1,1,2,1,2,2,2,2,2,2,2,1,2,2,2,2,2,1,2],"left_img":[1,1,2,2,1,2,2,2,2,2,1,2,1,2,2,2,1,2,2,1],"img1Sample":[2,3,2,1,2,1,2,2,1,1,3,3,1,1,1,3,3,1,1,2],"img2Sample":[3,1,1,1,2,3,3,3,2,3,1,2,3,2,3,3,2,3,2,3],"key":[null,null,null,null,null,null,null,null,null,null,null,49,49,50,49,50,49,null,null,null],"correct":[null,null,null,null,null,null,null,null,null,null,null,true,false,true,false,false,true,null,null,null],"right_img":[2,2,1,1,2,1,1,1,1,1,2,1,2,1,1,1,2,1,1,2],"img_choice":[null,null,null,null,null,null,null,null,null,null,null,2,1,1,2,1,1,null,null,null],"center_sample":[2,1,3,3,3,1,1,3,1,2,2,2,1,1,3,1,3,1,3,1],"left_sample":[2,3,1,1,2,3,3,3,2,3,3,2,1,2,3,3,3,3,2,2],"right_sample":[3,1,2,1,2,1,2,2,1,1,1,3,3,1,1,3,2,1,1,3],"RT":[[0,0,0,0,0,0],[0,0,0,0,0,0],[0,0,0,0,0,0],[0,0,0,0,0,0],[0,0,0,0,0,0],[0,0,0,0,0,0],[0,0,0,0,0,0],[0,0,0,0,0,0],[0,0,0,0,0,0],[0,0,0,0,0,0],[0,0,0,0,0,0],[0,0,0,4010,0,0],[0,0,0,1529,0,0],[0,0,0,1656,0,0],[0,0,0,987,0,0],[0,0,0,1241,0,0],[0,0,0,2077,0,0],[0,0,0,0,0,0],[0,0,0,0,0,0],[0,0,0,0,0,0]],"response":[[0,0,0,1,0,0],[0,0,0,1,0,0],[0,0,0,1,0,0],[0,0,0,1,0,0],[0,0,0,1,0,0],[0,0,0,1,0,0],[0,0,0,1,0,0],[0,0,0,1,0,0],[0,0,0,1,0,0],[0,0,0,1,0,0],[0,0,0,1,0,0],[0,0,0,1,0,0],[0,0,0,1,0,0],[0,0,0,1,0,0],[0,0,0,1,0,0],[0,0,0,1,0,0],[0,0,0,1,0,0],[0,0,0,1,0,0],[0,0,0,1,0,0],[0,0,0,1,0,0]],"framerate":[10.936695831188883,9.061901723037652,12.298719411690122,12.054372916132342,11.838085539714868,11.742182514358646,12.088051915001907,10.112052473353376,6.513872135102534,8.831693161746152,9.23313670171839,9.15032679738562,9.046624913013222,9.621692543188278,9.362808842652795,9.31829328102011,9.718566511439564,8.964015879113843,8.090001264062698,8.904719501335709]}
