{"practice":[0,0,0,0,0,0,0,0,0,0,0,0,0,0,0,0,0,0,0,0],"center_interval":[0,0,50,50,75,25,50,75,100,50,0,100,75,75,0,50,100,50,25,0],"image_pair":[2,4,1,3,4,2,2,1,3,1,3,4,1,4,2,2,1,2,3,1],"feature_space":[2,2,2,1,1,2,2,1,1,2,1,2,1,2,2,2,1,1,2,2],"left_img":[2,2,2,1,2,2,2,1,2,1,1,1,2,1,1,1,1,1,2,2],"img1Sample":[2,1,1,1,3,2,3,3,2,1,3,2,3,1,3,2,1,1,1,3],"img2Sample":[3,1,1,1,1,2,3,2,1,3,2,1,2,1,2,2,2,2,1,2],"stim_time":[250,250,250,250,250,250,250,250,250,250,250,250,250,250,250,250,250,250,250,250],"key":[49,50,50,50,50,50,49,50,50,49,49,49,49,50,49,49,50,49,50,50],"correct":[false,true,true,false,false,true,false,true,false,true,true,false,true,true,true,true,true,true,true,true],"right_img":[1,1,1,2,1,1,1,2,1,2,2,2,1,2,2,2,2,2,1,1],"img_choice":[2,1,1,2,1,1,2,2,1,1,1,1,2,2,1,1,2,1,1,1],"center_sample":[3,1,1,1,3,1,3,3,2,2,1,2,3,3,3,2,1,3,3,2],"left_sample":[3,1,1,1,1,2,3,3,1,1,3,2,2,1,3,2,1,1,1,2],"right_sample":[2,1,1,1,3,2,3,2,2,3,2,1,3,1,2,2,2,2,1,3],"exact_match":[0,1,0,0,0,0,0,0,0,0,0,0,0,0,1,0,0,0,0,0],"RT":[[0,0,0,895.5,0,0],[0,0,0,656.1000000238419,0,0],[0,0,0,827,0,0],[0,0,0,751.6999999880791,0,0],[0,0,0,824,0,0],[0,0,0,892.4000000357628,0,0],[0,0,0,720.3999999761581,0,0],[0,0,0,735.5,0,0],[0,0,0,815.5,0,0],[0,0,0,580.1999999880791,0,0],[0,0,0,802.1999999880791,0,0],[0,0,0,776,0,0],[0,0,0,576.8000000119209,0,0],[0,0,0,813.8000000119209,0,0],[0,0,0,578.7000000476837,0,0],[0,0,0,593.5,0,0],[0,0,0,559.5,0,0],[0,0,0,735.5,0,0],[0,0,0,600.8999999761581,0,0],[0,0,0,564.1000000238419,0,0]],"response":[[0,0,0,1,0,0],[0,0,0,1,0,0],[0,0,0,1,0,0],[0,0,0,1,0,0],[0,0,0,1,0,0],[0,0,0,1,0,0],[0,0,0,1,0,0],[0,0,0,1,0,0],[0,0,0,1,0,0],[0,0,0,1,0,0],[0,0,0,1,0,0],[0,0,0,1,0,0],[0,0,0,1,0,0],[0,0,0,1,0,0],[0,0,0,1,0,0],[0,0,0,1,0,0],[0,0,0,1,0,0],[0,0,0,1,0,0],[0,0,0,1,0,0],[0,0,0,1,0,0]],"framerate":[60.00103450022486,59.97347327267448,59.99787618023485,60.01872143722616,59.985136425992636,60.03386525805907,59.97757847533632,51.68963983855894,59.98928762720943,59.99755112123818,59.99892859094404,60.00763733488043,59.99387817569635,60.002142934825805,60.00857265236011,59.99272815459652,60.02846710678458,59.99333407438906,59.984404056232506,60.03218220032452]}
