{"practice":[0,0,0,0,0,0,0,0,0,0,0,0,0,0,0,0,0,0,0,0],"center_interval":[0,75,0,0,50,100,100,25,25,25,50,0,100,25,0,100,75,75,25,75],"image_pair":[4,3,1,1,1,1,2,2,2,1,1,3,4,3,3,1,3,4,3,4],"feature_space":[2,2,2,2,1,1,1,2,2,2,1,1,1,2,1,1,2,2,2,1],"left_img":[2,2,2,2,2,1,2,2,2,2,2,2,1,2,1,1,1,1,2,1],"img1Sample":[2,1,2,1,1,3,2,1,1,1,2,3,1,2,1,3,3,2,3,2],"img2Sample":[2,3,2,1,2,3,2,2,1,1,2,2,3,1,1,3,2,1,2,3],"stim_time":[2000,2000,2000,2000,2000,2000,2000,2000,2000,2000,2000,2000,2000,2000,2000,2000,2000,2000,2000,2000],"key":[49,50,49,50,49,50,49,50,50,50,50,49,50,50,49,49,49,50,49,50],"correct":[false,false,false,true,false,true,true,true,true,true,true,false,true,true,true,false,false,true,false,true],"right_img":[1,1,1,1,1,2,1,1,1,1,1,1,2,1,2,2,2,2,1,2],"img_choice":[2,1,2,1,2,2,2,1,1,1,1,2,2,1,1,1,1,2,2,2],"center_sample":[1,1,2,2,1,3,2,3,1,2,1,2,1,2,1,2,3,1,1,2],"left_sample":[2,3,2,1,2,3,2,2,1,1,2,2,1,1,1,3,3,2,2,2],"right_sample":[2,1,2,1,1,3,2,1,1,1,2,3,3,2,1,3,2,1,3,3],"exact_match":[0,0,1,0,0,1,1,0,0,0,0,0,0,0,1,0,0,0,0,0],"RT":[[0,0,0,717.8000000119209,0,0],[0,0,0,1277.800000011921,0,0],[0,0,0,954.6000000238419,0,0],[0,0,0,1221.4000000357628,0,0],[0,0,0,835.1999999880791,0,0],[0,0,0,1201.300000011921,0,0],[0,0,0,977.8000000119209,0,0],[0,0,0,1273,0,0],[0,0,0,565.7999999523163,0,0],[0,0,0,1200.6000000238419,0,0],[0,0,0,2078.600000023842,0,0],[0,0,0,1002.4000000357628,0,0],[0,0,0,884.3000000119209,0,0],[0,0,0,1758.699999988079,0,0],[0,0,0,967,0,0],[0,0,0,801.1000000238419,0,0],[0,0,0,2191,0,0],[0,0,0,951.5999999642372,0,0],[0,0,0,738.3999999761581,0,0],[0,0,0,1331.6000000238419,0,0]],"response":[[0,0,0,1,0,0],[0,0,0,1,0,0],[0,0,0,1,0,0],[0,0,0,1,0,0],[0,0,0,1,0,0],[0,0,0,1,0,0],[0,0,0,1,0,0],[0,0,0,1,0,0],[0,0,0,1,0,0],[0,0,0,1,0,0],[0,0,0,1,0,0],[0,0,0,1,0,0],[0,0,0,1,0,0],[0,0,0,1,0,0],[0,0,0,1,0,0],[0,0,0,1,0,0],[0,0,0,1,0,0],[0,0,0,1,0,0],[0,0,0,1,0,0],[0,0,0,1,0,0]],"framerate":[60.00056604287345,60.00636802307935,60.00424808779048,60.0049590875279,59.99835621000676,60.00846592429703,59.984673519352306,60.00342876788368,60.01544952144647,60.002489729864315,60.004095842719636,56.581532416502945,60.01459814510804,59.99693446351583,60.00211461215777,60.00940239444962,59.99400059994001,60.01062134891131,59.99999999999999,60.000483874696904]}
