{"practice":[0,0,0,0,0,0,0,0,0,0,0,0,0,0,0,0,0,0,0,0],"center_interval":[100,50,100,0,100,75,50,25,0,100,0,50,25,75,25,75,0,25,0,100],"image_pair":[3,2,3,1,2,4,2,1,1,3,3,1,2,2,4,4,4,4,4,2],"feature_space":[2,2,2,1,1,2,1,2,2,1,1,2,1,2,2,2,1,1,1,1],"left_img":[1,1,1,2,2,1,1,2,1,2,1,1,2,1,1,1,2,2,1,2],"img1Sample":[2,1,2,3,1,1,1,3,2,1,3,3,2,1,3,1,2,2,3,1],"img2Sample":[2,2,3,3,1,3,3,2,1,2,1,1,3,3,3,3,1,2,2,3],"stim_time":[2000,2000,2000,2000,2000,2000,2000,2000,2000,2000,2000,2000,2000,2000,2000,2000,2000,2000,2000,2000],"key":[49,49,49,49,50,49,50,50,50,49,49,50,49,50,49,50,50,50,49,49],"correct":[false,true,false,false,false,false,false,true,false,true,true,false,false,true,true,true,true,true,true,true],"right_img":[2,2,2,1,1,2,2,1,2,1,2,2,1,2,2,2,1,1,2,1],"img_choice":[1,1,1,2,1,1,2,1,2,2,1,2,2,2,1,2,1,1,1,2],"center_sample":[3,1,2,1,2,1,3,3,3,2,1,3,1,2,3,3,1,3,3,3],"left_sample":[2,1,2,3,1,1,1,2,2,2,3,3,3,1,3,1,1,2,3,3],"right_sample":[2,2,3,3,1,3,3,3,1,1,1,1,2,3,3,3,2,2,2,1],"exact_match":[0,0,0,0,0,0,0,0,0,1,0,0,0,0,0,0,0,0,1,1],"RT":[[0,0,0,1770.8999999761581,0,0],[0,0,0,1268.699999988079,0,0],[0,0,0,1456.300000011921,0,0],[0,0,0,1396.8999999761581,0,0],[0,0,0,959.1000000238419,0,0],[0,0,0,1222.699999988079,0,0],[0,0,0,1222.1000000238419,0,0],[0,0,0,1573.4000000357628,0,0],[0,0,0,1684.8999999761581,0,0],[0,0,0,1218.199999988079,0,0],[0,0,0,1057.300000011921,0,0],[0,0,0,1092.8999999761581,0,0],[0,0,0,1017.3000000119209,0,0],[0,0,0,1152.5999999642372,0,0],[0,0,0,1634.1000000238419,0,0],[0,0,0,1454.800000011921,0,0],[0,0,0,917.5999999642372,0,0],[0,0,0,878.1999999880791,0,0],[0,0,0,987,0,0],[0,0,0,1189.1000000238419,0,0]],"response":[[0,0,0,1,0,0],[0,0,0,1,0,0],[0,0,0,1,0,0],[0,0,0,1,0,0],[0,0,0,1,0,0],[0,0,0,1,0,0],[0,0,0,1,0,0],[0,0,0,1,0,0],[0,0,0,1,0,0],[0,0,0,1,0,0],[0,0,0,1,0,0],[0,0,0,1,0,0],[0,0,0,1,0,0],[0,0,0,1,0,0],[0,0,0,1,0,0],[0,0,0,1,0,0],[0,0,0,1,0,0],[0,0,0,1,0,0],[0,0,0,1,0,0],[0,0,0,1,0,0]],"framerate":[59.99912728495315,60.00342876788368,59.992500937550425,60.01285989820894,59.993098138772446,60.003471275729815,60.00198353682318,60.00182514992218,59.99999999999999,60.00198353682318,60.0025863183758,60.00307708069252,60.003652396792646,60.007059654257304,59.998651715370336,60.007969808154826,60.002142933867795,60.00380114635658,59.998421093805305,59.99999999999999]}
