{"practice":[0,0,0,0,0,0,0,0,0,0,0,0,0,0,0,0,0,0,0,0],"center_interval":[0,75,50,100,75,0,25,0,25,75,50,25,75,75,0,75,100,0,100,75],"image_pair":[2,3,2,2,2,3,1,4,2,4,1,1,1,2,3,4,4,3,2,3],"feature_space":[2,1,2,1,2,2,2,2,2,1,1,1,2,2,2,1,1,1,2,2],"left_img":[2,2,1,1,1,1,1,2,2,1,1,2,2,2,1,1,2,1,1,1],"img1Sample":[3,1,1,3,1,2,1,1,3,3,1,3,1,1,2,2,3,2,3,3],"img2Sample":[3,3,3,2,1,2,1,1,1,2,1,2,2,1,1,1,1,1,2,1],"stim_time":[2000,2000,2000,2000,2000,2000,2000,2000,2000,2000,2000,2000,2000,2000,2000,2000,2000,2000,2000,2000],"key":[49,50,50,49,50,49,49,49,50,49,50,49,50,50,49,49,49,49,50,50],"correct":[false,false,false,false,true,true,true,false,true,false,false,false,false,false,true,false,true,true,true,true],"right_img":[1,1,2,2,2,2,2,1,1,2,2,1,1,1,2,2,1,2,2,2],"img_choice":[2,1,2,1,2,1,1,2,1,1,2,2,1,1,1,1,2,1,2,2],"center_sample":[1,1,1,3,2,2,2,1,2,1,2,3,1,1,2,2,2,3,3,1],"left_sample":[3,3,1,3,1,2,1,1,1,3,1,2,2,1,2,2,1,2,3,3],"right_sample":[3,1,3,2,1,2,1,1,3,2,1,3,1,1,1,1,3,1,2,1],"exact_match":[0,0,0,0,0,1,0,1,0,0,0,0,0,0,1,0,0,0,0,0],"RT":[[0,0,0,1384.2000000476837,0,0],[0,0,0,1790.3999999761581,0,0],[0,0,0,950.8999999761581,0,0],[0,0,0,641.1000000238419,0,0],[0,0,0,1365.5999999642372,0,0],[0,0,0,1023.1000000238419,0,0],[0,0,0,839.1999999880791,0,0],[0,0,0,1427.800000011921,0,0],[0,0,0,634.6000000238419,0,0],[0,0,0,1073.3999999761581,0,0],[0,0,0,469,0,0],[0,0,0,624.8000000119209,0,0],[0,0,0,921.8000000119209,0,0],[0,0,0,1379.3999999761581,0,0],[0,0,0,892.1999999880791,0,0],[0,0,0,1177.199999988079,0,0],[0,0,0,904.7000000476837,0,0],[0,0,0,1027.300000011921,0,0],[0,0,0,972.5,0,0],[0,0,0,884,0,0]],"response":[[0,0,0,1,0,0],[0,0,0,1,0,0],[0,0,0,1,0,0],[0,0,0,1,0,0],[0,0,0,1,0,0],[0,0,0,1,0,0],[0,0,0,1,0,0],[0,0,0,1,0,0],[0,0,0,1,0,0],[0,0,0,1,0,0],[0,0,0,1,0,0],[0,0,0,1,0,0],[0,0,0,1,0,0],[0,0,0,1,0,0],[0,0,0,1,0,0],[0,0,0,1,0,0],[0,0,0,1,0,0],[0,0,0,1,0,0],[0,0,0,1,0,0],[0,0,0,1,0,0]],"framerate":[56.673413501607335,59.99739141791993,60.00902790647334,59.99652194096436,59.99088138585771,60.00678337588528,60.00986463567456,60.007560007391014,59.99652194096436,59.99896997421184,60.002436647391356,60.01107000341288,59.997321548145166,60.00765037756637,59.99999999999999,60.00050209607228,59.993005300407724,60.005217845029996,60.00370066838555,60.01297577874011]}
