{"practice":[1,1,1,1,1],"center_interval":[0,25,75,75,25],"image_pair":[3,4,3,4,1],"feature_space":[2,2,1,2,1],"left_img":[1,1,1,2,1],"img1Sample":[3,3,3,3,3],"img2Sample":[3,2,2,2,3],"stim_time":[2000,2000,2000,2000,2000],"key":[49,49,49,50,49],"correct":[true,true,false,false,true],"right_img":[2,2,2,1,2],"img_choice":[1,1,1,1,1],"center_sample":[2,1,3,3,3],"left_sample":[3,3,3,2,3],"right_sample":[3,2,2,3,3],"exact_match":[0,0,0,0,0],"RT":[[0,0,0,1459.7000000476837,0,0],[0,0,0,94.10000002384186,0,0],[0,0,0,5,0,0],[0,0,0,227.10000002384186,0,0],[0,0,0,438.8000000715256,0,0]],"response":[[0,0,0,1,0,0],[0,0,0,1,0,0],[0,0,0,1,0,0],[0,0,0,1,0,0],[0,0,0,1,0,0]],"framerate":[59.713375794844815,59.7004624207491,60.01633580788768,59.99472573792511,60.00184621109282]}
