{"practice":[0,0,0,0,0,0,0,0,0,0,0,0,0,0,0,0,0,0,0,0],"center_interval":[0,25,75,100,25,75,100,50,50,75,75,0,0,75,50,50,75,100,25,25],"image_pair":[3,1,2,3,4,1,4,2,2,4,4,2,2,1,3,4,1,4,4,1],"feature_space":[1,1,2,1,2,1,1,2,1,1,2,1,2,1,2,1,2,1,2,1],"left_img":[2,1,1,1,2,1,2,2,1,1,2,2,1,1,1,1,1,2,2,1],"img1Sample":[3,3,1,1,3,3,2,3,2,1,3,3,3,3,3,2,3,2,2,3],"img2Sample":[3,1,2,1,2,2,3,3,2,1,1,1,3,1,2,2,1,2,3,2],"stim_time":[250,250,250,250,250,250,250,250,250,250,250,250,250,250,250,250,250,250,250,250],"key":[49,50,50,50,50,50,50,50,49,50,49,49,50,49,null,49,50,49,50,50],"correct":[false,false,true,true,true,true,false,true,true,true,true,false,false,false,null,true,true,true,true,false],"right_img":[1,2,2,2,1,2,1,1,2,2,1,1,2,2,2,2,2,1,1,2],"img_choice":[2,2,2,2,1,2,1,1,1,2,2,2,2,1,null,1,2,2,1,2],"center_sample":[1,2,2,2,3,3,3,3,2,3,1,2,1,2,1,2,1,2,3,2],"left_sample":[3,3,1,1,2,3,3,3,2,1,1,1,3,3,3,2,3,2,3,3],"right_sample":[3,1,2,1,3,2,2,3,2,1,3,3,3,1,2,2,1,2,2,2],"exact_match":[0,0,0,0,0,0,1,0,0,0,0,0,0,0,0,0,0,1,0,0],"RT":[[0,0,0,4237.900000095367,0,0],[0,0,0,391,0,0],[0,0,0,120.89999997615814,0,0],[0,0,0,27.299999952316284,0,0],[0,0,0,139.60000002384186,0,0],[0,0,0,3484.2000000476837,0,0],[0,0,0,45.40000009536743,0,0],[0,0,0,136.30000007152557,0,0],[0,0,0,42,0,0],[0,0,0,140.69999992847443,0,0],[0,0,0,892.7999999523163,0,0],[0,0,0,71.20000004768372,0,0],[0,0,0,633.1000000238419,0,0],[0,0,0,4470.600000023842,0,0],[0,0,0,0,0,0],[0,0,0,5.299999952316284,0,0],[0,0,0,152.70000004768372,0,0],[0,0,0,65.89999997615814,0,0],[0,0,0,122,0,0],[0,0,0,475.7000000476837,0,0]],"response":[[0,0,0,1,0,0],[0,0,0,1,0,0],[0,0,0,1,0,0],[0,0,0,1,0,0],[0,0,0,1,0,0],[0,0,0,1,0,0],[0,0,0,1,0,0],[0,0,0,1,0,0],[0,0,0,1,0,0],[0,0,0,1,0,0],[0,0,0,1,0,0],[0,0,0,1,0,0],[0,0,0,1,0,0],[0,0,0,1,0,0],[0,0,0,1,0,0],[0,0,0,1,0,0],[0,0,0,1,0,0],[0,0,0,1,0,0],[0,0,0,1,0,0],[0,0,0,1,0,0]],"framerate":[59.992076517656045,60.00413821741541,60.01183331803669,60.00184621329374,60.00500041789368,59.993824164213,59.9890928961014,60.00500041789368,59.98909288960143,59.98000666563648,60.00307708160962,60.00705965155193,59.994059994059995,59.9906038808029,59.99999999999999,60.00937646507267,48.47986852917009,59.97135696767766,59.976347352348505,59.3762234148914]}
