{"practice":[0,0,0,0,0,0,0,0,0,0,0,0,0,0,0,0,0,0,0,0],"center_interval":[50,0,75,25,100,50,100,100,25,75,100,75,50,75,25,25,100,25,0,50],"image_pair":[2,2,3,3,1,1,4,3,2,2,2,4,1,4,1,2,1,3,3,4],"feature_space":[1,1,1,2,2,2,1,2,2,1,2,2,1,1,2,2,2,2,2,2],"left_img":[1,2,2,2,2,2,1,2,2,2,1,1,2,2,1,1,2,2,1,1],"img1Sample":[1,2,3,3,3,2,2,2,3,2,2,3,1,1,3,3,3,3,3,3],"img2Sample":[2,1,3,1,2,1,1,1,2,3,2,1,1,3,3,1,1,3,2,1],"stim_time":[250,250,250,250,250,250,250,250,250,250,250,250,250,250,250,250,250,250,250,250],"key":[50,50,50,50,50,50,50,49,50,50,50,50,50,50,50,49,50,49,50,49],"correct":[false,true,false,true,false,true,true,true,true,false,true,true,true,false,false,true,false,false,false,true],"right_img":[2,1,1,1,1,1,2,1,1,1,2,2,1,1,2,2,1,1,2,2],"img_choice":[2,1,1,1,1,1,2,2,1,1,2,2,1,1,2,1,1,2,2,1],"center_sample":[2,1,1,2,1,1,3,1,3,2,3,3,2,1,2,3,3,1,3,1],"left_sample":[1,1,3,1,2,1,2,1,2,3,2,3,1,3,3,3,1,3,3,3],"right_sample":[2,2,3,3,3,2,1,2,3,2,2,1,1,1,3,1,3,3,2,1],"exact_match":[0,0,0,0,0,0,0,1,0,0,0,0,0,0,0,0,0,0,1,0],"RT":[[0,0,0,139.89999997615814,0,0],[0,0,0,92.89999997615814,0,0],[0,0,0,121.19999992847443,0,0],[0,0,0,157.80000007152557,0,0],[0,0,0,166.5,0,0],[0,0,0,205.80000007152557,0,0],[0,0,0,90.89999997615814,0,0],[0,0,0,77,0,0],[0,0,0,7.599999904632568,0,0],[0,0,0,1156.3999999761581,0,0],[0,0,0,27.799999952316284,0,0],[0,0,0,142.19999992847443,0,0],[0,0,0,224.30000007152557,0,0],[0,0,0,173.09999990463257,0,0],[0,0,0,59.40000009536743,0,0],[0,0,0,135.10000002384186,0,0],[0,0,0,158.19999992847443,0,0],[0,0,0,6.899999976158142,0,0],[0,0,0,129.80000007152557,0,0],[0,0,0,83.79999995231628,0,0]],"response":[[0,0,0,1,0,0],[0,0,0,1,0,0],[0,0,0,1,0,0],[0,0,0,1,0,0],[0,0,0,1,0,0],[0,0,0,1,0,0],[0,0,0,1,0,0],[0,0,0,1,0,0],[0,0,0,1,0,0],[0,0,0,1,0,0],[0,0,0,1,0,0],[0,0,0,1,0,0],[0,0,0,1,0,0],[0,0,0,1,0,0],[0,0,0,1,0,0],[0,0,0,1,0,0],[0,0,0,1,0,0],[0,0,0,1,0,0],[0,0,0,1,0,0],[0,0,0,1,0,0]],"framerate":[59.99500041544005,59.989567035551026,60.01690617075232,59.993425374514246,59.978637750160225,59.99842109192315,59.968711975117536,60.02824859009743,59.98687787180636,59.98556738099389,59.996307920832955,60.01500374855236,60.00155848426798,59.99189298743413,60.00358230213989,59.99500041544005,59.998356212946014,59.986877865103764,59.99155048584706,50.43916862440435]}
