{"practice":[0,0,0,0,0,0,0,0,0,0,0,0,0,0,0,0,0,0,0,0],"center_interval":[25,75,75,100,75,100,25,0,25,50,25,100,50,0,0,75,100,0,75,100],"image_pair":[2,2,2,1,4,3,3,2,4,4,2,1,1,1,1,3,2,2,3,3],"feature_space":[1,2,1,2,1,2,2,1,2,2,1,2,2,2,2,1,1,1,1,1],"left_img":[2,2,2,1,1,1,1,2,1,2,1,2,2,2,1,1,1,1,1,2],"img1Sample":[3,1,3,1,2,2,1,1,1,1,2,2,3,3,1,1,2,1,2,2],"img2Sample":[1,2,3,3,1,3,2,1,1,3,3,1,2,2,3,2,2,3,1,1],"stim_time":[2000,2000,2000,2000,2000,2000,2000,2000,2000,2000,2000,2000,2000,2000,2000,2000,2000,2000,2000,2000],"key":[50,50,50,50,50,50,49,49,49,49,49,50,49,49,49,50,49,49,49,50],"correct":[true,false,false,true,true,true,true,false,true,false,true,false,false,false,true,true,false,true,false,false],"right_img":[1,1,1,2,2,2,2,1,2,1,2,1,1,1,2,2,2,2,2,1],"img_choice":[1,1,1,2,2,2,1,2,1,2,1,1,2,2,1,2,1,1,1,1],"center_sample":[3,1,3,2,1,2,3,3,2,2,1,2,2,1,2,1,3,1,2,2],"left_sample":[1,2,3,1,2,2,1,1,1,3,2,1,2,2,1,1,2,1,2,1],"right_sample":[3,1,3,3,1,3,2,1,1,1,3,2,3,3,3,2,2,3,1,2],"exact_match":[0,0,0,0,0,0,0,0,0,0,0,0,0,0,0,0,0,1,0,0],"RT":[[0,0,0,11.699999928474426,0,0],[0,0,0,57.39999997615814,0,0],[0,0,0,87.60000002384186,0,0],[0,0,0,172.5,0,0],[0,0,0,75.60000002384186,0,0],[0,0,0,135.39999997615814,0,0],[0,0,0,64.80000007152557,0,0],[0,0,0,950.2999999523163,0,0],[0,0,0,2952.1999999284744,0,0],[0,0,0,16.700000047683716,0,0],[0,0,0,1305.2999999523163,0,0],[0,0,0,425.7999999523163,0,0],[0,0,0,17.199999928474426,0,0],[0,0,0,1804.7999999523163,0,0],[0,0,0,38.5,0,0],[0,0,0,211.5,0,0],[0,0,0,2900.5,0,0],[0,0,0,125.80000007152557,0,0],[0,0,0,25.40000009536743,0,0],[0,0,0,597.5,0,0]],"response":[[0,0,0,1,0,0],[0,0,0,1,0,0],[0,0,0,1,0,0],[0,0,0,1,0,0],[0,0,0,1,0,0],[0,0,0,1,0,0],[0,0,0,1,0,0],[0,0,0,1,0,0],[0,0,0,1,0,0],[0,0,0,1,0,0],[0,0,0,1,0,0],[0,0,0,1,0,0],[0,0,0,1,0,0],[0,0,0,1,0,0],[0,0,0,1,0,0],[0,0,0,1,0,0],[0,0,0,1,0,0],[0,0,0,1,0,0],[0,0,0,1,0,0],[0,0,0,1,0,0]],"framerate":[59.98651190958023,59.99302406696896,59.99586235333396,59.996648231942345,60.00693721817551,59.98576608843313,60.01605080478415,59.9840042655292,59.997572352811815,59.9929002484913,57.319116897659434,59.970941912974354,60.02612902288921,59.99306939208597,60.00421082281606,59.99138245287517,59.998600614978415,60.0047731089027,59.98165266993855,59.97706759264397]}
