{"practice":[0,0,0,0,0,0,0,0,0,0,0,0,0,0,0,0,0,0,0,0],"center_interval":[25,100,50,0,75,50,50,75,0,0,50,75,100,100,100,0,50,100,50,75],"image_pair":[3,1,2,1,4,3,2,2,4,2,3,2,3,1,1,4,3,1,2,1],"feature_space":[1,2,2,1,2,1,2,1,1,1,2,1,2,2,2,1,1,1,1,2],"left_img":[2,1,2,2,2,1,2,1,1,1,1,2,1,1,2,1,1,1,2,2],"img1Sample":[3,3,3,2,2,1,1,1,2,1,2,1,3,1,1,3,1,2,1,1],"img2Sample":[1,2,3,1,3,1,2,1,1,3,2,3,3,1,1,2,1,2,3,3],"stim_time":[2000,2000,2000,2000,2000,2000,2000,2000,2000,2000,2000,2000,2000,2000,2000,2000,2000,2000,2000,2000],"key":[49,49,50,49,null,49,50,50,50,49,49,49,50,50,50,50,49,49,49,49],"correct":[false,false,true,false,null,true,true,true,false,true,true,true,true,true,false,false,true,false,false,true],"right_img":[1,2,1,1,1,2,1,2,2,2,2,1,2,2,1,2,2,2,1,1],"img_choice":[2,1,1,2,null,1,1,2,2,1,1,2,2,2,1,2,1,1,2,2],"center_sample":[2,2,3,1,2,3,2,1,1,3,2,2,3,2,3,2,3,2,2,1],"left_sample":[1,3,3,1,3,1,2,1,2,1,2,3,3,1,1,3,1,2,3,3],"right_sample":[3,2,3,2,2,1,1,1,1,3,2,1,3,1,1,2,1,2,1,1],"exact_match":[0,1,0,0,0,0,0,0,0,0,0,0,1,0,0,0,0,1,0,0],"RT":[[0,0,0,12.600000023841858,0,0],[0,0,0,84.69999992847443,0,0],[0,0,0,31.799999952316284,0,0],[0,0,0,1022.8999999761581,0,0],[0,0,0,0,0,0],[0,0,0,43.39999997615814,0,0],[0,0,0,81.29999995231628,0,0],[0,0,0,7,0,0],[0,0,0,102.39999997615814,0,0],[0,0,0,4629.299999952316,0,0],[0,0,0,29.899999976158142,0,0],[0,0,0,37.60000002384186,0,0],[0,0,0,6.199999928474426,0,0],[0,0,0,142.30000007152557,0,0],[0,0,0,23.799999952316284,0,0],[0,0,0,3608.2999999523163,0,0],[0,0,0,847,0,0],[0,0,0,60.699999928474426,0,0],[0,0,0,16.5,0,0],[0,0,0,2.100000023841858,0,0]],"response":[[0,0,0,1,0,0],[0,0,0,1,0,0],[0,0,0,1,0,0],[0,0,0,1,0,0],[0,0,0,1,0,0],[0,0,0,1,0,0],[0,0,0,1,0,0],[0,0,0,1,0,0],[0,0,0,1,0,0],[0,0,0,1,0,0],[0,0,0,1,0,0],[0,0,0,1,0,0],[0,0,0,1,0,0],[0,0,0,1,0,0],[0,0,0,1,0,0],[0,0,0,1,0,0],[0,0,0,1,0,0],[0,0,0,1,0,0],[0,0,0,1,0,0],[0,0,0,1,0,0]],"framerate":[59.984382764758344,60.00206903735665,59.99858826901619,59.98643784808816,59.997692396813065,59.99999999999999,59.990290587318526,59.9907706501614,60.001371461881014,59.996233419746126,56.11830727514768,59.97895475271834,60.00994247466036,59.997966170153404,59.990119275481874,60.000623382877144,59.99671251007926,59.99511667455385,59.99077065269999,59.98864120301701]}
