{"practice":[0,0,0,0,0,0,0,0,0,0,0,0,0,0,0,0,0,0,0,0],"center_interval":[50,50,0,100,100,50,75,0,50,50,0,25,0,75,0,75,50,50,100,75],"image_pair":[2,4,4,3,4,1,1,2,1,3,1,2,1,2,2,2,3,3,4,4],"feature_space":[2,2,1,2,2,2,2,1,2,2,1,1,2,1,1,1,1,2,2,2],"left_img":[2,1,1,1,1,2,1,1,1,1,2,2,2,2,1,1,2,2,2,1],"img1Sample":[3,1,3,1,3,1,3,1,3,2,2,2,3,1,1,1,3,1,2,1],"img2Sample":[3,3,1,1,1,3,3,3,1,2,2,3,3,1,2,3,2,1,3,3],"stim_time":[2000,2000,2000,2000,2000,2000,2000,2000,2000,2000,2000,2000,2000,2000,2000,2000,2000,2000,2000,2000],"key":[50,49,49,49,50,50,49,50,50,50,50,50,50,50,50,50,50,49,50,50],"correct":[true,true,true,false,true,true,false,false,false,false,true,true,true,false,false,true,true,false,false,true],"right_img":[1,2,2,2,2,1,2,2,2,2,1,1,1,1,2,2,1,1,1,2],"img_choice":[1,1,1,1,2,1,1,2,2,2,1,1,1,1,2,2,1,2,1,2],"center_sample":[1,1,2,3,2,3,1,2,2,1,1,3,2,1,3,3,3,1,3,1],"left_sample":[3,1,3,1,3,3,3,1,3,2,2,3,3,1,1,1,2,1,3,1],"right_sample":[3,3,1,1,1,1,3,3,1,2,2,2,3,1,2,3,3,1,2,3],"exact_match":[0,0,0,0,0,0,0,0,0,0,0,0,0,0,0,0,0,0,1,0],"RT":[[0,0,0,155.5,0,0],[0,0,0,22.5,0,0],[0,0,0,25.199999928474426,0,0],[0,0,0,2955,0,0],[0,0,0,106.90000009536743,0,0],[0,0,0,349.1999999284744,0,0],[0,0,0,693.9000000953674,0,0],[0,0,0,179.10000002384186,0,0],[0,0,0,226.70000004768372,0,0],[0,0,0,339,0,0],[0,0,0,106.89999997615814,0,0],[0,0,0,354,0,0],[0,0,0,24.299999952316284,0,0],[0,0,0,2352.8000000715256,0,0],[0,0,0,390.7000000476837,0,0],[0,0,0,110.19999992847443,0,0],[0,0,0,1702.1000000238419,0,0],[0,0,0,412.5,0,0],[0,0,0,2453.4000000953674,0,0],[0,0,0,31.5,0,0]],"response":[[0,0,0,1,0,0],[0,0,0,1,0,0],[0,0,0,1,0,0],[0,0,0,1,0,0],[0,0,0,1,0,0],[0,0,0,1,0,0],[0,0,0,1,0,0],[0,0,0,1,0,0],[0,0,0,1,0,0],[0,0,0,1,0,0],[0,0,0,1,0,0],[0,0,0,1,0,0],[0,0,0,1,0,0],[0,0,0,1,0,0],[0,0,0,1,0,0],[0,0,0,1,0,0],[0,0,0,1,0,0],[0,0,0,1,0,0],[0,0,0,1,0,0],[0,0,0,1,0,0]],"framerate":[59.97708740577529,60.01765225066197,59.983769097268926,59.998612749334285,59.98903057628531,59.99999999999999,60.00171433510401,59.9946373503719,59.986816084377054,60.01143074916835,59.99314364072677,59.95771403371186,60.036728350956565,59.99612928198181,59.99999999999999,59.98491807823066,60.00088562161127,59.986324361730034,59.9939246653135,60.00070589166734]}
