{"practice":[0,0,0,0,0,0,0,0,0,0,0,0,0,0,0,0,0,0,0,0],"center_interval":[25,25,0,100,0,75,25,100,100,50,75,100,100,75,75,50,25,100,100,0],"image_pair":[4,3,2,3,2,1,4,2,1,3,2,2,3,2,4,4,4,3,2,1],"feature_space":[2,2,1,1,2,1,1,1,2,1,2,2,1,1,2,1,2,2,2,1],"left_img":[2,1,2,1,1,1,2,1,1,1,1,1,2,1,2,1,2,2,1,2],"img1Sample":[3,2,3,3,3,1,3,3,3,3,2,3,1,2,2,3,2,3,2,3],"img2Sample":[3,3,3,2,2,2,1,1,1,2,1,3,1,3,2,2,3,3,2,2],"stim_time":[250,250,250,250,250,250,250,250,250,250,250,250,250,250,250,250,250,250,250,250],"key":[50,50,50,49,50,50,50,50,50,50,49,49,50,50,50,49,50,50,49,50],"correct":[true,false,true,false,false,true,true,true,true,false,false,false,false,true,false,true,true,false,false,true],"right_img":[1,2,1,2,2,2,1,2,2,2,2,2,1,2,1,2,1,1,2,1],"img_choice":[1,2,1,1,2,2,1,2,2,2,1,1,1,2,1,1,1,1,1,1],"center_sample":[3,2,1,1,1,2,1,2,2,3,3,1,1,3,3,3,1,2,2,1],"left_sample":[3,2,3,3,3,1,1,3,3,3,2,3,1,2,2,3,3,3,2,2],"right_sample":[3,3,3,2,2,2,3,1,1,2,1,3,1,3,2,2,2,3,2,3],"exact_match":[0,0,0,0,0,0,0,0,0,0,0,0,1,0,0,0,0,0,1,0],"RT":[[0,0,0,95.89999997615814,0,0],[0,0,0,9.899999976158142,0,0],[0,0,0,111.60000002384186,0,0],[0,0,0,1.899999976158142,0,0],[0,0,0,62,0,0],[0,0,0,8.5,0,0],[0,0,0,254.5,0,0],[0,0,0,138.10000002384186,0,0],[0,0,0,66.5,0,0],[0,0,0,53.89999997615814,0,0],[0,0,0,16.199999928474426,0,0],[0,0,0,53.800000071525574,0,0],[0,0,0,127.90000009536743,0,0],[0,0,0,225.10000002384186,0,0],[0,0,0,197.29999995231628,0,0],[0,0,0,68.60000002384186,0,0],[0,0,0,181.70000004768372,0,0],[0,0,0,179.70000004768372,0,0],[0,0,0,4.700000047683716,0,0],[0,0,0,104.10000002384186,0,0]],"response":[[0,0,0,1,0,0],[0,0,0,1,0,0],[0,0,0,1,0,0],[0,0,0,1,0,0],[0,0,0,1,0,0],[0,0,0,1,0,0],[0,0,0,1,0,0],[0,0,0,1,0,0],[0,0,0,1,0,0],[0,0,0,1,0,0],[0,0,0,1,0,0],[0,0,0,1,0,0],[0,0,0,1,0,0],[0,0,0,1,0,0],[0,0,0,1,0,0],[0,0,0,1,0,0],[0,0,0,1,0,0],[0,0,0,1,0,0],[0,0,0,1,0,0],[0,0,0,1,0,0]],"framerate":[59.97913769248088,59.8578376329459,60.16330038676408,59.97563489698254,59.96598944138494,59.99250093336052,60.01215436146369,60.00500041789368,59.982094897045656,59.987465307037525,60.01500375227951,59.99283667237551,60.00676132884721,59.96884735202492,60.004800379452355,60.0229499527152,59.96272587194747,60.006487191284464,59.97563489698254,60.02400960138726]}
