{"practice":[0,0,0,0,0,0,0,0,0,0,0,0,0,0,0,0,0,0,0,0],"center_interval":[50,100,50,100,100,25,25,0,0,0,0,75,75,75,25,25,25,50,75,0],"image_pair":[1,4,3,1,4,1,3,3,3,1,4,2,1,1,3,2,1,3,1,1],"feature_space":[1,2,2,2,1,2,1,1,2,1,2,1,1,2,1,1,1,2,2,1],"left_img":[1,2,2,2,1,2,2,1,1,2,1,2,1,1,2,1,2,2,2,2],"img1Sample":[3,1,3,3,3,3,1,1,2,2,1,2,3,1,2,3,3,2,1,3],"img2Sample":[3,2,3,1,3,3,3,2,1,1,3,3,2,1,1,3,2,3,3,2],"key":[50,50,49,50,50,50,50,50,50,50,49,50,49,50,49,50,50,49,50,49],"correct":[false,false,false,false,true,true,true,false,false,true,true,false,false,true,false,false,true,false,false,false],"right_img":[2,1,1,1,2,1,1,2,2,1,2,1,2,2,1,2,1,1,1,1],"img_choice":[2,1,2,1,2,1,1,2,2,1,1,1,1,2,2,2,1,2,1,2],"center_sample":[2,1,3,2,2,3,1,3,1,1,3,3,3,1,1,3,3,3,2,2],"left_sample":[3,2,3,1,3,3,3,1,2,1,1,3,3,1,1,3,2,3,3,2],"right_sample":[3,1,3,3,3,3,1,2,1,2,3,2,2,1,2,3,3,2,1,3],"RT":[[0,0,0,91.60000014305115,0,0],[0,0,0,93.59999990463257,0,0],[0,0,0,198.40000009536743,0,0],[0,0,0,131.70000004768372,0,0],[0,0,0,174.80000019073486,0,0],[0,0,0,41.90000009536743,0,0],[0,0,0,56.60000014305115,0,0],[0,0,0,79,0,0],[0,0,0,25.600000143051147,0,0],[0,0,0,13.400000095367432,0,0],[0,0,0,90.59999990463257,0,0],[0,0,0,27.40000009536743,0,0],[0,0,0,46.90000009536743,0,0],[0,0,0,52.40000009536743,0,0],[0,0,0,61.5,0,0],[0,0,0,168.59999990463257,0,0],[0,0,0,153.39999985694885,0,0],[0,0,0,124,0,0],[0,0,0,5.300000190734863,0,0],[0,0,0,34.09999990463257,0,0]],"response":[[0,0,0,1,0,0],[0,0,0,1,0,0],[0,0,0,1,0,0],[0,0,0,1,0,0],[0,0,0,1,0,0],[0,0,0,1,0,0],[0,0,0,1,0,0],[0,0,0,1,0,0],[0,0,0,1,0,0],[0,0,0,1,0,0],[0,0,0,1,0,0],[0,0,0,1,0,0],[0,0,0,1,0,0],[0,0,0,1,0,0],[0,0,0,1,0,0],[0,0,0,1,0,0],[0,0,0,1,0,0],[0,0,0,1,0,0],[0,0,0,1,0,0],[0,0,0,1,0,0]],"framerate":[59.956583165886045,59.93593055403744,59.956032242069504,59.939379492169785,59.94641661085064,59.93480775497383,59.951202509585215,59.95494714954081,59.943582510578274,59.952463724957425,59.94005994301371,59.93935547462868,59.95371993448608,59.94284519212498,59.94702356455945,56.22706305914166,59.95486544126667,59.92713405096697,59.96735504830762,59.94146892060098]}
