{"practice":[0,0,0,0,0,0,0,0,0,0,0,0,0,0,0,0,0,0,0,0],"center_interval":[0,0,25,50,100,100,75,0,100,0,100,100,75,50,0,0,50,50,50,100],"image_pair":[4,3,1,2,3,4,2,3,1,1,1,4,4,4,4,2,4,3,1,3],"feature_space":[1,2,2,2,1,1,1,2,1,2,1,2,2,2,2,1,2,2,2,2],"left_img":[2,2,1,1,1,1,1,1,1,2,2,1,1,1,1,2,1,1,2,1],"img1Sample":[3,2,2,1,3,3,3,3,3,3,3,3,3,3,1,2,1,1,3,1],"img2Sample":[1,2,3,2,2,2,3,3,2,1,3,2,2,1,2,3,2,2,2,1],"key":[49,50,50,50,49,50,49,50,50,49,50,50,50,49,49,50,50,49,50,50],"correct":[false,true,false,false,false,true,false,false,true,false,false,true,true,true,true,true,false,true,true,true],"right_img":[1,1,2,2,2,2,2,2,2,1,1,2,2,2,2,1,2,2,1,2],"img_choice":[2,1,2,2,1,2,1,2,2,2,1,2,2,1,1,1,2,1,1,2],"center_sample":[1,1,2,2,1,3,2,2,1,1,2,1,3,3,3,1,3,2,2,2],"left_sample":[1,2,2,1,3,3,3,3,3,1,3,3,3,3,1,3,1,1,2,1],"right_sample":[3,2,3,2,2,2,3,3,2,3,3,2,2,1,2,2,2,2,3,1],"RT":[[0,0,0,27.799999952316284,0,0],[0,0,0,95.79999995231628,0,0],[0,0,0,73.40000009536743,0,0],[0,0,0,95,0,0],[0,0,0,117.29999995231628,0,0],[0,0,0,45.799999952316284,0,0],[0,0,0,28.200000047683716,0,0],[0,0,0,76.29999995231628,0,0],[0,0,0,46.80000019073486,0,0],[0,0,0,28.5,0,0],[0,0,0,10.799999952316284,0,0],[0,0,0,106.29999995231628,0,0],[0,0,0,106.80000019073486,0,0],[0,0,0,3.9000000953674316,0,0],[0,0,0,89,0,0],[0,0,0,42.5,0,0],[0,0,0,5,0,0],[0,0,0,37.69999980926514,0,0],[0,0,0,119.29999995231628,0,0],[0,0,0,26,0,0]],"response":[[0,0,0,1,0,0],[0,0,0,1,0,0],[0,0,0,1,0,0],[0,0,0,1,0,0],[0,0,0,1,0,0],[0,0,0,1,0,0],[0,0,0,1,0,0],[0,0,0,1,0,0],[0,0,0,1,0,0],[0,0,0,1,0,0],[0,0,0,1,0,0],[0,0,0,1,0,0],[0,0,0,1,0,0],[0,0,0,1,0,0],[0,0,0,1,0,0],[0,0,0,1,0,0],[0,0,0,1,0,0],[0,0,0,1,0,0],[0,0,0,1,0,0],[0,0,0,1,0,0]],"framerate":[59.94146892060098,59.92973754711189,59.97365319479981,59.93386607782521,59.949984586248256,59.94111048393408,59.952038371320874,59.94248293742994,59.94111048393408,57.825887664579774,59.93757980058026,59.94587743245513,59.94793094390044,59.9248280253679,59.960715391392434,59.96633469130272,59.935454125311935,59.94531304975,59.94958784268871,59.935129039829995]}
