{"practice":[0,0,0,0,0,0,0,0,0,0,0,0,0,0,0,0,0,0,0,0],"center_interval":[100,25,0,0,75,0,25,0,50,75,0,50,25,100,0,100,25,25,75,75],"image_pair":[4,4,4,4,3,1,1,3,3,3,1,2,2,3,2,1,1,4,3,4],"feature_space":[1,2,2,1,2,1,2,2,1,1,1,1,2,2,1,2,2,2,2,2],"left_img":[1,1,1,1,1,1,1,2,2,1,1,1,1,2,1,2,1,2,1,1],"img1Sample":[1,2,1,1,3,3,1,1,1,2,2,3,3,1,1,3,2,2,3,1],"img2Sample":[2,2,3,2,1,2,1,2,3,1,1,2,1,3,2,2,2,3,2,2],"key":[50,49,49,49,49,50,49,50,50,50,49,50,50,49,50,50,50,50,49,50],"correct":[true,true,true,true,false,false,true,true,true,true,true,false,false,true,false,false,false,true,false,true],"right_img":[2,2,2,2,2,2,2,1,1,2,2,2,2,1,2,1,2,1,2,2],"img_choice":[2,1,1,1,1,2,1,1,1,2,1,2,2,2,2,1,2,1,1,2],"center_sample":[3,1,3,3,3,1,1,3,2,2,3,1,3,2,3,1,1,2,1,3],"left_sample":[1,2,1,1,3,3,1,2,3,2,2,3,3,3,1,2,2,3,3,1],"right_sample":[2,2,3,2,1,2,1,1,1,1,1,2,1,1,2,3,2,2,2,2],"RT":[[0,1158,0,0],[0,2005,0,0],[0,1018,0,0],[0,2523,0,0],[0,1648,0,0],[0,1943,0,0],[0,1998,0,0],[0,925,0,0],[0,1350,0,0],[0,2130,0,0],[0,1502,0,0],[0,1134,0,0],[0,2045,0,0],[0,1425,0,0],[0,1705,0,0],[0,973,0,0],[0,1054,0,0],[0,2144,0,0],[0,1248,0,0],[0,2315,0,0]],"response":[[0,1,0,0],[0,1,0,0],[0,1,0,0],[0,1,0,0],[0,1,0,0],[0,1,0,0],[0,1,0,0],[0,1,0,0],[0,1,0,0],[0,1,0,0],[0,1,0,0],[0,1,0,0],[0,1,0,0],[0,1,0,0],[0,1,0,0],[0,1,0,0],[0,1,0,0],[0,1,0,0],[0,1,0,0],[0,1,0,0]],"framerate":[36.78551216751556,29.24420812761109,37.33170134638923,34.90955252300857,29.126213592233007,36.07843137254902,35.60371517027864,32.25806451612903,36.41025641025641,35.27272727272727,34.971644612476375,35.65365025466893,33.9622641509434,34.90658800393314,35.82218385843763,30.322173089071384,32.0855614973262,35.84491587417703,30.010718113612008,36.271186440677965]}
