{"practice":[0,0,0,0,0,0,0,0,0,0,0,0,0,0,0,0,0,0,0,0],"center_interval":[25,100,75,25,50,0,100,75,25,75,0,50,75,75,75,0,0,100,25,50],"image_pair":[3,2,4,4,4,2,3,3,1,3,1,1,2,2,3,4,3,1,2,3],"feature_space":[2,2,2,1,1,2,2,2,1,2,1,2,1,1,2,2,2,1,1,2],"left_img":[2,1,1,1,1,2,2,2,2,2,1,1,2,2,1,1,2,1,1,2],"img1Sample":[1,2,1,1,1,2,2,1,1,1,2,2,3,2,2,1,3,2,3,1],"img2Sample":[1,1,3,1,3,2,3,3,3,1,3,3,1,1,3,2,3,3,2,1],"key":[50,50,49,49,49,50,50,50,49,50,49,49,49,49,49,49,50,50,50,49],"correct":[true,true,false,true,true,true,false,false,false,false,true,true,true,true,false,true,true,true,false,false],"right_img":[1,2,2,2,2,1,1,1,1,1,2,2,1,1,2,2,1,2,2,1],"img_choice":[1,2,1,1,1,1,1,1,2,1,1,1,2,2,1,1,1,2,2,2],"center_sample":[3,2,2,2,2,3,1,2,1,2,3,3,2,1,2,3,2,1,1,1],"left_sample":[1,2,1,1,1,2,3,3,3,1,2,2,1,1,2,1,3,2,3,1],"right_sample":[1,1,3,1,3,2,2,1,1,1,3,3,3,2,3,2,3,3,2,1],"RT":[[0,3188,0,0],[0,1763,0,0],[0,1759,0,0],[0,1413,0,0],[0,1452,0,0],[0,1171,0,0],[0,1657,0,0],[0,2579,0,0],[0,2782,0,0],[0,1023,0,0],[0,1135,0,0],[0,1631,0,0],[0,1533,0,0],[0,1020,0,0],[0,1533,0,0],[0,1343,0,0],[0,1111,0,0],[0,1298,0,0],[0,1747,0,0],[0,1777,0,0]],"response":[[0,1,0,0],[0,1,0,0],[0,1,0,0],[0,1,0,0],[0,1,0,0],[0,1,0,0],[0,1,0,0],[0,1,0,0],[0,1,0,0],[0,1,0,0],[0,1,0,0],[0,1,0,0],[0,1,0,0],[0,1,0,0],[0,1,0,0],[0,1,0,0],[0,1,0,0],[0,1,0,0],[0,1,0,0],[0,1,0,0]],"framerate":[32.10526315789474,35.234899328859065,34.46808510638298,29.747149231531978,31.20499279884781,35.313901345291484,30.223390275952692,35.186930568645934,34.57446808510638,31.230863441518675,35.75547866205306,35.57136505113384,32.30272265805261,34.54545454545455,36.53395784543326,32.06106870229008,35.17877739331027,37.17472118959108,33.17737133134836,35.014589412255106]}
