{"practice":[0,0,0,0,0,0,0,0,0,0,0,0,0,0,0,0,0,0,0,0],"center_interval":[25,25,75,75,75,0,25,0,0,100,100,100,25,25,25,25,0,0,25,50],"image_pair":[1,1,1,4,4,4,2,2,3,2,2,4,2,4,3,3,3,1,1,3],"feature_space":[2,2,1,2,2,2,1,2,2,1,2,1,1,1,2,2,2,1,2,1],"left_img":[1,1,1,1,2,2,2,2,2,1,1,2,1,2,2,2,1,2,1,2],"img1Sample":[1,1,2,3,1,2,1,2,3,1,3,1,1,2,3,1,3,2,2,1],"img2Sample":[2,3,3,1,1,3,1,3,1,2,1,3,3,2,2,3,1,2,3,2],"key":[50,50,50,50,49,50,49,50,49,50,49,50,50,50,49,50,49,49,50,50],"correct":[false,false,true,true,true,true,false,true,false,true,false,false,false,true,false,true,true,false,false,true],"right_img":[2,2,2,2,1,1,1,1,1,2,2,1,2,1,1,1,2,1,2,1],"img_choice":[2,2,2,2,2,1,2,1,2,2,1,1,2,1,2,1,1,2,2,1],"center_sample":[1,1,3,2,2,1,1,3,1,1,2,2,3,1,1,2,2,1,1,2],"left_sample":[1,1,2,3,1,3,1,3,1,1,3,3,1,2,2,3,3,2,2,2],"right_sample":[2,3,3,1,1,2,1,2,3,2,1,1,3,2,3,1,1,2,3,1],"RT":[[0,967,0,0],[0,1768,0,0],[0,921,0,0],[0,1969,0,0],[0,1491,0,0],[0,1000,0,0],[0,1325,0,0],[0,1204,0,0],[0,2610,0,0],[0,1060,0,0],[0,1913,0,0],[0,1520,0,0],[0,1775,0,0],[0,1044,0,0],[0,1516,0,0],[0,1636,0,0],[0,1348,0,0],[0,1600,0,0],[0,942,0,0],[0,2196,0,0]],"response":[[0,1,0,0],[0,1,0,0],[0,1,0,0],[0,1,0,0],[0,1,0,0],[0,1,0,0],[0,1,0,0],[0,1,0,0],[0,1,0,0],[0,1,0,0],[0,1,0,0],[0,1,0,0],[0,1,0,0],[0,1,0,0],[0,1,0,0],[0,1,0,0],[0,1,0,0],[0,1,0,0],[0,1,0,0],[0,1,0,0]],"framerate":[35.984848484848484,35.26448362720403,33.52675693101225,35.294117647058826,35.16174402250351,32.45560318432333,35.47209181011998,35.46099290780142,29.530618588747277,35.392921415716856,34.727703235990525,35.44423440453686,33.97651006711409,35.414165666266506,34.20805998125586,36.18711385701677,36.095577020843926,35.1668169522092,36.39846743295019,30.542579949694574]}
